10:17:03.025 [background-preinit] INFO  o.h.validator.internal.util.Version - HV000001: Hibernate Validator 8.0.1.Final
10:17:03.078 [main] INFO  c.p.c.ContactsdemoApplication - Starting ContactsdemoApplication using Java 17.0.12 with PID 23088 (C:\Ayse Ceren - crud projects\contactsdemo\build\classes\java\main started by 16381136672 in C:\Ayse Ceren - crud projects\contactsdemo)
10:17:03.079 [main] INFO  c.p.c.ContactsdemoApplication - No active profile set, falling back to 1 default profile: "default"
10:17:04.681 [main] INFO  o.s.d.r.c.RepositoryConfigurationDelegate - Bootstrapping Spring Data JPA repositories in DEFAULT mode.
10:17:04.793 [main] INFO  o.s.d.r.c.RepositoryConfigurationDelegate - Finished Spring Data repository scanning in 101 ms. Found 2 JPA repository interfaces.
10:17:06.062 [main] INFO  o.s.b.w.e.tomcat.TomcatWebServer - Tomcat initialized with port 8080 (http)
10:17:06.077 [main] INFO  o.a.coyote.http11.Http11NioProtocol - Initializing ProtocolHandler ["http-nio-8080"]
10:17:06.081 [main] INFO  o.a.catalina.core.StandardService - Starting service [Tomcat]
10:17:06.081 [main] INFO  o.a.catalina.core.StandardEngine - Starting Servlet engine: [Apache Tomcat/10.1.25]
10:17:06.202 [main] INFO  o.a.c.c.C.[Tomcat].[localhost].[/] - Initializing Spring embedded WebApplicationContext
10:17:06.203 [main] INFO  o.s.b.w.s.c.ServletWebServerApplicationContext - Root WebApplicationContext: initialization completed in 3065 ms
10:17:06.662 [main] INFO  com.zaxxer.hikari.HikariDataSource - HikariPool-1 - Starting...
10:17:06.939 [main] INFO  com.zaxxer.hikari.pool.HikariPool - HikariPool-1 - Added connection org.postgresql.jdbc.PgConnection@360a3106
10:17:06.942 [main] INFO  com.zaxxer.hikari.HikariDataSource - HikariPool-1 - Start completed.
10:17:07.975 [main] INFO  liquibase.changelog - Reading from public.databasechangelog
10:17:08.047 [main] INFO  liquibase.changelog - Reading from public.databasechangelog
10:17:08.055 [main] INFO  liquibase.util - UPDATE SUMMARY
10:17:08.055 [main] INFO  liquibase.util - Run:                          0
10:17:08.055 [main] INFO  liquibase.util - Previously run:               2
10:17:08.056 [main] INFO  liquibase.util - Filtered out:                 0
10:17:08.056 [main] INFO  liquibase.util - -------------------------------
10:17:08.056 [main] INFO  liquibase.util - Total change sets:            2
10:17:08.056 [main] INFO  liquibase.util - Update summary generated
10:17:08.089 [main] INFO  liquibase.lockservice - Successfully released change log lock
10:17:08.092 [main] INFO  liquibase.command - Command execution complete
10:17:08.246 [main] INFO  o.h.jpa.internal.util.LogHelper - HHH000204: Processing PersistenceUnitInfo [name: default]
10:17:08.373 [main] INFO  org.hibernate.Version - HHH000412: Hibernate ORM core version 6.4.9.Final
10:17:08.434 [main] INFO  o.h.c.i.RegionFactoryInitiator - HHH000026: Second-level cache disabled
10:17:08.770 [main] INFO  o.s.o.j.p.SpringPersistenceUnitInfo - No LoadTimeWeaver setup: ignoring JPA class transformer
10:17:08.857 [main] WARN  org.hibernate.orm.deprecation - HHH90000025: PostgreSQLDialect does not need to be specified explicitly using 'hibernate.dialect' (remove the property setting and it will be selected by default)
10:17:10.121 [main] INFO  o.s.o.j.LocalContainerEntityManagerFactoryBean - Initialized JPA EntityManagerFactory for persistence unit 'default'
10:17:10.485 [main] INFO  o.s.d.j.r.query.QueryEnhancerFactory - Hibernate is in classpath; If applicable, HQL parser will be used.
10:17:11.042 [main] WARN  c.h.i.impl.HazelcastInstanceFactory - Hazelcast is starting in a Java modular environment (Java 9 and newer) but without proper access to required Java packages. Use additional Java arguments to provide Hazelcast access to Java internal API. The internal API access is used to get the best performance results. Arguments to be used:
 --add-modules java.se --add-exports java.base/jdk.internal.ref=ALL-UNNAMED --add-opens java.base/java.lang=ALL-UNNAMED --add-opens java.base/java.nio=ALL-UNNAMED --add-opens java.base/sun.nio.ch=ALL-UNNAMED --add-opens java.management/sun.management=ALL-UNNAMED --add-opens jdk.management/com.sun.management.internal=ALL-UNNAMED
10:17:11.047 [main] INFO  c.h.i.config.AbstractConfigLocator - Loading 'hazelcast-default.xml' from the classpath.
10:17:11.473 [main] INFO  c.hazelcast.instance.AddressPicker - [LOCAL] [dev] [4.1] Prefer IPv4 stack is true, prefer IPv6 addresses is false
10:17:11.501 [main] INFO  c.hazelcast.instance.AddressPicker - [LOCAL] [dev] [4.1] Picked [10.251.34.15]:5701, using socket ServerSocket[addr=/0:0:0:0:0:0:0:0,localport=5701], bind any local is true
10:17:11.533 [main] INFO  com.hazelcast.system - [10.251.34.15]:5701 [dev] [4.1] Hazelcast 4.0.1 (20200409 - e086b9c) starting at [10.251.34.15]:5701
10:17:11.534 [main] INFO  com.hazelcast.system - [10.251.34.15]:5701 [dev] [4.1] Copyright (c) 2008-2020, Hazelcast, Inc. All Rights Reserved.
10:17:11.789 [main] INFO  c.h.s.i.o.impl.BackpressureRegulator - [10.251.34.15]:5701 [dev] [4.1] Backpressure is disabled
10:17:12.092 [main] INFO  com.hazelcast.instance.impl.Node - [10.251.34.15]:5701 [dev] [4.1] Creating MulticastJoiner
10:17:12.096 [main] WARN  com.hazelcast.cp.CPSubsystem - [10.251.34.15]:5701 [dev] [4.1] CP Subsystem is not enabled. CP data structures will operate in UNSAFE mode! Please note that UNSAFE mode will not provide strong consistency guarantees.
10:17:12.375 [main] INFO  c.h.s.i.o.impl.OperationExecutorImpl - [10.251.34.15]:5701 [dev] [4.1] Starting 16 partition threads and 9 generic threads (1 dedicated for priority tasks)
10:17:12.390 [main] INFO  c.h.internal.diagnostics.Diagnostics - [10.251.34.15]:5701 [dev] [4.1] Diagnostics disabled. To enable add -Dhazelcast.diagnostics.enabled=true to the JVM arguments.
10:17:12.400 [main] INFO  com.hazelcast.core.LifecycleService - [10.251.34.15]:5701 [dev] [4.1] [10.251.34.15]:5701 is STARTING
10:17:15.478 [main] INFO  c.h.internal.cluster.ClusterService - [10.251.34.15]:5701 [dev] [4.1] 

Members {size:1, ver:1} [
	Member [10.251.34.15]:5701 - b283e265-7975-4ba2-98fa-7f35ab8b3826 this
]

10:17:15.497 [main] INFO  com.hazelcast.core.LifecycleService - [10.251.34.15]:5701 [dev] [4.1] [10.251.34.15]:5701 is STARTED
10:17:16.045 [main] INFO  c.h.c.i.spi.ClientInvocationService - training-instance [dev] [4.1] [4.0.1] Running with 2 response threads, dynamic=true
10:17:16.097 [main] INFO  com.hazelcast.core.LifecycleService - training-instance [dev] [4.1] [4.0.1] HazelcastClient 4.0.1 (20200409 - e086b9c) is STARTING
10:17:16.099 [main] INFO  com.hazelcast.core.LifecycleService - training-instance [dev] [4.1] [4.0.1] HazelcastClient 4.0.1 (20200409 - e086b9c) is STARTED
10:17:16.136 [main] INFO  c.h.c.i.c.ClientConnectionManager - training-instance [dev] [4.1] [4.0.1] Trying to connect to cluster: dev
10:17:16.138 [main] INFO  c.h.c.i.c.ClientConnectionManager - training-instance [dev] [4.1] [4.0.1] Trying to connect to [127.0.0.1]:5701
10:17:16.167 [hz.cranky_chaplygin.priority-generic-operation.thread-0] INFO  c.h.c.i.p.t.AuthenticationMessageTask - [10.251.34.15]:5701 [dev] [4.1] Received auth from Connection[id=1, /127.0.0.1:5701->/127.0.0.1:55787, qualifier=null, endpoint=[127.0.0.1]:55787, alive=true, connectionType=JVM], successfully authenticated, clientUuid: b7376d6e-afc6-4d1d-8eee-07755a062d10, client version: 4.0.1
10:17:16.171 [main] INFO  com.hazelcast.core.LifecycleService - training-instance [dev] [4.1] [4.0.1] HazelcastClient 4.0.1 (20200409 - e086b9c) is CLIENT_CONNECTED
10:17:16.171 [main] INFO  c.h.c.i.c.ClientConnectionManager - training-instance [dev] [4.1] [4.0.1] Authenticated with server [10.251.34.15]:5701:b283e265-7975-4ba2-98fa-7f35ab8b3826, server version: 4.0.1, local address: /127.0.0.1:55787
10:17:16.175 [main] INFO  c.h.internal.diagnostics.Diagnostics - training-instance [dev] [4.1] [4.0.1] Diagnostics disabled. To enable add -Dhazelcast.diagnostics.enabled=true to the JVM arguments.
10:17:16.181 [training-instance.event-8] INFO  c.h.c.impl.spi.ClientClusterService - training-instance [dev] [4.1] [4.0.1] 

Members [1] {
	Member [10.251.34.15]:5701 - b283e265-7975-4ba2-98fa-7f35ab8b3826
}

10:17:16.211 [main] INFO  c.h.c.i.s.ClientStatisticsService - Client statistics is enabled with period 5 seconds.
10:17:16.509 [main] WARN  o.s.b.a.o.j.JpaBaseConfiguration$JpaWebConfiguration - spring.jpa.open-in-view is enabled by default. Therefore, database queries may be performed during view rendering. Explicitly configure spring.jpa.open-in-view to disable this warning
10:17:18.292 [main] INFO  o.s.b.a.e.web.EndpointLinksResolver - Exposing 1 endpoint(s) beneath base path '/actuator'
10:17:18.369 [main] INFO  o.a.coyote.http11.Http11NioProtocol - Starting ProtocolHandler ["http-nio-8080"]
10:17:18.398 [main] INFO  o.s.b.w.e.tomcat.TomcatWebServer - Tomcat started on port 8080 (http) with context path ''
10:17:18.417 [main] INFO  c.p.c.ContactsdemoApplication - Started ContactsdemoApplication in 15.917 seconds (process running for 17.255)
10:17:18.799 [RMI TCP Connection(3)-10.251.34.15] INFO  o.a.c.c.C.[Tomcat].[localhost].[/] - Initializing Spring DispatcherServlet 'dispatcherServlet'
10:17:18.799 [RMI TCP Connection(3)-10.251.34.15] INFO  o.s.web.servlet.DispatcherServlet - Initializing Servlet 'dispatcherServlet'
10:17:18.803 [RMI TCP Connection(3)-10.251.34.15] INFO  o.s.web.servlet.DispatcherServlet - Completed initialization in 2 ms
10:17:42.025 [http-nio-8080-exec-1] INFO  c.p.c.c.f.HeadersLoggingFilter - Header user-agent=0:0:0:0:0:0:0:1, IP = user-agent
10:17:42.026 [http-nio-8080-exec-1] INFO  c.p.c.c.f.HeadersLoggingFilter - Header accept=0:0:0:0:0:0:0:1, IP = accept
10:17:42.026 [http-nio-8080-exec-1] INFO  c.p.c.c.f.HeadersLoggingFilter - Header postman-token=0:0:0:0:0:0:0:1, IP = postman-token
10:17:42.026 [http-nio-8080-exec-1] INFO  c.p.c.c.f.HeadersLoggingFilter - Header host=0:0:0:0:0:0:0:1, IP = host
10:17:42.026 [http-nio-8080-exec-1] INFO  c.p.c.c.f.HeadersLoggingFilter - Header accept-encoding=0:0:0:0:0:0:0:1, IP = accept-encoding
10:17:42.026 [http-nio-8080-exec-1] INFO  c.p.c.c.f.HeadersLoggingFilter - Header connection=0:0:0:0:0:0:0:1, IP = connection
10:17:42.026 [http-nio-8080-exec-1] INFO  c.p.c.c.loggingfilter.LoggingFilter - Request: Method=GET, URI=/api/contactReport/pdf, Headers=user-agent=PostmanRuntime/7.44.0; accept=*/*; postman-token=f2b3e7ab-f719-4582-995d-195834df2848; host=localhost:8080; accept-encoding=gzip, deflate, br; connection=keep-alive; , Request ID: 05df1f39-2825-4e89-8bf1-f2fb89658271, Request IP  =0:0:0:0:0:0:0:1
10:17:42.048 [http-nio-8080-exec-1] INFO  c.p.c.c.loggingfilter.LoggingFilter - Response: Status=404, URI=/api/contactReport/pdf, Duration (Response Time)=22ms, Headers=[Vary, Vary, Vary], Payload = org.apache.catalina.connector.ResponseFacade@3b96279
10:40:09.523 [background-preinit] INFO  o.h.validator.internal.util.Version - HV000001: Hibernate Validator 8.0.1.Final
10:40:09.588 [main] INFO  c.p.c.ContactsdemoApplication - Starting ContactsdemoApplication using Java 17.0.12 with PID 10112 (C:\Ayse Ceren - crud projects\contactsdemo\build\classes\java\main started by 16381136672 in C:\Ayse Ceren - crud projects\contactsdemo)
10:40:09.590 [main] INFO  c.p.c.ContactsdemoApplication - No active profile set, falling back to 1 default profile: "default"
10:40:11.173 [main] INFO  o.s.d.r.c.RepositoryConfigurationDelegate - Bootstrapping Spring Data JPA repositories in DEFAULT mode.
10:40:11.274 [main] INFO  o.s.d.r.c.RepositoryConfigurationDelegate - Finished Spring Data repository scanning in 88 ms. Found 2 JPA repository interfaces.
10:40:12.320 [main] INFO  o.s.b.w.e.tomcat.TomcatWebServer - Tomcat initialized with port 8080 (http)
10:40:12.330 [main] INFO  o.a.coyote.http11.Http11NioProtocol - Initializing ProtocolHandler ["http-nio-8080"]
10:40:12.333 [main] INFO  o.a.catalina.core.StandardService - Starting service [Tomcat]
10:40:12.333 [main] INFO  o.a.catalina.core.StandardEngine - Starting Servlet engine: [Apache Tomcat/10.1.25]
10:40:12.423 [main] INFO  o.a.c.c.C.[Tomcat].[localhost].[/] - Initializing Spring embedded WebApplicationContext
10:40:12.423 [main] INFO  o.s.b.w.s.c.ServletWebServerApplicationContext - Root WebApplicationContext: initialization completed in 2749 ms
10:40:12.799 [main] INFO  com.zaxxer.hikari.HikariDataSource - HikariPool-1 - Starting...
10:40:12.956 [main] INFO  com.zaxxer.hikari.pool.HikariPool - HikariPool-1 - Added connection org.postgresql.jdbc.PgConnection@e3c36d
10:40:12.958 [main] INFO  com.zaxxer.hikari.HikariDataSource - HikariPool-1 - Start completed.
10:40:13.627 [main] INFO  liquibase.changelog - Reading from public.databasechangelog
10:40:13.689 [main] INFO  liquibase.changelog - Reading from public.databasechangelog
10:40:13.696 [main] INFO  liquibase.util - UPDATE SUMMARY
10:40:13.696 [main] INFO  liquibase.util - Run:                          0
10:40:13.696 [main] INFO  liquibase.util - Previously run:               2
10:40:13.696 [main] INFO  liquibase.util - Filtered out:                 0
10:40:13.696 [main] INFO  liquibase.util - -------------------------------
10:40:13.697 [main] INFO  liquibase.util - Total change sets:            2
10:40:13.697 [main] INFO  liquibase.util - Update summary generated
10:40:13.728 [main] INFO  liquibase.lockservice - Successfully released change log lock
10:40:13.730 [main] INFO  liquibase.command - Command execution complete
10:40:13.855 [main] INFO  o.h.jpa.internal.util.LogHelper - HHH000204: Processing PersistenceUnitInfo [name: default]
10:40:13.918 [main] INFO  org.hibernate.Version - HHH000412: Hibernate ORM core version 6.4.9.Final
10:40:13.956 [main] INFO  o.h.c.i.RegionFactoryInitiator - HHH000026: Second-level cache disabled
10:40:14.214 [main] INFO  o.s.o.j.p.SpringPersistenceUnitInfo - No LoadTimeWeaver setup: ignoring JPA class transformer
10:40:14.273 [main] WARN  org.hibernate.orm.deprecation - HHH90000025: PostgreSQLDialect does not need to be specified explicitly using 'hibernate.dialect' (remove the property setting and it will be selected by default)
10:40:15.450 [main] INFO  o.s.o.j.LocalContainerEntityManagerFactoryBean - Initialized JPA EntityManagerFactory for persistence unit 'default'
10:40:15.797 [main] INFO  o.s.d.j.r.query.QueryEnhancerFactory - Hibernate is in classpath; If applicable, HQL parser will be used.
10:40:16.299 [main] WARN  c.h.i.impl.HazelcastInstanceFactory - Hazelcast is starting in a Java modular environment (Java 9 and newer) but without proper access to required Java packages. Use additional Java arguments to provide Hazelcast access to Java internal API. The internal API access is used to get the best performance results. Arguments to be used:
 --add-modules java.se --add-exports java.base/jdk.internal.ref=ALL-UNNAMED --add-opens java.base/java.lang=ALL-UNNAMED --add-opens java.base/java.nio=ALL-UNNAMED --add-opens java.base/sun.nio.ch=ALL-UNNAMED --add-opens java.management/sun.management=ALL-UNNAMED --add-opens jdk.management/com.sun.management.internal=ALL-UNNAMED
10:40:16.301 [main] INFO  c.h.i.config.AbstractConfigLocator - Loading 'hazelcast-default.xml' from the classpath.
10:40:16.578 [main] INFO  c.hazelcast.instance.AddressPicker - [LOCAL] [dev] [4.1] Prefer IPv4 stack is true, prefer IPv6 addresses is false
10:40:16.609 [main] INFO  c.hazelcast.instance.AddressPicker - [LOCAL] [dev] [4.1] Picked [10.251.34.15]:5701, using socket ServerSocket[addr=/0:0:0:0:0:0:0:0,localport=5701], bind any local is true
10:40:16.632 [main] INFO  com.hazelcast.system - [10.251.34.15]:5701 [dev] [4.1] Hazelcast 4.0.1 (20200409 - e086b9c) starting at [10.251.34.15]:5701
10:40:16.633 [main] INFO  com.hazelcast.system - [10.251.34.15]:5701 [dev] [4.1] Copyright (c) 2008-2020, Hazelcast, Inc. All Rights Reserved.
10:40:16.816 [main] INFO  c.h.s.i.o.impl.BackpressureRegulator - [10.251.34.15]:5701 [dev] [4.1] Backpressure is disabled
10:40:17.076 [main] INFO  com.hazelcast.instance.impl.Node - [10.251.34.15]:5701 [dev] [4.1] Creating MulticastJoiner
10:40:17.081 [main] WARN  com.hazelcast.cp.CPSubsystem - [10.251.34.15]:5701 [dev] [4.1] CP Subsystem is not enabled. CP data structures will operate in UNSAFE mode! Please note that UNSAFE mode will not provide strong consistency guarantees.
10:40:17.290 [main] INFO  c.h.s.i.o.impl.OperationExecutorImpl - [10.251.34.15]:5701 [dev] [4.1] Starting 16 partition threads and 9 generic threads (1 dedicated for priority tasks)
10:40:17.305 [main] INFO  c.h.internal.diagnostics.Diagnostics - [10.251.34.15]:5701 [dev] [4.1] Diagnostics disabled. To enable add -Dhazelcast.diagnostics.enabled=true to the JVM arguments.
10:40:17.314 [main] INFO  com.hazelcast.core.LifecycleService - [10.251.34.15]:5701 [dev] [4.1] [10.251.34.15]:5701 is STARTING
10:40:20.063 [main] INFO  c.h.internal.cluster.ClusterService - [10.251.34.15]:5701 [dev] [4.1] 

Members {size:1, ver:1} [
	Member [10.251.34.15]:5701 - a7d804e1-42eb-43bb-b762-4f9691cb2f81 this
]

10:40:20.076 [main] INFO  com.hazelcast.core.LifecycleService - [10.251.34.15]:5701 [dev] [4.1] [10.251.34.15]:5701 is STARTED
10:40:20.607 [main] INFO  c.h.c.i.spi.ClientInvocationService - training-instance [dev] [4.1] [4.0.1] Running with 2 response threads, dynamic=true
10:40:20.641 [main] INFO  com.hazelcast.core.LifecycleService - training-instance [dev] [4.1] [4.0.1] HazelcastClient 4.0.1 (20200409 - e086b9c) is STARTING
10:40:20.643 [main] INFO  com.hazelcast.core.LifecycleService - training-instance [dev] [4.1] [4.0.1] HazelcastClient 4.0.1 (20200409 - e086b9c) is STARTED
10:40:20.683 [main] INFO  c.h.c.i.c.ClientConnectionManager - training-instance [dev] [4.1] [4.0.1] Trying to connect to cluster: dev
10:40:20.686 [main] INFO  c.h.c.i.c.ClientConnectionManager - training-instance [dev] [4.1] [4.0.1] Trying to connect to [127.0.0.1]:5701
10:40:20.709 [hz.hungry_raman.priority-generic-operation.thread-0] INFO  c.h.c.i.p.t.AuthenticationMessageTask - [10.251.34.15]:5701 [dev] [4.1] Received auth from Connection[id=1, /127.0.0.1:5701->/127.0.0.1:59153, qualifier=null, endpoint=[127.0.0.1]:59153, alive=true, connectionType=JVM], successfully authenticated, clientUuid: 174be175-1d98-4d1b-b5f1-d161d00fe0f6, client version: 4.0.1
10:40:20.712 [main] INFO  com.hazelcast.core.LifecycleService - training-instance [dev] [4.1] [4.0.1] HazelcastClient 4.0.1 (20200409 - e086b9c) is CLIENT_CONNECTED
10:40:20.712 [main] INFO  c.h.c.i.c.ClientConnectionManager - training-instance [dev] [4.1] [4.0.1] Authenticated with server [10.251.34.15]:5701:a7d804e1-42eb-43bb-b762-4f9691cb2f81, server version: 4.0.1, local address: /127.0.0.1:59153
10:40:20.716 [main] INFO  c.h.internal.diagnostics.Diagnostics - training-instance [dev] [4.1] [4.0.1] Diagnostics disabled. To enable add -Dhazelcast.diagnostics.enabled=true to the JVM arguments.
10:40:20.721 [training-instance.event-8] INFO  c.h.c.impl.spi.ClientClusterService - training-instance [dev] [4.1] [4.0.1] 

Members [1] {
	Member [10.251.34.15]:5701 - a7d804e1-42eb-43bb-b762-4f9691cb2f81
}

10:40:20.750 [main] INFO  c.h.c.i.s.ClientStatisticsService - Client statistics is enabled with period 5 seconds.
10:40:21.024 [main] WARN  o.s.b.a.o.j.JpaBaseConfiguration$JpaWebConfiguration - spring.jpa.open-in-view is enabled by default. Therefore, database queries may be performed during view rendering. Explicitly configure spring.jpa.open-in-view to disable this warning
10:40:22.818 [main] INFO  o.s.b.a.e.web.EndpointLinksResolver - Exposing 1 endpoint(s) beneath base path '/actuator'
10:40:22.895 [main] INFO  o.a.coyote.http11.Http11NioProtocol - Starting ProtocolHandler ["http-nio-8080"]
10:40:22.928 [main] INFO  o.s.b.w.e.tomcat.TomcatWebServer - Tomcat started on port 8080 (http) with context path ''
10:40:22.946 [main] INFO  c.p.c.ContactsdemoApplication - Started ContactsdemoApplication in 13.974 seconds (process running for 15.447)
10:40:23.540 [RMI TCP Connection(1)-10.251.34.15] INFO  o.a.c.c.C.[Tomcat].[localhost].[/] - Initializing Spring DispatcherServlet 'dispatcherServlet'
10:40:23.540 [RMI TCP Connection(1)-10.251.34.15] INFO  o.s.web.servlet.DispatcherServlet - Initializing Servlet 'dispatcherServlet'
10:40:23.542 [RMI TCP Connection(1)-10.251.34.15] INFO  o.s.web.servlet.DispatcherServlet - Completed initialization in 2 ms
10:40:51.865 [http-nio-8080-exec-2] INFO  c.p.c.c.f.HeadersLoggingFilter - Header user-agent=0:0:0:0:0:0:0:1, IP = user-agent
10:40:51.865 [http-nio-8080-exec-2] INFO  c.p.c.c.f.HeadersLoggingFilter - Header accept=0:0:0:0:0:0:0:1, IP = accept
10:40:51.865 [http-nio-8080-exec-2] INFO  c.p.c.c.f.HeadersLoggingFilter - Header postman-token=0:0:0:0:0:0:0:1, IP = postman-token
10:40:51.865 [http-nio-8080-exec-2] INFO  c.p.c.c.f.HeadersLoggingFilter - Header host=0:0:0:0:0:0:0:1, IP = host
10:40:51.865 [http-nio-8080-exec-2] INFO  c.p.c.c.f.HeadersLoggingFilter - Header accept-encoding=0:0:0:0:0:0:0:1, IP = accept-encoding
10:40:51.865 [http-nio-8080-exec-2] INFO  c.p.c.c.f.HeadersLoggingFilter - Header connection=0:0:0:0:0:0:0:1, IP = connection
10:40:51.866 [http-nio-8080-exec-2] INFO  c.p.c.c.loggingfilter.LoggingFilter - Request: Method=GET, URI=/api/contactReport/pdf, Headers=user-agent=PostmanRuntime/7.44.0; accept=*/*; postman-token=d5f4a2bd-07b5-4e49-9be2-edc9d026dd64; host=localhost:8080; accept-encoding=gzip, deflate, br; connection=keep-alive; , Request ID: cc637567-a721-4362-960c-59ca66f2a502, Request IP  =0:0:0:0:0:0:0:1
10:40:51.987 [http-nio-8080-exec-2] INFO  c.p.c.c.loggingfilter.LoggingFilter - Response: Status=200, URI=/api/contactReport/pdf, Duration (Response Time)=121ms, Headers=[], Payload = org.apache.catalina.connector.ResponseFacade@6abf7ae9
10:40:51.990 [http-nio-8080-exec-2] ERROR o.a.c.c.C.[.[.[.[dispatcherServlet] - Servlet.service() for servlet [dispatcherServlet] in context with path [] threw exception [Request processing failed: net.sf.jasperreports.engine.JRException: Unable to load report] with root cause
net.sf.jasperreports.engine.JRException: Unable to load report
	at net.sf.jasperreports.engine.xml.JRXmlLoader.loadXML(JRXmlLoader.java:173)
	at net.sf.jasperreports.engine.xml.JRXmlLoader.load(JRXmlLoader.java:150)
	at net.sf.jasperreports.engine.xml.JRXmlLoader.load(JRXmlLoader.java:121)
	at net.sf.jasperreports.engine.xml.JRXmlLoader.load(JRXmlLoader.java:99)
	at net.sf.jasperreports.engine.xml.JRXmlLoader.load(JRXmlLoader.java:90)
	at net.sf.jasperreports.engine.JasperCompileManager.compile(JasperCompileManager.java:281)
	at net.sf.jasperreports.engine.JasperCompileManager.compileReport(JasperCompileManager.java:568)
	at com.project.contactsdemo.core.report.ReportService.getItemReport(ReportService.java:44)
	at com.project.contactsdemo.core.report.ReportController.getItemReport(ReportController.java:29)
	at java.base/jdk.internal.reflect.NativeMethodAccessorImpl.invoke0(Native Method)
	at java.base/jdk.internal.reflect.NativeMethodAccessorImpl.invoke(NativeMethodAccessorImpl.java:77)
	at java.base/jdk.internal.reflect.DelegatingMethodAccessorImpl.invoke(DelegatingMethodAccessorImpl.java:43)
	at java.base/java.lang.reflect.Method.invoke(Method.java:568)
	at org.springframework.aop.support.AopUtils.invokeJoinpointUsingReflection(AopUtils.java:354)
	at org.springframework.aop.framework.ReflectiveMethodInvocation.invokeJoinpoint(ReflectiveMethodInvocation.java:196)
	at org.springframework.aop.framework.ReflectiveMethodInvocation.proceed(ReflectiveMethodInvocation.java:163)
	at org.springframework.aop.framework.CglibAopProxy$CglibMethodInvocation.proceed(CglibAopProxy.java:768)
	at org.springframework.validation.beanvalidation.MethodValidationInterceptor.invoke(MethodValidationInterceptor.java:174)
	at org.springframework.aop.framework.ReflectiveMethodInvocation.proceed(ReflectiveMethodInvocation.java:184)
	at org.springframework.aop.framework.CglibAopProxy$CglibMethodInvocation.proceed(CglibAopProxy.java:768)
	at org.springframework.aop.framework.CglibAopProxy$DynamicAdvisedInterceptor.intercept(CglibAopProxy.java:720)
	at com.project.contactsdemo.core.report.ReportController$$SpringCGLIB$$0.getItemReport(<generated>)
	at java.base/jdk.internal.reflect.NativeMethodAccessorImpl.invoke0(Native Method)
	at java.base/jdk.internal.reflect.NativeMethodAccessorImpl.invoke(NativeMethodAccessorImpl.java:77)
	at java.base/jdk.internal.reflect.DelegatingMethodAccessorImpl.invoke(DelegatingMethodAccessorImpl.java:43)
	at java.base/java.lang.reflect.Method.invoke(Method.java:568)
	at org.springframework.web.method.support.InvocableHandlerMethod.doInvoke(InvocableHandlerMethod.java:255)
	at org.springframework.web.method.support.InvocableHandlerMethod.invokeForRequest(InvocableHandlerMethod.java:188)
	at org.springframework.web.servlet.mvc.method.annotation.ServletInvocableHandlerMethod.invokeAndHandle(ServletInvocableHandlerMethod.java:118)
	at org.springframework.web.servlet.mvc.method.annotation.RequestMappingHandlerAdapter.invokeHandlerMethod(RequestMappingHandlerAdapter.java:926)
	at org.springframework.web.servlet.mvc.method.annotation.RequestMappingHandlerAdapter.handleInternal(RequestMappingHandlerAdapter.java:831)
	at org.springframework.web.servlet.mvc.method.AbstractHandlerMethodAdapter.handle(AbstractHandlerMethodAdapter.java:87)
	at org.springframework.web.servlet.DispatcherServlet.doDispatch(DispatcherServlet.java:1089)
	at org.springframework.web.servlet.DispatcherServlet.doService(DispatcherServlet.java:979)
	at org.springframework.web.servlet.FrameworkServlet.processRequest(FrameworkServlet.java:1014)
	at org.springframework.web.servlet.FrameworkServlet.doGet(FrameworkServlet.java:903)
	at jakarta.servlet.http.HttpServlet.service(HttpServlet.java:564)
	at org.springframework.web.servlet.FrameworkServlet.service(FrameworkServlet.java:885)
	at jakarta.servlet.http.HttpServlet.service(HttpServlet.java:658)
	at org.apache.catalina.core.ApplicationFilterChain.internalDoFilter(ApplicationFilterChain.java:195)
	at org.apache.catalina.core.ApplicationFilterChain.doFilter(ApplicationFilterChain.java:140)
	at org.apache.tomcat.websocket.server.WsFilter.doFilter(WsFilter.java:51)
	at org.apache.catalina.core.ApplicationFilterChain.internalDoFilter(ApplicationFilterChain.java:164)
	at org.apache.catalina.core.ApplicationFilterChain.doFilter(ApplicationFilterChain.java:140)
	at com.project.contactsdemo.core.loggingfilter.LoggingFilter.doFilterInternal(LoggingFilter.java:36)
	at org.springframework.web.filter.OncePerRequestFilter.doFilter(OncePerRequestFilter.java:116)
	at org.apache.catalina.core.ApplicationFilterChain.internalDoFilter(ApplicationFilterChain.java:164)
	at org.apache.catalina.core.ApplicationFilterChain.doFilter(ApplicationFilterChain.java:140)
	at com.project.contactsdemo.core.filtering.HeadersLoggingFilter.doFilter(HeadersLoggingFilter.java:28)
	at org.apache.catalina.core.ApplicationFilterChain.internalDoFilter(ApplicationFilterChain.java:164)
	at org.apache.catalina.core.ApplicationFilterChain.doFilter(ApplicationFilterChain.java:140)
	at org.springframework.web.filter.RequestContextFilter.doFilterInternal(RequestContextFilter.java:100)
	at org.springframework.web.filter.OncePerRequestFilter.doFilter(OncePerRequestFilter.java:116)
	at org.apache.catalina.core.ApplicationFilterChain.internalDoFilter(ApplicationFilterChain.java:164)
	at org.apache.catalina.core.ApplicationFilterChain.doFilter(ApplicationFilterChain.java:140)
	at org.springframework.web.filter.FormContentFilter.doFilterInternal(FormContentFilter.java:93)
	at org.springframework.web.filter.OncePerRequestFilter.doFilter(OncePerRequestFilter.java:116)
	at org.apache.catalina.core.ApplicationFilterChain.internalDoFilter(ApplicationFilterChain.java:164)
	at org.apache.catalina.core.ApplicationFilterChain.doFilter(ApplicationFilterChain.java:140)
	at org.springframework.web.filter.ServerHttpObservationFilter.doFilterInternal(ServerHttpObservationFilter.java:107)
	at org.springframework.web.filter.OncePerRequestFilter.doFilter(OncePerRequestFilter.java:116)
	at org.apache.catalina.core.ApplicationFilterChain.internalDoFilter(ApplicationFilterChain.java:164)
	at org.apache.catalina.core.ApplicationFilterChain.doFilter(ApplicationFilterChain.java:140)
	at org.springframework.web.filter.CharacterEncodingFilter.doFilterInternal(CharacterEncodingFilter.java:201)
	at org.springframework.web.filter.OncePerRequestFilter.doFilter(OncePerRequestFilter.java:116)
	at org.apache.catalina.core.ApplicationFilterChain.internalDoFilter(ApplicationFilterChain.java:164)
	at org.apache.catalina.core.ApplicationFilterChain.doFilter(ApplicationFilterChain.java:140)
	at org.apache.catalina.core.StandardWrapperValve.invoke(StandardWrapperValve.java:167)
	at org.apache.catalina.core.StandardContextValve.invoke(StandardContextValve.java:90)
	at org.apache.catalina.authenticator.AuthenticatorBase.invoke(AuthenticatorBase.java:482)
	at org.apache.catalina.core.StandardHostValve.invoke(StandardHostValve.java:115)
	at org.apache.catalina.valves.ErrorReportValve.invoke(ErrorReportValve.java:93)
	at org.apache.catalina.core.StandardEngineValve.invoke(StandardEngineValve.java:74)
	at org.apache.catalina.connector.CoyoteAdapter.service(CoyoteAdapter.java:344)
	at org.apache.coyote.http11.Http11Processor.service(Http11Processor.java:389)
	at org.apache.coyote.AbstractProcessorLight.process(AbstractProcessorLight.java:63)
	at org.apache.coyote.AbstractProtocol$ConnectionHandler.process(AbstractProtocol.java:904)
	at org.apache.tomcat.util.net.NioEndpoint$SocketProcessor.doRun(NioEndpoint.java:1741)
	at org.apache.tomcat.util.net.SocketProcessorBase.run(SocketProcessorBase.java:52)
	at org.apache.tomcat.util.threads.ThreadPoolExecutor.runWorker(ThreadPoolExecutor.java:1190)
	at org.apache.tomcat.util.threads.ThreadPoolExecutor$Worker.run(ThreadPoolExecutor.java:659)
	at org.apache.tomcat.util.threads.TaskThread$WrappingRunnable.run(TaskThread.java:63)
	at java.base/java.lang.Thread.run(Thread.java:842)
10:48:10.575 [http-nio-8080-exec-4] INFO  c.p.c.c.f.HeadersLoggingFilter - Header user-agent=0:0:0:0:0:0:0:1, IP = user-agent
10:48:10.575 [http-nio-8080-exec-4] INFO  c.p.c.c.f.HeadersLoggingFilter - Header accept=0:0:0:0:0:0:0:1, IP = accept
10:48:10.575 [http-nio-8080-exec-4] INFO  c.p.c.c.f.HeadersLoggingFilter - Header postman-token=0:0:0:0:0:0:0:1, IP = postman-token
10:48:10.575 [http-nio-8080-exec-4] INFO  c.p.c.c.f.HeadersLoggingFilter - Header host=0:0:0:0:0:0:0:1, IP = host
10:48:10.575 [http-nio-8080-exec-4] INFO  c.p.c.c.f.HeadersLoggingFilter - Header accept-encoding=0:0:0:0:0:0:0:1, IP = accept-encoding
10:48:10.575 [http-nio-8080-exec-4] INFO  c.p.c.c.f.HeadersLoggingFilter - Header connection=0:0:0:0:0:0:0:1, IP = connection
10:48:10.575 [http-nio-8080-exec-4] INFO  c.p.c.c.loggingfilter.LoggingFilter - Request: Method=GET, URI=/api/contactReport/pdf, Headers=user-agent=PostmanRuntime/7.44.0; accept=*/*; postman-token=c3b110d3-9f8e-4fb3-bf32-314f8198e865; host=localhost:8080; accept-encoding=gzip, deflate, br; connection=keep-alive; , Request ID: 827790f9-752e-4344-9534-4c19c0e1d0fa, Request IP  =0:0:0:0:0:0:0:1
10:48:10.579 [http-nio-8080-exec-4] INFO  c.p.c.c.loggingfilter.LoggingFilter - Response: Status=200, URI=/api/contactReport/pdf, Duration (Response Time)=4ms, Headers=[], Payload = org.apache.catalina.connector.ResponseFacade@7a599f89
10:48:10.580 [http-nio-8080-exec-4] ERROR o.a.c.c.C.[.[.[.[dispatcherServlet] - Servlet.service() for servlet [dispatcherServlet] in context with path [] threw exception [Request processing failed: net.sf.jasperreports.engine.JRException: Unable to load report] with root cause
net.sf.jasperreports.engine.JRException: Unable to load report
	at net.sf.jasperreports.engine.xml.JRXmlLoader.loadXML(JRXmlLoader.java:173)
	at net.sf.jasperreports.engine.xml.JRXmlLoader.load(JRXmlLoader.java:150)
	at net.sf.jasperreports.engine.xml.JRXmlLoader.load(JRXmlLoader.java:121)
	at net.sf.jasperreports.engine.xml.JRXmlLoader.load(JRXmlLoader.java:99)
	at net.sf.jasperreports.engine.xml.JRXmlLoader.load(JRXmlLoader.java:90)
	at net.sf.jasperreports.engine.JasperCompileManager.compile(JasperCompileManager.java:281)
	at net.sf.jasperreports.engine.JasperCompileManager.compileReport(JasperCompileManager.java:568)
	at com.project.contactsdemo.core.report.ReportService.getItemReport(ReportService.java:44)
	at com.project.contactsdemo.core.report.ReportController.getItemReport(ReportController.java:29)
	at java.base/jdk.internal.reflect.NativeMethodAccessorImpl.invoke0(Native Method)
	at java.base/jdk.internal.reflect.NativeMethodAccessorImpl.invoke(NativeMethodAccessorImpl.java:77)
	at java.base/jdk.internal.reflect.DelegatingMethodAccessorImpl.invoke(DelegatingMethodAccessorImpl.java:43)
	at java.base/java.lang.reflect.Method.invoke(Method.java:568)
	at org.springframework.aop.support.AopUtils.invokeJoinpointUsingReflection(AopUtils.java:354)
	at org.springframework.aop.framework.ReflectiveMethodInvocation.invokeJoinpoint(ReflectiveMethodInvocation.java:196)
	at org.springframework.aop.framework.ReflectiveMethodInvocation.proceed(ReflectiveMethodInvocation.java:163)
	at org.springframework.aop.framework.CglibAopProxy$CglibMethodInvocation.proceed(CglibAopProxy.java:768)
	at org.springframework.validation.beanvalidation.MethodValidationInterceptor.invoke(MethodValidationInterceptor.java:174)
	at org.springframework.aop.framework.ReflectiveMethodInvocation.proceed(ReflectiveMethodInvocation.java:184)
	at org.springframework.aop.framework.CglibAopProxy$CglibMethodInvocation.proceed(CglibAopProxy.java:768)
	at org.springframework.aop.framework.CglibAopProxy$DynamicAdvisedInterceptor.intercept(CglibAopProxy.java:720)
	at com.project.contactsdemo.core.report.ReportController$$SpringCGLIB$$0.getItemReport(<generated>)
	at java.base/jdk.internal.reflect.NativeMethodAccessorImpl.invoke0(Native Method)
	at java.base/jdk.internal.reflect.NativeMethodAccessorImpl.invoke(NativeMethodAccessorImpl.java:77)
	at java.base/jdk.internal.reflect.DelegatingMethodAccessorImpl.invoke(DelegatingMethodAccessorImpl.java:43)
	at java.base/java.lang.reflect.Method.invoke(Method.java:568)
	at org.springframework.web.method.support.InvocableHandlerMethod.doInvoke(InvocableHandlerMethod.java:255)
	at org.springframework.web.method.support.InvocableHandlerMethod.invokeForRequest(InvocableHandlerMethod.java:188)
	at org.springframework.web.servlet.mvc.method.annotation.ServletInvocableHandlerMethod.invokeAndHandle(ServletInvocableHandlerMethod.java:118)
	at org.springframework.web.servlet.mvc.method.annotation.RequestMappingHandlerAdapter.invokeHandlerMethod(RequestMappingHandlerAdapter.java:926)
	at org.springframework.web.servlet.mvc.method.annotation.RequestMappingHandlerAdapter.handleInternal(RequestMappingHandlerAdapter.java:831)
	at org.springframework.web.servlet.mvc.method.AbstractHandlerMethodAdapter.handle(AbstractHandlerMethodAdapter.java:87)
	at org.springframework.web.servlet.DispatcherServlet.doDispatch(DispatcherServlet.java:1089)
	at org.springframework.web.servlet.DispatcherServlet.doService(DispatcherServlet.java:979)
	at org.springframework.web.servlet.FrameworkServlet.processRequest(FrameworkServlet.java:1014)
	at org.springframework.web.servlet.FrameworkServlet.doGet(FrameworkServlet.java:903)
	at jakarta.servlet.http.HttpServlet.service(HttpServlet.java:564)
	at org.springframework.web.servlet.FrameworkServlet.service(FrameworkServlet.java:885)
	at jakarta.servlet.http.HttpServlet.service(HttpServlet.java:658)
	at org.apache.catalina.core.ApplicationFilterChain.internalDoFilter(ApplicationFilterChain.java:195)
	at org.apache.catalina.core.ApplicationFilterChain.doFilter(ApplicationFilterChain.java:140)
	at org.apache.tomcat.websocket.server.WsFilter.doFilter(WsFilter.java:51)
	at org.apache.catalina.core.ApplicationFilterChain.internalDoFilter(ApplicationFilterChain.java:164)
	at org.apache.catalina.core.ApplicationFilterChain.doFilter(ApplicationFilterChain.java:140)
	at com.project.contactsdemo.core.loggingfilter.LoggingFilter.doFilterInternal(LoggingFilter.java:36)
	at org.springframework.web.filter.OncePerRequestFilter.doFilter(OncePerRequestFilter.java:116)
	at org.apache.catalina.core.ApplicationFilterChain.internalDoFilter(ApplicationFilterChain.java:164)
	at org.apache.catalina.core.ApplicationFilterChain.doFilter(ApplicationFilterChain.java:140)
	at com.project.contactsdemo.core.filtering.HeadersLoggingFilter.doFilter(HeadersLoggingFilter.java:28)
	at org.apache.catalina.core.ApplicationFilterChain.internalDoFilter(ApplicationFilterChain.java:164)
	at org.apache.catalina.core.ApplicationFilterChain.doFilter(ApplicationFilterChain.java:140)
	at org.springframework.web.filter.RequestContextFilter.doFilterInternal(RequestContextFilter.java:100)
	at org.springframework.web.filter.OncePerRequestFilter.doFilter(OncePerRequestFilter.java:116)
	at org.apache.catalina.core.ApplicationFilterChain.internalDoFilter(ApplicationFilterChain.java:164)
	at org.apache.catalina.core.ApplicationFilterChain.doFilter(ApplicationFilterChain.java:140)
	at org.springframework.web.filter.FormContentFilter.doFilterInternal(FormContentFilter.java:93)
	at org.springframework.web.filter.OncePerRequestFilter.doFilter(OncePerRequestFilter.java:116)
	at org.apache.catalina.core.ApplicationFilterChain.internalDoFilter(ApplicationFilterChain.java:164)
	at org.apache.catalina.core.ApplicationFilterChain.doFilter(ApplicationFilterChain.java:140)
	at org.springframework.web.filter.ServerHttpObservationFilter.doFilterInternal(ServerHttpObservationFilter.java:107)
	at org.springframework.web.filter.OncePerRequestFilter.doFilter(OncePerRequestFilter.java:116)
	at org.apache.catalina.core.ApplicationFilterChain.internalDoFilter(ApplicationFilterChain.java:164)
	at org.apache.catalina.core.ApplicationFilterChain.doFilter(ApplicationFilterChain.java:140)
	at org.springframework.web.filter.CharacterEncodingFilter.doFilterInternal(CharacterEncodingFilter.java:201)
	at org.springframework.web.filter.OncePerRequestFilter.doFilter(OncePerRequestFilter.java:116)
	at org.apache.catalina.core.ApplicationFilterChain.internalDoFilter(ApplicationFilterChain.java:164)
	at org.apache.catalina.core.ApplicationFilterChain.doFilter(ApplicationFilterChain.java:140)
	at org.apache.catalina.core.StandardWrapperValve.invoke(StandardWrapperValve.java:167)
	at org.apache.catalina.core.StandardContextValve.invoke(StandardContextValve.java:90)
	at org.apache.catalina.authenticator.AuthenticatorBase.invoke(AuthenticatorBase.java:482)
	at org.apache.catalina.core.StandardHostValve.invoke(StandardHostValve.java:115)
	at org.apache.catalina.valves.ErrorReportValve.invoke(ErrorReportValve.java:93)
	at org.apache.catalina.core.StandardEngineValve.invoke(StandardEngineValve.java:74)
	at org.apache.catalina.connector.CoyoteAdapter.service(CoyoteAdapter.java:344)
	at org.apache.coyote.http11.Http11Processor.service(Http11Processor.java:389)
	at org.apache.coyote.AbstractProcessorLight.process(AbstractProcessorLight.java:63)
	at org.apache.coyote.AbstractProtocol$ConnectionHandler.process(AbstractProtocol.java:904)
	at org.apache.tomcat.util.net.NioEndpoint$SocketProcessor.doRun(NioEndpoint.java:1741)
	at org.apache.tomcat.util.net.SocketProcessorBase.run(SocketProcessorBase.java:52)
	at org.apache.tomcat.util.threads.ThreadPoolExecutor.runWorker(ThreadPoolExecutor.java:1190)
	at org.apache.tomcat.util.threads.ThreadPoolExecutor$Worker.run(ThreadPoolExecutor.java:659)
	at org.apache.tomcat.util.threads.TaskThread$WrappingRunnable.run(TaskThread.java:63)
	at java.base/java.lang.Thread.run(Thread.java:842)
10:50:14.450 [hz.ShutdownThread] INFO  com.hazelcast.instance.impl.Node - [10.251.34.15]:5701 [dev] [4.1] Running shutdown hook... Current state: ACTIVE
10:50:14.451 [hz.ShutdownThread] INFO  com.hazelcast.core.LifecycleService - [10.251.34.15]:5701 [dev] [4.1] [10.251.34.15]:5701 is SHUTTING_DOWN
10:50:14.669 [SpringApplicationShutdownHook] INFO  o.s.o.j.LocalContainerEntityManagerFactoryBean - Closing JPA EntityManagerFactory for persistence unit 'default'
10:50:14.673 [SpringApplicationShutdownHook] INFO  com.zaxxer.hikari.HikariDataSource - HikariPool-1 - Shutdown initiated...
10:50:14.679 [SpringApplicationShutdownHook] INFO  com.zaxxer.hikari.HikariDataSource - HikariPool-1 - Shutdown completed.
10:50:20.064 [background-preinit] INFO  o.h.validator.internal.util.Version - HV000001: Hibernate Validator 8.0.1.Final
10:50:20.124 [main] INFO  c.p.c.ContactsdemoApplication - Starting ContactsdemoApplication using Java 17.0.12 with PID 23864 (C:\Ayse Ceren - crud projects\contactsdemo\build\classes\java\main started by 16381136672 in C:\Ayse Ceren - crud projects\contactsdemo)
10:50:20.126 [main] INFO  c.p.c.ContactsdemoApplication - No active profile set, falling back to 1 default profile: "default"
10:50:21.641 [main] INFO  o.s.d.r.c.RepositoryConfigurationDelegate - Bootstrapping Spring Data JPA repositories in DEFAULT mode.
10:50:21.750 [main] INFO  o.s.d.r.c.RepositoryConfigurationDelegate - Finished Spring Data repository scanning in 99 ms. Found 2 JPA repository interfaces.
10:50:22.972 [main] INFO  o.s.b.w.e.tomcat.TomcatWebServer - Tomcat initialized with port 8080 (http)
10:50:22.983 [main] INFO  o.a.coyote.http11.Http11NioProtocol - Initializing ProtocolHandler ["http-nio-8080"]
10:50:22.985 [main] INFO  o.a.catalina.core.StandardService - Starting service [Tomcat]
10:50:22.985 [main] INFO  o.a.catalina.core.StandardEngine - Starting Servlet engine: [Apache Tomcat/10.1.25]
10:50:23.081 [main] INFO  o.a.c.c.C.[Tomcat].[localhost].[/] - Initializing Spring embedded WebApplicationContext
10:50:23.083 [main] INFO  o.s.b.w.s.c.ServletWebServerApplicationContext - Root WebApplicationContext: initialization completed in 2902 ms
10:50:23.491 [main] INFO  com.zaxxer.hikari.HikariDataSource - HikariPool-1 - Starting...
10:50:23.682 [main] INFO  com.zaxxer.hikari.pool.HikariPool - HikariPool-1 - Added connection org.postgresql.jdbc.PgConnection@191774d6
10:50:23.685 [main] INFO  com.zaxxer.hikari.HikariDataSource - HikariPool-1 - Start completed.
10:50:24.468 [main] INFO  liquibase.changelog - Reading from public.databasechangelog
10:50:24.546 [main] INFO  liquibase.changelog - Reading from public.databasechangelog
10:50:24.555 [main] INFO  liquibase.util - UPDATE SUMMARY
10:50:24.556 [main] INFO  liquibase.util - Run:                          0
10:50:24.556 [main] INFO  liquibase.util - Previously run:               2
10:50:24.556 [main] INFO  liquibase.util - Filtered out:                 0
10:50:24.556 [main] INFO  liquibase.util - -------------------------------
10:50:24.556 [main] INFO  liquibase.util - Total change sets:            2
10:50:24.556 [main] INFO  liquibase.util - Update summary generated
10:50:24.590 [main] INFO  liquibase.lockservice - Successfully released change log lock
10:50:24.593 [main] INFO  liquibase.command - Command execution complete
10:50:24.754 [main] INFO  o.h.jpa.internal.util.LogHelper - HHH000204: Processing PersistenceUnitInfo [name: default]
10:50:24.821 [main] INFO  org.hibernate.Version - HHH000412: Hibernate ORM core version 6.4.9.Final
10:50:24.862 [main] INFO  o.h.c.i.RegionFactoryInitiator - HHH000026: Second-level cache disabled
10:50:25.182 [main] INFO  o.s.o.j.p.SpringPersistenceUnitInfo - No LoadTimeWeaver setup: ignoring JPA class transformer
10:50:25.279 [main] WARN  org.hibernate.orm.deprecation - HHH90000025: PostgreSQLDialect does not need to be specified explicitly using 'hibernate.dialect' (remove the property setting and it will be selected by default)
10:50:26.536 [main] INFO  o.s.o.j.LocalContainerEntityManagerFactoryBean - Initialized JPA EntityManagerFactory for persistence unit 'default'
10:50:26.938 [main] INFO  o.s.d.j.r.query.QueryEnhancerFactory - Hibernate is in classpath; If applicable, HQL parser will be used.
10:50:28.880 [main] WARN  c.h.i.impl.HazelcastInstanceFactory - Hazelcast is starting in a Java modular environment (Java 9 and newer) but without proper access to required Java packages. Use additional Java arguments to provide Hazelcast access to Java internal API. The internal API access is used to get the best performance results. Arguments to be used:
 --add-modules java.se --add-exports java.base/jdk.internal.ref=ALL-UNNAMED --add-opens java.base/java.lang=ALL-UNNAMED --add-opens java.base/java.nio=ALL-UNNAMED --add-opens java.base/sun.nio.ch=ALL-UNNAMED --add-opens java.management/sun.management=ALL-UNNAMED --add-opens jdk.management/com.sun.management.internal=ALL-UNNAMED
10:50:28.890 [main] INFO  c.h.i.config.AbstractConfigLocator - Loading 'hazelcast-default.xml' from the classpath.
10:50:29.584 [main] INFO  c.hazelcast.instance.AddressPicker - [LOCAL] [dev] [4.1] Prefer IPv4 stack is true, prefer IPv6 addresses is false
10:50:29.623 [main] INFO  c.hazelcast.instance.AddressPicker - [LOCAL] [dev] [4.1] Picked [10.251.34.15]:5701, using socket ServerSocket[addr=/0:0:0:0:0:0:0:0,localport=5701], bind any local is true
10:50:29.661 [main] INFO  com.hazelcast.system - [10.251.34.15]:5701 [dev] [4.1] Hazelcast 4.0.1 (20200409 - e086b9c) starting at [10.251.34.15]:5701
10:50:29.661 [main] INFO  com.hazelcast.system - [10.251.34.15]:5701 [dev] [4.1] Copyright (c) 2008-2020, Hazelcast, Inc. All Rights Reserved.
10:50:30.532 [main] INFO  c.h.s.i.o.impl.BackpressureRegulator - [10.251.34.15]:5701 [dev] [4.1] Backpressure is disabled
10:50:31.419 [main] INFO  com.hazelcast.instance.impl.Node - [10.251.34.15]:5701 [dev] [4.1] Creating MulticastJoiner
10:50:31.430 [main] WARN  com.hazelcast.cp.CPSubsystem - [10.251.34.15]:5701 [dev] [4.1] CP Subsystem is not enabled. CP data structures will operate in UNSAFE mode! Please note that UNSAFE mode will not provide strong consistency guarantees.
10:50:31.930 [main] INFO  c.h.s.i.o.impl.OperationExecutorImpl - [10.251.34.15]:5701 [dev] [4.1] Starting 16 partition threads and 9 generic threads (1 dedicated for priority tasks)
10:50:31.947 [main] INFO  c.h.internal.diagnostics.Diagnostics - [10.251.34.15]:5701 [dev] [4.1] Diagnostics disabled. To enable add -Dhazelcast.diagnostics.enabled=true to the JVM arguments.
10:50:31.969 [main] INFO  com.hazelcast.core.LifecycleService - [10.251.34.15]:5701 [dev] [4.1] [10.251.34.15]:5701 is STARTING
10:50:34.865 [main] INFO  c.h.internal.cluster.ClusterService - [10.251.34.15]:5701 [dev] [4.1] 

Members {size:1, ver:1} [
	Member [10.251.34.15]:5701 - 8830a2db-1886-4a23-9571-c05999f3176e this
]

10:50:34.903 [main] INFO  com.hazelcast.core.LifecycleService - [10.251.34.15]:5701 [dev] [4.1] [10.251.34.15]:5701 is STARTED
10:50:35.849 [main] INFO  c.h.c.i.spi.ClientInvocationService - training-instance [dev] [4.1] [4.0.1] Running with 2 response threads, dynamic=true
10:50:36.029 [main] INFO  com.hazelcast.core.LifecycleService - training-instance [dev] [4.1] [4.0.1] HazelcastClient 4.0.1 (20200409 - e086b9c) is STARTING
10:50:36.032 [main] INFO  com.hazelcast.core.LifecycleService - training-instance [dev] [4.1] [4.0.1] HazelcastClient 4.0.1 (20200409 - e086b9c) is STARTED
10:50:36.073 [main] INFO  c.h.c.i.c.ClientConnectionManager - training-instance [dev] [4.1] [4.0.1] Trying to connect to cluster: dev
10:50:36.078 [main] INFO  c.h.c.i.c.ClientConnectionManager - training-instance [dev] [4.1] [4.0.1] Trying to connect to [127.0.0.1]:5701
10:50:36.140 [hz.cranky_keller.priority-generic-operation.thread-0] INFO  c.h.c.i.p.t.AuthenticationMessageTask - [10.251.34.15]:5701 [dev] [4.1] Received auth from Connection[id=1, /127.0.0.1:5701->/127.0.0.1:59424, qualifier=null, endpoint=[127.0.0.1]:59424, alive=true, connectionType=JVM], successfully authenticated, clientUuid: 4ebae6d6-4e6e-4238-b874-2d4ad25563a5, client version: 4.0.1
10:50:36.145 [main] INFO  com.hazelcast.core.LifecycleService - training-instance [dev] [4.1] [4.0.1] HazelcastClient 4.0.1 (20200409 - e086b9c) is CLIENT_CONNECTED
10:50:36.146 [main] INFO  c.h.c.i.c.ClientConnectionManager - training-instance [dev] [4.1] [4.0.1] Authenticated with server [10.251.34.15]:5701:8830a2db-1886-4a23-9571-c05999f3176e, server version: 4.0.1, local address: /127.0.0.1:59424
10:50:36.172 [main] INFO  c.h.internal.diagnostics.Diagnostics - training-instance [dev] [4.1] [4.0.1] Diagnostics disabled. To enable add -Dhazelcast.diagnostics.enabled=true to the JVM arguments.
10:50:36.183 [training-instance.event-9] INFO  c.h.c.impl.spi.ClientClusterService - training-instance [dev] [4.1] [4.0.1] 

Members [1] {
	Member [10.251.34.15]:5701 - 8830a2db-1886-4a23-9571-c05999f3176e
}

10:50:36.258 [main] INFO  c.h.c.i.s.ClientStatisticsService - Client statistics is enabled with period 5 seconds.
10:50:36.610 [main] WARN  o.s.b.a.o.j.JpaBaseConfiguration$JpaWebConfiguration - spring.jpa.open-in-view is enabled by default. Therefore, database queries may be performed during view rendering. Explicitly configure spring.jpa.open-in-view to disable this warning
10:50:39.065 [main] INFO  o.s.b.a.e.web.EndpointLinksResolver - Exposing 1 endpoint(s) beneath base path '/actuator'
10:50:39.232 [main] INFO  o.a.coyote.http11.Http11NioProtocol - Starting ProtocolHandler ["http-nio-8080"]
10:50:39.282 [main] INFO  o.s.b.w.e.tomcat.TomcatWebServer - Tomcat started on port 8080 (http) with context path ''
10:50:39.308 [main] INFO  c.p.c.ContactsdemoApplication - Started ContactsdemoApplication in 19.717 seconds (process running for 21.625)
10:51:35.641 [http-nio-8080-exec-2] INFO  o.a.c.c.C.[Tomcat].[localhost].[/] - Initializing Spring DispatcherServlet 'dispatcherServlet'
10:51:35.641 [http-nio-8080-exec-2] INFO  o.s.web.servlet.DispatcherServlet - Initializing Servlet 'dispatcherServlet'
10:51:35.643 [http-nio-8080-exec-2] INFO  o.s.web.servlet.DispatcherServlet - Completed initialization in 2 ms
10:51:35.705 [http-nio-8080-exec-2] INFO  c.p.c.c.f.HeadersLoggingFilter - Header user-agent=0:0:0:0:0:0:0:1, IP = user-agent
10:51:35.705 [http-nio-8080-exec-2] INFO  c.p.c.c.f.HeadersLoggingFilter - Header accept=0:0:0:0:0:0:0:1, IP = accept
10:51:35.705 [http-nio-8080-exec-2] INFO  c.p.c.c.f.HeadersLoggingFilter - Header postman-token=0:0:0:0:0:0:0:1, IP = postman-token
10:51:35.706 [http-nio-8080-exec-2] INFO  c.p.c.c.f.HeadersLoggingFilter - Header host=0:0:0:0:0:0:0:1, IP = host
10:51:35.706 [http-nio-8080-exec-2] INFO  c.p.c.c.f.HeadersLoggingFilter - Header accept-encoding=0:0:0:0:0:0:0:1, IP = accept-encoding
10:51:35.706 [http-nio-8080-exec-2] INFO  c.p.c.c.f.HeadersLoggingFilter - Header connection=0:0:0:0:0:0:0:1, IP = connection
10:51:35.708 [http-nio-8080-exec-2] INFO  c.p.c.c.loggingfilter.LoggingFilter - Request: Method=GET, URI=/api/contactReport/pdf, Headers=user-agent=PostmanRuntime/7.44.0; accept=*/*; postman-token=be2f6b65-fc98-4a9a-b2b9-0ff6471fa876; host=localhost:8080; accept-encoding=gzip, deflate, br; connection=keep-alive; , Request ID: 468417f1-59c7-4c65-8b7b-4147f15019b3, Request IP  =0:0:0:0:0:0:0:1
10:52:10.970 [hz.cranky_keller.InvocationMonitorThread] WARN  c.h.s.i.o.impl.InvocationMonitor - [10.251.34.15]:5701 [dev] [4.1] MonitorInvocationsTask delayed 26326 ms
10:52:10.971 [hz.cranky_keller.InvocationMonitorThread] WARN  c.h.s.i.o.impl.InvocationMonitor - [10.251.34.15]:5701 [dev] [4.1] BroadcastOperationControlTask delayed 24030 ms
10:52:10.971 [HikariPool-1 housekeeper] WARN  com.zaxxer.hikari.pool.HikariPool - HikariPool-1 - Thread starvation or clock leap detected (housekeeper delta=47s155ms4µs400ns).
10:52:10.973 [hz.cranky_keller.cached.thread-13] WARN  c.h.i.c.impl.ClusterHeartbeatManager - [10.251.34.15]:5701 [dev] [4.1] Resetting heartbeat timestamps because of huge system clock jump! Clock-Jump: 34048 ms, Heartbeat-Timeout: 60000 ms
10:52:13.349 [http-nio-8080-exec-2] INFO  c.p.c.c.loggingfilter.LoggingFilter - Response: Status=200, URI=/api/contactReport/pdf, Duration (Response Time)=37641ms, Headers=[], Payload = org.apache.catalina.connector.ResponseFacade@be81fa7
10:52:13.353 [http-nio-8080-exec-2] ERROR o.a.c.c.C.[.[.[.[dispatcherServlet] - Servlet.service() for servlet [dispatcherServlet] in context with path [] threw exception [Request processing failed: net.sf.jasperreports.engine.JRException: Unable to load report] with root cause
net.sf.jasperreports.engine.JRException: Unable to load report
	at net.sf.jasperreports.engine.xml.JRXmlLoader.loadXML(JRXmlLoader.java:173)
	at net.sf.jasperreports.engine.xml.JRXmlLoader.load(JRXmlLoader.java:150)
	at net.sf.jasperreports.engine.xml.JRXmlLoader.load(JRXmlLoader.java:121)
	at net.sf.jasperreports.engine.xml.JRXmlLoader.load(JRXmlLoader.java:99)
	at net.sf.jasperreports.engine.xml.JRXmlLoader.load(JRXmlLoader.java:90)
	at net.sf.jasperreports.engine.JasperCompileManager.compile(JasperCompileManager.java:281)
	at net.sf.jasperreports.engine.JasperCompileManager.compileReport(JasperCompileManager.java:568)
	at com.project.contactsdemo.core.report.ReportService.getItemReport(ReportService.java:44)
	at com.project.contactsdemo.core.report.ReportController.getItemReport(ReportController.java:29)
	at java.base/jdk.internal.reflect.NativeMethodAccessorImpl.invoke0(Native Method)
	at java.base/jdk.internal.reflect.NativeMethodAccessorImpl.invoke(NativeMethodAccessorImpl.java:77)
	at java.base/jdk.internal.reflect.DelegatingMethodAccessorImpl.invoke(DelegatingMethodAccessorImpl.java:43)
	at java.base/java.lang.reflect.Method.invoke(Method.java:568)
	at org.springframework.aop.support.AopUtils.invokeJoinpointUsingReflection(AopUtils.java:354)
	at org.springframework.aop.framework.ReflectiveMethodInvocation.invokeJoinpoint(ReflectiveMethodInvocation.java:196)
	at org.springframework.aop.framework.ReflectiveMethodInvocation.proceed(ReflectiveMethodInvocation.java:163)
	at org.springframework.aop.framework.CglibAopProxy$CglibMethodInvocation.proceed(CglibAopProxy.java:768)
	at org.springframework.validation.beanvalidation.MethodValidationInterceptor.invoke(MethodValidationInterceptor.java:174)
	at org.springframework.aop.framework.ReflectiveMethodInvocation.proceed(ReflectiveMethodInvocation.java:184)
	at org.springframework.aop.framework.CglibAopProxy$CglibMethodInvocation.proceed(CglibAopProxy.java:768)
	at org.springframework.aop.framework.CglibAopProxy$DynamicAdvisedInterceptor.intercept(CglibAopProxy.java:720)
	at com.project.contactsdemo.core.report.ReportController$$SpringCGLIB$$0.getItemReport(<generated>)
	at java.base/jdk.internal.reflect.NativeMethodAccessorImpl.invoke0(Native Method)
	at java.base/jdk.internal.reflect.NativeMethodAccessorImpl.invoke(NativeMethodAccessorImpl.java:77)
	at java.base/jdk.internal.reflect.DelegatingMethodAccessorImpl.invoke(DelegatingMethodAccessorImpl.java:43)
	at java.base/java.lang.reflect.Method.invoke(Method.java:568)
	at org.springframework.web.method.support.InvocableHandlerMethod.doInvoke(InvocableHandlerMethod.java:255)
	at org.springframework.web.method.support.InvocableHandlerMethod.invokeForRequest(InvocableHandlerMethod.java:188)
	at org.springframework.web.servlet.mvc.method.annotation.ServletInvocableHandlerMethod.invokeAndHandle(ServletInvocableHandlerMethod.java:118)
	at org.springframework.web.servlet.mvc.method.annotation.RequestMappingHandlerAdapter.invokeHandlerMethod(RequestMappingHandlerAdapter.java:926)
	at org.springframework.web.servlet.mvc.method.annotation.RequestMappingHandlerAdapter.handleInternal(RequestMappingHandlerAdapter.java:831)
	at org.springframework.web.servlet.mvc.method.AbstractHandlerMethodAdapter.handle(AbstractHandlerMethodAdapter.java:87)
	at org.springframework.web.servlet.DispatcherServlet.doDispatch(DispatcherServlet.java:1089)
	at org.springframework.web.servlet.DispatcherServlet.doService(DispatcherServlet.java:979)
	at org.springframework.web.servlet.FrameworkServlet.processRequest(FrameworkServlet.java:1014)
	at org.springframework.web.servlet.FrameworkServlet.doGet(FrameworkServlet.java:903)
	at jakarta.servlet.http.HttpServlet.service(HttpServlet.java:564)
	at org.springframework.web.servlet.FrameworkServlet.service(FrameworkServlet.java:885)
	at jakarta.servlet.http.HttpServlet.service(HttpServlet.java:658)
	at org.apache.catalina.core.ApplicationFilterChain.internalDoFilter(ApplicationFilterChain.java:195)
	at org.apache.catalina.core.ApplicationFilterChain.doFilter(ApplicationFilterChain.java:140)
	at org.apache.tomcat.websocket.server.WsFilter.doFilter(WsFilter.java:51)
	at org.apache.catalina.core.ApplicationFilterChain.internalDoFilter(ApplicationFilterChain.java:164)
	at org.apache.catalina.core.ApplicationFilterChain.doFilter(ApplicationFilterChain.java:140)
	at com.project.contactsdemo.core.loggingfilter.LoggingFilter.doFilterInternal(LoggingFilter.java:36)
	at org.springframework.web.filter.OncePerRequestFilter.doFilter(OncePerRequestFilter.java:116)
	at org.apache.catalina.core.ApplicationFilterChain.internalDoFilter(ApplicationFilterChain.java:164)
	at org.apache.catalina.core.ApplicationFilterChain.doFilter(ApplicationFilterChain.java:140)
	at com.project.contactsdemo.core.filtering.HeadersLoggingFilter.doFilter(HeadersLoggingFilter.java:28)
	at org.apache.catalina.core.ApplicationFilterChain.internalDoFilter(ApplicationFilterChain.java:164)
	at org.apache.catalina.core.ApplicationFilterChain.doFilter(ApplicationFilterChain.java:140)
	at org.springframework.web.filter.RequestContextFilter.doFilterInternal(RequestContextFilter.java:100)
	at org.springframework.web.filter.OncePerRequestFilter.doFilter(OncePerRequestFilter.java:116)
	at org.apache.catalina.core.ApplicationFilterChain.internalDoFilter(ApplicationFilterChain.java:164)
	at org.apache.catalina.core.ApplicationFilterChain.doFilter(ApplicationFilterChain.java:140)
	at org.springframework.web.filter.FormContentFilter.doFilterInternal(FormContentFilter.java:93)
	at org.springframework.web.filter.OncePerRequestFilter.doFilter(OncePerRequestFilter.java:116)
	at org.apache.catalina.core.ApplicationFilterChain.internalDoFilter(ApplicationFilterChain.java:164)
	at org.apache.catalina.core.ApplicationFilterChain.doFilter(ApplicationFilterChain.java:140)
	at org.springframework.web.filter.ServerHttpObservationFilter.doFilterInternal(ServerHttpObservationFilter.java:107)
	at org.springframework.web.filter.OncePerRequestFilter.doFilter(OncePerRequestFilter.java:116)
	at org.apache.catalina.core.ApplicationFilterChain.internalDoFilter(ApplicationFilterChain.java:164)
	at org.apache.catalina.core.ApplicationFilterChain.doFilter(ApplicationFilterChain.java:140)
	at org.springframework.web.filter.CharacterEncodingFilter.doFilterInternal(CharacterEncodingFilter.java:201)
	at org.springframework.web.filter.OncePerRequestFilter.doFilter(OncePerRequestFilter.java:116)
	at org.apache.catalina.core.ApplicationFilterChain.internalDoFilter(ApplicationFilterChain.java:164)
	at org.apache.catalina.core.ApplicationFilterChain.doFilter(ApplicationFilterChain.java:140)
	at org.apache.catalina.core.StandardWrapperValve.invoke(StandardWrapperValve.java:167)
	at org.apache.catalina.core.StandardContextValve.invoke(StandardContextValve.java:90)
	at org.apache.catalina.authenticator.AuthenticatorBase.invoke(AuthenticatorBase.java:482)
	at org.apache.catalina.core.StandardHostValve.invoke(StandardHostValve.java:115)
	at org.apache.catalina.valves.ErrorReportValve.invoke(ErrorReportValve.java:93)
	at org.apache.catalina.core.StandardEngineValve.invoke(StandardEngineValve.java:74)
	at org.apache.catalina.connector.CoyoteAdapter.service(CoyoteAdapter.java:344)
	at org.apache.coyote.http11.Http11Processor.service(Http11Processor.java:389)
	at org.apache.coyote.AbstractProcessorLight.process(AbstractProcessorLight.java:63)
	at org.apache.coyote.AbstractProtocol$ConnectionHandler.process(AbstractProtocol.java:904)
	at org.apache.tomcat.util.net.NioEndpoint$SocketProcessor.doRun(NioEndpoint.java:1741)
	at org.apache.tomcat.util.net.SocketProcessorBase.run(SocketProcessorBase.java:52)
	at org.apache.tomcat.util.threads.ThreadPoolExecutor.runWorker(ThreadPoolExecutor.java:1190)
	at org.apache.tomcat.util.threads.ThreadPoolExecutor$Worker.run(ThreadPoolExecutor.java:659)
	at org.apache.tomcat.util.threads.TaskThread$WrappingRunnable.run(TaskThread.java:63)
	at java.base/java.lang.Thread.run(Thread.java:842)
10:52:31.001 [http-nio-8080-exec-4] INFO  c.p.c.c.f.HeadersLoggingFilter - Header user-agent=0:0:0:0:0:0:0:1, IP = user-agent
10:52:31.002 [http-nio-8080-exec-4] INFO  c.p.c.c.f.HeadersLoggingFilter - Header accept=0:0:0:0:0:0:0:1, IP = accept
10:52:31.002 [http-nio-8080-exec-4] INFO  c.p.c.c.f.HeadersLoggingFilter - Header postman-token=0:0:0:0:0:0:0:1, IP = postman-token
10:52:31.002 [http-nio-8080-exec-4] INFO  c.p.c.c.f.HeadersLoggingFilter - Header host=0:0:0:0:0:0:0:1, IP = host
10:52:31.002 [http-nio-8080-exec-4] INFO  c.p.c.c.f.HeadersLoggingFilter - Header accept-encoding=0:0:0:0:0:0:0:1, IP = accept-encoding
10:52:31.002 [http-nio-8080-exec-4] INFO  c.p.c.c.f.HeadersLoggingFilter - Header connection=0:0:0:0:0:0:0:1, IP = connection
10:52:31.002 [http-nio-8080-exec-4] INFO  c.p.c.c.loggingfilter.LoggingFilter - Request: Method=GET, URI=/api/contactReport/pdf, Headers=user-agent=PostmanRuntime/7.44.0; accept=*/*; postman-token=9fd3ce81-6886-4a6a-9185-d884ab761bc6; host=localhost:8080; accept-encoding=gzip, deflate, br; connection=keep-alive; , Request ID: f7819e13-fa09-44e3-a64d-8caeceff2b50, Request IP  =0:0:0:0:0:0:0:1
10:53:21.739 [HikariPool-1 housekeeper] WARN  com.zaxxer.hikari.pool.HikariPool - HikariPool-1 - Thread starvation or clock leap detected (housekeeper delta=1m10s768ms545µs400ns).
10:53:21.739 [hz.cranky_keller.InvocationMonitorThread] WARN  c.h.s.i.o.impl.InvocationMonitor - [10.251.34.15]:5701 [dev] [4.1] MonitorInvocationsTask delayed 44963 ms
10:53:21.742 [hz.cranky_keller.InvocationMonitorThread] WARN  c.h.s.i.o.impl.InvocationMonitor - [10.251.34.15]:5701 [dev] [4.1] BroadcastOperationControlTask delayed 30967 ms
10:53:21.743 [hz.cranky_keller.cached.thread-14] WARN  c.h.i.c.impl.ClusterHeartbeatManager - [10.251.34.15]:5701 [dev] [4.1] Resetting heartbeat timestamps because of huge system clock jump! Clock-Jump: 40966 ms, Heartbeat-Timeout: 60000 ms
10:54:07.194 [hz.cranky_keller.InvocationMonitorThread] WARN  c.h.s.i.o.impl.InvocationMonitor - [10.251.34.15]:5701 [dev] [4.1] MonitorInvocationsTask delayed 10087 ms
10:54:16.257 [hz.cranky_keller.HealthMonitor] INFO  c.h.i.diagnostics.HealthMonitor - [10.251.34.15]:5701 [dev] [4.1] processors=16, physical.memory.total=32,0G, physical.memory.free=14,3G, swap.space.total=0, swap.space.free=0, heap.memory.used=71,5M, heap.memory.free=64,5M, heap.memory.total=136,0M, heap.memory.max=8,0G, heap.memory.used/total=52,22%, heap.memory.used/max=0,87%, minor.gc.count=25, minor.gc.time=161ms, major.gc.count=0, major.gc.time=0ms, load.process=0,00%, load.system=3,44%, load.systemAverage=n/a thread.count=160, thread.peakCount=163, cluster.timeDiff=0, event.q.size=0, executor.q.async.size=0, executor.q.client.size=0, executor.q.client.query.size=0, executor.q.client.blocking.size=0, executor.q.query.size=0, executor.q.scheduled.size=0, executor.q.io.size=0, executor.q.system.size=0, executor.q.operations.size=0, executor.q.priorityOperation.size=0, operations.completed.count=1, executor.q.mapLoad.size=0, executor.q.mapLoadAllKeys.size=0, executor.q.cluster.size=0, executor.q.response.size=0, operations.running.count=0, operations.pending.invocations.percentage=0,00%, operations.pending.invocations.count=0, proxy.count=0, clientEndpoint.count=1, connection.active.count=1, client.connection.count=1, connection.count=0
10:55:20.853 [http-nio-8080-exec-4] INFO  c.p.c.c.loggingfilter.LoggingFilter - Response: Status=200, URI=/api/contactReport/pdf, Duration (Response Time)=169851ms, Headers=[], Payload = org.apache.catalina.connector.ResponseFacade@27613da
10:55:20.854 [http-nio-8080-exec-4] ERROR o.a.c.c.C.[.[.[.[dispatcherServlet] - Servlet.service() for servlet [dispatcherServlet] in context with path [] threw exception [Request processing failed: net.sf.jasperreports.engine.JRException: Unable to load report] with root cause
net.sf.jasperreports.engine.JRException: Unable to load report
	at net.sf.jasperreports.engine.xml.JRXmlLoader.loadXML(JRXmlLoader.java:173)
	at net.sf.jasperreports.engine.xml.JRXmlLoader.load(JRXmlLoader.java:150)
	at net.sf.jasperreports.engine.xml.JRXmlLoader.load(JRXmlLoader.java:121)
	at net.sf.jasperreports.engine.xml.JRXmlLoader.load(JRXmlLoader.java:99)
	at net.sf.jasperreports.engine.xml.JRXmlLoader.load(JRXmlLoader.java:90)
	at net.sf.jasperreports.engine.JasperCompileManager.compile(JasperCompileManager.java:281)
	at net.sf.jasperreports.engine.JasperCompileManager.compileReport(JasperCompileManager.java:568)
	at com.project.contactsdemo.core.report.ReportService.getItemReport(ReportService.java:44)
	at com.project.contactsdemo.core.report.ReportController.getItemReport(ReportController.java:29)
	at java.base/jdk.internal.reflect.NativeMethodAccessorImpl.invoke0(Native Method)
	at java.base/jdk.internal.reflect.NativeMethodAccessorImpl.invoke(NativeMethodAccessorImpl.java:77)
	at java.base/jdk.internal.reflect.DelegatingMethodAccessorImpl.invoke(DelegatingMethodAccessorImpl.java:43)
	at java.base/java.lang.reflect.Method.invoke(Method.java:568)
	at org.springframework.aop.support.AopUtils.invokeJoinpointUsingReflection(AopUtils.java:354)
	at org.springframework.aop.framework.ReflectiveMethodInvocation.invokeJoinpoint(ReflectiveMethodInvocation.java:196)
	at org.springframework.aop.framework.ReflectiveMethodInvocation.proceed(ReflectiveMethodInvocation.java:163)
	at org.springframework.aop.framework.CglibAopProxy$CglibMethodInvocation.proceed(CglibAopProxy.java:768)
	at org.springframework.validation.beanvalidation.MethodValidationInterceptor.invoke(MethodValidationInterceptor.java:174)
	at org.springframework.aop.framework.ReflectiveMethodInvocation.proceed(ReflectiveMethodInvocation.java:184)
	at org.springframework.aop.framework.CglibAopProxy$CglibMethodInvocation.proceed(CglibAopProxy.java:768)
	at org.springframework.aop.framework.CglibAopProxy$DynamicAdvisedInterceptor.intercept(CglibAopProxy.java:720)
	at com.project.contactsdemo.core.report.ReportController$$SpringCGLIB$$0.getItemReport(<generated>)
	at java.base/jdk.internal.reflect.NativeMethodAccessorImpl.invoke0(Native Method)
	at java.base/jdk.internal.reflect.NativeMethodAccessorImpl.invoke(NativeMethodAccessorImpl.java:77)
	at java.base/jdk.internal.reflect.DelegatingMethodAccessorImpl.invoke(DelegatingMethodAccessorImpl.java:43)
	at java.base/java.lang.reflect.Method.invoke(Method.java:568)
	at org.springframework.web.method.support.InvocableHandlerMethod.doInvoke(InvocableHandlerMethod.java:255)
	at org.springframework.web.method.support.InvocableHandlerMethod.invokeForRequest(InvocableHandlerMethod.java:188)
	at org.springframework.web.servlet.mvc.method.annotation.ServletInvocableHandlerMethod.invokeAndHandle(ServletInvocableHandlerMethod.java:118)
	at org.springframework.web.servlet.mvc.method.annotation.RequestMappingHandlerAdapter.invokeHandlerMethod(RequestMappingHandlerAdapter.java:926)
	at org.springframework.web.servlet.mvc.method.annotation.RequestMappingHandlerAdapter.handleInternal(RequestMappingHandlerAdapter.java:831)
	at org.springframework.web.servlet.mvc.method.AbstractHandlerMethodAdapter.handle(AbstractHandlerMethodAdapter.java:87)
	at org.springframework.web.servlet.DispatcherServlet.doDispatch(DispatcherServlet.java:1089)
	at org.springframework.web.servlet.DispatcherServlet.doService(DispatcherServlet.java:979)
	at org.springframework.web.servlet.FrameworkServlet.processRequest(FrameworkServlet.java:1014)
	at org.springframework.web.servlet.FrameworkServlet.doGet(FrameworkServlet.java:903)
	at jakarta.servlet.http.HttpServlet.service(HttpServlet.java:564)
	at org.springframework.web.servlet.FrameworkServlet.service(FrameworkServlet.java:885)
	at jakarta.servlet.http.HttpServlet.service(HttpServlet.java:658)
	at org.apache.catalina.core.ApplicationFilterChain.internalDoFilter(ApplicationFilterChain.java:195)
	at org.apache.catalina.core.ApplicationFilterChain.doFilter(ApplicationFilterChain.java:140)
	at org.apache.tomcat.websocket.server.WsFilter.doFilter(WsFilter.java:51)
	at org.apache.catalina.core.ApplicationFilterChain.internalDoFilter(ApplicationFilterChain.java:164)
	at org.apache.catalina.core.ApplicationFilterChain.doFilter(ApplicationFilterChain.java:140)
	at com.project.contactsdemo.core.loggingfilter.LoggingFilter.doFilterInternal(LoggingFilter.java:36)
	at org.springframework.web.filter.OncePerRequestFilter.doFilter(OncePerRequestFilter.java:116)
	at org.apache.catalina.core.ApplicationFilterChain.internalDoFilter(ApplicationFilterChain.java:164)
	at org.apache.catalina.core.ApplicationFilterChain.doFilter(ApplicationFilterChain.java:140)
	at com.project.contactsdemo.core.filtering.HeadersLoggingFilter.doFilter(HeadersLoggingFilter.java:28)
	at org.apache.catalina.core.ApplicationFilterChain.internalDoFilter(ApplicationFilterChain.java:164)
	at org.apache.catalina.core.ApplicationFilterChain.doFilter(ApplicationFilterChain.java:140)
	at org.springframework.web.filter.RequestContextFilter.doFilterInternal(RequestContextFilter.java:100)
	at org.springframework.web.filter.OncePerRequestFilter.doFilter(OncePerRequestFilter.java:116)
	at org.apache.catalina.core.ApplicationFilterChain.internalDoFilter(ApplicationFilterChain.java:164)
	at org.apache.catalina.core.ApplicationFilterChain.doFilter(ApplicationFilterChain.java:140)
	at org.springframework.web.filter.FormContentFilter.doFilterInternal(FormContentFilter.java:93)
	at org.springframework.web.filter.OncePerRequestFilter.doFilter(OncePerRequestFilter.java:116)
	at org.apache.catalina.core.ApplicationFilterChain.internalDoFilter(ApplicationFilterChain.java:164)
	at org.apache.catalina.core.ApplicationFilterChain.doFilter(ApplicationFilterChain.java:140)
	at org.springframework.web.filter.ServerHttpObservationFilter.doFilterInternal(ServerHttpObservationFilter.java:107)
	at org.springframework.web.filter.OncePerRequestFilter.doFilter(OncePerRequestFilter.java:116)
	at org.apache.catalina.core.ApplicationFilterChain.internalDoFilter(ApplicationFilterChain.java:164)
	at org.apache.catalina.core.ApplicationFilterChain.doFilter(ApplicationFilterChain.java:140)
	at org.springframework.web.filter.CharacterEncodingFilter.doFilterInternal(CharacterEncodingFilter.java:201)
	at org.springframework.web.filter.OncePerRequestFilter.doFilter(OncePerRequestFilter.java:116)
	at org.apache.catalina.core.ApplicationFilterChain.internalDoFilter(ApplicationFilterChain.java:164)
	at org.apache.catalina.core.ApplicationFilterChain.doFilter(ApplicationFilterChain.java:140)
	at org.apache.catalina.core.StandardWrapperValve.invoke(StandardWrapperValve.java:167)
	at org.apache.catalina.core.StandardContextValve.invoke(StandardContextValve.java:90)
	at org.apache.catalina.authenticator.AuthenticatorBase.invoke(AuthenticatorBase.java:482)
	at org.apache.catalina.core.StandardHostValve.invoke(StandardHostValve.java:115)
	at org.apache.catalina.valves.ErrorReportValve.invoke(ErrorReportValve.java:93)
	at org.apache.catalina.core.StandardEngineValve.invoke(StandardEngineValve.java:74)
	at org.apache.catalina.connector.CoyoteAdapter.service(CoyoteAdapter.java:344)
	at org.apache.coyote.http11.Http11Processor.service(Http11Processor.java:389)
	at org.apache.coyote.AbstractProcessorLight.process(AbstractProcessorLight.java:63)
	at org.apache.coyote.AbstractProtocol$ConnectionHandler.process(AbstractProtocol.java:904)
	at org.apache.tomcat.util.net.NioEndpoint$SocketProcessor.doRun(NioEndpoint.java:1741)
	at org.apache.tomcat.util.net.SocketProcessorBase.run(SocketProcessorBase.java:52)
	at org.apache.tomcat.util.threads.ThreadPoolExecutor.runWorker(ThreadPoolExecutor.java:1190)
	at org.apache.tomcat.util.threads.ThreadPoolExecutor$Worker.run(ThreadPoolExecutor.java:659)
	at org.apache.tomcat.util.threads.TaskThread$WrappingRunnable.run(TaskThread.java:63)
	at java.base/java.lang.Thread.run(Thread.java:842)
10:56:14.890 [hz.ShutdownThread] INFO  com.hazelcast.instance.impl.Node - [10.251.34.15]:5701 [dev] [4.1] Running shutdown hook... Current state: ACTIVE
10:56:15.133 [SpringApplicationShutdownHook] INFO  o.s.o.j.LocalContainerEntityManagerFactoryBean - Closing JPA EntityManagerFactory for persistence unit 'default'
10:56:15.136 [SpringApplicationShutdownHook] INFO  com.zaxxer.hikari.HikariDataSource - HikariPool-1 - Shutdown initiated...
10:56:15.142 [SpringApplicationShutdownHook] INFO  com.zaxxer.hikari.HikariDataSource - HikariPool-1 - Shutdown completed.
10:56:59.508 [background-preinit] INFO  o.h.validator.internal.util.Version - HV000001: Hibernate Validator 8.0.1.Final
10:56:59.562 [main] INFO  c.p.c.ContactsdemoApplication - Starting ContactsdemoApplication using Java 17.0.12 with PID 27700 (C:\Ayse Ceren - crud projects\contactsdemo\build\classes\java\main started by 16381136672 in C:\Ayse Ceren - crud projects\contactsdemo)
10:56:59.562 [main] INFO  c.p.c.ContactsdemoApplication - No active profile set, falling back to 1 default profile: "default"
10:57:01.066 [main] INFO  o.s.d.r.c.RepositoryConfigurationDelegate - Bootstrapping Spring Data JPA repositories in DEFAULT mode.
10:57:01.174 [main] INFO  o.s.d.r.c.RepositoryConfigurationDelegate - Finished Spring Data repository scanning in 89 ms. Found 2 JPA repository interfaces.
10:57:02.327 [main] INFO  o.s.b.w.e.tomcat.TomcatWebServer - Tomcat initialized with port 8080 (http)
10:57:02.338 [main] INFO  o.a.coyote.http11.Http11NioProtocol - Initializing ProtocolHandler ["http-nio-8080"]
10:57:02.340 [main] INFO  o.a.catalina.core.StandardService - Starting service [Tomcat]
10:57:02.340 [main] INFO  o.a.catalina.core.StandardEngine - Starting Servlet engine: [Apache Tomcat/10.1.25]
10:57:02.438 [main] INFO  o.a.c.c.C.[Tomcat].[localhost].[/] - Initializing Spring embedded WebApplicationContext
10:57:02.438 [main] INFO  o.s.b.w.s.c.ServletWebServerApplicationContext - Root WebApplicationContext: initialization completed in 2815 ms
10:57:02.861 [main] INFO  com.zaxxer.hikari.HikariDataSource - HikariPool-1 - Starting...
10:57:03.054 [main] INFO  com.zaxxer.hikari.pool.HikariPool - HikariPool-1 - Added connection org.postgresql.jdbc.PgConnection@134955bb
10:57:03.056 [main] INFO  com.zaxxer.hikari.HikariDataSource - HikariPool-1 - Start completed.
10:57:03.811 [main] INFO  liquibase.changelog - Reading from public.databasechangelog
10:57:03.871 [main] INFO  liquibase.changelog - Reading from public.databasechangelog
10:57:03.879 [main] INFO  liquibase.util - UPDATE SUMMARY
10:57:03.879 [main] INFO  liquibase.util - Run:                          0
10:57:03.880 [main] INFO  liquibase.util - Previously run:               2
10:57:03.880 [main] INFO  liquibase.util - Filtered out:                 0
10:57:03.880 [main] INFO  liquibase.util - -------------------------------
10:57:03.880 [main] INFO  liquibase.util - Total change sets:            2
10:57:03.880 [main] INFO  liquibase.util - Update summary generated
10:57:03.911 [main] INFO  liquibase.lockservice - Successfully released change log lock
10:57:03.913 [main] INFO  liquibase.command - Command execution complete
10:57:04.046 [main] INFO  o.h.jpa.internal.util.LogHelper - HHH000204: Processing PersistenceUnitInfo [name: default]
10:57:04.109 [main] INFO  org.hibernate.Version - HHH000412: Hibernate ORM core version 6.4.9.Final
10:57:04.141 [main] INFO  o.h.c.i.RegionFactoryInitiator - HHH000026: Second-level cache disabled
10:57:04.452 [main] INFO  o.s.o.j.p.SpringPersistenceUnitInfo - No LoadTimeWeaver setup: ignoring JPA class transformer
10:57:04.546 [main] WARN  org.hibernate.orm.deprecation - HHH90000025: PostgreSQLDialect does not need to be specified explicitly using 'hibernate.dialect' (remove the property setting and it will be selected by default)
10:57:05.782 [main] INFO  o.s.o.j.LocalContainerEntityManagerFactoryBean - Initialized JPA EntityManagerFactory for persistence unit 'default'
10:57:06.174 [main] INFO  o.s.d.j.r.query.QueryEnhancerFactory - Hibernate is in classpath; If applicable, HQL parser will be used.
10:57:07.859 [main] WARN  c.h.i.impl.HazelcastInstanceFactory - Hazelcast is starting in a Java modular environment (Java 9 and newer) but without proper access to required Java packages. Use additional Java arguments to provide Hazelcast access to Java internal API. The internal API access is used to get the best performance results. Arguments to be used:
 --add-modules java.se --add-exports java.base/jdk.internal.ref=ALL-UNNAMED --add-opens java.base/java.lang=ALL-UNNAMED --add-opens java.base/java.nio=ALL-UNNAMED --add-opens java.base/sun.nio.ch=ALL-UNNAMED --add-opens java.management/sun.management=ALL-UNNAMED --add-opens jdk.management/com.sun.management.internal=ALL-UNNAMED
10:57:07.875 [main] INFO  c.h.i.config.AbstractConfigLocator - Loading 'hazelcast-default.xml' from the classpath.
10:57:08.579 [main] INFO  c.hazelcast.instance.AddressPicker - [LOCAL] [dev] [4.1] Prefer IPv4 stack is true, prefer IPv6 addresses is false
10:57:08.635 [main] INFO  c.hazelcast.instance.AddressPicker - [LOCAL] [dev] [4.1] Picked [10.251.34.15]:5701, using socket ServerSocket[addr=/0:0:0:0:0:0:0:0,localport=5701], bind any local is true
10:57:08.684 [main] INFO  com.hazelcast.system - [10.251.34.15]:5701 [dev] [4.1] Hazelcast 4.0.1 (20200409 - e086b9c) starting at [10.251.34.15]:5701
10:57:08.684 [main] INFO  com.hazelcast.system - [10.251.34.15]:5701 [dev] [4.1] Copyright (c) 2008-2020, Hazelcast, Inc. All Rights Reserved.
10:57:09.625 [main] INFO  c.h.s.i.o.impl.BackpressureRegulator - [10.251.34.15]:5701 [dev] [4.1] Backpressure is disabled
10:57:10.595 [main] INFO  com.hazelcast.instance.impl.Node - [10.251.34.15]:5701 [dev] [4.1] Creating MulticastJoiner
10:57:10.618 [main] WARN  com.hazelcast.cp.CPSubsystem - [10.251.34.15]:5701 [dev] [4.1] CP Subsystem is not enabled. CP data structures will operate in UNSAFE mode! Please note that UNSAFE mode will not provide strong consistency guarantees.
10:57:11.193 [main] INFO  c.h.s.i.o.impl.OperationExecutorImpl - [10.251.34.15]:5701 [dev] [4.1] Starting 16 partition threads and 9 generic threads (1 dedicated for priority tasks)
10:57:11.208 [main] INFO  c.h.internal.diagnostics.Diagnostics - [10.251.34.15]:5701 [dev] [4.1] Diagnostics disabled. To enable add -Dhazelcast.diagnostics.enabled=true to the JVM arguments.
10:57:11.224 [main] INFO  com.hazelcast.core.LifecycleService - [10.251.34.15]:5701 [dev] [4.1] [10.251.34.15]:5701 is STARTING
10:57:14.080 [main] INFO  c.h.internal.cluster.ClusterService - [10.251.34.15]:5701 [dev] [4.1] 

Members {size:1, ver:1} [
	Member [10.251.34.15]:5701 - 7792467a-154f-4d5b-b93b-654636d3f297 this
]

10:57:14.112 [main] INFO  com.hazelcast.core.LifecycleService - [10.251.34.15]:5701 [dev] [4.1] [10.251.34.15]:5701 is STARTED
10:57:14.940 [main] INFO  c.h.c.i.spi.ClientInvocationService - training-instance [dev] [4.1] [4.0.1] Running with 2 response threads, dynamic=true
10:57:15.160 [main] INFO  com.hazelcast.core.LifecycleService - training-instance [dev] [4.1] [4.0.1] HazelcastClient 4.0.1 (20200409 - e086b9c) is STARTING
10:57:15.160 [main] INFO  com.hazelcast.core.LifecycleService - training-instance [dev] [4.1] [4.0.1] HazelcastClient 4.0.1 (20200409 - e086b9c) is STARTED
10:57:15.206 [main] INFO  c.h.c.i.c.ClientConnectionManager - training-instance [dev] [4.1] [4.0.1] Trying to connect to cluster: dev
10:57:15.206 [main] INFO  c.h.c.i.c.ClientConnectionManager - training-instance [dev] [4.1] [4.0.1] Trying to connect to [127.0.0.1]:5701
10:57:15.285 [hz.affectionate_poitras.priority-generic-operation.thread-0] INFO  c.h.c.i.p.t.AuthenticationMessageTask - [10.251.34.15]:5701 [dev] [4.1] Received auth from Connection[id=1, /127.0.0.1:5701->/127.0.0.1:59915, qualifier=null, endpoint=[127.0.0.1]:59915, alive=true, connectionType=JVM], successfully authenticated, clientUuid: 67bf4c3c-60f1-4f37-a0d6-b896577a2556, client version: 4.0.1
10:57:15.285 [main] INFO  com.hazelcast.core.LifecycleService - training-instance [dev] [4.1] [4.0.1] HazelcastClient 4.0.1 (20200409 - e086b9c) is CLIENT_CONNECTED
10:57:15.285 [main] INFO  c.h.c.i.c.ClientConnectionManager - training-instance [dev] [4.1] [4.0.1] Authenticated with server [10.251.34.15]:5701:7792467a-154f-4d5b-b93b-654636d3f297, server version: 4.0.1, local address: /127.0.0.1:59915
10:57:15.309 [main] INFO  c.h.internal.diagnostics.Diagnostics - training-instance [dev] [4.1] [4.0.1] Diagnostics disabled. To enable add -Dhazelcast.diagnostics.enabled=true to the JVM arguments.
10:57:15.321 [training-instance.event-10] INFO  c.h.c.impl.spi.ClientClusterService - training-instance [dev] [4.1] [4.0.1] 

Members [1] {
	Member [10.251.34.15]:5701 - 7792467a-154f-4d5b-b93b-654636d3f297
}

10:57:15.405 [main] INFO  c.h.c.i.s.ClientStatisticsService - Client statistics is enabled with period 5 seconds.
10:57:15.766 [main] WARN  o.s.b.a.o.j.JpaBaseConfiguration$JpaWebConfiguration - spring.jpa.open-in-view is enabled by default. Therefore, database queries may be performed during view rendering. Explicitly configure spring.jpa.open-in-view to disable this warning
10:57:18.363 [main] INFO  o.s.b.a.e.web.EndpointLinksResolver - Exposing 1 endpoint(s) beneath base path '/actuator'
10:57:18.548 [main] INFO  o.a.coyote.http11.Http11NioProtocol - Starting ProtocolHandler ["http-nio-8080"]
10:57:18.594 [main] INFO  o.s.b.w.e.tomcat.TomcatWebServer - Tomcat started on port 8080 (http) with context path ''
10:57:18.630 [main] INFO  c.p.c.ContactsdemoApplication - Started ContactsdemoApplication in 19.623 seconds (process running for 21.419)
11:00:10.034 [http-nio-8080-exec-2] INFO  o.a.c.c.C.[Tomcat].[localhost].[/] - Initializing Spring DispatcherServlet 'dispatcherServlet'
11:00:10.034 [http-nio-8080-exec-2] INFO  o.s.web.servlet.DispatcherServlet - Initializing Servlet 'dispatcherServlet'
11:00:10.036 [http-nio-8080-exec-2] INFO  o.s.web.servlet.DispatcherServlet - Completed initialization in 2 ms
11:00:10.092 [http-nio-8080-exec-2] INFO  c.p.c.c.f.HeadersLoggingFilter - Header user-agent=0:0:0:0:0:0:0:1, IP = user-agent
11:00:10.094 [http-nio-8080-exec-2] INFO  c.p.c.c.f.HeadersLoggingFilter - Header accept=0:0:0:0:0:0:0:1, IP = accept
11:00:10.094 [http-nio-8080-exec-2] INFO  c.p.c.c.f.HeadersLoggingFilter - Header postman-token=0:0:0:0:0:0:0:1, IP = postman-token
11:00:10.094 [http-nio-8080-exec-2] INFO  c.p.c.c.f.HeadersLoggingFilter - Header host=0:0:0:0:0:0:0:1, IP = host
11:00:10.094 [http-nio-8080-exec-2] INFO  c.p.c.c.f.HeadersLoggingFilter - Header accept-encoding=0:0:0:0:0:0:0:1, IP = accept-encoding
11:00:10.094 [http-nio-8080-exec-2] INFO  c.p.c.c.f.HeadersLoggingFilter - Header connection=0:0:0:0:0:0:0:1, IP = connection
11:00:10.094 [http-nio-8080-exec-2] INFO  c.p.c.c.loggingfilter.LoggingFilter - Request: Method=GET, URI=/api/contactReport/pdf, Headers=user-agent=PostmanRuntime/7.44.0; accept=*/*; postman-token=dc0ee3a3-9300-478f-8658-608b6ca551bd; host=localhost:8080; accept-encoding=gzip, deflate, br; connection=keep-alive; , Request ID: c7e312d5-09dc-47b4-9a43-ea47610f2c93, Request IP  =0:0:0:0:0:0:0:1
11:00:14.741 [http-nio-8080-exec-2] INFO  c.p.c.c.loggingfilter.LoggingFilter - Response: Status=200, URI=/api/contactReport/pdf, Duration (Response Time)=4646ms, Headers=[], Payload = org.apache.catalina.connector.ResponseFacade@50951b14
11:00:14.745 [http-nio-8080-exec-2] ERROR o.a.c.c.C.[.[.[.[dispatcherServlet] - Servlet.service() for servlet [dispatcherServlet] in context with path [] threw exception [Request processing failed: net.sf.jasperreports.engine.JRException: Unable to load report] with root cause
net.sf.jasperreports.engine.JRException: Unable to load report
	at net.sf.jasperreports.engine.xml.JRXmlLoader.loadXML(JRXmlLoader.java:172)
	at net.sf.jasperreports.engine.xml.JRXmlLoader.load(JRXmlLoader.java:149)
	at net.sf.jasperreports.engine.xml.JRXmlLoader.load(JRXmlLoader.java:120)
	at net.sf.jasperreports.engine.xml.JRXmlLoader.load(JRXmlLoader.java:98)
	at net.sf.jasperreports.engine.xml.JRXmlLoader.load(JRXmlLoader.java:89)
	at net.sf.jasperreports.engine.JasperCompileManager.compile(JasperCompileManager.java:281)
	at net.sf.jasperreports.engine.JasperCompileManager.compileReport(JasperCompileManager.java:568)
	at com.project.contactsdemo.core.report.ReportService.getItemReport(ReportService.java:44)
	at com.project.contactsdemo.core.report.ReportController.getItemReport(ReportController.java:29)
	at java.base/jdk.internal.reflect.NativeMethodAccessorImpl.invoke0(Native Method)
	at java.base/jdk.internal.reflect.NativeMethodAccessorImpl.invoke(NativeMethodAccessorImpl.java:77)
	at java.base/jdk.internal.reflect.DelegatingMethodAccessorImpl.invoke(DelegatingMethodAccessorImpl.java:43)
	at java.base/java.lang.reflect.Method.invoke(Method.java:568)
	at org.springframework.aop.support.AopUtils.invokeJoinpointUsingReflection(AopUtils.java:354)
	at org.springframework.aop.framework.ReflectiveMethodInvocation.invokeJoinpoint(ReflectiveMethodInvocation.java:196)
	at org.springframework.aop.framework.ReflectiveMethodInvocation.proceed(ReflectiveMethodInvocation.java:163)
	at org.springframework.aop.framework.CglibAopProxy$CglibMethodInvocation.proceed(CglibAopProxy.java:768)
	at org.springframework.validation.beanvalidation.MethodValidationInterceptor.invoke(MethodValidationInterceptor.java:174)
	at org.springframework.aop.framework.ReflectiveMethodInvocation.proceed(ReflectiveMethodInvocation.java:184)
	at org.springframework.aop.framework.CglibAopProxy$CglibMethodInvocation.proceed(CglibAopProxy.java:768)
	at org.springframework.aop.framework.CglibAopProxy$DynamicAdvisedInterceptor.intercept(CglibAopProxy.java:720)
	at com.project.contactsdemo.core.report.ReportController$$SpringCGLIB$$0.getItemReport(<generated>)
	at java.base/jdk.internal.reflect.NativeMethodAccessorImpl.invoke0(Native Method)
	at java.base/jdk.internal.reflect.NativeMethodAccessorImpl.invoke(NativeMethodAccessorImpl.java:77)
	at java.base/jdk.internal.reflect.DelegatingMethodAccessorImpl.invoke(DelegatingMethodAccessorImpl.java:43)
	at java.base/java.lang.reflect.Method.invoke(Method.java:568)
	at org.springframework.web.method.support.InvocableHandlerMethod.doInvoke(InvocableHandlerMethod.java:255)
	at org.springframework.web.method.support.InvocableHandlerMethod.invokeForRequest(InvocableHandlerMethod.java:188)
	at org.springframework.web.servlet.mvc.method.annotation.ServletInvocableHandlerMethod.invokeAndHandle(ServletInvocableHandlerMethod.java:118)
	at org.springframework.web.servlet.mvc.method.annotation.RequestMappingHandlerAdapter.invokeHandlerMethod(RequestMappingHandlerAdapter.java:926)
	at org.springframework.web.servlet.mvc.method.annotation.RequestMappingHandlerAdapter.handleInternal(RequestMappingHandlerAdapter.java:831)
	at org.springframework.web.servlet.mvc.method.AbstractHandlerMethodAdapter.handle(AbstractHandlerMethodAdapter.java:87)
	at org.springframework.web.servlet.DispatcherServlet.doDispatch(DispatcherServlet.java:1089)
	at org.springframework.web.servlet.DispatcherServlet.doService(DispatcherServlet.java:979)
	at org.springframework.web.servlet.FrameworkServlet.processRequest(FrameworkServlet.java:1014)
	at org.springframework.web.servlet.FrameworkServlet.doGet(FrameworkServlet.java:903)
	at jakarta.servlet.http.HttpServlet.service(HttpServlet.java:564)
	at org.springframework.web.servlet.FrameworkServlet.service(FrameworkServlet.java:885)
	at jakarta.servlet.http.HttpServlet.service(HttpServlet.java:658)
	at org.apache.catalina.core.ApplicationFilterChain.internalDoFilter(ApplicationFilterChain.java:195)
	at org.apache.catalina.core.ApplicationFilterChain.doFilter(ApplicationFilterChain.java:140)
	at org.apache.tomcat.websocket.server.WsFilter.doFilter(WsFilter.java:51)
	at org.apache.catalina.core.ApplicationFilterChain.internalDoFilter(ApplicationFilterChain.java:164)
	at org.apache.catalina.core.ApplicationFilterChain.doFilter(ApplicationFilterChain.java:140)
	at com.project.contactsdemo.core.loggingfilter.LoggingFilter.doFilterInternal(LoggingFilter.java:36)
	at org.springframework.web.filter.OncePerRequestFilter.doFilter(OncePerRequestFilter.java:116)
	at org.apache.catalina.core.ApplicationFilterChain.internalDoFilter(ApplicationFilterChain.java:164)
	at org.apache.catalina.core.ApplicationFilterChain.doFilter(ApplicationFilterChain.java:140)
	at com.project.contactsdemo.core.filtering.HeadersLoggingFilter.doFilter(HeadersLoggingFilter.java:28)
	at org.apache.catalina.core.ApplicationFilterChain.internalDoFilter(ApplicationFilterChain.java:164)
	at org.apache.catalina.core.ApplicationFilterChain.doFilter(ApplicationFilterChain.java:140)
	at org.springframework.web.filter.RequestContextFilter.doFilterInternal(RequestContextFilter.java:100)
	at org.springframework.web.filter.OncePerRequestFilter.doFilter(OncePerRequestFilter.java:116)
	at org.apache.catalina.core.ApplicationFilterChain.internalDoFilter(ApplicationFilterChain.java:164)
	at org.apache.catalina.core.ApplicationFilterChain.doFilter(ApplicationFilterChain.java:140)
	at org.springframework.web.filter.FormContentFilter.doFilterInternal(FormContentFilter.java:93)
	at org.springframework.web.filter.OncePerRequestFilter.doFilter(OncePerRequestFilter.java:116)
	at org.apache.catalina.core.ApplicationFilterChain.internalDoFilter(ApplicationFilterChain.java:164)
	at org.apache.catalina.core.ApplicationFilterChain.doFilter(ApplicationFilterChain.java:140)
	at org.springframework.web.filter.ServerHttpObservationFilter.doFilterInternal(ServerHttpObservationFilter.java:107)
	at org.springframework.web.filter.OncePerRequestFilter.doFilter(OncePerRequestFilter.java:116)
	at org.apache.catalina.core.ApplicationFilterChain.internalDoFilter(ApplicationFilterChain.java:164)
	at org.apache.catalina.core.ApplicationFilterChain.doFilter(ApplicationFilterChain.java:140)
	at org.springframework.web.filter.CharacterEncodingFilter.doFilterInternal(CharacterEncodingFilter.java:201)
	at org.springframework.web.filter.OncePerRequestFilter.doFilter(OncePerRequestFilter.java:116)
	at org.apache.catalina.core.ApplicationFilterChain.internalDoFilter(ApplicationFilterChain.java:164)
	at org.apache.catalina.core.ApplicationFilterChain.doFilter(ApplicationFilterChain.java:140)
	at org.apache.catalina.core.StandardWrapperValve.invoke(StandardWrapperValve.java:167)
	at org.apache.catalina.core.StandardContextValve.invoke(StandardContextValve.java:90)
	at org.apache.catalina.authenticator.AuthenticatorBase.invoke(AuthenticatorBase.java:482)
	at org.apache.catalina.core.StandardHostValve.invoke(StandardHostValve.java:115)
	at org.apache.catalina.valves.ErrorReportValve.invoke(ErrorReportValve.java:93)
	at org.apache.catalina.core.StandardEngineValve.invoke(StandardEngineValve.java:74)
	at org.apache.catalina.connector.CoyoteAdapter.service(CoyoteAdapter.java:344)
	at org.apache.coyote.http11.Http11Processor.service(Http11Processor.java:389)
	at org.apache.coyote.AbstractProcessorLight.process(AbstractProcessorLight.java:63)
	at org.apache.coyote.AbstractProtocol$ConnectionHandler.process(AbstractProtocol.java:904)
	at org.apache.tomcat.util.net.NioEndpoint$SocketProcessor.doRun(NioEndpoint.java:1741)
	at org.apache.tomcat.util.net.SocketProcessorBase.run(SocketProcessorBase.java:52)
	at org.apache.tomcat.util.threads.ThreadPoolExecutor.runWorker(ThreadPoolExecutor.java:1190)
	at org.apache.tomcat.util.threads.ThreadPoolExecutor$Worker.run(ThreadPoolExecutor.java:659)
	at org.apache.tomcat.util.threads.TaskThread$WrappingRunnable.run(TaskThread.java:63)
	at java.base/java.lang.Thread.run(Thread.java:842)
11:05:53.890 [SpringApplicationShutdownHook] INFO  o.s.o.j.LocalContainerEntityManagerFactoryBean - Closing JPA EntityManagerFactory for persistence unit 'default'
11:05:53.894 [SpringApplicationShutdownHook] INFO  com.zaxxer.hikari.HikariDataSource - HikariPool-1 - Shutdown initiated...
11:05:53.899 [SpringApplicationShutdownHook] INFO  com.zaxxer.hikari.HikariDataSource - HikariPool-1 - Shutdown completed.
11:06:05.029 [background-preinit] INFO  o.h.validator.internal.util.Version - HV000001: Hibernate Validator 8.0.1.Final
11:06:05.086 [main] INFO  c.p.c.ContactsdemoApplication - Starting ContactsdemoApplication using Java 17.0.12 with PID 6472 (C:\Ayse Ceren - crud projects\contactsdemo\build\classes\java\main started by 16381136672 in C:\Ayse Ceren - crud projects\contactsdemo)
11:06:05.087 [main] INFO  c.p.c.ContactsdemoApplication - No active profile set, falling back to 1 default profile: "default"
11:06:06.824 [main] INFO  o.s.d.r.c.RepositoryConfigurationDelegate - Bootstrapping Spring Data JPA repositories in DEFAULT mode.
11:06:06.922 [main] INFO  o.s.d.r.c.RepositoryConfigurationDelegate - Finished Spring Data repository scanning in 87 ms. Found 2 JPA repository interfaces.
11:06:08.173 [main] INFO  o.s.b.w.e.tomcat.TomcatWebServer - Tomcat initialized with port 8080 (http)
11:06:08.184 [main] INFO  o.a.coyote.http11.Http11NioProtocol - Initializing ProtocolHandler ["http-nio-8080"]
11:06:08.186 [main] INFO  o.a.catalina.core.StandardService - Starting service [Tomcat]
11:06:08.186 [main] INFO  o.a.catalina.core.StandardEngine - Starting Servlet engine: [Apache Tomcat/10.1.25]
11:06:08.307 [main] INFO  o.a.c.c.C.[Tomcat].[localhost].[/] - Initializing Spring embedded WebApplicationContext
11:06:08.307 [main] INFO  o.s.b.w.s.c.ServletWebServerApplicationContext - Root WebApplicationContext: initialization completed in 3159 ms
11:06:08.833 [main] INFO  com.zaxxer.hikari.HikariDataSource - HikariPool-1 - Starting...
11:06:09.031 [main] INFO  com.zaxxer.hikari.pool.HikariPool - HikariPool-1 - Added connection org.postgresql.jdbc.PgConnection@20afd96f
11:06:09.035 [main] INFO  com.zaxxer.hikari.HikariDataSource - HikariPool-1 - Start completed.
11:06:09.863 [main] INFO  liquibase.changelog - Reading from public.databasechangelog
11:06:09.933 [main] INFO  liquibase.changelog - Reading from public.databasechangelog
11:06:09.943 [main] INFO  liquibase.util - UPDATE SUMMARY
11:06:09.943 [main] INFO  liquibase.util - Run:                          0
11:06:09.943 [main] INFO  liquibase.util - Previously run:               2
11:06:09.943 [main] INFO  liquibase.util - Filtered out:                 0
11:06:09.943 [main] INFO  liquibase.util - -------------------------------
11:06:09.944 [main] INFO  liquibase.util - Total change sets:            2
11:06:09.944 [main] INFO  liquibase.util - Update summary generated
11:06:09.973 [main] INFO  liquibase.lockservice - Successfully released change log lock
11:06:09.976 [main] INFO  liquibase.command - Command execution complete
11:06:10.128 [main] INFO  o.h.jpa.internal.util.LogHelper - HHH000204: Processing PersistenceUnitInfo [name: default]
11:06:10.198 [main] INFO  org.hibernate.Version - HHH000412: Hibernate ORM core version 6.4.9.Final
11:06:10.242 [main] INFO  o.h.c.i.RegionFactoryInitiator - HHH000026: Second-level cache disabled
11:06:10.610 [main] INFO  o.s.o.j.p.SpringPersistenceUnitInfo - No LoadTimeWeaver setup: ignoring JPA class transformer
11:06:10.679 [main] WARN  org.hibernate.orm.deprecation - HHH90000025: PostgreSQLDialect does not need to be specified explicitly using 'hibernate.dialect' (remove the property setting and it will be selected by default)
11:06:11.970 [main] INFO  o.s.o.j.LocalContainerEntityManagerFactoryBean - Initialized JPA EntityManagerFactory for persistence unit 'default'
11:06:12.430 [main] INFO  o.s.d.j.r.query.QueryEnhancerFactory - Hibernate is in classpath; If applicable, HQL parser will be used.
11:06:13.890 [main] WARN  c.h.i.impl.HazelcastInstanceFactory - Hazelcast is starting in a Java modular environment (Java 9 and newer) but without proper access to required Java packages. Use additional Java arguments to provide Hazelcast access to Java internal API. The internal API access is used to get the best performance results. Arguments to be used:
 --add-modules java.se --add-exports java.base/jdk.internal.ref=ALL-UNNAMED --add-opens java.base/java.lang=ALL-UNNAMED --add-opens java.base/java.nio=ALL-UNNAMED --add-opens java.base/sun.nio.ch=ALL-UNNAMED --add-opens java.management/sun.management=ALL-UNNAMED --add-opens jdk.management/com.sun.management.internal=ALL-UNNAMED
11:06:13.900 [main] INFO  c.h.i.config.AbstractConfigLocator - Loading 'hazelcast-default.xml' from the classpath.
11:06:14.650 [main] INFO  c.hazelcast.instance.AddressPicker - [LOCAL] [dev] [4.1] Prefer IPv4 stack is true, prefer IPv6 addresses is false
11:06:14.692 [main] INFO  c.hazelcast.instance.AddressPicker - [LOCAL] [dev] [4.1] Picked [10.251.34.15]:5701, using socket ServerSocket[addr=/0:0:0:0:0:0:0:0,localport=5701], bind any local is true
11:06:14.731 [main] INFO  com.hazelcast.system - [10.251.34.15]:5701 [dev] [4.1] Hazelcast 4.0.1 (20200409 - e086b9c) starting at [10.251.34.15]:5701
11:06:14.731 [main] INFO  com.hazelcast.system - [10.251.34.15]:5701 [dev] [4.1] Copyright (c) 2008-2020, Hazelcast, Inc. All Rights Reserved.
11:06:15.725 [main] INFO  c.h.s.i.o.impl.BackpressureRegulator - [10.251.34.15]:5701 [dev] [4.1] Backpressure is disabled
11:06:16.860 [main] INFO  com.hazelcast.instance.impl.Node - [10.251.34.15]:5701 [dev] [4.1] Creating MulticastJoiner
11:06:16.872 [main] WARN  com.hazelcast.cp.CPSubsystem - [10.251.34.15]:5701 [dev] [4.1] CP Subsystem is not enabled. CP data structures will operate in UNSAFE mode! Please note that UNSAFE mode will not provide strong consistency guarantees.
11:06:17.602 [main] INFO  c.h.s.i.o.impl.OperationExecutorImpl - [10.251.34.15]:5701 [dev] [4.1] Starting 16 partition threads and 9 generic threads (1 dedicated for priority tasks)
11:06:17.622 [main] INFO  c.h.internal.diagnostics.Diagnostics - [10.251.34.15]:5701 [dev] [4.1] Diagnostics disabled. To enable add -Dhazelcast.diagnostics.enabled=true to the JVM arguments.
11:06:17.658 [main] INFO  com.hazelcast.core.LifecycleService - [10.251.34.15]:5701 [dev] [4.1] [10.251.34.15]:5701 is STARTING
11:06:20.391 [main] INFO  c.h.internal.cluster.ClusterService - [10.251.34.15]:5701 [dev] [4.1] 

Members {size:1, ver:1} [
	Member [10.251.34.15]:5701 - 2ba03d58-894d-44d4-b70d-963688eb9c22 this
]

11:06:20.451 [main] INFO  com.hazelcast.core.LifecycleService - [10.251.34.15]:5701 [dev] [4.1] [10.251.34.15]:5701 is STARTED
11:06:21.127 [hz.optimistic_cohen.HealthMonitor] INFO  c.h.i.diagnostics.HealthMonitor - [10.251.34.15]:5701 [dev] [4.1] processors=16, physical.memory.total=32,0G, physical.memory.free=14,2G, swap.space.total=0, swap.space.free=0, heap.memory.used=111,3M, heap.memory.free=36,7M, heap.memory.total=148,0M, heap.memory.max=8,0G, heap.memory.used/total=74,96%, heap.memory.used/max=1,35%, minor.gc.count=15, minor.gc.time=112ms, major.gc.count=0, major.gc.time=0ms, load.process=0,00%, load.system=100,00%, load.systemAverage=n/a thread.count=70, thread.peakCount=71, cluster.timeDiff=0, event.q.size=0, executor.q.async.size=0, executor.q.client.size=0, executor.q.client.query.size=0, executor.q.client.blocking.size=0, executor.q.query.size=0, executor.q.scheduled.size=0, executor.q.io.size=0, executor.q.system.size=0, executor.q.operations.size=0, executor.q.priorityOperation.size=0, operations.completed.count=1, executor.q.mapLoad.size=0, executor.q.mapLoadAllKeys.size=0, executor.q.cluster.size=0, executor.q.response.size=0, operations.running.count=0, operations.pending.invocations.percentage=0,00%, operations.pending.invocations.count=0, proxy.count=0, clientEndpoint.count=0, connection.active.count=0, client.connection.count=0, connection.count=0
11:06:21.442 [main] INFO  c.h.c.i.spi.ClientInvocationService - training-instance [dev] [4.1] [4.0.1] Running with 2 response threads, dynamic=true
11:06:21.788 [main] INFO  com.hazelcast.core.LifecycleService - training-instance [dev] [4.1] [4.0.1] HazelcastClient 4.0.1 (20200409 - e086b9c) is STARTING
11:06:21.790 [main] INFO  com.hazelcast.core.LifecycleService - training-instance [dev] [4.1] [4.0.1] HazelcastClient 4.0.1 (20200409 - e086b9c) is STARTED
11:06:21.848 [main] INFO  c.h.c.i.c.ClientConnectionManager - training-instance [dev] [4.1] [4.0.1] Trying to connect to cluster: dev
11:06:21.855 [main] INFO  c.h.c.i.c.ClientConnectionManager - training-instance [dev] [4.1] [4.0.1] Trying to connect to [127.0.0.1]:5701
11:06:21.952 [hz.optimistic_cohen.priority-generic-operation.thread-0] INFO  c.h.c.i.p.t.AuthenticationMessageTask - [10.251.34.15]:5701 [dev] [4.1] Received auth from Connection[id=1, /127.0.0.1:5701->/127.0.0.1:60919, qualifier=null, endpoint=[127.0.0.1]:60919, alive=true, connectionType=JVM], successfully authenticated, clientUuid: 08838a0f-4876-41a7-ae8d-6924a0eefeec, client version: 4.0.1
11:06:21.960 [main] INFO  com.hazelcast.core.LifecycleService - training-instance [dev] [4.1] [4.0.1] HazelcastClient 4.0.1 (20200409 - e086b9c) is CLIENT_CONNECTED
11:06:21.961 [main] INFO  c.h.c.i.c.ClientConnectionManager - training-instance [dev] [4.1] [4.0.1] Authenticated with server [10.251.34.15]:5701:2ba03d58-894d-44d4-b70d-963688eb9c22, server version: 4.0.1, local address: /127.0.0.1:60919
11:06:21.973 [main] INFO  c.h.internal.diagnostics.Diagnostics - training-instance [dev] [4.1] [4.0.1] Diagnostics disabled. To enable add -Dhazelcast.diagnostics.enabled=true to the JVM arguments.
11:06:21.990 [training-instance.event-7] INFO  c.h.c.impl.spi.ClientClusterService - training-instance [dev] [4.1] [4.0.1] 

Members [1] {
	Member [10.251.34.15]:5701 - 2ba03d58-894d-44d4-b70d-963688eb9c22
}

11:06:22.057 [main] INFO  c.h.c.i.s.ClientStatisticsService - Client statistics is enabled with period 5 seconds.
11:06:22.451 [main] WARN  o.s.b.a.o.j.JpaBaseConfiguration$JpaWebConfiguration - spring.jpa.open-in-view is enabled by default. Therefore, database queries may be performed during view rendering. Explicitly configure spring.jpa.open-in-view to disable this warning
11:06:25.429 [main] INFO  o.s.b.a.e.web.EndpointLinksResolver - Exposing 1 endpoint(s) beneath base path '/actuator'
11:06:25.650 [main] INFO  o.a.coyote.http11.Http11NioProtocol - Starting ProtocolHandler ["http-nio-8080"]
11:06:25.695 [main] INFO  o.s.b.w.e.tomcat.TomcatWebServer - Tomcat started on port 8080 (http) with context path ''
11:06:25.723 [main] INFO  c.p.c.ContactsdemoApplication - Started ContactsdemoApplication in 21.21 seconds (process running for 22.842)
11:06:26.153 [RMI TCP Connection(5)-10.251.34.15] INFO  o.a.c.c.C.[Tomcat].[localhost].[/] - Initializing Spring DispatcherServlet 'dispatcherServlet'
11:06:26.154 [RMI TCP Connection(5)-10.251.34.15] INFO  o.s.web.servlet.DispatcherServlet - Initializing Servlet 'dispatcherServlet'
11:06:26.155 [RMI TCP Connection(5)-10.251.34.15] INFO  o.s.web.servlet.DispatcherServlet - Completed initialization in 1 ms
11:06:32.686 [http-nio-8080-exec-2] INFO  c.p.c.c.f.HeadersLoggingFilter - Header user-agent=0:0:0:0:0:0:0:1, IP = user-agent
11:06:32.687 [http-nio-8080-exec-2] INFO  c.p.c.c.f.HeadersLoggingFilter - Header accept=0:0:0:0:0:0:0:1, IP = accept
11:06:32.687 [http-nio-8080-exec-2] INFO  c.p.c.c.f.HeadersLoggingFilter - Header postman-token=0:0:0:0:0:0:0:1, IP = postman-token
11:06:32.687 [http-nio-8080-exec-2] INFO  c.p.c.c.f.HeadersLoggingFilter - Header host=0:0:0:0:0:0:0:1, IP = host
11:06:32.687 [http-nio-8080-exec-2] INFO  c.p.c.c.f.HeadersLoggingFilter - Header accept-encoding=0:0:0:0:0:0:0:1, IP = accept-encoding
11:06:32.687 [http-nio-8080-exec-2] INFO  c.p.c.c.f.HeadersLoggingFilter - Header connection=0:0:0:0:0:0:0:1, IP = connection
11:06:32.691 [http-nio-8080-exec-2] INFO  c.p.c.c.loggingfilter.LoggingFilter - Request: Method=GET, URI=/api/contactReport/pdf, Headers=user-agent=PostmanRuntime/7.44.0; accept=*/*; postman-token=b1934bad-b53d-4d3a-ac5e-80e37cff35cf; host=localhost:8080; accept-encoding=gzip, deflate, br; connection=keep-alive; , Request ID: e8712737-e0ef-46c3-a4cd-c56871c78c05, Request IP  =0:0:0:0:0:0:0:1
11:23:26.980 [HikariPool-1 housekeeper] WARN  com.zaxxer.hikari.pool.HikariPool - HikariPool-1 - Thread starvation or clock leap detected (housekeeper delta=16m41s478ms488µs800ns).
11:23:26.990 [hz.optimistic_cohen.HealthMonitor] INFO  c.h.i.diagnostics.HealthMonitor - [10.251.34.15]:5701 [dev] [4.1] processors=16, physical.memory.total=32,0G, physical.memory.free=14,6G, swap.space.total=0, swap.space.free=0, heap.memory.used=107,3M, heap.memory.free=76,6M, heap.memory.total=184,0M, heap.memory.max=8,0G, heap.memory.used/total=58,09%, heap.memory.used/max=1,30%, minor.gc.count=22, minor.gc.time=164ms, major.gc.count=0, major.gc.time=0ms, load.process=0,00%, load.system=100,00%, load.systemAverage=n/a thread.count=106, thread.peakCount=158, cluster.timeDiff=0, event.q.size=0, executor.q.async.size=0, executor.q.client.size=0, executor.q.client.query.size=0, executor.q.client.blocking.size=0, executor.q.query.size=0, executor.q.scheduled.size=0, executor.q.io.size=0, executor.q.system.size=0, executor.q.operations.size=0, executor.q.priorityOperation.size=0, operations.completed.count=1, executor.q.mapLoad.size=0, executor.q.mapLoadAllKeys.size=0, executor.q.cluster.size=0, executor.q.response.size=0, operations.running.count=0, operations.pending.invocations.percentage=0,00%, operations.pending.invocations.count=0, proxy.count=0, clientEndpoint.count=1, connection.active.count=1, client.connection.count=1, connection.count=0
11:23:26.991 [training-instance.internal-1] WARN  c.h.c.i.c.nio.HeartbeatManager - training-instance [dev] [4.1] [4.0.1] Heartbeat failed over the connection: ClientConnection{alive=true, connectionId=1, channel=NioChannel{/127.0.0.1:60919->/127.0.0.1:5701}, remoteEndpoint=[10.251.34.15]:5701, lastReadTime=2025-05-21 11:06:52.814, lastWriteTime=2025-05-21 11:23:26.988, closedTime=never, connected server version=4.0.1}
11:23:26.997 [hz.optimistic_cohen.InvocationMonitorThread] WARN  c.h.s.i.o.impl.InvocationMonitor - [10.251.34.15]:5701 [dev] [4.1] MonitorInvocationsTask delayed 993187 ms
11:23:26.998 [hz.optimistic_cohen.InvocationMonitorThread] WARN  c.h.s.i.o.impl.InvocationMonitor - [10.251.34.15]:5701 [dev] [4.1] BroadcastOperationControlTask delayed 979206 ms
11:23:27.004 [hz.optimistic_cohen.cached.thread-31] INFO  c.h.i.c.impl.ClusterHeartbeatManager - [10.251.34.15]:5701 [dev] [4.1] System clock apparently jumped from 2025-05-21 11:06:52.792 to 2025-05-21 11:23:27.003 since last heartbeat (+989211 ms)
11:23:27.004 [hz.optimistic_cohen.cached.thread-31] WARN  c.h.i.c.impl.ClusterHeartbeatManager - [10.251.34.15]:5701 [dev] [4.1] Resetting heartbeat timestamps because of huge system clock jump! Clock-Jump: 989211 ms, Heartbeat-Timeout: 60000 ms
11:23:27.006 [http-nio-8080-exec-2] INFO  c.p.c.c.loggingfilter.LoggingFilter - Response: Status=200, URI=/api/contactReport/pdf, Duration (Response Time)=1014315ms, Headers=[], Payload = org.apache.catalina.connector.ResponseFacade@1242c5ff
11:23:26.992 [training-instance.internal-1] WARN  c.h.c.i.c.nio.ClientConnection - training-instance [dev] [4.1] [4.0.1] ClientConnection{alive=false, connectionId=1, channel=NioChannel{/127.0.0.1:60919->/127.0.0.1:5701}, remoteEndpoint=[10.251.34.15]:5701, lastReadTime=2025-05-21 11:06:52.814, lastWriteTime=2025-05-21 11:23:26.988, closedTime=2025-05-21 11:23:26.992, connected server version=4.0.1} closed. Reason: Heartbeat timed out
com.hazelcast.spi.exception.TargetDisconnectedException: Heartbeat timed out to connection ClientConnection{alive=true, connectionId=1, channel=NioChannel{/127.0.0.1:60919->/127.0.0.1:5701}, remoteEndpoint=[10.251.34.15]:5701, lastReadTime=2025-05-21 11:06:52.814, lastWriteTime=2025-05-21 11:23:26.988, closedTime=never, connected server version=4.0.1}
	at com.hazelcast.client.impl.connection.nio.HeartbeatManager.onHeartbeatStopped(HeartbeatManager.java:101)
	at com.hazelcast.client.impl.connection.nio.HeartbeatManager.checkConnection(HeartbeatManager.java:89)
	at com.hazelcast.client.impl.connection.nio.HeartbeatManager.run(HeartbeatManager.java:77)
	at java.base/java.util.concurrent.Executors$RunnableAdapter.call(Executors.java:539)
	at java.base/java.util.concurrent.FutureTask.runAndReset$$$capture(FutureTask.java:305)
	at java.base/java.util.concurrent.FutureTask.runAndReset(FutureTask.java)
	at java.base/java.util.concurrent.ScheduledThreadPoolExecutor$ScheduledFutureTask.run(ScheduledThreadPoolExecutor.java:305)
	at java.base/java.util.concurrent.ThreadPoolExecutor.runWorker(ThreadPoolExecutor.java:1136)
	at java.base/java.util.concurrent.ThreadPoolExecutor$Worker.run(ThreadPoolExecutor.java:635)
	at java.base/java.lang.Thread.run(Thread.java:842)
	at com.hazelcast.internal.util.executor.HazelcastManagedThread.executeRun(HazelcastManagedThread.java:64)
	at com.hazelcast.internal.util.executor.HazelcastManagedThread.run(HazelcastManagedThread.java:80)
11:23:27.001 [training-instance.internal-2] WARN  c.h.c.i.spi.ClientInvocationService - training-instance [dev] [4.1] [4.0.1] Future.complete(Object) on completed future. Request: ClientMessage{connection=null, length=2467, operation=Client.Statistics, isRetryable=false, correlationId=17, messageType=c00, isEvent=false, isfragmented=false}, current value: ClientMessage{connection=ClientConnection{alive=false, connectionId=1, channel=NioChannel{/127.0.0.1:60919->/127.0.0.1:5701}, remoteEndpoint=[10.251.34.15]:5701, lastReadTime=2025-05-21 11:23:26.995, lastWriteTime=2025-05-21 11:23:26.995, closedTime=2025-05-21 11:23:26.992, connected server version=4.0.1}, length=19, operation=null, isRetryable=false, correlationId=17, messageType=c01, isEvent=false, isfragmented=false}, offered value: ExceptionalResult{cause=com.hazelcast.spi.exception.TargetDisconnectedException: Heartbeat timed out}
java.lang.Exception: null
	at com.hazelcast.spi.impl.AbstractInvocationFuture.warnIfSuspiciousDoubleCompletion(AbstractInvocationFuture.java:1213)
	at com.hazelcast.spi.impl.AbstractInvocationFuture.complete0(AbstractInvocationFuture.java:1194)
	at com.hazelcast.spi.impl.AbstractInvocationFuture.completeExceptionallyInternal(AbstractInvocationFuture.java:1187)
	at com.hazelcast.spi.impl.AbstractInvocationFuture.completeExceptionally(AbstractInvocationFuture.java:658)
	at com.hazelcast.client.impl.spi.impl.ClientInvocation.completeExceptionally(ClientInvocation.java:248)
	at com.hazelcast.client.impl.spi.impl.ClientInvocation.notifyException(ClientInvocation.java:265)
	at com.hazelcast.client.impl.spi.impl.ClientInvocationServiceImpl$CleanResourcesTask.notifyException(ClientInvocationServiceImpl.java:311)
	at com.hazelcast.client.impl.spi.impl.ClientInvocationServiceImpl$CleanResourcesTask.run(ClientInvocationServiceImpl.java:301)
	at java.base/java.util.concurrent.Executors$RunnableAdapter.call(Executors.java:539)
	at java.base/java.util.concurrent.FutureTask.runAndReset$$$capture(FutureTask.java:305)
	at java.base/java.util.concurrent.FutureTask.runAndReset(FutureTask.java)
	at java.base/java.util.concurrent.ScheduledThreadPoolExecutor$ScheduledFutureTask.run(ScheduledThreadPoolExecutor.java:305)
	at java.base/java.util.concurrent.ThreadPoolExecutor.runWorker(ThreadPoolExecutor.java:1136)
	at java.base/java.util.concurrent.ThreadPoolExecutor$Worker.run(ThreadPoolExecutor.java:635)
	at java.base/java.lang.Thread.run(Thread.java:842)
	at com.hazelcast.internal.util.executor.HazelcastManagedThread.executeRun(HazelcastManagedThread.java:64)
	at com.hazelcast.internal.util.executor.HazelcastManagedThread.run(HazelcastManagedThread.java:80)
11:23:27.020 [training-instance.internal-1] INFO  c.h.c.i.c.ClientConnectionManager - training-instance [dev] [4.1] [4.0.1] Removed connection to endpoint: [10.251.34.15]:5701:2ba03d58-894d-44d4-b70d-963688eb9c22, connection: ClientConnection{alive=false, connectionId=1, channel=NioChannel{/127.0.0.1:60919->/127.0.0.1:5701}, remoteEndpoint=[10.251.34.15]:5701, lastReadTime=2025-05-21 11:23:26.999, lastWriteTime=2025-05-21 11:23:26.995, closedTime=2025-05-21 11:23:26.992, connected server version=4.0.1}
11:23:27.020 [hz.optimistic_cohen.IO.thread-in-0] INFO  c.h.internal.nio.tcp.TcpIpConnection - [10.251.34.15]:5701 [dev] [4.1] Connection[id=1, /127.0.0.1:5701->/127.0.0.1:60919, qualifier=null, endpoint=[127.0.0.1]:60919, alive=false, connectionType=JVM] closed. Reason: Connection closed by the other side
11:23:27.020 [training-instance.internal-1] INFO  com.hazelcast.core.LifecycleService - training-instance [dev] [4.1] [4.0.1] HazelcastClient 4.0.1 (20200409 - e086b9c) is CLIENT_DISCONNECTED
11:23:27.023 [http-nio-8080-exec-2] ERROR o.a.c.c.C.[.[.[.[dispatcherServlet] - Servlet.service() for servlet [dispatcherServlet] in context with path [] threw exception [Request processing failed: net.sf.jasperreports.engine.JRException: Unable to load report] with root cause
net.sf.jasperreports.engine.JRException: Unable to load report
	at net.sf.jasperreports.engine.xml.JRXmlLoader.loadXML(JRXmlLoader.java:172)
	at net.sf.jasperreports.engine.xml.JRXmlLoader.load(JRXmlLoader.java:149)
	at net.sf.jasperreports.engine.xml.JRXmlLoader.load(JRXmlLoader.java:120)
	at net.sf.jasperreports.engine.xml.JRXmlLoader.load(JRXmlLoader.java:98)
	at net.sf.jasperreports.engine.xml.JRXmlLoader.load(JRXmlLoader.java:89)
	at net.sf.jasperreports.engine.JasperCompileManager.compile(JasperCompileManager.java:281)
	at net.sf.jasperreports.engine.JasperCompileManager.compileReport(JasperCompileManager.java:568)
	at com.project.contactsdemo.core.report.ReportService.getItemReport(ReportService.java:46)
	at com.project.contactsdemo.core.report.ReportController.getItemReport(ReportController.java:29)
	at java.base/jdk.internal.reflect.NativeMethodAccessorImpl.invoke0(Native Method)
	at java.base/jdk.internal.reflect.NativeMethodAccessorImpl.invoke(NativeMethodAccessorImpl.java:77)
	at java.base/jdk.internal.reflect.DelegatingMethodAccessorImpl.invoke(DelegatingMethodAccessorImpl.java:43)
	at java.base/java.lang.reflect.Method.invoke(Method.java:568)
	at org.springframework.aop.support.AopUtils.invokeJoinpointUsingReflection(AopUtils.java:354)
	at org.springframework.aop.framework.ReflectiveMethodInvocation.invokeJoinpoint(ReflectiveMethodInvocation.java:196)
	at org.springframework.aop.framework.ReflectiveMethodInvocation.proceed(ReflectiveMethodInvocation.java:163)
	at org.springframework.aop.framework.CglibAopProxy$CglibMethodInvocation.proceed(CglibAopProxy.java:768)
	at org.springframework.validation.beanvalidation.MethodValidationInterceptor.invoke(MethodValidationInterceptor.java:174)
	at org.springframework.aop.framework.ReflectiveMethodInvocation.proceed(ReflectiveMethodInvocation.java:184)
	at org.springframework.aop.framework.CglibAopProxy$CglibMethodInvocation.proceed(CglibAopProxy.java:768)
	at org.springframework.aop.framework.CglibAopProxy$DynamicAdvisedInterceptor.intercept(CglibAopProxy.java:720)
	at com.project.contactsdemo.core.report.ReportController$$SpringCGLIB$$0.getItemReport(<generated>)
	at java.base/jdk.internal.reflect.NativeMethodAccessorImpl.invoke0(Native Method)
	at java.base/jdk.internal.reflect.NativeMethodAccessorImpl.invoke(NativeMethodAccessorImpl.java:77)
	at java.base/jdk.internal.reflect.DelegatingMethodAccessorImpl.invoke(DelegatingMethodAccessorImpl.java:43)
	at java.base/java.lang.reflect.Method.invoke(Method.java:568)
	at org.springframework.web.method.support.InvocableHandlerMethod.doInvoke(InvocableHandlerMethod.java:255)
	at org.springframework.web.method.support.InvocableHandlerMethod.invokeForRequest(InvocableHandlerMethod.java:188)
	at org.springframework.web.servlet.mvc.method.annotation.ServletInvocableHandlerMethod.invokeAndHandle(ServletInvocableHandlerMethod.java:118)
	at org.springframework.web.servlet.mvc.method.annotation.RequestMappingHandlerAdapter.invokeHandlerMethod(RequestMappingHandlerAdapter.java:926)
	at org.springframework.web.servlet.mvc.method.annotation.RequestMappingHandlerAdapter.handleInternal(RequestMappingHandlerAdapter.java:831)
	at org.springframework.web.servlet.mvc.method.AbstractHandlerMethodAdapter.handle(AbstractHandlerMethodAdapter.java:87)
	at org.springframework.web.servlet.DispatcherServlet.doDispatch(DispatcherServlet.java:1089)
	at org.springframework.web.servlet.DispatcherServlet.doService(DispatcherServlet.java:979)
	at org.springframework.web.servlet.FrameworkServlet.processRequest(FrameworkServlet.java:1014)
	at org.springframework.web.servlet.FrameworkServlet.doGet(FrameworkServlet.java:903)
	at jakarta.servlet.http.HttpServlet.service(HttpServlet.java:564)
	at org.springframework.web.servlet.FrameworkServlet.service(FrameworkServlet.java:885)
	at jakarta.servlet.http.HttpServlet.service(HttpServlet.java:658)
	at org.apache.catalina.core.ApplicationFilterChain.internalDoFilter(ApplicationFilterChain.java:195)
	at org.apache.catalina.core.ApplicationFilterChain.doFilter(ApplicationFilterChain.java:140)
	at org.apache.tomcat.websocket.server.WsFilter.doFilter(WsFilter.java:51)
	at org.apache.catalina.core.ApplicationFilterChain.internalDoFilter(ApplicationFilterChain.java:164)
	at org.apache.catalina.core.ApplicationFilterChain.doFilter(ApplicationFilterChain.java:140)
	at com.project.contactsdemo.core.loggingfilter.LoggingFilter.doFilterInternal(LoggingFilter.java:36)
	at org.springframework.web.filter.OncePerRequestFilter.doFilter(OncePerRequestFilter.java:116)
	at org.apache.catalina.core.ApplicationFilterChain.internalDoFilter(ApplicationFilterChain.java:164)
	at org.apache.catalina.core.ApplicationFilterChain.doFilter(ApplicationFilterChain.java:140)
	at com.project.contactsdemo.core.filtering.HeadersLoggingFilter.doFilter(HeadersLoggingFilter.java:28)
	at org.apache.catalina.core.ApplicationFilterChain.internalDoFilter(ApplicationFilterChain.java:164)
	at org.apache.catalina.core.ApplicationFilterChain.doFilter(ApplicationFilterChain.java:140)
	at org.springframework.web.filter.RequestContextFilter.doFilterInternal(RequestContextFilter.java:100)
	at org.springframework.web.filter.OncePerRequestFilter.doFilter(OncePerRequestFilter.java:116)
	at org.apache.catalina.core.ApplicationFilterChain.internalDoFilter(ApplicationFilterChain.java:164)
	at org.apache.catalina.core.ApplicationFilterChain.doFilter(ApplicationFilterChain.java:140)
	at org.springframework.web.filter.FormContentFilter.doFilterInternal(FormContentFilter.java:93)
	at org.springframework.web.filter.OncePerRequestFilter.doFilter(OncePerRequestFilter.java:116)
	at org.apache.catalina.core.ApplicationFilterChain.internalDoFilter(ApplicationFilterChain.java:164)
	at org.apache.catalina.core.ApplicationFilterChain.doFilter(ApplicationFilterChain.java:140)
	at org.springframework.web.filter.ServerHttpObservationFilter.doFilterInternal(ServerHttpObservationFilter.java:107)
	at org.springframework.web.filter.OncePerRequestFilter.doFilter(OncePerRequestFilter.java:116)
	at org.apache.catalina.core.ApplicationFilterChain.internalDoFilter(ApplicationFilterChain.java:164)
	at org.apache.catalina.core.ApplicationFilterChain.doFilter(ApplicationFilterChain.java:140)
	at org.springframework.web.filter.CharacterEncodingFilter.doFilterInternal(CharacterEncodingFilter.java:201)
	at org.springframework.web.filter.OncePerRequestFilter.doFilter(OncePerRequestFilter.java:116)
	at org.apache.catalina.core.ApplicationFilterChain.internalDoFilter(ApplicationFilterChain.java:164)
	at org.apache.catalina.core.ApplicationFilterChain.doFilter(ApplicationFilterChain.java:140)
	at org.apache.catalina.core.StandardWrapperValve.invoke(StandardWrapperValve.java:167)
	at org.apache.catalina.core.StandardContextValve.invoke(StandardContextValve.java:90)
	at org.apache.catalina.authenticator.AuthenticatorBase.invoke(AuthenticatorBase.java:482)
	at org.apache.catalina.core.StandardHostValve.invoke(StandardHostValve.java:115)
	at org.apache.catalina.valves.ErrorReportValve.invoke(ErrorReportValve.java:93)
	at org.apache.catalina.core.StandardEngineValve.invoke(StandardEngineValve.java:74)
	at org.apache.catalina.connector.CoyoteAdapter.service(CoyoteAdapter.java:344)
	at org.apache.coyote.http11.Http11Processor.service(Http11Processor.java:389)
	at org.apache.coyote.AbstractProcessorLight.process(AbstractProcessorLight.java:63)
	at org.apache.coyote.AbstractProtocol$ConnectionHandler.process(AbstractProtocol.java:904)
	at org.apache.tomcat.util.net.NioEndpoint$SocketProcessor.doRun(NioEndpoint.java:1741)
	at org.apache.tomcat.util.net.SocketProcessorBase.run(SocketProcessorBase.java:52)
	at org.apache.tomcat.util.threads.ThreadPoolExecutor.runWorker(ThreadPoolExecutor.java:1190)
	at org.apache.tomcat.util.threads.ThreadPoolExecutor$Worker.run(ThreadPoolExecutor.java:659)
	at org.apache.tomcat.util.threads.TaskThread$WrappingRunnable.run(TaskThread.java:63)
	at java.base/java.lang.Thread.run(Thread.java:842)
11:23:27.024 [training-instance.internal-5] INFO  c.h.c.i.c.ClientConnectionManager - training-instance [dev] [4.1] [4.0.1] Trying to connect to cluster: dev
11:23:27.028 [training-instance.internal-5] INFO  c.h.c.i.c.ClientConnectionManager - training-instance [dev] [4.1] [4.0.1] Trying to connect to [10.251.34.15]:5701
11:23:27.030 [hz.optimistic_cohen.priority-generic-operation.thread-0] INFO  c.h.c.i.p.t.AuthenticationMessageTask - [10.251.34.15]:5701 [dev] [4.1] Received auth from Connection[id=2, /10.251.34.15:5701->/10.251.34.15:61601, qualifier=null, endpoint=[10.251.34.15]:61601, alive=true, connectionType=JVM], successfully authenticated, clientUuid: 08838a0f-4876-41a7-ae8d-6924a0eefeec, client version: 4.0.1
11:23:27.032 [hz.optimistic_cohen.event-5] INFO  c.h.c.impl.ClientEndpointManager - [10.251.34.15]:5701 [dev] [4.1] Destroying ClientEndpoint{connection=Connection[id=1, /127.0.0.1:5701->/127.0.0.1:60919, qualifier=null, endpoint=[127.0.0.1]:60919, alive=false, connectionType=JVM], clientUuid='08838a0f-4876-41a7-ae8d-6924a0eefeec, authenticated=true, clientVersion=4.0.1, creationTime=1747814781939, latest clientAttributes=lastStatisticsCollectionTime=1747815806989,enterprise=false,clientType=JVM,clientVersion=4.0.1,clusterConnectionTimestamp=1747814781885,clientAddress=127.0.0.1,clientName=training-instance,credentials.principal=null,os.committedVirtualMemorySize=0,os.freePhysicalMemorySize=15665971200,os.freeSwapSpaceSize=0,os.maxFileDescriptorCount=0,os.openFileDescriptorCount=0,os.processCpuTime=0,os.systemLoadAverage=-1.0,os.totalPhysicalMemorySize=34358550528,os.totalSwapSpaceSize=0,runtime.availableProcessors=16,runtime.freeMemory=78129520,runtime.maxMemory=8589934592,runtime.totalMemory=192937984,runtime.uptime=1044109,runtime.usedMemory=114808464,executionService.userExecutorQueueSize=0}
11:23:27.037 [training-instance.internal-5] INFO  com.hazelcast.core.LifecycleService - training-instance [dev] [4.1] [4.0.1] HazelcastClient 4.0.1 (20200409 - e086b9c) is CLIENT_CONNECTED
11:23:27.037 [training-instance.internal-5] INFO  c.h.c.i.c.ClientConnectionManager - training-instance [dev] [4.1] [4.0.1] Authenticated with server [10.251.34.15]:5701:2ba03d58-894d-44d4-b70d-963688eb9c22, server version: 4.0.1, local address: /10.251.34.15:61601
11:26:31.387 [SpringApplicationShutdownHook] INFO  o.s.o.j.LocalContainerEntityManagerFactoryBean - Closing JPA EntityManagerFactory for persistence unit 'default'
11:26:31.390 [SpringApplicationShutdownHook] INFO  com.zaxxer.hikari.HikariDataSource - HikariPool-1 - Shutdown initiated...
11:26:31.397 [SpringApplicationShutdownHook] INFO  com.zaxxer.hikari.HikariDataSource - HikariPool-1 - Shutdown completed.
11:26:36.921 [background-preinit] INFO  o.h.validator.internal.util.Version - HV000001: Hibernate Validator 8.0.1.Final
11:26:36.987 [main] INFO  c.p.c.ContactsdemoApplication - Starting ContactsdemoApplication using Java 17.0.12 with PID 18148 (C:\Ayse Ceren - crud projects\contactsdemo\build\classes\java\main started by 16381136672 in C:\Ayse Ceren - crud projects\contactsdemo)
11:26:36.989 [main] INFO  c.p.c.ContactsdemoApplication - No active profile set, falling back to 1 default profile: "default"
11:26:38.559 [main] INFO  o.s.d.r.c.RepositoryConfigurationDelegate - Bootstrapping Spring Data JPA repositories in DEFAULT mode.
11:26:38.664 [main] INFO  o.s.d.r.c.RepositoryConfigurationDelegate - Finished Spring Data repository scanning in 97 ms. Found 2 JPA repository interfaces.
11:26:39.823 [main] INFO  o.s.b.w.e.tomcat.TomcatWebServer - Tomcat initialized with port 8080 (http)
11:26:39.833 [main] INFO  o.a.coyote.http11.Http11NioProtocol - Initializing ProtocolHandler ["http-nio-8080"]
11:26:39.835 [main] INFO  o.a.catalina.core.StandardService - Starting service [Tomcat]
11:26:39.835 [main] INFO  o.a.catalina.core.StandardEngine - Starting Servlet engine: [Apache Tomcat/10.1.25]
11:26:39.947 [main] INFO  o.a.c.c.C.[Tomcat].[localhost].[/] - Initializing Spring embedded WebApplicationContext
11:26:39.947 [main] INFO  o.s.b.w.s.c.ServletWebServerApplicationContext - Root WebApplicationContext: initialization completed in 2863 ms
11:26:40.400 [main] INFO  com.zaxxer.hikari.HikariDataSource - HikariPool-1 - Starting...
11:26:40.599 [main] INFO  com.zaxxer.hikari.pool.HikariPool - HikariPool-1 - Added connection org.postgresql.jdbc.PgConnection@51cd2d2
11:26:40.602 [main] INFO  com.zaxxer.hikari.HikariDataSource - HikariPool-1 - Start completed.
11:26:41.395 [main] INFO  liquibase.changelog - Reading from public.databasechangelog
11:26:41.464 [main] INFO  liquibase.changelog - Reading from public.databasechangelog
11:26:41.475 [main] INFO  liquibase.util - UPDATE SUMMARY
11:26:41.476 [main] INFO  liquibase.util - Run:                          0
11:26:41.476 [main] INFO  liquibase.util - Previously run:               2
11:26:41.476 [main] INFO  liquibase.util - Filtered out:                 0
11:26:41.476 [main] INFO  liquibase.util - -------------------------------
11:26:41.476 [main] INFO  liquibase.util - Total change sets:            2
11:26:41.477 [main] INFO  liquibase.util - Update summary generated
11:26:41.513 [main] INFO  liquibase.lockservice - Successfully released change log lock
11:26:41.517 [main] INFO  liquibase.command - Command execution complete
11:26:41.687 [main] INFO  o.h.jpa.internal.util.LogHelper - HHH000204: Processing PersistenceUnitInfo [name: default]
11:26:41.757 [main] INFO  org.hibernate.Version - HHH000412: Hibernate ORM core version 6.4.9.Final
11:26:41.800 [main] INFO  o.h.c.i.RegionFactoryInitiator - HHH000026: Second-level cache disabled
11:26:42.119 [main] INFO  o.s.o.j.p.SpringPersistenceUnitInfo - No LoadTimeWeaver setup: ignoring JPA class transformer
11:26:42.178 [main] WARN  org.hibernate.orm.deprecation - HHH90000025: PostgreSQLDialect does not need to be specified explicitly using 'hibernate.dialect' (remove the property setting and it will be selected by default)
11:26:43.462 [main] INFO  o.s.o.j.LocalContainerEntityManagerFactoryBean - Initialized JPA EntityManagerFactory for persistence unit 'default'
11:26:43.864 [main] INFO  o.s.d.j.r.query.QueryEnhancerFactory - Hibernate is in classpath; If applicable, HQL parser will be used.
11:26:45.144 [main] WARN  c.h.i.impl.HazelcastInstanceFactory - Hazelcast is starting in a Java modular environment (Java 9 and newer) but without proper access to required Java packages. Use additional Java arguments to provide Hazelcast access to Java internal API. The internal API access is used to get the best performance results. Arguments to be used:
 --add-modules java.se --add-exports java.base/jdk.internal.ref=ALL-UNNAMED --add-opens java.base/java.lang=ALL-UNNAMED --add-opens java.base/java.nio=ALL-UNNAMED --add-opens java.base/sun.nio.ch=ALL-UNNAMED --add-opens java.management/sun.management=ALL-UNNAMED --add-opens jdk.management/com.sun.management.internal=ALL-UNNAMED
11:26:45.152 [main] INFO  c.h.i.config.AbstractConfigLocator - Loading 'hazelcast-default.xml' from the classpath.
11:26:45.869 [main] INFO  c.hazelcast.instance.AddressPicker - [LOCAL] [dev] [4.1] Prefer IPv4 stack is true, prefer IPv6 addresses is false
11:26:45.915 [main] INFO  c.hazelcast.instance.AddressPicker - [LOCAL] [dev] [4.1] Picked [10.251.34.15]:5701, using socket ServerSocket[addr=/0:0:0:0:0:0:0:0,localport=5701], bind any local is true
11:26:45.961 [main] INFO  com.hazelcast.system - [10.251.34.15]:5701 [dev] [4.1] Hazelcast 4.0.1 (20200409 - e086b9c) starting at [10.251.34.15]:5701
11:26:45.961 [main] INFO  com.hazelcast.system - [10.251.34.15]:5701 [dev] [4.1] Copyright (c) 2008-2020, Hazelcast, Inc. All Rights Reserved.
11:26:47.019 [main] INFO  c.h.s.i.o.impl.BackpressureRegulator - [10.251.34.15]:5701 [dev] [4.1] Backpressure is disabled
11:26:48.048 [main] INFO  com.hazelcast.instance.impl.Node - [10.251.34.15]:5701 [dev] [4.1] Creating MulticastJoiner
11:26:48.061 [main] WARN  com.hazelcast.cp.CPSubsystem - [10.251.34.15]:5701 [dev] [4.1] CP Subsystem is not enabled. CP data structures will operate in UNSAFE mode! Please note that UNSAFE mode will not provide strong consistency guarantees.
11:26:48.623 [main] INFO  c.h.s.i.o.impl.OperationExecutorImpl - [10.251.34.15]:5701 [dev] [4.1] Starting 16 partition threads and 9 generic threads (1 dedicated for priority tasks)
11:26:48.640 [main] INFO  c.h.internal.diagnostics.Diagnostics - [10.251.34.15]:5701 [dev] [4.1] Diagnostics disabled. To enable add -Dhazelcast.diagnostics.enabled=true to the JVM arguments.
11:26:48.665 [main] INFO  com.hazelcast.core.LifecycleService - [10.251.34.15]:5701 [dev] [4.1] [10.251.34.15]:5701 is STARTING
11:26:51.426 [main] INFO  c.h.internal.cluster.ClusterService - [10.251.34.15]:5701 [dev] [4.1] 

Members {size:1, ver:1} [
	Member [10.251.34.15]:5701 - 6c59ae85-fcef-4b5f-98ef-c457ef751751 this
]

11:26:51.461 [main] INFO  com.hazelcast.core.LifecycleService - [10.251.34.15]:5701 [dev] [4.1] [10.251.34.15]:5701 is STARTED
11:26:52.399 [main] INFO  c.h.c.i.spi.ClientInvocationService - training-instance [dev] [4.1] [4.0.1] Running with 2 response threads, dynamic=true
11:26:52.672 [main] INFO  com.hazelcast.core.LifecycleService - training-instance [dev] [4.1] [4.0.1] HazelcastClient 4.0.1 (20200409 - e086b9c) is STARTING
11:26:52.675 [main] INFO  com.hazelcast.core.LifecycleService - training-instance [dev] [4.1] [4.0.1] HazelcastClient 4.0.1 (20200409 - e086b9c) is STARTED
11:26:52.720 [main] INFO  c.h.c.i.c.ClientConnectionManager - training-instance [dev] [4.1] [4.0.1] Trying to connect to cluster: dev
11:26:52.728 [main] INFO  c.h.c.i.c.ClientConnectionManager - training-instance [dev] [4.1] [4.0.1] Trying to connect to [127.0.0.1]:5701
11:26:52.818 [hz.keen_leavitt.priority-generic-operation.thread-0] INFO  c.h.c.i.p.t.AuthenticationMessageTask - [10.251.34.15]:5701 [dev] [4.1] Received auth from Connection[id=1, /127.0.0.1:5701->/127.0.0.1:61776, qualifier=null, endpoint=[127.0.0.1]:61776, alive=true, connectionType=JVM], successfully authenticated, clientUuid: 179a64c6-bb6d-4dbb-be89-63c8c758deab, client version: 4.0.1
11:26:52.828 [main] INFO  com.hazelcast.core.LifecycleService - training-instance [dev] [4.1] [4.0.1] HazelcastClient 4.0.1 (20200409 - e086b9c) is CLIENT_CONNECTED
11:26:52.828 [main] INFO  c.h.c.i.c.ClientConnectionManager - training-instance [dev] [4.1] [4.0.1] Authenticated with server [10.251.34.15]:5701:6c59ae85-fcef-4b5f-98ef-c457ef751751, server version: 4.0.1, local address: /127.0.0.1:61776
11:26:52.842 [main] INFO  c.h.internal.diagnostics.Diagnostics - training-instance [dev] [4.1] [4.0.1] Diagnostics disabled. To enable add -Dhazelcast.diagnostics.enabled=true to the JVM arguments.
11:26:52.855 [training-instance.event-6] INFO  c.h.c.impl.spi.ClientClusterService - training-instance [dev] [4.1] [4.0.1] 

Members [1] {
	Member [10.251.34.15]:5701 - 6c59ae85-fcef-4b5f-98ef-c457ef751751
}

11:26:52.916 [main] INFO  c.h.c.i.s.ClientStatisticsService - Client statistics is enabled with period 5 seconds.
11:26:53.329 [main] WARN  o.s.b.a.o.j.JpaBaseConfiguration$JpaWebConfiguration - spring.jpa.open-in-view is enabled by default. Therefore, database queries may be performed during view rendering. Explicitly configure spring.jpa.open-in-view to disable this warning
11:26:55.025 [hz.keen_leavitt.HealthMonitor] INFO  c.h.i.diagnostics.HealthMonitor - [10.251.34.15]:5701 [dev] [4.1] processors=16, physical.memory.total=32,0G, physical.memory.free=14,6G, swap.space.total=0, swap.space.free=0, heap.memory.used=98,6M, heap.memory.free=37,3M, heap.memory.total=136,0M, heap.memory.max=8,0G, heap.memory.used/total=70,67%, heap.memory.used/max=1,17%, minor.gc.count=19, minor.gc.time=132ms, major.gc.count=0, major.gc.time=0ms, load.process=0,00%, load.system=0,00%, load.systemAverage=n/a thread.count=87, thread.peakCount=88, cluster.timeDiff=0, event.q.size=0, executor.q.async.size=0, executor.q.client.size=0, executor.q.client.query.size=0, executor.q.client.blocking.size=0, executor.q.query.size=0, executor.q.scheduled.size=0, executor.q.io.size=0, executor.q.system.size=0, executor.q.operations.size=0, executor.q.priorityOperation.size=0, operations.completed.count=1, executor.q.mapLoad.size=0, executor.q.mapLoadAllKeys.size=0, executor.q.cluster.size=0, executor.q.response.size=0, operations.running.count=0, operations.pending.invocations.percentage=0,00%, operations.pending.invocations.count=0, proxy.count=0, clientEndpoint.count=1, connection.active.count=0, client.connection.count=0, connection.count=0
11:26:56.136 [main] INFO  o.s.b.a.e.web.EndpointLinksResolver - Exposing 1 endpoint(s) beneath base path '/actuator'
11:26:56.330 [main] INFO  o.a.coyote.http11.Http11NioProtocol - Starting ProtocolHandler ["http-nio-8080"]
11:26:56.386 [main] INFO  o.s.b.w.e.tomcat.TomcatWebServer - Tomcat started on port 8080 (http) with context path ''
11:26:56.413 [main] INFO  c.p.c.ContactsdemoApplication - Started ContactsdemoApplication in 20.048 seconds (process running for 22.105)
11:26:57.320 [RMI TCP Connection(3)-10.251.34.15] INFO  o.a.c.c.C.[Tomcat].[localhost].[/] - Initializing Spring DispatcherServlet 'dispatcherServlet'
11:26:57.321 [RMI TCP Connection(3)-10.251.34.15] INFO  o.s.web.servlet.DispatcherServlet - Initializing Servlet 'dispatcherServlet'
11:26:57.323 [RMI TCP Connection(3)-10.251.34.15] INFO  o.s.web.servlet.DispatcherServlet - Completed initialization in 2 ms
11:27:03.296 [SpringApplicationShutdownHook] INFO  o.s.o.j.LocalContainerEntityManagerFactoryBean - Closing JPA EntityManagerFactory for persistence unit 'default'
11:27:03.302 [SpringApplicationShutdownHook] INFO  com.zaxxer.hikari.HikariDataSource - HikariPool-1 - Shutdown initiated...
11:27:03.307 [SpringApplicationShutdownHook] INFO  com.zaxxer.hikari.HikariDataSource - HikariPool-1 - Shutdown completed.
11:27:07.571 [background-preinit] INFO  o.h.validator.internal.util.Version - HV000001: Hibernate Validator 8.0.1.Final
11:27:07.629 [main] INFO  c.p.c.ContactsdemoApplication - Starting ContactsdemoApplication using Java 17.0.12 with PID 21532 (C:\Ayse Ceren - crud projects\contactsdemo\build\classes\java\main started by 16381136672 in C:\Ayse Ceren - crud projects\contactsdemo)
11:27:07.631 [main] INFO  c.p.c.ContactsdemoApplication - No active profile set, falling back to 1 default profile: "default"
11:27:09.181 [main] INFO  o.s.d.r.c.RepositoryConfigurationDelegate - Bootstrapping Spring Data JPA repositories in DEFAULT mode.
11:27:09.285 [main] INFO  o.s.d.r.c.RepositoryConfigurationDelegate - Finished Spring Data repository scanning in 92 ms. Found 2 JPA repository interfaces.
11:27:10.582 [main] INFO  o.s.b.w.e.tomcat.TomcatWebServer - Tomcat initialized with port 8080 (http)
11:27:10.594 [main] INFO  o.a.coyote.http11.Http11NioProtocol - Initializing ProtocolHandler ["http-nio-8080"]
11:27:10.597 [main] INFO  o.a.catalina.core.StandardService - Starting service [Tomcat]
11:27:10.597 [main] INFO  o.a.catalina.core.StandardEngine - Starting Servlet engine: [Apache Tomcat/10.1.25]
11:27:10.715 [main] INFO  o.a.c.c.C.[Tomcat].[localhost].[/] - Initializing Spring embedded WebApplicationContext
11:27:10.715 [main] INFO  o.s.b.w.s.c.ServletWebServerApplicationContext - Root WebApplicationContext: initialization completed in 3001 ms
11:27:11.195 [main] INFO  com.zaxxer.hikari.HikariDataSource - HikariPool-1 - Starting...
11:27:11.401 [main] INFO  com.zaxxer.hikari.pool.HikariPool - HikariPool-1 - Added connection org.postgresql.jdbc.PgConnection@20afd96f
11:27:11.404 [main] INFO  com.zaxxer.hikari.HikariDataSource - HikariPool-1 - Start completed.
11:27:12.137 [main] INFO  liquibase.changelog - Reading from public.databasechangelog
11:27:12.206 [main] INFO  liquibase.changelog - Reading from public.databasechangelog
11:27:12.215 [main] INFO  liquibase.util - UPDATE SUMMARY
11:27:12.215 [main] INFO  liquibase.util - Run:                          0
11:27:12.215 [main] INFO  liquibase.util - Previously run:               2
11:27:12.215 [main] INFO  liquibase.util - Filtered out:                 0
11:27:12.215 [main] INFO  liquibase.util - -------------------------------
11:27:12.215 [main] INFO  liquibase.util - Total change sets:            2
11:27:12.215 [main] INFO  liquibase.util - Update summary generated
11:27:12.244 [main] INFO  liquibase.lockservice - Successfully released change log lock
11:27:12.248 [main] INFO  liquibase.command - Command execution complete
11:27:12.397 [main] INFO  o.h.jpa.internal.util.LogHelper - HHH000204: Processing PersistenceUnitInfo [name: default]
11:27:12.468 [main] INFO  org.hibernate.Version - HHH000412: Hibernate ORM core version 6.4.9.Final
11:27:12.511 [main] INFO  o.h.c.i.RegionFactoryInitiator - HHH000026: Second-level cache disabled
11:27:12.825 [main] INFO  o.s.o.j.p.SpringPersistenceUnitInfo - No LoadTimeWeaver setup: ignoring JPA class transformer
11:27:12.885 [main] WARN  org.hibernate.orm.deprecation - HHH90000025: PostgreSQLDialect does not need to be specified explicitly using 'hibernate.dialect' (remove the property setting and it will be selected by default)
11:27:14.108 [main] INFO  o.s.o.j.LocalContainerEntityManagerFactoryBean - Initialized JPA EntityManagerFactory for persistence unit 'default'
11:27:14.496 [main] INFO  o.s.d.j.r.query.QueryEnhancerFactory - Hibernate is in classpath; If applicable, HQL parser will be used.
11:27:16.021 [main] WARN  c.h.i.impl.HazelcastInstanceFactory - Hazelcast is starting in a Java modular environment (Java 9 and newer) but without proper access to required Java packages. Use additional Java arguments to provide Hazelcast access to Java internal API. The internal API access is used to get the best performance results. Arguments to be used:
 --add-modules java.se --add-exports java.base/jdk.internal.ref=ALL-UNNAMED --add-opens java.base/java.lang=ALL-UNNAMED --add-opens java.base/java.nio=ALL-UNNAMED --add-opens java.base/sun.nio.ch=ALL-UNNAMED --add-opens java.management/sun.management=ALL-UNNAMED --add-opens jdk.management/com.sun.management.internal=ALL-UNNAMED
11:27:16.028 [main] INFO  c.h.i.config.AbstractConfigLocator - Loading 'hazelcast-default.xml' from the classpath.
11:27:16.729 [main] INFO  c.hazelcast.instance.AddressPicker - [LOCAL] [dev] [4.1] Prefer IPv4 stack is true, prefer IPv6 addresses is false
11:27:16.770 [main] INFO  c.hazelcast.instance.AddressPicker - [LOCAL] [dev] [4.1] Picked [10.251.34.15]:5701, using socket ServerSocket[addr=/0:0:0:0:0:0:0:0,localport=5701], bind any local is true
11:27:16.809 [main] INFO  com.hazelcast.system - [10.251.34.15]:5701 [dev] [4.1] Hazelcast 4.0.1 (20200409 - e086b9c) starting at [10.251.34.15]:5701
11:27:16.809 [main] INFO  com.hazelcast.system - [10.251.34.15]:5701 [dev] [4.1] Copyright (c) 2008-2020, Hazelcast, Inc. All Rights Reserved.
11:27:17.711 [main] INFO  c.h.s.i.o.impl.BackpressureRegulator - [10.251.34.15]:5701 [dev] [4.1] Backpressure is disabled
11:27:18.647 [main] INFO  com.hazelcast.instance.impl.Node - [10.251.34.15]:5701 [dev] [4.1] Creating MulticastJoiner
11:27:18.660 [main] WARN  com.hazelcast.cp.CPSubsystem - [10.251.34.15]:5701 [dev] [4.1] CP Subsystem is not enabled. CP data structures will operate in UNSAFE mode! Please note that UNSAFE mode will not provide strong consistency guarantees.
11:27:19.216 [main] INFO  c.h.s.i.o.impl.OperationExecutorImpl - [10.251.34.15]:5701 [dev] [4.1] Starting 16 partition threads and 9 generic threads (1 dedicated for priority tasks)
11:27:19.234 [main] INFO  c.h.internal.diagnostics.Diagnostics - [10.251.34.15]:5701 [dev] [4.1] Diagnostics disabled. To enable add -Dhazelcast.diagnostics.enabled=true to the JVM arguments.
11:27:19.260 [main] INFO  com.hazelcast.core.LifecycleService - [10.251.34.15]:5701 [dev] [4.1] [10.251.34.15]:5701 is STARTING
11:27:22.112 [main] INFO  c.h.internal.cluster.ClusterService - [10.251.34.15]:5701 [dev] [4.1] 

Members {size:1, ver:1} [
	Member [10.251.34.15]:5701 - 455a9642-e94c-42be-b5e2-2c1b146b2aac this
]

11:27:22.150 [main] INFO  com.hazelcast.core.LifecycleService - [10.251.34.15]:5701 [dev] [4.1] [10.251.34.15]:5701 is STARTED
11:27:23.111 [main] INFO  c.h.c.i.spi.ClientInvocationService - training-instance [dev] [4.1] [4.0.1] Running with 2 response threads, dynamic=true
11:27:23.321 [main] INFO  com.hazelcast.core.LifecycleService - training-instance [dev] [4.1] [4.0.1] HazelcastClient 4.0.1 (20200409 - e086b9c) is STARTING
11:27:23.323 [main] INFO  com.hazelcast.core.LifecycleService - training-instance [dev] [4.1] [4.0.1] HazelcastClient 4.0.1 (20200409 - e086b9c) is STARTED
11:27:23.368 [main] INFO  c.h.c.i.c.ClientConnectionManager - training-instance [dev] [4.1] [4.0.1] Trying to connect to cluster: dev
11:27:23.374 [main] INFO  c.h.c.i.c.ClientConnectionManager - training-instance [dev] [4.1] [4.0.1] Trying to connect to [127.0.0.1]:5701
11:27:23.454 [hz.dreamy_visvesvaraya.priority-generic-operation.thread-0] INFO  c.h.c.i.p.t.AuthenticationMessageTask - [10.251.34.15]:5701 [dev] [4.1] Received auth from Connection[id=1, /127.0.0.1:5701->/127.0.0.1:61821, qualifier=null, endpoint=[127.0.0.1]:61821, alive=true, connectionType=JVM], successfully authenticated, clientUuid: 88767006-9ad6-4fa4-9e55-4d04c59eed1c, client version: 4.0.1
11:27:23.464 [main] INFO  com.hazelcast.core.LifecycleService - training-instance [dev] [4.1] [4.0.1] HazelcastClient 4.0.1 (20200409 - e086b9c) is CLIENT_CONNECTED
11:27:23.465 [main] INFO  c.h.c.i.c.ClientConnectionManager - training-instance [dev] [4.1] [4.0.1] Authenticated with server [10.251.34.15]:5701:455a9642-e94c-42be-b5e2-2c1b146b2aac, server version: 4.0.1, local address: /127.0.0.1:61821
11:27:23.475 [main] INFO  c.h.internal.diagnostics.Diagnostics - training-instance [dev] [4.1] [4.0.1] Diagnostics disabled. To enable add -Dhazelcast.diagnostics.enabled=true to the JVM arguments.
11:27:23.494 [training-instance.event-7] INFO  c.h.c.impl.spi.ClientClusterService - training-instance [dev] [4.1] [4.0.1] 

Members [1] {
	Member [10.251.34.15]:5701 - 455a9642-e94c-42be-b5e2-2c1b146b2aac
}

11:27:23.551 [main] INFO  c.h.c.i.s.ClientStatisticsService - Client statistics is enabled with period 5 seconds.
11:27:23.947 [main] WARN  o.s.b.a.o.j.JpaBaseConfiguration$JpaWebConfiguration - spring.jpa.open-in-view is enabled by default. Therefore, database queries may be performed during view rendering. Explicitly configure spring.jpa.open-in-view to disable this warning
11:27:26.752 [main] INFO  o.s.b.a.e.web.EndpointLinksResolver - Exposing 1 endpoint(s) beneath base path '/actuator'
11:27:26.949 [main] INFO  o.a.coyote.http11.Http11NioProtocol - Starting ProtocolHandler ["http-nio-8080"]
11:27:26.996 [main] INFO  o.s.b.w.e.tomcat.TomcatWebServer - Tomcat started on port 8080 (http) with context path ''
11:27:27.026 [main] INFO  c.p.c.ContactsdemoApplication - Started ContactsdemoApplication in 19.954 seconds (process running for 21.369)
11:27:27.662 [RMI TCP Connection(3)-10.251.34.15] INFO  o.a.c.c.C.[Tomcat].[localhost].[/] - Initializing Spring DispatcherServlet 'dispatcherServlet'
11:27:27.662 [RMI TCP Connection(3)-10.251.34.15] INFO  o.s.web.servlet.DispatcherServlet - Initializing Servlet 'dispatcherServlet'
11:27:27.665 [RMI TCP Connection(3)-10.251.34.15] INFO  o.s.web.servlet.DispatcherServlet - Completed initialization in 2 ms
11:27:36.392 [http-nio-8080-exec-2] INFO  c.p.c.c.f.HeadersLoggingFilter - Header user-agent=0:0:0:0:0:0:0:1, IP = user-agent
11:27:36.393 [http-nio-8080-exec-2] INFO  c.p.c.c.f.HeadersLoggingFilter - Header accept=0:0:0:0:0:0:0:1, IP = accept
11:27:36.393 [http-nio-8080-exec-2] INFO  c.p.c.c.f.HeadersLoggingFilter - Header postman-token=0:0:0:0:0:0:0:1, IP = postman-token
11:27:36.393 [http-nio-8080-exec-2] INFO  c.p.c.c.f.HeadersLoggingFilter - Header host=0:0:0:0:0:0:0:1, IP = host
11:27:36.393 [http-nio-8080-exec-2] INFO  c.p.c.c.f.HeadersLoggingFilter - Header accept-encoding=0:0:0:0:0:0:0:1, IP = accept-encoding
11:27:36.393 [http-nio-8080-exec-2] INFO  c.p.c.c.f.HeadersLoggingFilter - Header connection=0:0:0:0:0:0:0:1, IP = connection
11:27:36.395 [http-nio-8080-exec-2] INFO  c.p.c.c.loggingfilter.LoggingFilter - Request: Method=GET, URI=/api/contactReport/pdf, Headers=user-agent=PostmanRuntime/7.44.0; accept=*/*; postman-token=6064bc45-5c84-4317-8e6b-ee824c9b694c; host=localhost:8080; accept-encoding=gzip, deflate, br; connection=keep-alive; , Request ID: c7656146-14f0-4a6c-b769-fa22d8972559, Request IP  =0:0:0:0:0:0:0:1
11:27:40.528 [http-nio-8080-exec-2] INFO  c.p.c.c.loggingfilter.LoggingFilter - Response: Status=200, URI=/api/contactReport/pdf, Duration (Response Time)=4132ms, Headers=[], Payload = org.apache.catalina.connector.ResponseFacade@246e4c90
11:27:40.534 [http-nio-8080-exec-2] ERROR o.a.c.c.C.[.[.[.[dispatcherServlet] - Servlet.service() for servlet [dispatcherServlet] in context with path [] threw exception [Request processing failed: net.sf.jasperreports.engine.JRException: Unable to load report] with root cause
net.sf.jasperreports.engine.JRException: Unable to load report
	at net.sf.jasperreports.engine.xml.JRXmlLoader.loadXML(JRXmlLoader.java:172)
	at net.sf.jasperreports.engine.xml.JRXmlLoader.load(JRXmlLoader.java:149)
	at net.sf.jasperreports.engine.xml.JRXmlLoader.load(JRXmlLoader.java:120)
	at net.sf.jasperreports.engine.xml.JRXmlLoader.load(JRXmlLoader.java:98)
	at net.sf.jasperreports.engine.xml.JRXmlLoader.load(JRXmlLoader.java:89)
	at net.sf.jasperreports.engine.JasperCompileManager.compile(JasperCompileManager.java:281)
	at net.sf.jasperreports.engine.JasperCompileManager.compileReport(JasperCompileManager.java:568)
	at com.project.contactsdemo.core.report.ReportService.getItemReport(ReportService.java:46)
	at com.project.contactsdemo.core.report.ReportController.getItemReport(ReportController.java:29)
	at java.base/jdk.internal.reflect.NativeMethodAccessorImpl.invoke0(Native Method)
	at java.base/jdk.internal.reflect.NativeMethodAccessorImpl.invoke(NativeMethodAccessorImpl.java:77)
	at java.base/jdk.internal.reflect.DelegatingMethodAccessorImpl.invoke(DelegatingMethodAccessorImpl.java:43)
	at java.base/java.lang.reflect.Method.invoke(Method.java:568)
	at org.springframework.aop.support.AopUtils.invokeJoinpointUsingReflection(AopUtils.java:354)
	at org.springframework.aop.framework.ReflectiveMethodInvocation.invokeJoinpoint(ReflectiveMethodInvocation.java:196)
	at org.springframework.aop.framework.ReflectiveMethodInvocation.proceed(ReflectiveMethodInvocation.java:163)
	at org.springframework.aop.framework.CglibAopProxy$CglibMethodInvocation.proceed(CglibAopProxy.java:768)
	at org.springframework.validation.beanvalidation.MethodValidationInterceptor.invoke(MethodValidationInterceptor.java:174)
	at org.springframework.aop.framework.ReflectiveMethodInvocation.proceed(ReflectiveMethodInvocation.java:184)
	at org.springframework.aop.framework.CglibAopProxy$CglibMethodInvocation.proceed(CglibAopProxy.java:768)
	at org.springframework.aop.framework.CglibAopProxy$DynamicAdvisedInterceptor.intercept(CglibAopProxy.java:720)
	at com.project.contactsdemo.core.report.ReportController$$SpringCGLIB$$0.getItemReport(<generated>)
	at java.base/jdk.internal.reflect.NativeMethodAccessorImpl.invoke0(Native Method)
	at java.base/jdk.internal.reflect.NativeMethodAccessorImpl.invoke(NativeMethodAccessorImpl.java:77)
	at java.base/jdk.internal.reflect.DelegatingMethodAccessorImpl.invoke(DelegatingMethodAccessorImpl.java:43)
	at java.base/java.lang.reflect.Method.invoke(Method.java:568)
	at org.springframework.web.method.support.InvocableHandlerMethod.doInvoke(InvocableHandlerMethod.java:255)
	at org.springframework.web.method.support.InvocableHandlerMethod.invokeForRequest(InvocableHandlerMethod.java:188)
	at org.springframework.web.servlet.mvc.method.annotation.ServletInvocableHandlerMethod.invokeAndHandle(ServletInvocableHandlerMethod.java:118)
	at org.springframework.web.servlet.mvc.method.annotation.RequestMappingHandlerAdapter.invokeHandlerMethod(RequestMappingHandlerAdapter.java:926)
	at org.springframework.web.servlet.mvc.method.annotation.RequestMappingHandlerAdapter.handleInternal(RequestMappingHandlerAdapter.java:831)
	at org.springframework.web.servlet.mvc.method.AbstractHandlerMethodAdapter.handle(AbstractHandlerMethodAdapter.java:87)
	at org.springframework.web.servlet.DispatcherServlet.doDispatch(DispatcherServlet.java:1089)
	at org.springframework.web.servlet.DispatcherServlet.doService(DispatcherServlet.java:979)
	at org.springframework.web.servlet.FrameworkServlet.processRequest(FrameworkServlet.java:1014)
	at org.springframework.web.servlet.FrameworkServlet.doGet(FrameworkServlet.java:903)
	at jakarta.servlet.http.HttpServlet.service(HttpServlet.java:564)
	at org.springframework.web.servlet.FrameworkServlet.service(FrameworkServlet.java:885)
	at jakarta.servlet.http.HttpServlet.service(HttpServlet.java:658)
	at org.apache.catalina.core.ApplicationFilterChain.internalDoFilter(ApplicationFilterChain.java:195)
	at org.apache.catalina.core.ApplicationFilterChain.doFilter(ApplicationFilterChain.java:140)
	at org.apache.tomcat.websocket.server.WsFilter.doFilter(WsFilter.java:51)
	at org.apache.catalina.core.ApplicationFilterChain.internalDoFilter(ApplicationFilterChain.java:164)
	at org.apache.catalina.core.ApplicationFilterChain.doFilter(ApplicationFilterChain.java:140)
	at com.project.contactsdemo.core.loggingfilter.LoggingFilter.doFilterInternal(LoggingFilter.java:36)
	at org.springframework.web.filter.OncePerRequestFilter.doFilter(OncePerRequestFilter.java:116)
	at org.apache.catalina.core.ApplicationFilterChain.internalDoFilter(ApplicationFilterChain.java:164)
	at org.apache.catalina.core.ApplicationFilterChain.doFilter(ApplicationFilterChain.java:140)
	at com.project.contactsdemo.core.filtering.HeadersLoggingFilter.doFilter(HeadersLoggingFilter.java:28)
	at org.apache.catalina.core.ApplicationFilterChain.internalDoFilter(ApplicationFilterChain.java:164)
	at org.apache.catalina.core.ApplicationFilterChain.doFilter(ApplicationFilterChain.java:140)
	at org.springframework.web.filter.RequestContextFilter.doFilterInternal(RequestContextFilter.java:100)
	at org.springframework.web.filter.OncePerRequestFilter.doFilter(OncePerRequestFilter.java:116)
	at org.apache.catalina.core.ApplicationFilterChain.internalDoFilter(ApplicationFilterChain.java:164)
	at org.apache.catalina.core.ApplicationFilterChain.doFilter(ApplicationFilterChain.java:140)
	at org.springframework.web.filter.FormContentFilter.doFilterInternal(FormContentFilter.java:93)
	at org.springframework.web.filter.OncePerRequestFilter.doFilter(OncePerRequestFilter.java:116)
	at org.apache.catalina.core.ApplicationFilterChain.internalDoFilter(ApplicationFilterChain.java:164)
	at org.apache.catalina.core.ApplicationFilterChain.doFilter(ApplicationFilterChain.java:140)
	at org.springframework.web.filter.ServerHttpObservationFilter.doFilterInternal(ServerHttpObservationFilter.java:107)
	at org.springframework.web.filter.OncePerRequestFilter.doFilter(OncePerRequestFilter.java:116)
	at org.apache.catalina.core.ApplicationFilterChain.internalDoFilter(ApplicationFilterChain.java:164)
	at org.apache.catalina.core.ApplicationFilterChain.doFilter(ApplicationFilterChain.java:140)
	at org.springframework.web.filter.CharacterEncodingFilter.doFilterInternal(CharacterEncodingFilter.java:201)
	at org.springframework.web.filter.OncePerRequestFilter.doFilter(OncePerRequestFilter.java:116)
	at org.apache.catalina.core.ApplicationFilterChain.internalDoFilter(ApplicationFilterChain.java:164)
	at org.apache.catalina.core.ApplicationFilterChain.doFilter(ApplicationFilterChain.java:140)
	at org.apache.catalina.core.StandardWrapperValve.invoke(StandardWrapperValve.java:167)
	at org.apache.catalina.core.StandardContextValve.invoke(StandardContextValve.java:90)
	at org.apache.catalina.authenticator.AuthenticatorBase.invoke(AuthenticatorBase.java:482)
	at org.apache.catalina.core.StandardHostValve.invoke(StandardHostValve.java:115)
	at org.apache.catalina.valves.ErrorReportValve.invoke(ErrorReportValve.java:93)
	at org.apache.catalina.core.StandardEngineValve.invoke(StandardEngineValve.java:74)
	at org.apache.catalina.connector.CoyoteAdapter.service(CoyoteAdapter.java:344)
	at org.apache.coyote.http11.Http11Processor.service(Http11Processor.java:389)
	at org.apache.coyote.AbstractProcessorLight.process(AbstractProcessorLight.java:63)
	at org.apache.coyote.AbstractProtocol$ConnectionHandler.process(AbstractProtocol.java:904)
	at org.apache.tomcat.util.net.NioEndpoint$SocketProcessor.doRun(NioEndpoint.java:1741)
	at org.apache.tomcat.util.net.SocketProcessorBase.run(SocketProcessorBase.java:52)
	at org.apache.tomcat.util.threads.ThreadPoolExecutor.runWorker(ThreadPoolExecutor.java:1190)
	at org.apache.tomcat.util.threads.ThreadPoolExecutor$Worker.run(ThreadPoolExecutor.java:659)
	at org.apache.tomcat.util.threads.TaskThread$WrappingRunnable.run(TaskThread.java:63)
	at java.base/java.lang.Thread.run(Thread.java:842)
11:28:23.575 [Test worker] INFO  o.s.t.c.s.AnnotationConfigContextLoaderUtils - Could not detect default configuration classes for test class [com.project.contactsdemo.ContactsdemoApplicationTests]: ContactsdemoApplicationTests does not declare any static, non-private, non-final, nested classes annotated with @Configuration.
11:28:23.733 [Test worker] INFO  o.s.b.t.c.SpringBootTestContextBootstrapper - Found @SpringBootConfiguration com.project.contactsdemo.ContactsdemoApplication for test class com.project.contactsdemo.ContactsdemoApplicationTests
11:28:24.570 [background-preinit] INFO  o.h.validator.internal.util.Version - HV000001: Hibernate Validator 8.0.1.Final
11:28:24.612 [Test worker] INFO  c.p.c.ContactsdemoApplicationTests - Starting ContactsdemoApplicationTests using Java 17.0.12 with PID 24396 (started by 16381136672 in C:\Ayse Ceren - crud projects\contactsdemo)
11:28:24.614 [Test worker] INFO  c.p.c.ContactsdemoApplicationTests - No active profile set, falling back to 1 default profile: "default"
11:28:29.335 [Test worker] INFO  o.s.d.r.c.RepositoryConfigurationDelegate - Bootstrapping Spring Data JPA repositories in DEFAULT mode.
11:28:29.550 [Test worker] INFO  o.s.d.r.c.RepositoryConfigurationDelegate - Finished Spring Data repository scanning in 165 ms. Found 2 JPA repository interfaces.
11:28:33.439 [Test worker] INFO  com.zaxxer.hikari.HikariDataSource - HikariPool-1 - Starting...
11:28:34.873 [Test worker] INFO  com.zaxxer.hikari.pool.HikariPool - HikariPool-1 - Added connection org.postgresql.jdbc.PgConnection@878feb2
11:28:34.876 [Test worker] INFO  com.zaxxer.hikari.HikariDataSource - HikariPool-1 - Start completed.
11:28:37.233 [Test worker] INFO  liquibase.changelog - Reading from public.databasechangelog
11:28:37.378 [Test worker] INFO  liquibase.changelog - Reading from public.databasechangelog
11:28:37.420 [Test worker] INFO  liquibase.util - UPDATE SUMMARY
11:28:37.420 [Test worker] INFO  liquibase.util - Run:                          0
11:28:37.421 [Test worker] INFO  liquibase.util - Previously run:               2
11:28:37.421 [Test worker] INFO  liquibase.util - Filtered out:                 0
11:28:37.421 [Test worker] INFO  liquibase.util - -------------------------------
11:28:37.421 [Test worker] INFO  liquibase.util - Total change sets:            2
11:28:37.421 [Test worker] INFO  liquibase.util - Update summary generated
11:28:37.506 [Test worker] INFO  liquibase.lockservice - Successfully released change log lock
11:28:37.509 [Test worker] INFO  liquibase.command - Command execution complete
11:28:38.253 [Test worker] INFO  o.h.jpa.internal.util.LogHelper - HHH000204: Processing PersistenceUnitInfo [name: default]
11:28:38.716 [Test worker] INFO  org.hibernate.Version - HHH000412: Hibernate ORM core version 6.4.9.Final
11:28:38.769 [Test worker] INFO  o.h.c.i.RegionFactoryInitiator - HHH000026: Second-level cache disabled
11:28:39.080 [Test worker] INFO  o.s.o.j.p.SpringPersistenceUnitInfo - No LoadTimeWeaver setup: ignoring JPA class transformer
11:28:39.140 [Test worker] WARN  org.hibernate.orm.deprecation - HHH90000025: PostgreSQLDialect does not need to be specified explicitly using 'hibernate.dialect' (remove the property setting and it will be selected by default)
11:28:40.350 [Test worker] INFO  o.s.o.j.LocalContainerEntityManagerFactoryBean - Initialized JPA EntityManagerFactory for persistence unit 'default'
11:28:43.506 [Test worker] INFO  o.s.d.j.r.query.QueryEnhancerFactory - Hibernate is in classpath; If applicable, HQL parser will be used.
11:28:45.409 [Test worker] WARN  c.h.i.impl.HazelcastInstanceFactory - Hazelcast is starting in a Java modular environment (Java 9 and newer) but without proper access to required Java packages. Use additional Java arguments to provide Hazelcast access to Java internal API. The internal API access is used to get the best performance results. Arguments to be used:
 --add-modules java.se --add-exports java.base/jdk.internal.ref=ALL-UNNAMED --add-opens java.base/java.lang=ALL-UNNAMED --add-opens java.base/java.nio=ALL-UNNAMED --add-opens java.base/sun.nio.ch=ALL-UNNAMED --add-opens java.management/sun.management=ALL-UNNAMED --add-opens jdk.management/com.sun.management.internal=ALL-UNNAMED
11:28:45.442 [Test worker] INFO  c.h.i.config.AbstractConfigLocator - Loading 'hazelcast-default.xml' from the classpath.
11:28:47.460 [Test worker] INFO  c.hazelcast.instance.AddressPicker - [LOCAL] [dev] [4.1] Prefer IPv4 stack is true, prefer IPv6 addresses is false
11:28:47.507 [Test worker] INFO  c.hazelcast.instance.AddressPicker - [LOCAL] [dev] [4.1] Picked [10.251.34.15]:5702, using socket ServerSocket[addr=/0:0:0:0:0:0:0:0,localport=5702], bind any local is true
11:28:47.531 [Test worker] INFO  com.hazelcast.system - [10.251.34.15]:5702 [dev] [4.1] Hazelcast 4.0.1 (20200409 - e086b9c) starting at [10.251.34.15]:5702
11:28:47.532 [Test worker] INFO  com.hazelcast.system - [10.251.34.15]:5702 [dev] [4.1] Copyright (c) 2008-2020, Hazelcast, Inc. All Rights Reserved.
11:28:47.912 [Test worker] INFO  c.h.s.i.o.impl.BackpressureRegulator - [10.251.34.15]:5702 [dev] [4.1] Backpressure is disabled
11:28:48.193 [Test worker] INFO  com.hazelcast.instance.impl.Node - [10.251.34.15]:5702 [dev] [4.1] Creating MulticastJoiner
11:28:48.198 [Test worker] WARN  com.hazelcast.cp.CPSubsystem - [10.251.34.15]:5702 [dev] [4.1] CP Subsystem is not enabled. CP data structures will operate in UNSAFE mode! Please note that UNSAFE mode will not provide strong consistency guarantees.
11:28:48.509 [Test worker] INFO  c.h.s.i.o.impl.OperationExecutorImpl - [10.251.34.15]:5702 [dev] [4.1] Starting 16 partition threads and 9 generic threads (1 dedicated for priority tasks)
11:28:48.526 [Test worker] INFO  c.h.internal.diagnostics.Diagnostics - [10.251.34.15]:5702 [dev] [4.1] Diagnostics disabled. To enable add -Dhazelcast.diagnostics.enabled=true to the JVM arguments.
11:28:48.531 [Test worker] INFO  com.hazelcast.core.LifecycleService - [10.251.34.15]:5702 [dev] [4.1] [10.251.34.15]:5702 is STARTING
11:28:48.743 [Test worker] INFO  c.h.i.cluster.impl.MulticastJoiner - [10.251.34.15]:5702 [dev] [4.1] Trying to join to discovered node: [10.251.34.15]:5701
11:28:48.753 [hz.angry_sinoussi.cached.thread-3] INFO  c.h.internal.nio.tcp.TcpIpConnector - [10.251.34.15]:5702 [dev] [4.1] Connecting to /10.251.34.15:5701, timeout: 10000, bind-any: true
11:28:48.760 [hz.dreamy_visvesvaraya.IO.thread-in-1] INFO  c.h.internal.nio.tcp.TcpIpConnection - [10.251.34.15]:5701 [dev] [4.1] Initialized new cluster connection between /10.251.34.15:5701 and /10.251.34.15:61907
11:28:48.764 [hz.angry_sinoussi.IO.thread-in-0] INFO  c.h.internal.nio.tcp.TcpIpConnection - [10.251.34.15]:5702 [dev] [4.1] Initialized new cluster connection between /10.251.34.15:61907 and /10.251.34.15:5701
11:28:54.794 [training-instance.event-8] INFO  c.h.c.impl.spi.ClientClusterService - training-instance [dev] [4.1] [4.0.1] 

Members [2] {
	Member [10.251.34.15]:5701 - 455a9642-e94c-42be-b5e2-2c1b146b2aac
	Member [10.251.34.15]:5702 - fa333462-a4fd-4d9d-985a-e65c2ed9bf1b
}

11:28:54.796 [hz.dreamy_visvesvaraya.priority-generic-operation.thread-0] INFO  c.h.internal.cluster.ClusterService - [10.251.34.15]:5701 [dev] [4.1] 

Members {size:2, ver:2} [
	Member [10.251.34.15]:5701 - 455a9642-e94c-42be-b5e2-2c1b146b2aac this
	Member [10.251.34.15]:5702 - fa333462-a4fd-4d9d-985a-e65c2ed9bf1b
]

11:28:54.812 [hz.angry_sinoussi.priority-generic-operation.thread-0] INFO  c.h.internal.cluster.ClusterService - [10.251.34.15]:5702 [dev] [4.1] 

Members {size:2, ver:2} [
	Member [10.251.34.15]:5701 - 455a9642-e94c-42be-b5e2-2c1b146b2aac
	Member [10.251.34.15]:5702 - fa333462-a4fd-4d9d-985a-e65c2ed9bf1b this
]

11:28:54.819 [hz.angry_sinoussi.generic-operation.thread-3] INFO  c.h.c.i.p.t.AuthenticationMessageTask - [10.251.34.15]:5702 [dev] [4.1] Received auth from Connection[id=2, /10.251.34.15:5702->/10.251.34.15:61909, qualifier=null, endpoint=[10.251.34.15]:61909, alive=true, connectionType=JVM], successfully authenticated, clientUuid: 88767006-9ad6-4fa4-9e55-4d04c59eed1c, client version: 4.0.1
11:28:54.821 [training-instance.internal-10] INFO  c.h.c.i.c.ClientConnectionManager - training-instance [dev] [4.1] [4.0.1] Authenticated with server [10.251.34.15]:5702:fa333462-a4fd-4d9d-985a-e65c2ed9bf1b, server version: 4.0.1, local address: /10.251.34.15:61909
11:28:55.808 [Test worker] INFO  com.hazelcast.core.LifecycleService - [10.251.34.15]:5702 [dev] [4.1] [10.251.34.15]:5702 is STARTED
11:28:58.727 [Test worker] INFO  c.h.c.i.spi.ClientInvocationService - training-instance [dev] [4.1] [4.0.1] Running with 2 response threads, dynamic=true
11:28:59.247 [Test worker] INFO  com.hazelcast.core.LifecycleService - training-instance [dev] [4.1] [4.0.1] HazelcastClient 4.0.1 (20200409 - e086b9c) is STARTING
11:28:59.253 [Test worker] INFO  com.hazelcast.core.LifecycleService - training-instance [dev] [4.1] [4.0.1] HazelcastClient 4.0.1 (20200409 - e086b9c) is STARTED
11:28:59.357 [Test worker] INFO  c.h.c.i.c.ClientConnectionManager - training-instance [dev] [4.1] [4.0.1] Trying to connect to cluster: dev
11:28:59.375 [Test worker] INFO  c.h.c.i.c.ClientConnectionManager - training-instance [dev] [4.1] [4.0.1] Trying to connect to [127.0.0.1]:5701
11:28:59.434 [hz.dreamy_visvesvaraya.priority-generic-operation.thread-0] INFO  c.h.c.i.p.t.AuthenticationMessageTask - [10.251.34.15]:5701 [dev] [4.1] Received auth from Connection[id=3, /127.0.0.1:5701->/127.0.0.1:61913, qualifier=null, endpoint=[127.0.0.1]:61913, alive=true, connectionType=JVM], successfully authenticated, clientUuid: 2c4bc41d-5b60-4b90-a9db-d1d78d883759, client version: 4.0.1
11:28:59.454 [Test worker] INFO  com.hazelcast.core.LifecycleService - training-instance [dev] [4.1] [4.0.1] HazelcastClient 4.0.1 (20200409 - e086b9c) is CLIENT_CONNECTED
11:28:59.455 [Test worker] INFO  c.h.c.i.c.ClientConnectionManager - training-instance [dev] [4.1] [4.0.1] Authenticated with server [10.251.34.15]:5701:455a9642-e94c-42be-b5e2-2c1b146b2aac, server version: 4.0.1, local address: /127.0.0.1:61913
11:28:59.508 [training-instance.event-8] INFO  c.h.c.impl.spi.ClientClusterService - training-instance [dev] [4.1] [4.0.1] 

Members [2] {
	Member [10.251.34.15]:5701 - 455a9642-e94c-42be-b5e2-2c1b146b2aac
	Member [10.251.34.15]:5702 - fa333462-a4fd-4d9d-985a-e65c2ed9bf1b
}

11:28:59.512 [Test worker] INFO  c.h.internal.diagnostics.Diagnostics - training-instance [dev] [4.1] [4.0.1] Diagnostics disabled. To enable add -Dhazelcast.diagnostics.enabled=true to the JVM arguments.
11:28:59.553 [hz.angry_sinoussi.priority-generic-operation.thread-0] INFO  c.h.c.i.p.t.AuthenticationMessageTask - [10.251.34.15]:5702 [dev] [4.1] Received auth from Connection[id=3, /10.251.34.15:5702->/10.251.34.15:61914, qualifier=null, endpoint=[10.251.34.15]:61914, alive=true, connectionType=JVM], successfully authenticated, clientUuid: 2c4bc41d-5b60-4b90-a9db-d1d78d883759, client version: 4.0.1
11:28:59.557 [Test worker] INFO  c.h.c.i.c.ClientConnectionManager - training-instance [dev] [4.1] [4.0.1] Authenticated with server [10.251.34.15]:5702:fa333462-a4fd-4d9d-985a-e65c2ed9bf1b, server version: 4.0.1, local address: /10.251.34.15:61914
11:28:59.815 [Test worker] INFO  c.h.c.i.s.ClientStatisticsService - Client statistics is enabled with period 5 seconds.
11:29:02.600 [Test worker] WARN  o.s.b.a.o.j.JpaBaseConfiguration$JpaWebConfiguration - spring.jpa.open-in-view is enabled by default. Therefore, database queries may be performed during view rendering. Explicitly configure spring.jpa.open-in-view to disable this warning
11:29:09.019 [Test worker] INFO  o.s.b.a.e.web.EndpointLinksResolver - Exposing 1 endpoint(s) beneath base path '/actuator'
11:29:09.443 [Test worker] INFO  c.p.c.ContactsdemoApplicationTests - Started ContactsdemoApplicationTests in 45.423 seconds (process running for 47.833)
11:29:10.669 [hz.dreamy_visvesvaraya.IO.thread-in-1] INFO  c.h.internal.nio.tcp.TcpIpConnection - [10.251.34.15]:5701 [dev] [4.1] Connection[id=2, /10.251.34.15:5701->/10.251.34.15:61907, qualifier=null, endpoint=[10.251.34.15]:5702, alive=false, connectionType=MEMBER] closed. Reason: Connection closed by the other side
11:29:10.676 [hz.dreamy_visvesvaraya.IO.thread-in-2] INFO  c.h.internal.nio.tcp.TcpIpConnection - [10.251.34.15]:5701 [dev] [4.1] Connection[id=3, /127.0.0.1:5701->/127.0.0.1:61913, qualifier=null, endpoint=[127.0.0.1]:61913, alive=false, connectionType=JVM] closed. Reason: Connection closed by the other side
11:29:10.676 [hz.dreamy_visvesvaraya.event-4] INFO  c.h.c.impl.ClientEndpointManager - [10.251.34.15]:5701 [dev] [4.1] Destroying ClientEndpoint{connection=Connection[id=3, /127.0.0.1:5701->/127.0.0.1:61913, qualifier=null, endpoint=[127.0.0.1]:61913, alive=false, connectionType=JVM], clientUuid='2c4bc41d-5b60-4b90-a9db-d1d78d883759, authenticated=true, clientVersion=4.0.1, creationTime=1747816139434, latest clientAttributes=lastStatisticsCollectionTime=1747816149823,enterprise=false,clientType=JVM,clientVersion=4.0.1,clusterConnectionTimestamp=1747816139381,clientAddress=127.0.0.1,clientName=training-instance,credentials.principal=null,os.committedVirtualMemorySize=0,os.freePhysicalMemorySize=15076892672,os.freeSwapSpaceSize=0,os.maxFileDescriptorCount=0,os.openFileDescriptorCount=0,os.processCpuTime=0,os.systemLoadAverage=-1.0,os.totalPhysicalMemorySize=34358550528,os.totalSwapSpaceSize=0,runtime.availableProcessors=16,runtime.freeMemory=29424520,runtime.maxMemory=536870912,runtime.totalMemory=99614720,runtime.uptime=48220,runtime.usedMemory=70191368,executionService.userExecutorQueueSize=0}
11:29:10.680 [hz.dreamy_visvesvaraya.cached.thread-20] INFO  c.h.internal.nio.tcp.TcpIpConnector - [10.251.34.15]:5701 [dev] [4.1] Connecting to /10.251.34.15:5702, timeout: 10000, bind-any: true
11:29:10.681 [hz.training-instance.IO.thread-in-0] INFO  c.h.c.i.c.nio.ClientConnection - training-instance [dev] [4.1] [4.0.1] ClientConnection{alive=false, connectionId=2, channel=NioChannel{/10.251.34.15:61909->/10.251.34.15:5702}, remoteEndpoint=[10.251.34.15]:5702, lastReadTime=2025-05-21 11:29:10.680, lastWriteTime=2025-05-21 11:29:08.563, closedTime=2025-05-21 11:29:10.680, connected server version=4.0.1} closed. Reason: Connection closed by the other side
11:29:10.683 [hz.training-instance.IO.thread-in-0] INFO  c.h.c.i.c.ClientConnectionManager - training-instance [dev] [4.1] [4.0.1] Removed connection to endpoint: [10.251.34.15]:5702:fa333462-a4fd-4d9d-985a-e65c2ed9bf1b, connection: ClientConnection{alive=false, connectionId=2, channel=NioChannel{/10.251.34.15:61909->/10.251.34.15:5702}, remoteEndpoint=[10.251.34.15]:5702, lastReadTime=2025-05-21 11:29:10.680, lastWriteTime=2025-05-21 11:29:08.563, closedTime=2025-05-21 11:29:10.680, connected server version=4.0.1}
11:29:10.704 [SpringApplicationShutdownHook] INFO  o.s.o.j.LocalContainerEntityManagerFactoryBean - Closing JPA EntityManagerFactory for persistence unit 'default'
11:29:10.721 [SpringApplicationShutdownHook] INFO  com.zaxxer.hikari.HikariDataSource - HikariPool-1 - Shutdown initiated...
11:29:10.732 [SpringApplicationShutdownHook] INFO  com.zaxxer.hikari.HikariDataSource - HikariPool-1 - Shutdown completed.
11:29:12.716 [hz.dreamy_visvesvaraya.cached.thread-20] INFO  c.h.internal.nio.tcp.TcpIpConnector - [10.251.34.15]:5701 [dev] [4.1] Could not connect to: /10.251.34.15:5702. Reason: SocketException[Connection refused: no further information to address /10.251.34.15:5702]
11:29:12.824 [hz.dreamy_visvesvaraya.cached.thread-20] INFO  c.h.internal.nio.tcp.TcpIpConnector - [10.251.34.15]:5701 [dev] [4.1] Connecting to /10.251.34.15:5702, timeout: 10000, bind-any: true
11:29:14.856 [hz.dreamy_visvesvaraya.cached.thread-20] INFO  c.h.internal.nio.tcp.TcpIpConnector - [10.251.34.15]:5701 [dev] [4.1] Could not connect to: /10.251.34.15:5702. Reason: SocketException[Connection refused: no further information to address /10.251.34.15:5702]
11:29:14.964 [hz.dreamy_visvesvaraya.cached.thread-20] INFO  c.h.internal.nio.tcp.TcpIpConnector - [10.251.34.15]:5701 [dev] [4.1] Connecting to /10.251.34.15:5702, timeout: 10000, bind-any: true
11:29:17.010 [hz.dreamy_visvesvaraya.cached.thread-20] INFO  c.h.internal.nio.tcp.TcpIpConnector - [10.251.34.15]:5701 [dev] [4.1] Could not connect to: /10.251.34.15:5702. Reason: SocketException[Connection refused: no further information to address /10.251.34.15:5702]
11:29:17.011 [hz.dreamy_visvesvaraya.cached.thread-20] WARN  c.h.i.n.t.TcpIpConnectionErrorHandler - [10.251.34.15]:5701 [dev] [4.1] Removing connection to endpoint [10.251.34.15]:5702 Cause => java.net.SocketException {Connection refused: no further information to address /10.251.34.15:5702}, Error-Count: 5
11:29:17.013 [hz.dreamy_visvesvaraya.cached.thread-20] INFO  c.h.i.cluster.impl.MembershipManager - [10.251.34.15]:5701 [dev] [4.1] Removing Member [10.251.34.15]:5702 - fa333462-a4fd-4d9d-985a-e65c2ed9bf1b
11:29:17.018 [hz.dreamy_visvesvaraya.cached.thread-20] INFO  c.h.internal.cluster.ClusterService - [10.251.34.15]:5701 [dev] [4.1] 

Members {size:1, ver:3} [
	Member [10.251.34.15]:5701 - 455a9642-e94c-42be-b5e2-2c1b146b2aac this
]

11:29:17.020 [training-instance.event-10] INFO  c.h.c.impl.spi.ClientClusterService - training-instance [dev] [4.1] [4.0.1] 

Members [1] {
	Member [10.251.34.15]:5701 - 455a9642-e94c-42be-b5e2-2c1b146b2aac
}

11:29:17.022 [hz.dreamy_visvesvaraya.cached.thread-3] INFO  c.h.t.TransactionManagerService - [10.251.34.15]:5701 [dev] [4.1] Committing/rolling-back live transactions of [10.251.34.15]:5702, UUID: fa333462-a4fd-4d9d-985a-e65c2ed9bf1b
11:32:39.853 [SpringApplicationShutdownHook] INFO  o.s.o.j.LocalContainerEntityManagerFactoryBean - Closing JPA EntityManagerFactory for persistence unit 'default'
11:32:39.857 [SpringApplicationShutdownHook] INFO  com.zaxxer.hikari.HikariDataSource - HikariPool-1 - Shutdown initiated...
11:32:39.863 [SpringApplicationShutdownHook] INFO  com.zaxxer.hikari.HikariDataSource - HikariPool-1 - Shutdown completed.
11:32:44.550 [background-preinit] INFO  o.h.validator.internal.util.Version - HV000001: Hibernate Validator 8.0.1.Final
11:32:44.617 [main] INFO  c.p.c.ContactsdemoApplication - Starting ContactsdemoApplication using Java 17.0.12 with PID 18840 (C:\Ayse Ceren - crud projects\contactsdemo\build\classes\java\main started by 16381136672 in C:\Ayse Ceren - crud projects\contactsdemo)
11:32:44.619 [main] INFO  c.p.c.ContactsdemoApplication - No active profile set, falling back to 1 default profile: "default"
11:32:46.339 [main] INFO  o.s.d.r.c.RepositoryConfigurationDelegate - Bootstrapping Spring Data JPA repositories in DEFAULT mode.
11:32:46.469 [main] INFO  o.s.d.r.c.RepositoryConfigurationDelegate - Finished Spring Data repository scanning in 119 ms. Found 2 JPA repository interfaces.
11:32:47.700 [main] INFO  o.s.b.w.e.tomcat.TomcatWebServer - Tomcat initialized with port 8080 (http)
11:32:47.711 [main] INFO  o.a.coyote.http11.Http11NioProtocol - Initializing ProtocolHandler ["http-nio-8080"]
11:32:47.714 [main] INFO  o.a.catalina.core.StandardService - Starting service [Tomcat]
11:32:47.714 [main] INFO  o.a.catalina.core.StandardEngine - Starting Servlet engine: [Apache Tomcat/10.1.25]
11:32:47.822 [main] INFO  o.a.c.c.C.[Tomcat].[localhost].[/] - Initializing Spring embedded WebApplicationContext
11:32:47.822 [main] INFO  o.s.b.w.s.c.ServletWebServerApplicationContext - Root WebApplicationContext: initialization completed in 3130 ms
11:32:48.282 [main] INFO  com.zaxxer.hikari.HikariDataSource - HikariPool-1 - Starting...
11:32:48.463 [main] INFO  com.zaxxer.hikari.pool.HikariPool - HikariPool-1 - Added connection org.postgresql.jdbc.PgConnection@39685204
11:32:48.466 [main] INFO  com.zaxxer.hikari.HikariDataSource - HikariPool-1 - Start completed.
11:32:49.296 [main] INFO  liquibase.changelog - Reading from public.databasechangelog
11:32:49.377 [main] INFO  liquibase.changelog - Reading from public.databasechangelog
11:32:49.385 [main] INFO  liquibase.util - UPDATE SUMMARY
11:32:49.385 [main] INFO  liquibase.util - Run:                          0
11:32:49.385 [main] INFO  liquibase.util - Previously run:               2
11:32:49.385 [main] INFO  liquibase.util - Filtered out:                 0
11:32:49.386 [main] INFO  liquibase.util - -------------------------------
11:32:49.386 [main] INFO  liquibase.util - Total change sets:            2
11:32:49.386 [main] INFO  liquibase.util - Update summary generated
11:32:49.416 [main] INFO  liquibase.lockservice - Successfully released change log lock
11:32:49.419 [main] INFO  liquibase.command - Command execution complete
11:32:49.555 [main] INFO  o.h.jpa.internal.util.LogHelper - HHH000204: Processing PersistenceUnitInfo [name: default]
11:32:49.627 [main] INFO  org.hibernate.Version - HHH000412: Hibernate ORM core version 6.4.9.Final
11:32:49.672 [main] INFO  o.h.c.i.RegionFactoryInitiator - HHH000026: Second-level cache disabled
11:32:49.996 [main] INFO  o.s.o.j.p.SpringPersistenceUnitInfo - No LoadTimeWeaver setup: ignoring JPA class transformer
11:32:50.056 [main] WARN  org.hibernate.orm.deprecation - HHH90000025: PostgreSQLDialect does not need to be specified explicitly using 'hibernate.dialect' (remove the property setting and it will be selected by default)
11:32:51.367 [main] INFO  o.s.o.j.LocalContainerEntityManagerFactoryBean - Initialized JPA EntityManagerFactory for persistence unit 'default'
11:32:51.796 [main] INFO  o.s.d.j.r.query.QueryEnhancerFactory - Hibernate is in classpath; If applicable, HQL parser will be used.
11:32:54.051 [main] WARN  c.h.i.impl.HazelcastInstanceFactory - Hazelcast is starting in a Java modular environment (Java 9 and newer) but without proper access to required Java packages. Use additional Java arguments to provide Hazelcast access to Java internal API. The internal API access is used to get the best performance results. Arguments to be used:
 --add-modules java.se --add-exports java.base/jdk.internal.ref=ALL-UNNAMED --add-opens java.base/java.lang=ALL-UNNAMED --add-opens java.base/java.nio=ALL-UNNAMED --add-opens java.base/sun.nio.ch=ALL-UNNAMED --add-opens java.management/sun.management=ALL-UNNAMED --add-opens jdk.management/com.sun.management.internal=ALL-UNNAMED
11:32:54.061 [main] INFO  c.h.i.config.AbstractConfigLocator - Loading 'hazelcast-default.xml' from the classpath.
11:32:54.926 [main] INFO  c.hazelcast.instance.AddressPicker - [LOCAL] [dev] [4.1] Prefer IPv4 stack is true, prefer IPv6 addresses is false
11:32:54.975 [main] INFO  c.hazelcast.instance.AddressPicker - [LOCAL] [dev] [4.1] Picked [10.251.34.15]:5701, using socket ServerSocket[addr=/0:0:0:0:0:0:0:0,localport=5701], bind any local is true
11:32:55.021 [main] INFO  com.hazelcast.system - [10.251.34.15]:5701 [dev] [4.1] Hazelcast 4.0.1 (20200409 - e086b9c) starting at [10.251.34.15]:5701
11:32:55.021 [main] INFO  com.hazelcast.system - [10.251.34.15]:5701 [dev] [4.1] Copyright (c) 2008-2020, Hazelcast, Inc. All Rights Reserved.
11:32:56.206 [main] INFO  c.h.s.i.o.impl.BackpressureRegulator - [10.251.34.15]:5701 [dev] [4.1] Backpressure is disabled
11:32:57.392 [main] INFO  com.hazelcast.instance.impl.Node - [10.251.34.15]:5701 [dev] [4.1] Creating MulticastJoiner
11:32:57.408 [main] WARN  com.hazelcast.cp.CPSubsystem - [10.251.34.15]:5701 [dev] [4.1] CP Subsystem is not enabled. CP data structures will operate in UNSAFE mode! Please note that UNSAFE mode will not provide strong consistency guarantees.
11:32:58.102 [main] INFO  c.h.s.i.o.impl.OperationExecutorImpl - [10.251.34.15]:5701 [dev] [4.1] Starting 16 partition threads and 9 generic threads (1 dedicated for priority tasks)
11:32:58.119 [main] INFO  c.h.internal.diagnostics.Diagnostics - [10.251.34.15]:5701 [dev] [4.1] Diagnostics disabled. To enable add -Dhazelcast.diagnostics.enabled=true to the JVM arguments.
11:32:58.150 [main] INFO  com.hazelcast.core.LifecycleService - [10.251.34.15]:5701 [dev] [4.1] [10.251.34.15]:5701 is STARTING
11:33:01.193 [main] INFO  c.h.internal.cluster.ClusterService - [10.251.34.15]:5701 [dev] [4.1] 

Members {size:1, ver:1} [
	Member [10.251.34.15]:5701 - 8349e799-8868-4d4e-a345-b7711ca3489f this
]

11:33:01.239 [main] INFO  com.hazelcast.core.LifecycleService - [10.251.34.15]:5701 [dev] [4.1] [10.251.34.15]:5701 is STARTED
11:33:01.775 [hz.stoic_robinson.HealthMonitor] INFO  c.h.i.diagnostics.HealthMonitor - [10.251.34.15]:5701 [dev] [4.1] processors=16, physical.memory.total=32,0G, physical.memory.free=14,4G, swap.space.total=0, swap.space.free=0, heap.memory.used=62,0M, heap.memory.free=74,0M, heap.memory.total=136,0M, heap.memory.max=8,0G, heap.memory.used/total=45,38%, heap.memory.used/max=0,75%, minor.gc.count=15, minor.gc.time=116ms, major.gc.count=0, major.gc.time=0ms, load.process=0,00%, load.system=100,00%, load.systemAverage=n/a thread.count=68, thread.peakCount=69, cluster.timeDiff=0, event.q.size=0, executor.q.async.size=0, executor.q.client.size=0, executor.q.client.query.size=0, executor.q.client.blocking.size=0, executor.q.query.size=0, executor.q.scheduled.size=0, executor.q.io.size=0, executor.q.system.size=0, executor.q.operations.size=0, executor.q.priorityOperation.size=0, operations.completed.count=1, executor.q.mapLoad.size=0, executor.q.mapLoadAllKeys.size=0, executor.q.cluster.size=0, executor.q.response.size=0, operations.running.count=0, operations.pending.invocations.percentage=0,00%, operations.pending.invocations.count=0, proxy.count=0, clientEndpoint.count=0, connection.active.count=0, client.connection.count=0, connection.count=0
11:33:02.343 [main] INFO  c.h.c.i.spi.ClientInvocationService - training-instance [dev] [4.1] [4.0.1] Running with 2 response threads, dynamic=true
11:33:02.656 [main] INFO  com.hazelcast.core.LifecycleService - training-instance [dev] [4.1] [4.0.1] HazelcastClient 4.0.1 (20200409 - e086b9c) is STARTING
11:33:02.658 [main] INFO  com.hazelcast.core.LifecycleService - training-instance [dev] [4.1] [4.0.1] HazelcastClient 4.0.1 (20200409 - e086b9c) is STARTED
11:33:02.700 [main] INFO  c.h.c.i.c.ClientConnectionManager - training-instance [dev] [4.1] [4.0.1] Trying to connect to cluster: dev
11:33:02.711 [main] INFO  c.h.c.i.c.ClientConnectionManager - training-instance [dev] [4.1] [4.0.1] Trying to connect to [127.0.0.1]:5701
11:33:02.814 [hz.stoic_robinson.priority-generic-operation.thread-0] INFO  c.h.c.i.p.t.AuthenticationMessageTask - [10.251.34.15]:5701 [dev] [4.1] Received auth from Connection[id=1, /127.0.0.1:5701->/127.0.0.1:62141, qualifier=null, endpoint=[127.0.0.1]:62141, alive=true, connectionType=JVM], successfully authenticated, clientUuid: 61ddc91d-0fff-4c68-ac3b-9bd8d911dcfa, client version: 4.0.1
11:33:02.824 [main] INFO  com.hazelcast.core.LifecycleService - training-instance [dev] [4.1] [4.0.1] HazelcastClient 4.0.1 (20200409 - e086b9c) is CLIENT_CONNECTED
11:33:02.824 [main] INFO  c.h.c.i.c.ClientConnectionManager - training-instance [dev] [4.1] [4.0.1] Authenticated with server [10.251.34.15]:5701:8349e799-8868-4d4e-a345-b7711ca3489f, server version: 4.0.1, local address: /127.0.0.1:62141
11:33:02.836 [main] INFO  c.h.internal.diagnostics.Diagnostics - training-instance [dev] [4.1] [4.0.1] Diagnostics disabled. To enable add -Dhazelcast.diagnostics.enabled=true to the JVM arguments.
11:33:02.854 [training-instance.event-9] INFO  c.h.c.impl.spi.ClientClusterService - training-instance [dev] [4.1] [4.0.1] 

Members [1] {
	Member [10.251.34.15]:5701 - 8349e799-8868-4d4e-a345-b7711ca3489f
}

11:33:02.924 [main] INFO  c.h.c.i.s.ClientStatisticsService - Client statistics is enabled with period 5 seconds.
11:33:03.346 [main] WARN  o.s.b.a.o.j.JpaBaseConfiguration$JpaWebConfiguration - spring.jpa.open-in-view is enabled by default. Therefore, database queries may be performed during view rendering. Explicitly configure spring.jpa.open-in-view to disable this warning
11:33:06.354 [main] INFO  o.s.b.a.e.web.EndpointLinksResolver - Exposing 1 endpoint(s) beneath base path '/actuator'
11:33:06.594 [main] INFO  o.a.coyote.http11.Http11NioProtocol - Starting ProtocolHandler ["http-nio-8080"]
11:33:06.650 [main] INFO  o.s.b.w.e.tomcat.TomcatWebServer - Tomcat started on port 8080 (http) with context path ''
11:33:06.680 [main] INFO  c.p.c.ContactsdemoApplication - Started ContactsdemoApplication in 22.653 seconds (process running for 24.354)
11:33:07.634 [RMI TCP Connection(4)-10.251.34.15] INFO  o.a.c.c.C.[Tomcat].[localhost].[/] - Initializing Spring DispatcherServlet 'dispatcherServlet'
11:33:07.634 [RMI TCP Connection(4)-10.251.34.15] INFO  o.s.web.servlet.DispatcherServlet - Initializing Servlet 'dispatcherServlet'
11:33:07.636 [RMI TCP Connection(4)-10.251.34.15] INFO  o.s.web.servlet.DispatcherServlet - Completed initialization in 2 ms
11:33:12.599 [http-nio-8080-exec-2] INFO  c.p.c.c.f.HeadersLoggingFilter - Header user-agent=0:0:0:0:0:0:0:1, IP = user-agent
11:33:12.601 [http-nio-8080-exec-2] INFO  c.p.c.c.f.HeadersLoggingFilter - Header accept=0:0:0:0:0:0:0:1, IP = accept
11:33:12.601 [http-nio-8080-exec-2] INFO  c.p.c.c.f.HeadersLoggingFilter - Header postman-token=0:0:0:0:0:0:0:1, IP = postman-token
11:33:12.601 [http-nio-8080-exec-2] INFO  c.p.c.c.f.HeadersLoggingFilter - Header host=0:0:0:0:0:0:0:1, IP = host
11:33:12.601 [http-nio-8080-exec-2] INFO  c.p.c.c.f.HeadersLoggingFilter - Header accept-encoding=0:0:0:0:0:0:0:1, IP = accept-encoding
11:33:12.601 [http-nio-8080-exec-2] INFO  c.p.c.c.f.HeadersLoggingFilter - Header connection=0:0:0:0:0:0:0:1, IP = connection
11:33:12.603 [http-nio-8080-exec-2] INFO  c.p.c.c.loggingfilter.LoggingFilter - Request: Method=GET, URI=/api/contactReport/pdf, Headers=user-agent=PostmanRuntime/7.44.0; accept=*/*; postman-token=96b99abb-a5fb-42c2-8cc3-6d6170586936; host=localhost:8080; accept-encoding=gzip, deflate, br; connection=keep-alive; , Request ID: bee4118e-f5e9-4867-8412-25974e42d152, Request IP  =0:0:0:0:0:0:0:1
11:33:17.423 [http-nio-8080-exec-2] INFO  c.p.c.c.loggingfilter.LoggingFilter - Response: Status=200, URI=/api/contactReport/pdf, Duration (Response Time)=4820ms, Headers=[], Payload = org.apache.catalina.connector.ResponseFacade@6bf59753
11:33:17.431 [http-nio-8080-exec-2] ERROR o.a.c.c.C.[.[.[.[dispatcherServlet] - Servlet.service() for servlet [dispatcherServlet] in context with path [] threw exception [Request processing failed: net.sf.jasperreports.engine.JRException: Unable to load report] with root cause
net.sf.jasperreports.engine.JRException: Unable to load report
	at net.sf.jasperreports.engine.xml.JRXmlLoader.loadXML(JRXmlLoader.java:172)
	at net.sf.jasperreports.engine.xml.JRXmlLoader.load(JRXmlLoader.java:149)
	at net.sf.jasperreports.engine.xml.JRXmlLoader.load(JRXmlLoader.java:120)
	at net.sf.jasperreports.engine.xml.JRXmlLoader.load(JRXmlLoader.java:98)
	at net.sf.jasperreports.engine.xml.JRXmlLoader.load(JRXmlLoader.java:89)
	at net.sf.jasperreports.engine.JasperCompileManager.compile(JasperCompileManager.java:281)
	at net.sf.jasperreports.engine.JasperCompileManager.compileReport(JasperCompileManager.java:568)
	at com.project.contactsdemo.core.report.ReportService.getItemReport(ReportService.java:46)
	at com.project.contactsdemo.core.report.ReportController.getItemReport(ReportController.java:29)
	at java.base/jdk.internal.reflect.NativeMethodAccessorImpl.invoke0(Native Method)
	at java.base/jdk.internal.reflect.NativeMethodAccessorImpl.invoke(NativeMethodAccessorImpl.java:77)
	at java.base/jdk.internal.reflect.DelegatingMethodAccessorImpl.invoke(DelegatingMethodAccessorImpl.java:43)
	at java.base/java.lang.reflect.Method.invoke(Method.java:568)
	at org.springframework.aop.support.AopUtils.invokeJoinpointUsingReflection(AopUtils.java:354)
	at org.springframework.aop.framework.ReflectiveMethodInvocation.invokeJoinpoint(ReflectiveMethodInvocation.java:196)
	at org.springframework.aop.framework.ReflectiveMethodInvocation.proceed(ReflectiveMethodInvocation.java:163)
	at org.springframework.aop.framework.CglibAopProxy$CglibMethodInvocation.proceed(CglibAopProxy.java:768)
	at org.springframework.validation.beanvalidation.MethodValidationInterceptor.invoke(MethodValidationInterceptor.java:174)
	at org.springframework.aop.framework.ReflectiveMethodInvocation.proceed(ReflectiveMethodInvocation.java:184)
	at org.springframework.aop.framework.CglibAopProxy$CglibMethodInvocation.proceed(CglibAopProxy.java:768)
	at org.springframework.aop.framework.CglibAopProxy$DynamicAdvisedInterceptor.intercept(CglibAopProxy.java:720)
	at com.project.contactsdemo.core.report.ReportController$$SpringCGLIB$$0.getItemReport(<generated>)
	at java.base/jdk.internal.reflect.NativeMethodAccessorImpl.invoke0(Native Method)
	at java.base/jdk.internal.reflect.NativeMethodAccessorImpl.invoke(NativeMethodAccessorImpl.java:77)
	at java.base/jdk.internal.reflect.DelegatingMethodAccessorImpl.invoke(DelegatingMethodAccessorImpl.java:43)
	at java.base/java.lang.reflect.Method.invoke(Method.java:568)
	at org.springframework.web.method.support.InvocableHandlerMethod.doInvoke(InvocableHandlerMethod.java:255)
	at org.springframework.web.method.support.InvocableHandlerMethod.invokeForRequest(InvocableHandlerMethod.java:188)
	at org.springframework.web.servlet.mvc.method.annotation.ServletInvocableHandlerMethod.invokeAndHandle(ServletInvocableHandlerMethod.java:118)
	at org.springframework.web.servlet.mvc.method.annotation.RequestMappingHandlerAdapter.invokeHandlerMethod(RequestMappingHandlerAdapter.java:926)
	at org.springframework.web.servlet.mvc.method.annotation.RequestMappingHandlerAdapter.handleInternal(RequestMappingHandlerAdapter.java:831)
	at org.springframework.web.servlet.mvc.method.AbstractHandlerMethodAdapter.handle(AbstractHandlerMethodAdapter.java:87)
	at org.springframework.web.servlet.DispatcherServlet.doDispatch(DispatcherServlet.java:1089)
	at org.springframework.web.servlet.DispatcherServlet.doService(DispatcherServlet.java:979)
	at org.springframework.web.servlet.FrameworkServlet.processRequest(FrameworkServlet.java:1014)
	at org.springframework.web.servlet.FrameworkServlet.doGet(FrameworkServlet.java:903)
	at jakarta.servlet.http.HttpServlet.service(HttpServlet.java:564)
	at org.springframework.web.servlet.FrameworkServlet.service(FrameworkServlet.java:885)
	at jakarta.servlet.http.HttpServlet.service(HttpServlet.java:658)
	at org.apache.catalina.core.ApplicationFilterChain.internalDoFilter(ApplicationFilterChain.java:195)
	at org.apache.catalina.core.ApplicationFilterChain.doFilter(ApplicationFilterChain.java:140)
	at org.apache.tomcat.websocket.server.WsFilter.doFilter(WsFilter.java:51)
	at org.apache.catalina.core.ApplicationFilterChain.internalDoFilter(ApplicationFilterChain.java:164)
	at org.apache.catalina.core.ApplicationFilterChain.doFilter(ApplicationFilterChain.java:140)
	at com.project.contactsdemo.core.loggingfilter.LoggingFilter.doFilterInternal(LoggingFilter.java:36)
	at org.springframework.web.filter.OncePerRequestFilter.doFilter(OncePerRequestFilter.java:116)
	at org.apache.catalina.core.ApplicationFilterChain.internalDoFilter(ApplicationFilterChain.java:164)
	at org.apache.catalina.core.ApplicationFilterChain.doFilter(ApplicationFilterChain.java:140)
	at com.project.contactsdemo.core.filtering.HeadersLoggingFilter.doFilter(HeadersLoggingFilter.java:28)
	at org.apache.catalina.core.ApplicationFilterChain.internalDoFilter(ApplicationFilterChain.java:164)
	at org.apache.catalina.core.ApplicationFilterChain.doFilter(ApplicationFilterChain.java:140)
	at org.springframework.web.filter.RequestContextFilter.doFilterInternal(RequestContextFilter.java:100)
	at org.springframework.web.filter.OncePerRequestFilter.doFilter(OncePerRequestFilter.java:116)
	at org.apache.catalina.core.ApplicationFilterChain.internalDoFilter(ApplicationFilterChain.java:164)
	at org.apache.catalina.core.ApplicationFilterChain.doFilter(ApplicationFilterChain.java:140)
	at org.springframework.web.filter.FormContentFilter.doFilterInternal(FormContentFilter.java:93)
	at org.springframework.web.filter.OncePerRequestFilter.doFilter(OncePerRequestFilter.java:116)
	at org.apache.catalina.core.ApplicationFilterChain.internalDoFilter(ApplicationFilterChain.java:164)
	at org.apache.catalina.core.ApplicationFilterChain.doFilter(ApplicationFilterChain.java:140)
	at org.springframework.web.filter.ServerHttpObservationFilter.doFilterInternal(ServerHttpObservationFilter.java:107)
	at org.springframework.web.filter.OncePerRequestFilter.doFilter(OncePerRequestFilter.java:116)
	at org.apache.catalina.core.ApplicationFilterChain.internalDoFilter(ApplicationFilterChain.java:164)
	at org.apache.catalina.core.ApplicationFilterChain.doFilter(ApplicationFilterChain.java:140)
	at org.springframework.web.filter.CharacterEncodingFilter.doFilterInternal(CharacterEncodingFilter.java:201)
	at org.springframework.web.filter.OncePerRequestFilter.doFilter(OncePerRequestFilter.java:116)
	at org.apache.catalina.core.ApplicationFilterChain.internalDoFilter(ApplicationFilterChain.java:164)
	at org.apache.catalina.core.ApplicationFilterChain.doFilter(ApplicationFilterChain.java:140)
	at org.apache.catalina.core.StandardWrapperValve.invoke(StandardWrapperValve.java:167)
	at org.apache.catalina.core.StandardContextValve.invoke(StandardContextValve.java:90)
	at org.apache.catalina.authenticator.AuthenticatorBase.invoke(AuthenticatorBase.java:482)
	at org.apache.catalina.core.StandardHostValve.invoke(StandardHostValve.java:115)
	at org.apache.catalina.valves.ErrorReportValve.invoke(ErrorReportValve.java:93)
	at org.apache.catalina.core.StandardEngineValve.invoke(StandardEngineValve.java:74)
	at org.apache.catalina.connector.CoyoteAdapter.service(CoyoteAdapter.java:344)
	at org.apache.coyote.http11.Http11Processor.service(Http11Processor.java:389)
	at org.apache.coyote.AbstractProcessorLight.process(AbstractProcessorLight.java:63)
	at org.apache.coyote.AbstractProtocol$ConnectionHandler.process(AbstractProtocol.java:904)
	at org.apache.tomcat.util.net.NioEndpoint$SocketProcessor.doRun(NioEndpoint.java:1741)
	at org.apache.tomcat.util.net.SocketProcessorBase.run(SocketProcessorBase.java:52)
	at org.apache.tomcat.util.threads.ThreadPoolExecutor.runWorker(ThreadPoolExecutor.java:1190)
	at org.apache.tomcat.util.threads.ThreadPoolExecutor$Worker.run(ThreadPoolExecutor.java:659)
	at org.apache.tomcat.util.threads.TaskThread$WrappingRunnable.run(TaskThread.java:63)
	at java.base/java.lang.Thread.run(Thread.java:842)
17:16:30.038 [hz.stoic_robinson.HealthMonitor] INFO  c.h.i.diagnostics.HealthMonitor - [10.251.34.15]:5701 [dev] [4.1] processors=16, physical.memory.total=32,0G, physical.memory.free=15,2G, swap.space.total=0, swap.space.free=0, heap.memory.used=92,8M, heap.memory.free=151,2M, heap.memory.total=244,0M, heap.memory.max=8,0G, heap.memory.used/total=38,04%, heap.memory.used/max=1,13%, minor.gc.count=34, minor.gc.time=254ms, major.gc.count=0, major.gc.time=0ms, load.process=0,00%, load.system=89,05%, load.systemAverage=n/a thread.count=118, thread.peakCount=141, cluster.timeDiff=0, event.q.size=0, executor.q.async.size=0, executor.q.client.size=0, executor.q.client.query.size=0, executor.q.client.blocking.size=0, executor.q.query.size=0, executor.q.scheduled.size=0, executor.q.io.size=0, executor.q.system.size=0, executor.q.operations.size=0, executor.q.priorityOperation.size=0, operations.completed.count=1, executor.q.mapLoad.size=0, executor.q.mapLoadAllKeys.size=0, executor.q.cluster.size=0, executor.q.response.size=0, operations.running.count=0, operations.pending.invocations.percentage=0,00%, operations.pending.invocations.count=0, proxy.count=0, clientEndpoint.count=1, connection.active.count=1, client.connection.count=1, connection.count=0
