11:27:42.692 [background-preinit] INFO  o.h.validator.internal.util.Version - HV000001: Hibernate Validator 8.0.1.Final
11:27:42.745 [main] INFO  c.p.c.ContactsdemoApplication - Starting ContactsdemoApplication using Java 17.0.12 with PID 23748 (C:\Ayse Ceren - crud projects\contactsdemo\build\classes\java\main started by 16381136672 in C:\Ayse Ceren - crud projects\contactsdemo)
11:27:42.748 [main] INFO  c.p.c.ContactsdemoApplication - No active profile set, falling back to 1 default profile: "default"
11:27:44.142 [main] INFO  o.s.d.r.c.RepositoryConfigurationDelegate - Bootstrapping Spring Data JPA repositories in DEFAULT mode.
11:27:44.265 [main] INFO  o.s.d.r.c.RepositoryConfigurationDelegate - Finished Spring Data repository scanning in 110 ms. Found 2 JPA repository interfaces.
11:27:45.310 [main] INFO  o.s.b.w.e.tomcat.TomcatWebServer - Tomcat initialized with port 8080 (http)
11:27:45.322 [main] INFO  o.a.coyote.http11.Http11NioProtocol - Initializing ProtocolHandler ["http-nio-8080"]
11:27:45.324 [main] INFO  o.a.catalina.core.StandardService - Starting service [Tomcat]
11:27:45.324 [main] INFO  o.a.catalina.core.StandardEngine - Starting Servlet engine: [Apache Tomcat/10.1.25]
11:27:45.427 [main] INFO  o.a.c.c.C.[Tomcat].[localhost].[/] - Initializing Spring embedded WebApplicationContext
11:27:45.429 [main] INFO  o.s.b.w.s.c.ServletWebServerApplicationContext - Root WebApplicationContext: initialization completed in 2619 ms
11:27:45.669 [main] INFO  com.zaxxer.hikari.HikariDataSource - HikariPool-1 - Starting...
11:27:45.837 [main] INFO  com.zaxxer.hikari.pool.HikariPool - HikariPool-1 - Added connection org.postgresql.jdbc.PgConnection@5bb99d1d
11:27:45.839 [main] INFO  com.zaxxer.hikari.HikariDataSource - HikariPool-1 - Start completed.
11:27:46.636 [main] INFO  liquibase.changelog - Reading from public.databasechangelog
11:27:46.692 [main] INFO  liquibase.changelog - Reading from public.databasechangelog
11:27:46.700 [main] INFO  liquibase.util - UPDATE SUMMARY
11:27:46.701 [main] INFO  liquibase.util - Run:                          0
11:27:46.701 [main] INFO  liquibase.util - Previously run:               2
11:27:46.701 [main] INFO  liquibase.util - Filtered out:                 0
11:27:46.701 [main] INFO  liquibase.util - -------------------------------
11:27:46.701 [main] INFO  liquibase.util - Total change sets:            2
11:27:46.702 [main] INFO  liquibase.util - Update summary generated
11:27:46.730 [main] INFO  liquibase.lockservice - Successfully released change log lock
11:27:46.732 [main] INFO  liquibase.command - Command execution complete
11:27:46.830 [main] INFO  o.h.jpa.internal.util.LogHelper - HHH000204: Processing PersistenceUnitInfo [name: default]
11:27:46.900 [main] INFO  org.hibernate.Version - HHH000412: Hibernate ORM core version 6.4.9.Final
11:27:46.946 [main] INFO  o.h.c.i.RegionFactoryInitiator - HHH000026: Second-level cache disabled
11:27:47.259 [main] INFO  o.s.o.j.p.SpringPersistenceUnitInfo - No LoadTimeWeaver setup: ignoring JPA class transformer
11:27:47.334 [main] WARN  org.hibernate.orm.deprecation - HHH90000025: PostgreSQLDialect does not need to be specified explicitly using 'hibernate.dialect' (remove the property setting and it will be selected by default)
11:27:48.566 [main] INFO  o.s.o.j.LocalContainerEntityManagerFactoryBean - Initialized JPA EntityManagerFactory for persistence unit 'default'
11:27:48.885 [main] INFO  o.s.d.j.r.query.QueryEnhancerFactory - Hibernate is in classpath; If applicable, HQL parser will be used.
11:27:50.362 [main] WARN  c.h.i.impl.HazelcastInstanceFactory - Hazelcast is starting in a Java modular environment (Java 9 and newer) but without proper access to required Java packages. Use additional Java arguments to provide Hazelcast access to Java internal API. The internal API access is used to get the best performance results. Arguments to be used:
 --add-modules java.se --add-exports java.base/jdk.internal.ref=ALL-UNNAMED --add-opens java.base/java.lang=ALL-UNNAMED --add-opens java.base/java.nio=ALL-UNNAMED --add-opens java.base/sun.nio.ch=ALL-UNNAMED --add-opens java.management/sun.management=ALL-UNNAMED --add-opens jdk.management/com.sun.management.internal=ALL-UNNAMED
11:27:50.371 [main] INFO  c.h.i.config.AbstractConfigLocator - Loading 'hazelcast-default.xml' from the classpath.
11:27:51.077 [main] INFO  c.hazelcast.instance.AddressPicker - [LOCAL] [dev] [4.1] Prefer IPv4 stack is true, prefer IPv6 addresses is false
11:27:51.134 [main] INFO  c.hazelcast.instance.AddressPicker - [LOCAL] [dev] [4.1] Picked [10.251.34.15]:5701, using socket ServerSocket[addr=/0:0:0:0:0:0:0:0,localport=5701], bind any local is true
11:27:51.177 [main] INFO  com.hazelcast.system - [10.251.34.15]:5701 [dev] [4.1] Hazelcast 4.0.1 (20200409 - e086b9c) starting at [10.251.34.15]:5701
11:27:51.178 [main] INFO  com.hazelcast.system - [10.251.34.15]:5701 [dev] [4.1] Copyright (c) 2008-2020, Hazelcast, Inc. All Rights Reserved.
11:27:52.063 [main] INFO  c.h.s.i.o.impl.BackpressureRegulator - [10.251.34.15]:5701 [dev] [4.1] Backpressure is disabled
11:27:52.923 [main] INFO  com.hazelcast.instance.impl.Node - [10.251.34.15]:5701 [dev] [4.1] Creating MulticastJoiner
11:27:52.935 [main] WARN  com.hazelcast.cp.CPSubsystem - [10.251.34.15]:5701 [dev] [4.1] CP Subsystem is not enabled. CP data structures will operate in UNSAFE mode! Please note that UNSAFE mode will not provide strong consistency guarantees.
11:27:53.475 [main] INFO  c.h.s.i.o.impl.OperationExecutorImpl - [10.251.34.15]:5701 [dev] [4.1] Starting 16 partition threads and 9 generic threads (1 dedicated for priority tasks)
11:27:53.491 [main] INFO  c.h.internal.diagnostics.Diagnostics - [10.251.34.15]:5701 [dev] [4.1] Diagnostics disabled. To enable add -Dhazelcast.diagnostics.enabled=true to the JVM arguments.
11:27:53.512 [main] INFO  com.hazelcast.core.LifecycleService - [10.251.34.15]:5701 [dev] [4.1] [10.251.34.15]:5701 is STARTING
11:27:56.494 [main] INFO  c.h.internal.cluster.ClusterService - [10.251.34.15]:5701 [dev] [4.1] 

Members {size:1, ver:1} [
	Member [10.251.34.15]:5701 - 59ff9d96-ac4f-4293-afe8-f89517e8ab89 this
]

11:27:56.527 [main] INFO  com.hazelcast.core.LifecycleService - [10.251.34.15]:5701 [dev] [4.1] [10.251.34.15]:5701 is STARTED
11:27:56.863 [main] INFO  c.h.c.i.spi.ClientInvocationService - training-instance [dev] [4.1] [4.0.1] Running with 2 response threads, dynamic=true
11:27:56.953 [hz.angry_diffie.HealthMonitor] INFO  c.h.i.diagnostics.HealthMonitor - [10.251.34.15]:5701 [dev] [4.1] processors=16, physical.memory.total=32,0G, physical.memory.free=13,4G, swap.space.total=0, swap.space.free=0, heap.memory.used=79,1M, heap.memory.free=40,9M, heap.memory.total=120,0M, heap.memory.max=8,0G, heap.memory.used/total=65,54%, heap.memory.used/max=0,96%, minor.gc.count=15, minor.gc.time=119ms, major.gc.count=0, major.gc.time=0ms, load.process=0,00%, load.system=100,00%, load.systemAverage=n/a thread.count=68, thread.peakCount=68, cluster.timeDiff=0, event.q.size=0, executor.q.async.size=0, executor.q.client.size=0, executor.q.client.query.size=0, executor.q.client.blocking.size=0, executor.q.query.size=0, executor.q.scheduled.size=0, executor.q.io.size=0, executor.q.system.size=0, executor.q.operations.size=0, executor.q.priorityOperation.size=0, operations.completed.count=1, executor.q.mapLoad.size=0, executor.q.mapLoadAllKeys.size=0, executor.q.cluster.size=0, executor.q.response.size=0, operations.running.count=0, operations.pending.invocations.percentage=0,00%, operations.pending.invocations.count=0, proxy.count=0, clientEndpoint.count=0, connection.active.count=0, client.connection.count=0, connection.count=0
11:27:57.082 [main] INFO  com.hazelcast.core.LifecycleService - training-instance [dev] [4.1] [4.0.1] HazelcastClient 4.0.1 (20200409 - e086b9c) is STARTING
11:27:57.085 [main] INFO  com.hazelcast.core.LifecycleService - training-instance [dev] [4.1] [4.0.1] HazelcastClient 4.0.1 (20200409 - e086b9c) is STARTED
11:27:57.121 [main] INFO  c.h.c.i.c.ClientConnectionManager - training-instance [dev] [4.1] [4.0.1] Trying to connect to cluster: dev
11:27:57.128 [main] INFO  c.h.c.i.c.ClientConnectionManager - training-instance [dev] [4.1] [4.0.1] Trying to connect to [127.0.0.1]:5701
11:27:57.198 [hz.angry_diffie.priority-generic-operation.thread-0] INFO  c.h.c.i.p.t.AuthenticationMessageTask - [10.251.34.15]:5701 [dev] [4.1] Received auth from Connection[id=1, /127.0.0.1:5701->/127.0.0.1:65529, qualifier=null, endpoint=[127.0.0.1]:65529, alive=true, connectionType=JVM], successfully authenticated, clientUuid: 417321a0-164e-4e3b-aabe-b465857d2471, client version: 4.0.1
11:27:57.205 [main] INFO  com.hazelcast.core.LifecycleService - training-instance [dev] [4.1] [4.0.1] HazelcastClient 4.0.1 (20200409 - e086b9c) is CLIENT_CONNECTED
11:27:57.205 [main] INFO  c.h.c.i.c.ClientConnectionManager - training-instance [dev] [4.1] [4.0.1] Authenticated with server [10.251.34.15]:5701:59ff9d96-ac4f-4293-afe8-f89517e8ab89, server version: 4.0.1, local address: /127.0.0.1:65529
11:27:57.215 [main] INFO  c.h.internal.diagnostics.Diagnostics - training-instance [dev] [4.1] [4.0.1] Diagnostics disabled. To enable add -Dhazelcast.diagnostics.enabled=true to the JVM arguments.
11:27:57.226 [training-instance.event-10] INFO  c.h.c.impl.spi.ClientClusterService - training-instance [dev] [4.1] [4.0.1] 

Members [1] {
	Member [10.251.34.15]:5701 - 59ff9d96-ac4f-4293-afe8-f89517e8ab89
}

11:27:57.278 [main] INFO  c.h.c.i.s.ClientStatisticsService - Client statistics is enabled with period 5 seconds.
11:27:57.631 [main] WARN  o.s.b.a.o.j.JpaBaseConfiguration$JpaWebConfiguration - spring.jpa.open-in-view is enabled by default. Therefore, database queries may be performed during view rendering. Explicitly configure spring.jpa.open-in-view to disable this warning
11:27:59.117 [main] INFO  o.s.b.a.e.web.EndpointLinksResolver - Exposing 1 endpoint(s) beneath base path '/actuator'
11:27:59.190 [main] INFO  o.a.coyote.http11.Http11NioProtocol - Starting ProtocolHandler ["http-nio-8080"]
11:27:59.237 [main] INFO  o.s.b.w.e.tomcat.TomcatWebServer - Tomcat started on port 8080 (http) with context path ''
11:27:59.262 [main] INFO  c.p.c.ContactsdemoApplication - Started ContactsdemoApplication in 17.048 seconds (process running for 18.846)
11:28:43.829 [http-nio-8080-exec-2] INFO  o.a.c.c.C.[Tomcat].[localhost].[/] - Initializing Spring DispatcherServlet 'dispatcherServlet'
11:28:43.830 [http-nio-8080-exec-2] INFO  o.s.web.servlet.DispatcherServlet - Initializing Servlet 'dispatcherServlet'
11:28:43.832 [http-nio-8080-exec-2] INFO  o.s.web.servlet.DispatcherServlet - Completed initialization in 2 ms
11:28:43.869 [http-nio-8080-exec-2] INFO  c.p.c.c.f.HeadersLoggingFilter - Header content-type=0:0:0:0:0:0:0:1, IP = content-type
11:28:43.869 [http-nio-8080-exec-2] INFO  c.p.c.c.f.HeadersLoggingFilter - Header user-agent=0:0:0:0:0:0:0:1, IP = user-agent
11:28:43.869 [http-nio-8080-exec-2] INFO  c.p.c.c.f.HeadersLoggingFilter - Header accept=0:0:0:0:0:0:0:1, IP = accept
11:28:43.869 [http-nio-8080-exec-2] INFO  c.p.c.c.f.HeadersLoggingFilter - Header postman-token=0:0:0:0:0:0:0:1, IP = postman-token
11:28:43.869 [http-nio-8080-exec-2] INFO  c.p.c.c.f.HeadersLoggingFilter - Header host=0:0:0:0:0:0:0:1, IP = host
11:28:43.869 [http-nio-8080-exec-2] INFO  c.p.c.c.f.HeadersLoggingFilter - Header accept-encoding=0:0:0:0:0:0:0:1, IP = accept-encoding
11:28:43.870 [http-nio-8080-exec-2] INFO  c.p.c.c.f.HeadersLoggingFilter - Header connection=0:0:0:0:0:0:0:1, IP = connection
11:28:43.870 [http-nio-8080-exec-2] INFO  c.p.c.c.f.HeadersLoggingFilter - Header content-length=0:0:0:0:0:0:0:1, IP = content-length
11:28:43.872 [http-nio-8080-exec-2] INFO  c.p.c.c.loggingfilter.LoggingFilter - Request: Method=POST, URI=/api/saveContact, Headers=content-type=application/json; user-agent=PostmanRuntime/7.43.3; accept=*/*; postman-token=4e8405c2-400b-41e4-ac2a-4101a5da2ca7; host=localhost:8080; accept-encoding=gzip, deflate, br; connection=keep-alive; content-length=97; , Request ID: 3963e40f-0bf6-48b6-915e-0eb344acdbb6, Request IP  =0:0:0:0:0:0:0:1
11:28:55.310 [http-nio-8080-exec-2] INFO  c.p.c.c.loggingfilter.LoggingFilter - Response: Status=400, URI=/api/saveContact, Duration (Response Time)=11438ms, Headers=[Content-Type, Transfer-Encoding, Date, Connection], Payload = org.apache.catalina.connector.ResponseFacade@54cf21d2
11:29:04.961 [http-nio-8080-exec-4] INFO  c.p.c.c.f.HeadersLoggingFilter - Header content-type=0:0:0:0:0:0:0:1, IP = content-type
11:29:04.962 [http-nio-8080-exec-4] INFO  c.p.c.c.f.HeadersLoggingFilter - Header user-agent=0:0:0:0:0:0:0:1, IP = user-agent
11:29:04.962 [http-nio-8080-exec-4] INFO  c.p.c.c.f.HeadersLoggingFilter - Header accept=0:0:0:0:0:0:0:1, IP = accept
11:29:04.962 [http-nio-8080-exec-4] INFO  c.p.c.c.f.HeadersLoggingFilter - Header postman-token=0:0:0:0:0:0:0:1, IP = postman-token
11:29:04.962 [http-nio-8080-exec-4] INFO  c.p.c.c.f.HeadersLoggingFilter - Header host=0:0:0:0:0:0:0:1, IP = host
11:29:04.962 [http-nio-8080-exec-4] INFO  c.p.c.c.f.HeadersLoggingFilter - Header accept-encoding=0:0:0:0:0:0:0:1, IP = accept-encoding
11:29:04.962 [http-nio-8080-exec-4] INFO  c.p.c.c.f.HeadersLoggingFilter - Header connection=0:0:0:0:0:0:0:1, IP = connection
11:29:04.962 [http-nio-8080-exec-4] INFO  c.p.c.c.f.HeadersLoggingFilter - Header content-length=0:0:0:0:0:0:0:1, IP = content-length
11:29:04.962 [http-nio-8080-exec-4] INFO  c.p.c.c.loggingfilter.LoggingFilter - Request: Method=POST, URI=/api/saveContact, Headers=content-type=application/json; user-agent=PostmanRuntime/7.43.3; accept=*/*; postman-token=d29fec6a-a91f-48fa-a984-e0ed1e164d63; host=localhost:8080; accept-encoding=gzip, deflate, br; connection=keep-alive; content-length=97; , Request ID: a495274d-e6e8-4171-b97d-998034817f9f, Request IP  =0:0:0:0:0:0:0:1
11:29:06.184 [http-nio-8080-exec-4] INFO  c.p.c.c.loggingfilter.LoggingFilter - Response: Status=400, URI=/api/saveContact, Duration (Response Time)=1222ms, Headers=[Content-Type, Transfer-Encoding, Date, Connection], Payload = org.apache.catalina.connector.ResponseFacade@5e2bf30
11:29:10.652 [http-nio-8080-exec-5] INFO  c.p.c.c.f.HeadersLoggingFilter - Header content-type=0:0:0:0:0:0:0:1, IP = content-type
11:29:10.652 [http-nio-8080-exec-5] INFO  c.p.c.c.f.HeadersLoggingFilter - Header user-agent=0:0:0:0:0:0:0:1, IP = user-agent
11:29:10.652 [http-nio-8080-exec-5] INFO  c.p.c.c.f.HeadersLoggingFilter - Header accept=0:0:0:0:0:0:0:1, IP = accept
11:29:10.652 [http-nio-8080-exec-5] INFO  c.p.c.c.f.HeadersLoggingFilter - Header postman-token=0:0:0:0:0:0:0:1, IP = postman-token
11:29:10.652 [http-nio-8080-exec-5] INFO  c.p.c.c.f.HeadersLoggingFilter - Header host=0:0:0:0:0:0:0:1, IP = host
11:29:10.652 [http-nio-8080-exec-5] INFO  c.p.c.c.f.HeadersLoggingFilter - Header accept-encoding=0:0:0:0:0:0:0:1, IP = accept-encoding
11:29:10.652 [http-nio-8080-exec-5] INFO  c.p.c.c.f.HeadersLoggingFilter - Header connection=0:0:0:0:0:0:0:1, IP = connection
11:29:10.652 [http-nio-8080-exec-5] INFO  c.p.c.c.f.HeadersLoggingFilter - Header content-length=0:0:0:0:0:0:0:1, IP = content-length
11:29:10.652 [http-nio-8080-exec-5] INFO  c.p.c.c.loggingfilter.LoggingFilter - Request: Method=POST, URI=/api/saveContact, Headers=content-type=application/json; user-agent=PostmanRuntime/7.43.3; accept=*/*; postman-token=23f06f64-c6ba-4c88-b8d2-2417012201ef; host=localhost:8080; accept-encoding=gzip, deflate, br; connection=keep-alive; content-length=97; , Request ID: dc8fe2fe-95b0-4cf2-b8f8-0ebeaeb0d90c, Request IP  =0:0:0:0:0:0:0:1
11:29:10.658 [http-nio-8080-exec-5] INFO  c.p.c.c.loggingfilter.LoggingFilter - Response: Status=400, URI=/api/saveContact, Duration (Response Time)=6ms, Headers=[Content-Type, Transfer-Encoding, Date, Connection], Payload = org.apache.catalina.connector.ResponseFacade@c759405
11:29:11.699 [http-nio-8080-exec-8] INFO  c.p.c.c.f.HeadersLoggingFilter - Header content-type=0:0:0:0:0:0:0:1, IP = content-type
11:29:11.699 [http-nio-8080-exec-8] INFO  c.p.c.c.f.HeadersLoggingFilter - Header user-agent=0:0:0:0:0:0:0:1, IP = user-agent
11:29:11.699 [http-nio-8080-exec-8] INFO  c.p.c.c.f.HeadersLoggingFilter - Header accept=0:0:0:0:0:0:0:1, IP = accept
11:29:11.699 [http-nio-8080-exec-8] INFO  c.p.c.c.f.HeadersLoggingFilter - Header postman-token=0:0:0:0:0:0:0:1, IP = postman-token
11:29:11.699 [http-nio-8080-exec-8] INFO  c.p.c.c.f.HeadersLoggingFilter - Header host=0:0:0:0:0:0:0:1, IP = host
11:29:11.699 [http-nio-8080-exec-8] INFO  c.p.c.c.f.HeadersLoggingFilter - Header accept-encoding=0:0:0:0:0:0:0:1, IP = accept-encoding
11:29:11.699 [http-nio-8080-exec-8] INFO  c.p.c.c.f.HeadersLoggingFilter - Header connection=0:0:0:0:0:0:0:1, IP = connection
11:29:11.700 [http-nio-8080-exec-8] INFO  c.p.c.c.f.HeadersLoggingFilter - Header content-length=0:0:0:0:0:0:0:1, IP = content-length
11:29:11.700 [http-nio-8080-exec-8] INFO  c.p.c.c.loggingfilter.LoggingFilter - Request: Method=POST, URI=/api/saveContact, Headers=content-type=application/json; user-agent=PostmanRuntime/7.43.3; accept=*/*; postman-token=f36f2b3b-d3ab-4648-b370-ae0b639c1b6b; host=localhost:8080; accept-encoding=gzip, deflate, br; connection=keep-alive; content-length=97; , Request ID: dbd9a23e-32f1-4c55-b635-06fc22a3f033, Request IP  =0:0:0:0:0:0:0:1
11:29:11.710 [http-nio-8080-exec-8] INFO  c.p.c.c.loggingfilter.LoggingFilter - Response: Status=400, URI=/api/saveContact, Duration (Response Time)=10ms, Headers=[Content-Type, Transfer-Encoding, Date, Connection], Payload = org.apache.catalina.connector.ResponseFacade@4366fe21
11:29:12.531 [http-nio-8080-exec-10] INFO  c.p.c.c.f.HeadersLoggingFilter - Header content-type=0:0:0:0:0:0:0:1, IP = content-type
11:29:12.531 [http-nio-8080-exec-10] INFO  c.p.c.c.f.HeadersLoggingFilter - Header user-agent=0:0:0:0:0:0:0:1, IP = user-agent
11:29:12.531 [http-nio-8080-exec-10] INFO  c.p.c.c.f.HeadersLoggingFilter - Header accept=0:0:0:0:0:0:0:1, IP = accept
11:29:12.531 [http-nio-8080-exec-10] INFO  c.p.c.c.f.HeadersLoggingFilter - Header postman-token=0:0:0:0:0:0:0:1, IP = postman-token
11:29:12.531 [http-nio-8080-exec-10] INFO  c.p.c.c.f.HeadersLoggingFilter - Header host=0:0:0:0:0:0:0:1, IP = host
11:29:12.531 [http-nio-8080-exec-10] INFO  c.p.c.c.f.HeadersLoggingFilter - Header accept-encoding=0:0:0:0:0:0:0:1, IP = accept-encoding
11:29:12.532 [http-nio-8080-exec-10] INFO  c.p.c.c.f.HeadersLoggingFilter - Header connection=0:0:0:0:0:0:0:1, IP = connection
11:29:12.532 [http-nio-8080-exec-10] INFO  c.p.c.c.f.HeadersLoggingFilter - Header content-length=0:0:0:0:0:0:0:1, IP = content-length
11:29:12.532 [http-nio-8080-exec-10] INFO  c.p.c.c.loggingfilter.LoggingFilter - Request: Method=POST, URI=/api/saveContact, Headers=content-type=application/json; user-agent=PostmanRuntime/7.43.3; accept=*/*; postman-token=e67b7936-3894-44fd-b0d1-95911744da8a; host=localhost:8080; accept-encoding=gzip, deflate, br; connection=keep-alive; content-length=97; , Request ID: 2e623cfc-e863-45bb-8ace-3494e729d7e3, Request IP  =0:0:0:0:0:0:0:1
11:29:12.542 [http-nio-8080-exec-10] INFO  c.p.c.c.loggingfilter.LoggingFilter - Response: Status=400, URI=/api/saveContact, Duration (Response Time)=10ms, Headers=[Content-Type, Transfer-Encoding, Date, Connection], Payload = org.apache.catalina.connector.ResponseFacade@692cf9ae
11:29:13.433 [http-nio-8080-exec-2] INFO  c.p.c.c.f.HeadersLoggingFilter - Header content-type=0:0:0:0:0:0:0:1, IP = content-type
11:29:13.433 [http-nio-8080-exec-2] INFO  c.p.c.c.f.HeadersLoggingFilter - Header user-agent=0:0:0:0:0:0:0:1, IP = user-agent
11:29:13.433 [http-nio-8080-exec-2] INFO  c.p.c.c.f.HeadersLoggingFilter - Header accept=0:0:0:0:0:0:0:1, IP = accept
11:29:13.433 [http-nio-8080-exec-2] INFO  c.p.c.c.f.HeadersLoggingFilter - Header postman-token=0:0:0:0:0:0:0:1, IP = postman-token
11:29:13.433 [http-nio-8080-exec-2] INFO  c.p.c.c.f.HeadersLoggingFilter - Header host=0:0:0:0:0:0:0:1, IP = host
11:29:13.433 [http-nio-8080-exec-2] INFO  c.p.c.c.f.HeadersLoggingFilter - Header accept-encoding=0:0:0:0:0:0:0:1, IP = accept-encoding
11:29:13.433 [http-nio-8080-exec-2] INFO  c.p.c.c.f.HeadersLoggingFilter - Header connection=0:0:0:0:0:0:0:1, IP = connection
11:29:13.433 [http-nio-8080-exec-2] INFO  c.p.c.c.f.HeadersLoggingFilter - Header content-length=0:0:0:0:0:0:0:1, IP = content-length
11:29:13.434 [http-nio-8080-exec-2] INFO  c.p.c.c.loggingfilter.LoggingFilter - Request: Method=POST, URI=/api/saveContact, Headers=content-type=application/json; user-agent=PostmanRuntime/7.43.3; accept=*/*; postman-token=798bc8a6-ba57-4e3f-be08-3a5962649647; host=localhost:8080; accept-encoding=gzip, deflate, br; connection=keep-alive; content-length=97; , Request ID: 9689d668-6290-4cd5-808f-d73b3b77887a, Request IP  =0:0:0:0:0:0:0:1
11:29:13.439 [http-nio-8080-exec-2] INFO  c.p.c.c.loggingfilter.LoggingFilter - Response: Status=400, URI=/api/saveContact, Duration (Response Time)=5ms, Headers=[Content-Type, Transfer-Encoding, Date, Connection], Payload = org.apache.catalina.connector.ResponseFacade@27a74ac2
11:29:14.276 [http-nio-8080-exec-4] INFO  c.p.c.c.f.HeadersLoggingFilter - Header content-type=0:0:0:0:0:0:0:1, IP = content-type
11:29:14.276 [http-nio-8080-exec-4] INFO  c.p.c.c.f.HeadersLoggingFilter - Header user-agent=0:0:0:0:0:0:0:1, IP = user-agent
11:29:14.277 [http-nio-8080-exec-4] INFO  c.p.c.c.f.HeadersLoggingFilter - Header accept=0:0:0:0:0:0:0:1, IP = accept
11:29:14.277 [http-nio-8080-exec-4] INFO  c.p.c.c.f.HeadersLoggingFilter - Header postman-token=0:0:0:0:0:0:0:1, IP = postman-token
11:29:14.277 [http-nio-8080-exec-4] INFO  c.p.c.c.f.HeadersLoggingFilter - Header host=0:0:0:0:0:0:0:1, IP = host
11:29:14.277 [http-nio-8080-exec-4] INFO  c.p.c.c.f.HeadersLoggingFilter - Header accept-encoding=0:0:0:0:0:0:0:1, IP = accept-encoding
11:29:14.277 [http-nio-8080-exec-4] INFO  c.p.c.c.f.HeadersLoggingFilter - Header connection=0:0:0:0:0:0:0:1, IP = connection
11:29:14.277 [http-nio-8080-exec-4] INFO  c.p.c.c.f.HeadersLoggingFilter - Header content-length=0:0:0:0:0:0:0:1, IP = content-length
11:29:14.277 [http-nio-8080-exec-4] INFO  c.p.c.c.loggingfilter.LoggingFilter - Request: Method=POST, URI=/api/saveContact, Headers=content-type=application/json; user-agent=PostmanRuntime/7.43.3; accept=*/*; postman-token=2116e3b3-b39a-4575-8e09-320f74ea5f71; host=localhost:8080; accept-encoding=gzip, deflate, br; connection=keep-alive; content-length=97; , Request ID: 401f5521-bd0c-47d7-b909-25b89cdcf738, Request IP  =0:0:0:0:0:0:0:1
11:29:14.285 [http-nio-8080-exec-4] INFO  c.p.c.c.loggingfilter.LoggingFilter - Response: Status=400, URI=/api/saveContact, Duration (Response Time)=8ms, Headers=[Content-Type, Transfer-Encoding, Date, Connection], Payload = org.apache.catalina.connector.ResponseFacade@20cfdea7
11:29:15.143 [http-nio-8080-exec-6] INFO  c.p.c.c.f.HeadersLoggingFilter - Header content-type=0:0:0:0:0:0:0:1, IP = content-type
11:29:15.143 [http-nio-8080-exec-6] INFO  c.p.c.c.f.HeadersLoggingFilter - Header user-agent=0:0:0:0:0:0:0:1, IP = user-agent
11:29:15.143 [http-nio-8080-exec-6] INFO  c.p.c.c.f.HeadersLoggingFilter - Header accept=0:0:0:0:0:0:0:1, IP = accept
11:29:15.144 [http-nio-8080-exec-6] INFO  c.p.c.c.f.HeadersLoggingFilter - Header postman-token=0:0:0:0:0:0:0:1, IP = postman-token
11:29:15.144 [http-nio-8080-exec-6] INFO  c.p.c.c.f.HeadersLoggingFilter - Header host=0:0:0:0:0:0:0:1, IP = host
11:29:15.144 [http-nio-8080-exec-6] INFO  c.p.c.c.f.HeadersLoggingFilter - Header accept-encoding=0:0:0:0:0:0:0:1, IP = accept-encoding
11:29:15.144 [http-nio-8080-exec-6] INFO  c.p.c.c.f.HeadersLoggingFilter - Header connection=0:0:0:0:0:0:0:1, IP = connection
11:29:15.144 [http-nio-8080-exec-6] INFO  c.p.c.c.f.HeadersLoggingFilter - Header content-length=0:0:0:0:0:0:0:1, IP = content-length
11:29:15.144 [http-nio-8080-exec-6] INFO  c.p.c.c.loggingfilter.LoggingFilter - Request: Method=POST, URI=/api/saveContact, Headers=content-type=application/json; user-agent=PostmanRuntime/7.43.3; accept=*/*; postman-token=3c0e0ac5-2f5a-4ef3-a04b-05b1e024c2aa; host=localhost:8080; accept-encoding=gzip, deflate, br; connection=keep-alive; content-length=97; , Request ID: 8d45e088-93ff-4646-aca5-713f59ac2777, Request IP  =0:0:0:0:0:0:0:1
11:29:15.155 [http-nio-8080-exec-6] INFO  c.p.c.c.loggingfilter.LoggingFilter - Response: Status=400, URI=/api/saveContact, Duration (Response Time)=11ms, Headers=[Content-Type, Transfer-Encoding, Date, Connection], Payload = org.apache.catalina.connector.ResponseFacade@65765022
11:29:16.047 [http-nio-8080-exec-7] INFO  c.p.c.c.f.HeadersLoggingFilter - Header content-type=0:0:0:0:0:0:0:1, IP = content-type
11:29:16.047 [http-nio-8080-exec-7] INFO  c.p.c.c.f.HeadersLoggingFilter - Header user-agent=0:0:0:0:0:0:0:1, IP = user-agent
11:29:16.048 [http-nio-8080-exec-7] INFO  c.p.c.c.f.HeadersLoggingFilter - Header accept=0:0:0:0:0:0:0:1, IP = accept
11:29:16.048 [http-nio-8080-exec-7] INFO  c.p.c.c.f.HeadersLoggingFilter - Header postman-token=0:0:0:0:0:0:0:1, IP = postman-token
11:29:16.048 [http-nio-8080-exec-7] INFO  c.p.c.c.f.HeadersLoggingFilter - Header host=0:0:0:0:0:0:0:1, IP = host
11:29:16.048 [http-nio-8080-exec-7] INFO  c.p.c.c.f.HeadersLoggingFilter - Header accept-encoding=0:0:0:0:0:0:0:1, IP = accept-encoding
11:29:16.048 [http-nio-8080-exec-7] INFO  c.p.c.c.f.HeadersLoggingFilter - Header connection=0:0:0:0:0:0:0:1, IP = connection
11:29:16.048 [http-nio-8080-exec-7] INFO  c.p.c.c.f.HeadersLoggingFilter - Header content-length=0:0:0:0:0:0:0:1, IP = content-length
11:29:16.048 [http-nio-8080-exec-7] INFO  c.p.c.c.loggingfilter.LoggingFilter - Request: Method=POST, URI=/api/saveContact, Headers=content-type=application/json; user-agent=PostmanRuntime/7.43.3; accept=*/*; postman-token=6cabeabe-031e-4ad3-9254-cdd84a17e7ad; host=localhost:8080; accept-encoding=gzip, deflate, br; connection=keep-alive; content-length=97; , Request ID: fb5cc5f5-d8b6-4875-bdb8-d090ff56ca24, Request IP  =0:0:0:0:0:0:0:1
11:29:16.056 [http-nio-8080-exec-7] INFO  c.p.c.c.loggingfilter.LoggingFilter - Response: Status=400, URI=/api/saveContact, Duration (Response Time)=8ms, Headers=[Content-Type, Transfer-Encoding, Date, Connection], Payload = org.apache.catalina.connector.ResponseFacade@5434ad5e
11:29:16.838 [http-nio-8080-exec-10] INFO  c.p.c.c.f.HeadersLoggingFilter - Header content-type=0:0:0:0:0:0:0:1, IP = content-type
11:29:16.838 [http-nio-8080-exec-10] INFO  c.p.c.c.f.HeadersLoggingFilter - Header user-agent=0:0:0:0:0:0:0:1, IP = user-agent
11:29:16.838 [http-nio-8080-exec-10] INFO  c.p.c.c.f.HeadersLoggingFilter - Header accept=0:0:0:0:0:0:0:1, IP = accept
11:29:16.838 [http-nio-8080-exec-10] INFO  c.p.c.c.f.HeadersLoggingFilter - Header postman-token=0:0:0:0:0:0:0:1, IP = postman-token
11:29:16.838 [http-nio-8080-exec-10] INFO  c.p.c.c.f.HeadersLoggingFilter - Header host=0:0:0:0:0:0:0:1, IP = host
11:29:16.838 [http-nio-8080-exec-10] INFO  c.p.c.c.f.HeadersLoggingFilter - Header accept-encoding=0:0:0:0:0:0:0:1, IP = accept-encoding
11:29:16.838 [http-nio-8080-exec-10] INFO  c.p.c.c.f.HeadersLoggingFilter - Header connection=0:0:0:0:0:0:0:1, IP = connection
11:29:16.838 [http-nio-8080-exec-10] INFO  c.p.c.c.f.HeadersLoggingFilter - Header content-length=0:0:0:0:0:0:0:1, IP = content-length
11:29:16.838 [http-nio-8080-exec-10] INFO  c.p.c.c.loggingfilter.LoggingFilter - Request: Method=POST, URI=/api/saveContact, Headers=content-type=application/json; user-agent=PostmanRuntime/7.43.3; accept=*/*; postman-token=9b1d559c-646d-4358-b0c7-9bf9e672c3a0; host=localhost:8080; accept-encoding=gzip, deflate, br; connection=keep-alive; content-length=97; , Request ID: 702f5a10-20cc-4736-87c1-f270a76c7f33, Request IP  =0:0:0:0:0:0:0:1
11:29:16.845 [http-nio-8080-exec-10] INFO  c.p.c.c.loggingfilter.LoggingFilter - Response: Status=400, URI=/api/saveContact, Duration (Response Time)=7ms, Headers=[Content-Type, Transfer-Encoding, Date, Connection], Payload = org.apache.catalina.connector.ResponseFacade@7cc73336
11:29:17.642 [http-nio-8080-exec-2] INFO  c.p.c.c.f.HeadersLoggingFilter - Header content-type=0:0:0:0:0:0:0:1, IP = content-type
11:29:17.642 [http-nio-8080-exec-2] INFO  c.p.c.c.f.HeadersLoggingFilter - Header user-agent=0:0:0:0:0:0:0:1, IP = user-agent
11:29:17.642 [http-nio-8080-exec-2] INFO  c.p.c.c.f.HeadersLoggingFilter - Header accept=0:0:0:0:0:0:0:1, IP = accept
11:29:17.642 [http-nio-8080-exec-2] INFO  c.p.c.c.f.HeadersLoggingFilter - Header postman-token=0:0:0:0:0:0:0:1, IP = postman-token
11:29:17.642 [http-nio-8080-exec-2] INFO  c.p.c.c.f.HeadersLoggingFilter - Header host=0:0:0:0:0:0:0:1, IP = host
11:29:17.642 [http-nio-8080-exec-2] INFO  c.p.c.c.f.HeadersLoggingFilter - Header accept-encoding=0:0:0:0:0:0:0:1, IP = accept-encoding
11:29:17.642 [http-nio-8080-exec-2] INFO  c.p.c.c.f.HeadersLoggingFilter - Header connection=0:0:0:0:0:0:0:1, IP = connection
11:29:17.642 [http-nio-8080-exec-2] INFO  c.p.c.c.f.HeadersLoggingFilter - Header content-length=0:0:0:0:0:0:0:1, IP = content-length
11:29:17.642 [http-nio-8080-exec-2] INFO  c.p.c.c.loggingfilter.LoggingFilter - Request: Method=POST, URI=/api/saveContact, Headers=content-type=application/json; user-agent=PostmanRuntime/7.43.3; accept=*/*; postman-token=6062835d-1a05-43f4-a326-5ed20140e5ff; host=localhost:8080; accept-encoding=gzip, deflate, br; connection=keep-alive; content-length=97; , Request ID: c869f230-f04a-4bf3-82ad-218a2d6afe75, Request IP  =0:0:0:0:0:0:0:1
11:29:17.648 [http-nio-8080-exec-2] INFO  c.p.c.c.loggingfilter.LoggingFilter - Response: Status=400, URI=/api/saveContact, Duration (Response Time)=6ms, Headers=[Content-Type, Transfer-Encoding, Date, Connection], Payload = org.apache.catalina.connector.ResponseFacade@5bcdf013
11:29:21.523 [http-nio-8080-exec-4] INFO  c.p.c.c.f.HeadersLoggingFilter - Header content-type=0:0:0:0:0:0:0:1, IP = content-type
11:29:21.523 [http-nio-8080-exec-4] INFO  c.p.c.c.f.HeadersLoggingFilter - Header user-agent=0:0:0:0:0:0:0:1, IP = user-agent
11:29:21.523 [http-nio-8080-exec-4] INFO  c.p.c.c.f.HeadersLoggingFilter - Header accept=0:0:0:0:0:0:0:1, IP = accept
11:29:21.523 [http-nio-8080-exec-4] INFO  c.p.c.c.f.HeadersLoggingFilter - Header postman-token=0:0:0:0:0:0:0:1, IP = postman-token
11:29:21.523 [http-nio-8080-exec-4] INFO  c.p.c.c.f.HeadersLoggingFilter - Header host=0:0:0:0:0:0:0:1, IP = host
11:29:21.523 [http-nio-8080-exec-4] INFO  c.p.c.c.f.HeadersLoggingFilter - Header accept-encoding=0:0:0:0:0:0:0:1, IP = accept-encoding
11:29:21.523 [http-nio-8080-exec-4] INFO  c.p.c.c.f.HeadersLoggingFilter - Header connection=0:0:0:0:0:0:0:1, IP = connection
11:29:21.523 [http-nio-8080-exec-4] INFO  c.p.c.c.f.HeadersLoggingFilter - Header content-length=0:0:0:0:0:0:0:1, IP = content-length
11:29:21.523 [http-nio-8080-exec-4] INFO  c.p.c.c.loggingfilter.LoggingFilter - Request: Method=POST, URI=/api/saveContact, Headers=content-type=application/json; user-agent=PostmanRuntime/7.43.3; accept=*/*; postman-token=e1f55c8a-4f14-4b6e-9694-49333ffe6046; host=localhost:8080; accept-encoding=gzip, deflate, br; connection=keep-alive; content-length=97; , Request ID: 6916c6e0-c9cf-49d4-92b6-6e3be9ab412e, Request IP  =0:0:0:0:0:0:0:1
11:29:24.113 [http-nio-8080-exec-4] INFO  c.p.c.c.loggingfilter.LoggingFilter - Response: Status=400, URI=/api/saveContact, Duration (Response Time)=2590ms, Headers=[Content-Type, Transfer-Encoding, Date, Connection], Payload = org.apache.catalina.connector.ResponseFacade@7ae541dc
11:31:11.440 [http-nio-8080-exec-6] INFO  c.p.c.c.f.HeadersLoggingFilter - Header content-type=0:0:0:0:0:0:0:1, IP = content-type
11:31:11.440 [http-nio-8080-exec-6] INFO  c.p.c.c.f.HeadersLoggingFilter - Header user-agent=0:0:0:0:0:0:0:1, IP = user-agent
11:31:11.440 [http-nio-8080-exec-6] INFO  c.p.c.c.f.HeadersLoggingFilter - Header accept=0:0:0:0:0:0:0:1, IP = accept
11:31:11.440 [http-nio-8080-exec-6] INFO  c.p.c.c.f.HeadersLoggingFilter - Header postman-token=0:0:0:0:0:0:0:1, IP = postman-token
11:31:11.440 [http-nio-8080-exec-6] INFO  c.p.c.c.f.HeadersLoggingFilter - Header host=0:0:0:0:0:0:0:1, IP = host
11:31:11.440 [http-nio-8080-exec-6] INFO  c.p.c.c.f.HeadersLoggingFilter - Header accept-encoding=0:0:0:0:0:0:0:1, IP = accept-encoding
11:31:11.441 [http-nio-8080-exec-6] INFO  c.p.c.c.f.HeadersLoggingFilter - Header connection=0:0:0:0:0:0:0:1, IP = connection
11:31:11.441 [http-nio-8080-exec-6] INFO  c.p.c.c.f.HeadersLoggingFilter - Header content-length=0:0:0:0:0:0:0:1, IP = content-length
11:31:11.441 [http-nio-8080-exec-6] INFO  c.p.c.c.loggingfilter.LoggingFilter - Request: Method=POST, URI=/api/saveContact, Headers=content-type=application/json; user-agent=PostmanRuntime/7.43.3; accept=*/*; postman-token=670dc9f2-5183-4ec6-8506-80df7d652e69; host=localhost:8080; accept-encoding=gzip, deflate, br; connection=keep-alive; content-length=97; , Request ID: fa71336d-0839-4071-ba1f-5ad31208131d, Request IP  =0:0:0:0:0:0:0:1
11:31:16.601 [http-nio-8080-exec-6] INFO  c.p.c.c.loggingfilter.LoggingFilter - Response: Status=400, URI=/api/saveContact, Duration (Response Time)=5160ms, Headers=[Content-Type, Transfer-Encoding, Date, Connection], Payload = org.apache.catalina.connector.ResponseFacade@6e9dc532
11:31:18.799 [http-nio-8080-exec-7] INFO  c.p.c.c.f.HeadersLoggingFilter - Header content-type=0:0:0:0:0:0:0:1, IP = content-type
11:31:18.799 [http-nio-8080-exec-7] INFO  c.p.c.c.f.HeadersLoggingFilter - Header user-agent=0:0:0:0:0:0:0:1, IP = user-agent
11:31:18.799 [http-nio-8080-exec-7] INFO  c.p.c.c.f.HeadersLoggingFilter - Header accept=0:0:0:0:0:0:0:1, IP = accept
11:31:18.799 [http-nio-8080-exec-7] INFO  c.p.c.c.f.HeadersLoggingFilter - Header postman-token=0:0:0:0:0:0:0:1, IP = postman-token
11:31:18.799 [http-nio-8080-exec-7] INFO  c.p.c.c.f.HeadersLoggingFilter - Header host=0:0:0:0:0:0:0:1, IP = host
11:31:18.799 [http-nio-8080-exec-7] INFO  c.p.c.c.f.HeadersLoggingFilter - Header accept-encoding=0:0:0:0:0:0:0:1, IP = accept-encoding
11:31:18.799 [http-nio-8080-exec-7] INFO  c.p.c.c.f.HeadersLoggingFilter - Header connection=0:0:0:0:0:0:0:1, IP = connection
11:31:18.799 [http-nio-8080-exec-7] INFO  c.p.c.c.f.HeadersLoggingFilter - Header content-length=0:0:0:0:0:0:0:1, IP = content-length
11:31:18.799 [http-nio-8080-exec-7] INFO  c.p.c.c.loggingfilter.LoggingFilter - Request: Method=POST, URI=/api/saveContact, Headers=content-type=application/json; user-agent=PostmanRuntime/7.43.3; accept=*/*; postman-token=fbed5f9b-8f84-477a-9ffe-11aaab59ba63; host=localhost:8080; accept-encoding=gzip, deflate, br; connection=keep-alive; content-length=97; , Request ID: ae40e89c-2e68-4954-8dec-e4a2fcf63219, Request IP  =0:0:0:0:0:0:0:1
11:31:18.806 [http-nio-8080-exec-7] INFO  c.p.c.c.loggingfilter.LoggingFilter - Response: Status=400, URI=/api/saveContact, Duration (Response Time)=7ms, Headers=[Content-Type, Transfer-Encoding, Date, Connection], Payload = org.apache.catalina.connector.ResponseFacade@29d671b6
11:31:19.928 [http-nio-8080-exec-10] INFO  c.p.c.c.f.HeadersLoggingFilter - Header content-type=0:0:0:0:0:0:0:1, IP = content-type
11:31:19.928 [http-nio-8080-exec-10] INFO  c.p.c.c.f.HeadersLoggingFilter - Header user-agent=0:0:0:0:0:0:0:1, IP = user-agent
11:31:19.928 [http-nio-8080-exec-10] INFO  c.p.c.c.f.HeadersLoggingFilter - Header accept=0:0:0:0:0:0:0:1, IP = accept
11:31:19.928 [http-nio-8080-exec-10] INFO  c.p.c.c.f.HeadersLoggingFilter - Header postman-token=0:0:0:0:0:0:0:1, IP = postman-token
11:31:19.928 [http-nio-8080-exec-10] INFO  c.p.c.c.f.HeadersLoggingFilter - Header host=0:0:0:0:0:0:0:1, IP = host
11:31:19.928 [http-nio-8080-exec-10] INFO  c.p.c.c.f.HeadersLoggingFilter - Header accept-encoding=0:0:0:0:0:0:0:1, IP = accept-encoding
11:31:19.928 [http-nio-8080-exec-10] INFO  c.p.c.c.f.HeadersLoggingFilter - Header connection=0:0:0:0:0:0:0:1, IP = connection
11:31:19.928 [http-nio-8080-exec-10] INFO  c.p.c.c.f.HeadersLoggingFilter - Header content-length=0:0:0:0:0:0:0:1, IP = content-length
11:31:19.928 [http-nio-8080-exec-10] INFO  c.p.c.c.loggingfilter.LoggingFilter - Request: Method=POST, URI=/api/saveContact, Headers=content-type=application/json; user-agent=PostmanRuntime/7.43.3; accept=*/*; postman-token=482575d2-65c8-4262-9866-9a0ee6b7aa78; host=localhost:8080; accept-encoding=gzip, deflate, br; connection=keep-alive; content-length=97; , Request ID: ca38a511-6e42-45fb-b993-72c63992f097, Request IP  =0:0:0:0:0:0:0:1
11:31:19.935 [http-nio-8080-exec-10] INFO  c.p.c.c.loggingfilter.LoggingFilter - Response: Status=400, URI=/api/saveContact, Duration (Response Time)=7ms, Headers=[Content-Type, Transfer-Encoding, Date, Connection], Payload = org.apache.catalina.connector.ResponseFacade@ee18ba9
11:31:20.929 [http-nio-8080-exec-2] INFO  c.p.c.c.f.HeadersLoggingFilter - Header content-type=0:0:0:0:0:0:0:1, IP = content-type
11:31:20.929 [http-nio-8080-exec-2] INFO  c.p.c.c.f.HeadersLoggingFilter - Header user-agent=0:0:0:0:0:0:0:1, IP = user-agent
11:31:20.929 [http-nio-8080-exec-2] INFO  c.p.c.c.f.HeadersLoggingFilter - Header accept=0:0:0:0:0:0:0:1, IP = accept
11:31:20.929 [http-nio-8080-exec-2] INFO  c.p.c.c.f.HeadersLoggingFilter - Header postman-token=0:0:0:0:0:0:0:1, IP = postman-token
11:31:20.929 [http-nio-8080-exec-2] INFO  c.p.c.c.f.HeadersLoggingFilter - Header host=0:0:0:0:0:0:0:1, IP = host
11:31:20.929 [http-nio-8080-exec-2] INFO  c.p.c.c.f.HeadersLoggingFilter - Header accept-encoding=0:0:0:0:0:0:0:1, IP = accept-encoding
11:31:20.929 [http-nio-8080-exec-2] INFO  c.p.c.c.f.HeadersLoggingFilter - Header connection=0:0:0:0:0:0:0:1, IP = connection
11:31:20.929 [http-nio-8080-exec-2] INFO  c.p.c.c.f.HeadersLoggingFilter - Header content-length=0:0:0:0:0:0:0:1, IP = content-length
11:31:20.929 [http-nio-8080-exec-2] INFO  c.p.c.c.loggingfilter.LoggingFilter - Request: Method=POST, URI=/api/saveContact, Headers=content-type=application/json; user-agent=PostmanRuntime/7.43.3; accept=*/*; postman-token=059a96f9-669b-4e1d-b148-fc8cf4fbab7b; host=localhost:8080; accept-encoding=gzip, deflate, br; connection=keep-alive; content-length=97; , Request ID: de8c19ee-8f6b-493c-a5ab-26cf240ae2ef, Request IP  =0:0:0:0:0:0:0:1
11:31:20.948 [http-nio-8080-exec-2] INFO  c.p.c.c.loggingfilter.LoggingFilter - Response: Status=400, URI=/api/saveContact, Duration (Response Time)=19ms, Headers=[Content-Type, Transfer-Encoding, Date, Connection], Payload = org.apache.catalina.connector.ResponseFacade@11019747
11:31:21.831 [http-nio-8080-exec-4] INFO  c.p.c.c.f.HeadersLoggingFilter - Header content-type=0:0:0:0:0:0:0:1, IP = content-type
11:31:21.831 [http-nio-8080-exec-4] INFO  c.p.c.c.f.HeadersLoggingFilter - Header user-agent=0:0:0:0:0:0:0:1, IP = user-agent
11:31:21.831 [http-nio-8080-exec-4] INFO  c.p.c.c.f.HeadersLoggingFilter - Header accept=0:0:0:0:0:0:0:1, IP = accept
11:31:21.831 [http-nio-8080-exec-4] INFO  c.p.c.c.f.HeadersLoggingFilter - Header postman-token=0:0:0:0:0:0:0:1, IP = postman-token
11:31:21.831 [http-nio-8080-exec-4] INFO  c.p.c.c.f.HeadersLoggingFilter - Header host=0:0:0:0:0:0:0:1, IP = host
11:31:21.831 [http-nio-8080-exec-4] INFO  c.p.c.c.f.HeadersLoggingFilter - Header accept-encoding=0:0:0:0:0:0:0:1, IP = accept-encoding
11:31:21.831 [http-nio-8080-exec-4] INFO  c.p.c.c.f.HeadersLoggingFilter - Header connection=0:0:0:0:0:0:0:1, IP = connection
11:31:21.831 [http-nio-8080-exec-4] INFO  c.p.c.c.f.HeadersLoggingFilter - Header content-length=0:0:0:0:0:0:0:1, IP = content-length
11:31:21.831 [http-nio-8080-exec-4] INFO  c.p.c.c.loggingfilter.LoggingFilter - Request: Method=POST, URI=/api/saveContact, Headers=content-type=application/json; user-agent=PostmanRuntime/7.43.3; accept=*/*; postman-token=d6615459-dc71-4daf-8601-fe452285b9a5; host=localhost:8080; accept-encoding=gzip, deflate, br; connection=keep-alive; content-length=97; , Request ID: 77bf76d4-cac5-493b-b8bb-6d85ad1d2073, Request IP  =0:0:0:0:0:0:0:1
11:31:21.839 [http-nio-8080-exec-4] INFO  c.p.c.c.loggingfilter.LoggingFilter - Response: Status=400, URI=/api/saveContact, Duration (Response Time)=8ms, Headers=[Content-Type, Transfer-Encoding, Date, Connection], Payload = org.apache.catalina.connector.ResponseFacade@4bcacd59
11:31:22.741 [http-nio-8080-exec-6] INFO  c.p.c.c.f.HeadersLoggingFilter - Header content-type=0:0:0:0:0:0:0:1, IP = content-type
11:31:22.742 [http-nio-8080-exec-6] INFO  c.p.c.c.f.HeadersLoggingFilter - Header user-agent=0:0:0:0:0:0:0:1, IP = user-agent
11:31:22.742 [http-nio-8080-exec-6] INFO  c.p.c.c.f.HeadersLoggingFilter - Header accept=0:0:0:0:0:0:0:1, IP = accept
11:31:22.742 [http-nio-8080-exec-6] INFO  c.p.c.c.f.HeadersLoggingFilter - Header postman-token=0:0:0:0:0:0:0:1, IP = postman-token
11:31:22.742 [http-nio-8080-exec-6] INFO  c.p.c.c.f.HeadersLoggingFilter - Header host=0:0:0:0:0:0:0:1, IP = host
11:31:22.742 [http-nio-8080-exec-6] INFO  c.p.c.c.f.HeadersLoggingFilter - Header accept-encoding=0:0:0:0:0:0:0:1, IP = accept-encoding
11:31:22.742 [http-nio-8080-exec-6] INFO  c.p.c.c.f.HeadersLoggingFilter - Header connection=0:0:0:0:0:0:0:1, IP = connection
11:31:22.742 [http-nio-8080-exec-6] INFO  c.p.c.c.f.HeadersLoggingFilter - Header content-length=0:0:0:0:0:0:0:1, IP = content-length
11:31:22.742 [http-nio-8080-exec-6] INFO  c.p.c.c.loggingfilter.LoggingFilter - Request: Method=POST, URI=/api/saveContact, Headers=content-type=application/json; user-agent=PostmanRuntime/7.43.3; accept=*/*; postman-token=193a8c4f-4125-4b34-8630-76ab0d4b57ab; host=localhost:8080; accept-encoding=gzip, deflate, br; connection=keep-alive; content-length=97; , Request ID: 1c01770d-9d97-4e81-b890-d7b4a56d3f37, Request IP  =0:0:0:0:0:0:0:1
11:31:22.748 [http-nio-8080-exec-6] INFO  c.p.c.c.loggingfilter.LoggingFilter - Response: Status=400, URI=/api/saveContact, Duration (Response Time)=6ms, Headers=[Content-Type, Transfer-Encoding, Date, Connection], Payload = org.apache.catalina.connector.ResponseFacade@6a8bd4ca
11:31:23.772 [http-nio-8080-exec-8] INFO  c.p.c.c.f.HeadersLoggingFilter - Header content-type=0:0:0:0:0:0:0:1, IP = content-type
11:31:23.772 [http-nio-8080-exec-8] INFO  c.p.c.c.f.HeadersLoggingFilter - Header user-agent=0:0:0:0:0:0:0:1, IP = user-agent
11:31:23.772 [http-nio-8080-exec-8] INFO  c.p.c.c.f.HeadersLoggingFilter - Header accept=0:0:0:0:0:0:0:1, IP = accept
11:31:23.772 [http-nio-8080-exec-8] INFO  c.p.c.c.f.HeadersLoggingFilter - Header postman-token=0:0:0:0:0:0:0:1, IP = postman-token
11:31:23.772 [http-nio-8080-exec-8] INFO  c.p.c.c.f.HeadersLoggingFilter - Header host=0:0:0:0:0:0:0:1, IP = host
11:31:23.772 [http-nio-8080-exec-8] INFO  c.p.c.c.f.HeadersLoggingFilter - Header accept-encoding=0:0:0:0:0:0:0:1, IP = accept-encoding
11:31:23.772 [http-nio-8080-exec-8] INFO  c.p.c.c.f.HeadersLoggingFilter - Header connection=0:0:0:0:0:0:0:1, IP = connection
11:31:23.772 [http-nio-8080-exec-8] INFO  c.p.c.c.f.HeadersLoggingFilter - Header content-length=0:0:0:0:0:0:0:1, IP = content-length
11:31:23.772 [http-nio-8080-exec-8] INFO  c.p.c.c.loggingfilter.LoggingFilter - Request: Method=POST, URI=/api/saveContact, Headers=content-type=application/json; user-agent=PostmanRuntime/7.43.3; accept=*/*; postman-token=c42de452-e013-43e8-bb5d-632f1b3d347c; host=localhost:8080; accept-encoding=gzip, deflate, br; connection=keep-alive; content-length=97; , Request ID: 549f3931-2e40-4812-8391-3d74f2473d71, Request IP  =0:0:0:0:0:0:0:1
11:31:23.778 [http-nio-8080-exec-8] INFO  c.p.c.c.loggingfilter.LoggingFilter - Response: Status=400, URI=/api/saveContact, Duration (Response Time)=6ms, Headers=[Content-Type, Transfer-Encoding, Date, Connection], Payload = org.apache.catalina.connector.ResponseFacade@55b4990b
11:31:24.780 [http-nio-8080-exec-9] INFO  c.p.c.c.f.HeadersLoggingFilter - Header content-type=0:0:0:0:0:0:0:1, IP = content-type
11:31:24.782 [http-nio-8080-exec-9] INFO  c.p.c.c.f.HeadersLoggingFilter - Header user-agent=0:0:0:0:0:0:0:1, IP = user-agent
11:31:24.782 [http-nio-8080-exec-9] INFO  c.p.c.c.f.HeadersLoggingFilter - Header accept=0:0:0:0:0:0:0:1, IP = accept
11:31:24.782 [http-nio-8080-exec-9] INFO  c.p.c.c.f.HeadersLoggingFilter - Header postman-token=0:0:0:0:0:0:0:1, IP = postman-token
11:31:24.782 [http-nio-8080-exec-9] INFO  c.p.c.c.f.HeadersLoggingFilter - Header host=0:0:0:0:0:0:0:1, IP = host
11:31:24.782 [http-nio-8080-exec-9] INFO  c.p.c.c.f.HeadersLoggingFilter - Header accept-encoding=0:0:0:0:0:0:0:1, IP = accept-encoding
11:31:24.782 [http-nio-8080-exec-9] INFO  c.p.c.c.f.HeadersLoggingFilter - Header connection=0:0:0:0:0:0:0:1, IP = connection
11:31:24.782 [http-nio-8080-exec-9] INFO  c.p.c.c.f.HeadersLoggingFilter - Header content-length=0:0:0:0:0:0:0:1, IP = content-length
11:31:24.782 [http-nio-8080-exec-9] INFO  c.p.c.c.loggingfilter.LoggingFilter - Request: Method=POST, URI=/api/saveContact, Headers=content-type=application/json; user-agent=PostmanRuntime/7.43.3; accept=*/*; postman-token=f54a53e1-082e-4579-b5fe-e0674cba9c0d; host=localhost:8080; accept-encoding=gzip, deflate, br; connection=keep-alive; content-length=97; , Request ID: c8fb8e85-9320-4630-b6d9-1429c130c75c, Request IP  =0:0:0:0:0:0:0:1
11:31:24.788 [http-nio-8080-exec-9] INFO  c.p.c.c.loggingfilter.LoggingFilter - Response: Status=400, URI=/api/saveContact, Duration (Response Time)=6ms, Headers=[Content-Type, Transfer-Encoding, Date, Connection], Payload = org.apache.catalina.connector.ResponseFacade@7e984c6
11:31:25.749 [http-nio-8080-exec-1] INFO  c.p.c.c.f.HeadersLoggingFilter - Header content-type=0:0:0:0:0:0:0:1, IP = content-type
11:31:25.749 [http-nio-8080-exec-1] INFO  c.p.c.c.f.HeadersLoggingFilter - Header user-agent=0:0:0:0:0:0:0:1, IP = user-agent
11:31:25.749 [http-nio-8080-exec-1] INFO  c.p.c.c.f.HeadersLoggingFilter - Header accept=0:0:0:0:0:0:0:1, IP = accept
11:31:25.749 [http-nio-8080-exec-1] INFO  c.p.c.c.f.HeadersLoggingFilter - Header postman-token=0:0:0:0:0:0:0:1, IP = postman-token
11:31:25.749 [http-nio-8080-exec-1] INFO  c.p.c.c.f.HeadersLoggingFilter - Header host=0:0:0:0:0:0:0:1, IP = host
11:31:25.749 [http-nio-8080-exec-1] INFO  c.p.c.c.f.HeadersLoggingFilter - Header accept-encoding=0:0:0:0:0:0:0:1, IP = accept-encoding
11:31:25.749 [http-nio-8080-exec-1] INFO  c.p.c.c.f.HeadersLoggingFilter - Header connection=0:0:0:0:0:0:0:1, IP = connection
11:31:25.749 [http-nio-8080-exec-1] INFO  c.p.c.c.f.HeadersLoggingFilter - Header content-length=0:0:0:0:0:0:0:1, IP = content-length
11:31:25.749 [http-nio-8080-exec-1] INFO  c.p.c.c.loggingfilter.LoggingFilter - Request: Method=POST, URI=/api/saveContact, Headers=content-type=application/json; user-agent=PostmanRuntime/7.43.3; accept=*/*; postman-token=2d09c967-1071-442c-bb1c-ac7a1a491b3d; host=localhost:8080; accept-encoding=gzip, deflate, br; connection=keep-alive; content-length=97; , Request ID: 1797bd7f-4dcf-4f23-b31c-932f4692b0b3, Request IP  =0:0:0:0:0:0:0:1
11:31:25.757 [http-nio-8080-exec-1] INFO  c.p.c.c.loggingfilter.LoggingFilter - Response: Status=400, URI=/api/saveContact, Duration (Response Time)=8ms, Headers=[Content-Type, Transfer-Encoding, Date, Connection], Payload = org.apache.catalina.connector.ResponseFacade@6597f837
11:31:26.715 [http-nio-8080-exec-4] INFO  c.p.c.c.f.HeadersLoggingFilter - Header content-type=0:0:0:0:0:0:0:1, IP = content-type
11:31:26.716 [http-nio-8080-exec-4] INFO  c.p.c.c.f.HeadersLoggingFilter - Header user-agent=0:0:0:0:0:0:0:1, IP = user-agent
11:31:26.716 [http-nio-8080-exec-4] INFO  c.p.c.c.f.HeadersLoggingFilter - Header accept=0:0:0:0:0:0:0:1, IP = accept
11:31:26.716 [http-nio-8080-exec-4] INFO  c.p.c.c.f.HeadersLoggingFilter - Header postman-token=0:0:0:0:0:0:0:1, IP = postman-token
11:31:26.716 [http-nio-8080-exec-4] INFO  c.p.c.c.f.HeadersLoggingFilter - Header host=0:0:0:0:0:0:0:1, IP = host
11:31:26.716 [http-nio-8080-exec-4] INFO  c.p.c.c.f.HeadersLoggingFilter - Header accept-encoding=0:0:0:0:0:0:0:1, IP = accept-encoding
11:31:26.716 [http-nio-8080-exec-4] INFO  c.p.c.c.f.HeadersLoggingFilter - Header connection=0:0:0:0:0:0:0:1, IP = connection
11:31:26.716 [http-nio-8080-exec-4] INFO  c.p.c.c.f.HeadersLoggingFilter - Header content-length=0:0:0:0:0:0:0:1, IP = content-length
11:31:26.716 [http-nio-8080-exec-4] INFO  c.p.c.c.loggingfilter.LoggingFilter - Request: Method=POST, URI=/api/saveContact, Headers=content-type=application/json; user-agent=PostmanRuntime/7.43.3; accept=*/*; postman-token=fbc3065d-4ed6-454a-a19a-c0f438a98fb8; host=localhost:8080; accept-encoding=gzip, deflate, br; connection=keep-alive; content-length=97; , Request ID: 833885e9-6866-4834-8bb1-1bc83b2f73f4, Request IP  =0:0:0:0:0:0:0:1
11:31:26.722 [http-nio-8080-exec-4] INFO  c.p.c.c.loggingfilter.LoggingFilter - Response: Status=400, URI=/api/saveContact, Duration (Response Time)=6ms, Headers=[Content-Type, Transfer-Encoding, Date, Connection], Payload = org.apache.catalina.connector.ResponseFacade@7c555bbf
11:31:27.680 [http-nio-8080-exec-5] INFO  c.p.c.c.f.HeadersLoggingFilter - Header content-type=0:0:0:0:0:0:0:1, IP = content-type
11:31:27.680 [http-nio-8080-exec-5] INFO  c.p.c.c.f.HeadersLoggingFilter - Header user-agent=0:0:0:0:0:0:0:1, IP = user-agent
11:31:27.680 [http-nio-8080-exec-5] INFO  c.p.c.c.f.HeadersLoggingFilter - Header accept=0:0:0:0:0:0:0:1, IP = accept
11:31:27.680 [http-nio-8080-exec-5] INFO  c.p.c.c.f.HeadersLoggingFilter - Header postman-token=0:0:0:0:0:0:0:1, IP = postman-token
11:31:27.680 [http-nio-8080-exec-5] INFO  c.p.c.c.f.HeadersLoggingFilter - Header host=0:0:0:0:0:0:0:1, IP = host
11:31:27.680 [http-nio-8080-exec-5] INFO  c.p.c.c.f.HeadersLoggingFilter - Header accept-encoding=0:0:0:0:0:0:0:1, IP = accept-encoding
11:31:27.680 [http-nio-8080-exec-5] INFO  c.p.c.c.f.HeadersLoggingFilter - Header connection=0:0:0:0:0:0:0:1, IP = connection
11:31:27.680 [http-nio-8080-exec-5] INFO  c.p.c.c.f.HeadersLoggingFilter - Header content-length=0:0:0:0:0:0:0:1, IP = content-length
11:31:27.680 [http-nio-8080-exec-5] INFO  c.p.c.c.loggingfilter.LoggingFilter - Request: Method=POST, URI=/api/saveContact, Headers=content-type=application/json; user-agent=PostmanRuntime/7.43.3; accept=*/*; postman-token=2505fea5-94a2-4746-ae33-5b6fe4da7fd5; host=localhost:8080; accept-encoding=gzip, deflate, br; connection=keep-alive; content-length=97; , Request ID: 9883e429-442e-488e-9322-8e2ea34fc300, Request IP  =0:0:0:0:0:0:0:1
11:31:27.685 [http-nio-8080-exec-5] INFO  c.p.c.c.loggingfilter.LoggingFilter - Response: Status=400, URI=/api/saveContact, Duration (Response Time)=5ms, Headers=[Content-Type, Transfer-Encoding, Date, Connection], Payload = org.apache.catalina.connector.ResponseFacade@4c2f0b76
11:31:28.604 [http-nio-8080-exec-8] INFO  c.p.c.c.f.HeadersLoggingFilter - Header content-type=0:0:0:0:0:0:0:1, IP = content-type
11:31:28.604 [http-nio-8080-exec-8] INFO  c.p.c.c.f.HeadersLoggingFilter - Header user-agent=0:0:0:0:0:0:0:1, IP = user-agent
11:31:28.604 [http-nio-8080-exec-8] INFO  c.p.c.c.f.HeadersLoggingFilter - Header accept=0:0:0:0:0:0:0:1, IP = accept
11:31:28.604 [http-nio-8080-exec-8] INFO  c.p.c.c.f.HeadersLoggingFilter - Header postman-token=0:0:0:0:0:0:0:1, IP = postman-token
11:31:28.604 [http-nio-8080-exec-8] INFO  c.p.c.c.f.HeadersLoggingFilter - Header host=0:0:0:0:0:0:0:1, IP = host
11:31:28.604 [http-nio-8080-exec-8] INFO  c.p.c.c.f.HeadersLoggingFilter - Header accept-encoding=0:0:0:0:0:0:0:1, IP = accept-encoding
11:31:28.604 [http-nio-8080-exec-8] INFO  c.p.c.c.f.HeadersLoggingFilter - Header connection=0:0:0:0:0:0:0:1, IP = connection
11:31:28.604 [http-nio-8080-exec-8] INFO  c.p.c.c.f.HeadersLoggingFilter - Header content-length=0:0:0:0:0:0:0:1, IP = content-length
11:31:28.604 [http-nio-8080-exec-8] INFO  c.p.c.c.loggingfilter.LoggingFilter - Request: Method=POST, URI=/api/saveContact, Headers=content-type=application/json; user-agent=PostmanRuntime/7.43.3; accept=*/*; postman-token=c15c5545-111a-4fdb-9ca6-308f87dbe686; host=localhost:8080; accept-encoding=gzip, deflate, br; connection=keep-alive; content-length=97; , Request ID: 6245b960-87d7-42ff-930e-3df33b988a5e, Request IP  =0:0:0:0:0:0:0:1
11:31:28.610 [http-nio-8080-exec-8] INFO  c.p.c.c.loggingfilter.LoggingFilter - Response: Status=400, URI=/api/saveContact, Duration (Response Time)=6ms, Headers=[Content-Type, Transfer-Encoding, Date, Connection], Payload = org.apache.catalina.connector.ResponseFacade@20f799ca
11:31:29.572 [http-nio-8080-exec-9] INFO  c.p.c.c.f.HeadersLoggingFilter - Header content-type=0:0:0:0:0:0:0:1, IP = content-type
11:31:29.572 [http-nio-8080-exec-9] INFO  c.p.c.c.f.HeadersLoggingFilter - Header user-agent=0:0:0:0:0:0:0:1, IP = user-agent
11:31:29.572 [http-nio-8080-exec-9] INFO  c.p.c.c.f.HeadersLoggingFilter - Header accept=0:0:0:0:0:0:0:1, IP = accept
11:31:29.572 [http-nio-8080-exec-9] INFO  c.p.c.c.f.HeadersLoggingFilter - Header postman-token=0:0:0:0:0:0:0:1, IP = postman-token
11:31:29.572 [http-nio-8080-exec-9] INFO  c.p.c.c.f.HeadersLoggingFilter - Header host=0:0:0:0:0:0:0:1, IP = host
11:31:29.572 [http-nio-8080-exec-9] INFO  c.p.c.c.f.HeadersLoggingFilter - Header accept-encoding=0:0:0:0:0:0:0:1, IP = accept-encoding
11:31:29.572 [http-nio-8080-exec-9] INFO  c.p.c.c.f.HeadersLoggingFilter - Header connection=0:0:0:0:0:0:0:1, IP = connection
11:31:29.572 [http-nio-8080-exec-9] INFO  c.p.c.c.f.HeadersLoggingFilter - Header content-length=0:0:0:0:0:0:0:1, IP = content-length
11:31:29.572 [http-nio-8080-exec-9] INFO  c.p.c.c.loggingfilter.LoggingFilter - Request: Method=POST, URI=/api/saveContact, Headers=content-type=application/json; user-agent=PostmanRuntime/7.43.3; accept=*/*; postman-token=f1ba200a-e35f-469c-abc8-e2bfda3858aa; host=localhost:8080; accept-encoding=gzip, deflate, br; connection=keep-alive; content-length=97; , Request ID: 75bdb8f5-ae06-4407-9a07-409b24ad774c, Request IP  =0:0:0:0:0:0:0:1
11:31:29.579 [http-nio-8080-exec-9] INFO  c.p.c.c.loggingfilter.LoggingFilter - Response: Status=400, URI=/api/saveContact, Duration (Response Time)=7ms, Headers=[Content-Type, Transfer-Encoding, Date, Connection], Payload = org.apache.catalina.connector.ResponseFacade@73e3ccbf
11:31:30.490 [http-nio-8080-exec-1] INFO  c.p.c.c.f.HeadersLoggingFilter - Header content-type=0:0:0:0:0:0:0:1, IP = content-type
11:31:30.490 [http-nio-8080-exec-1] INFO  c.p.c.c.f.HeadersLoggingFilter - Header user-agent=0:0:0:0:0:0:0:1, IP = user-agent
11:31:30.490 [http-nio-8080-exec-1] INFO  c.p.c.c.f.HeadersLoggingFilter - Header accept=0:0:0:0:0:0:0:1, IP = accept
11:31:30.490 [http-nio-8080-exec-1] INFO  c.p.c.c.f.HeadersLoggingFilter - Header postman-token=0:0:0:0:0:0:0:1, IP = postman-token
11:31:30.490 [http-nio-8080-exec-1] INFO  c.p.c.c.f.HeadersLoggingFilter - Header host=0:0:0:0:0:0:0:1, IP = host
11:31:30.491 [http-nio-8080-exec-1] INFO  c.p.c.c.f.HeadersLoggingFilter - Header accept-encoding=0:0:0:0:0:0:0:1, IP = accept-encoding
11:31:30.491 [http-nio-8080-exec-1] INFO  c.p.c.c.f.HeadersLoggingFilter - Header connection=0:0:0:0:0:0:0:1, IP = connection
11:31:30.491 [http-nio-8080-exec-1] INFO  c.p.c.c.f.HeadersLoggingFilter - Header content-length=0:0:0:0:0:0:0:1, IP = content-length
11:31:30.491 [http-nio-8080-exec-1] INFO  c.p.c.c.loggingfilter.LoggingFilter - Request: Method=POST, URI=/api/saveContact, Headers=content-type=application/json; user-agent=PostmanRuntime/7.43.3; accept=*/*; postman-token=69dcaaf2-efbf-440f-8b58-69d7140504e2; host=localhost:8080; accept-encoding=gzip, deflate, br; connection=keep-alive; content-length=97; , Request ID: 5fe45b83-1d38-4217-a4a9-64ae75973a53, Request IP  =0:0:0:0:0:0:0:1
11:31:30.498 [http-nio-8080-exec-1] INFO  c.p.c.c.loggingfilter.LoggingFilter - Response: Status=400, URI=/api/saveContact, Duration (Response Time)=7ms, Headers=[Content-Type, Transfer-Encoding, Date, Connection], Payload = org.apache.catalina.connector.ResponseFacade@63962cb8
11:31:31.385 [http-nio-8080-exec-3] INFO  c.p.c.c.f.HeadersLoggingFilter - Header content-type=0:0:0:0:0:0:0:1, IP = content-type
11:31:31.386 [http-nio-8080-exec-3] INFO  c.p.c.c.f.HeadersLoggingFilter - Header user-agent=0:0:0:0:0:0:0:1, IP = user-agent
11:31:31.386 [http-nio-8080-exec-3] INFO  c.p.c.c.f.HeadersLoggingFilter - Header accept=0:0:0:0:0:0:0:1, IP = accept
11:31:31.386 [http-nio-8080-exec-3] INFO  c.p.c.c.f.HeadersLoggingFilter - Header postman-token=0:0:0:0:0:0:0:1, IP = postman-token
11:31:31.386 [http-nio-8080-exec-3] INFO  c.p.c.c.f.HeadersLoggingFilter - Header host=0:0:0:0:0:0:0:1, IP = host
11:31:31.386 [http-nio-8080-exec-3] INFO  c.p.c.c.f.HeadersLoggingFilter - Header accept-encoding=0:0:0:0:0:0:0:1, IP = accept-encoding
11:31:31.386 [http-nio-8080-exec-3] INFO  c.p.c.c.f.HeadersLoggingFilter - Header connection=0:0:0:0:0:0:0:1, IP = connection
11:31:31.386 [http-nio-8080-exec-3] INFO  c.p.c.c.f.HeadersLoggingFilter - Header content-length=0:0:0:0:0:0:0:1, IP = content-length
11:31:31.386 [http-nio-8080-exec-3] INFO  c.p.c.c.loggingfilter.LoggingFilter - Request: Method=POST, URI=/api/saveContact, Headers=content-type=application/json; user-agent=PostmanRuntime/7.43.3; accept=*/*; postman-token=bbf8c8d3-99d5-4e6c-a207-2d54ee0c02b8; host=localhost:8080; accept-encoding=gzip, deflate, br; connection=keep-alive; content-length=97; , Request ID: 24abf353-41e2-4477-a08f-85951d80d511, Request IP  =0:0:0:0:0:0:0:1
11:31:31.392 [http-nio-8080-exec-3] INFO  c.p.c.c.loggingfilter.LoggingFilter - Response: Status=400, URI=/api/saveContact, Duration (Response Time)=6ms, Headers=[Content-Type, Transfer-Encoding, Date, Connection], Payload = org.apache.catalina.connector.ResponseFacade@7dd88585
11:31:32.515 [http-nio-8080-exec-5] INFO  c.p.c.c.f.HeadersLoggingFilter - Header content-type=0:0:0:0:0:0:0:1, IP = content-type
11:31:32.515 [http-nio-8080-exec-5] INFO  c.p.c.c.f.HeadersLoggingFilter - Header user-agent=0:0:0:0:0:0:0:1, IP = user-agent
11:31:32.515 [http-nio-8080-exec-5] INFO  c.p.c.c.f.HeadersLoggingFilter - Header accept=0:0:0:0:0:0:0:1, IP = accept
11:31:32.515 [http-nio-8080-exec-5] INFO  c.p.c.c.f.HeadersLoggingFilter - Header postman-token=0:0:0:0:0:0:0:1, IP = postman-token
11:31:32.515 [http-nio-8080-exec-5] INFO  c.p.c.c.f.HeadersLoggingFilter - Header host=0:0:0:0:0:0:0:1, IP = host
11:31:32.515 [http-nio-8080-exec-5] INFO  c.p.c.c.f.HeadersLoggingFilter - Header accept-encoding=0:0:0:0:0:0:0:1, IP = accept-encoding
11:31:32.515 [http-nio-8080-exec-5] INFO  c.p.c.c.f.HeadersLoggingFilter - Header connection=0:0:0:0:0:0:0:1, IP = connection
11:31:32.515 [http-nio-8080-exec-5] INFO  c.p.c.c.f.HeadersLoggingFilter - Header content-length=0:0:0:0:0:0:0:1, IP = content-length
11:31:32.515 [http-nio-8080-exec-5] INFO  c.p.c.c.loggingfilter.LoggingFilter - Request: Method=POST, URI=/api/saveContact, Headers=content-type=application/json; user-agent=PostmanRuntime/7.43.3; accept=*/*; postman-token=2cd6bf32-5e75-429a-a453-3d4e97aab1f9; host=localhost:8080; accept-encoding=gzip, deflate, br; connection=keep-alive; content-length=97; , Request ID: 699f4c0c-558e-474e-ba79-adde2db7a27b, Request IP  =0:0:0:0:0:0:0:1
11:31:32.521 [http-nio-8080-exec-5] INFO  c.p.c.c.loggingfilter.LoggingFilter - Response: Status=400, URI=/api/saveContact, Duration (Response Time)=6ms, Headers=[Content-Type, Transfer-Encoding, Date, Connection], Payload = org.apache.catalina.connector.ResponseFacade@636b0195
11:31:33.271 [http-nio-8080-exec-8] INFO  c.p.c.c.f.HeadersLoggingFilter - Header content-type=0:0:0:0:0:0:0:1, IP = content-type
11:31:33.272 [http-nio-8080-exec-8] INFO  c.p.c.c.f.HeadersLoggingFilter - Header user-agent=0:0:0:0:0:0:0:1, IP = user-agent
11:31:33.272 [http-nio-8080-exec-8] INFO  c.p.c.c.f.HeadersLoggingFilter - Header accept=0:0:0:0:0:0:0:1, IP = accept
11:31:33.272 [http-nio-8080-exec-8] INFO  c.p.c.c.f.HeadersLoggingFilter - Header postman-token=0:0:0:0:0:0:0:1, IP = postman-token
11:31:33.272 [http-nio-8080-exec-8] INFO  c.p.c.c.f.HeadersLoggingFilter - Header host=0:0:0:0:0:0:0:1, IP = host
11:31:33.272 [http-nio-8080-exec-8] INFO  c.p.c.c.f.HeadersLoggingFilter - Header accept-encoding=0:0:0:0:0:0:0:1, IP = accept-encoding
11:31:33.272 [http-nio-8080-exec-8] INFO  c.p.c.c.f.HeadersLoggingFilter - Header connection=0:0:0:0:0:0:0:1, IP = connection
11:31:33.272 [http-nio-8080-exec-8] INFO  c.p.c.c.f.HeadersLoggingFilter - Header content-length=0:0:0:0:0:0:0:1, IP = content-length
11:31:33.272 [http-nio-8080-exec-8] INFO  c.p.c.c.loggingfilter.LoggingFilter - Request: Method=POST, URI=/api/saveContact, Headers=content-type=application/json; user-agent=PostmanRuntime/7.43.3; accept=*/*; postman-token=d4aee809-7a1d-4cd1-8e7c-81ac5ad52f6d; host=localhost:8080; accept-encoding=gzip, deflate, br; connection=keep-alive; content-length=97; , Request ID: b6ba889b-bf64-45bb-a432-f0886600f5dc, Request IP  =0:0:0:0:0:0:0:1
11:31:33.278 [http-nio-8080-exec-8] INFO  c.p.c.c.loggingfilter.LoggingFilter - Response: Status=400, URI=/api/saveContact, Duration (Response Time)=6ms, Headers=[Content-Type, Transfer-Encoding, Date, Connection], Payload = org.apache.catalina.connector.ResponseFacade@36b519cc
11:31:34.301 [http-nio-8080-exec-9] INFO  c.p.c.c.f.HeadersLoggingFilter - Header content-type=0:0:0:0:0:0:0:1, IP = content-type
11:31:34.302 [http-nio-8080-exec-9] INFO  c.p.c.c.f.HeadersLoggingFilter - Header user-agent=0:0:0:0:0:0:0:1, IP = user-agent
11:31:34.302 [http-nio-8080-exec-9] INFO  c.p.c.c.f.HeadersLoggingFilter - Header accept=0:0:0:0:0:0:0:1, IP = accept
11:31:34.302 [http-nio-8080-exec-9] INFO  c.p.c.c.f.HeadersLoggingFilter - Header postman-token=0:0:0:0:0:0:0:1, IP = postman-token
11:31:34.302 [http-nio-8080-exec-9] INFO  c.p.c.c.f.HeadersLoggingFilter - Header host=0:0:0:0:0:0:0:1, IP = host
11:31:34.302 [http-nio-8080-exec-9] INFO  c.p.c.c.f.HeadersLoggingFilter - Header accept-encoding=0:0:0:0:0:0:0:1, IP = accept-encoding
11:31:34.302 [http-nio-8080-exec-9] INFO  c.p.c.c.f.HeadersLoggingFilter - Header connection=0:0:0:0:0:0:0:1, IP = connection
11:31:34.302 [http-nio-8080-exec-9] INFO  c.p.c.c.f.HeadersLoggingFilter - Header content-length=0:0:0:0:0:0:0:1, IP = content-length
11:31:34.302 [http-nio-8080-exec-9] INFO  c.p.c.c.loggingfilter.LoggingFilter - Request: Method=POST, URI=/api/saveContact, Headers=content-type=application/json; user-agent=PostmanRuntime/7.43.3; accept=*/*; postman-token=d801de2f-7883-47df-84ad-9ceb51123fc7; host=localhost:8080; accept-encoding=gzip, deflate, br; connection=keep-alive; content-length=97; , Request ID: 74dd93eb-7711-446d-a7b5-0a32678130cb, Request IP  =0:0:0:0:0:0:0:1
11:31:34.308 [http-nio-8080-exec-9] INFO  c.p.c.c.loggingfilter.LoggingFilter - Response: Status=400, URI=/api/saveContact, Duration (Response Time)=6ms, Headers=[Content-Type, Transfer-Encoding, Date, Connection], Payload = org.apache.catalina.connector.ResponseFacade@4ba782ca
11:31:35.263 [http-nio-8080-exec-1] INFO  c.p.c.c.f.HeadersLoggingFilter - Header content-type=0:0:0:0:0:0:0:1, IP = content-type
11:31:35.263 [http-nio-8080-exec-1] INFO  c.p.c.c.f.HeadersLoggingFilter - Header user-agent=0:0:0:0:0:0:0:1, IP = user-agent
11:31:35.263 [http-nio-8080-exec-1] INFO  c.p.c.c.f.HeadersLoggingFilter - Header accept=0:0:0:0:0:0:0:1, IP = accept
11:31:35.263 [http-nio-8080-exec-1] INFO  c.p.c.c.f.HeadersLoggingFilter - Header postman-token=0:0:0:0:0:0:0:1, IP = postman-token
11:31:35.263 [http-nio-8080-exec-1] INFO  c.p.c.c.f.HeadersLoggingFilter - Header host=0:0:0:0:0:0:0:1, IP = host
11:31:35.263 [http-nio-8080-exec-1] INFO  c.p.c.c.f.HeadersLoggingFilter - Header accept-encoding=0:0:0:0:0:0:0:1, IP = accept-encoding
11:31:35.263 [http-nio-8080-exec-1] INFO  c.p.c.c.f.HeadersLoggingFilter - Header connection=0:0:0:0:0:0:0:1, IP = connection
11:31:35.264 [http-nio-8080-exec-1] INFO  c.p.c.c.f.HeadersLoggingFilter - Header content-length=0:0:0:0:0:0:0:1, IP = content-length
11:31:35.264 [http-nio-8080-exec-1] INFO  c.p.c.c.loggingfilter.LoggingFilter - Request: Method=POST, URI=/api/saveContact, Headers=content-type=application/json; user-agent=PostmanRuntime/7.43.3; accept=*/*; postman-token=8ada9e4b-4680-418d-861c-20a492f2d32f; host=localhost:8080; accept-encoding=gzip, deflate, br; connection=keep-alive; content-length=97; , Request ID: 6fe25aea-7774-4553-af10-4e4130021f4d, Request IP  =0:0:0:0:0:0:0:1
11:31:35.269 [http-nio-8080-exec-1] INFO  c.p.c.c.loggingfilter.LoggingFilter - Response: Status=400, URI=/api/saveContact, Duration (Response Time)=5ms, Headers=[Content-Type, Transfer-Encoding, Date, Connection], Payload = org.apache.catalina.connector.ResponseFacade@2f7777b1
11:31:36.313 [http-nio-8080-exec-3] INFO  c.p.c.c.f.HeadersLoggingFilter - Header content-type=0:0:0:0:0:0:0:1, IP = content-type
11:31:36.313 [http-nio-8080-exec-3] INFO  c.p.c.c.f.HeadersLoggingFilter - Header user-agent=0:0:0:0:0:0:0:1, IP = user-agent
11:31:36.313 [http-nio-8080-exec-3] INFO  c.p.c.c.f.HeadersLoggingFilter - Header accept=0:0:0:0:0:0:0:1, IP = accept
11:31:36.313 [http-nio-8080-exec-3] INFO  c.p.c.c.f.HeadersLoggingFilter - Header postman-token=0:0:0:0:0:0:0:1, IP = postman-token
11:31:36.313 [http-nio-8080-exec-3] INFO  c.p.c.c.f.HeadersLoggingFilter - Header host=0:0:0:0:0:0:0:1, IP = host
11:31:36.313 [http-nio-8080-exec-3] INFO  c.p.c.c.f.HeadersLoggingFilter - Header accept-encoding=0:0:0:0:0:0:0:1, IP = accept-encoding
11:31:36.313 [http-nio-8080-exec-3] INFO  c.p.c.c.f.HeadersLoggingFilter - Header connection=0:0:0:0:0:0:0:1, IP = connection
11:31:36.313 [http-nio-8080-exec-3] INFO  c.p.c.c.f.HeadersLoggingFilter - Header content-length=0:0:0:0:0:0:0:1, IP = content-length
11:31:36.313 [http-nio-8080-exec-3] INFO  c.p.c.c.loggingfilter.LoggingFilter - Request: Method=POST, URI=/api/saveContact, Headers=content-type=application/json; user-agent=PostmanRuntime/7.43.3; accept=*/*; postman-token=8eca00a8-abd3-4d86-94b6-3dd4ed616df9; host=localhost:8080; accept-encoding=gzip, deflate, br; connection=keep-alive; content-length=97; , Request ID: e134c170-125c-4608-9b50-8bfd5c99722a, Request IP  =0:0:0:0:0:0:0:1
11:31:36.321 [http-nio-8080-exec-3] INFO  c.p.c.c.loggingfilter.LoggingFilter - Response: Status=400, URI=/api/saveContact, Duration (Response Time)=8ms, Headers=[Content-Type, Transfer-Encoding, Date, Connection], Payload = org.apache.catalina.connector.ResponseFacade@928099a
11:31:39.039 [http-nio-8080-exec-5] INFO  c.p.c.c.f.HeadersLoggingFilter - Header content-type=0:0:0:0:0:0:0:1, IP = content-type
11:31:39.039 [http-nio-8080-exec-5] INFO  c.p.c.c.f.HeadersLoggingFilter - Header user-agent=0:0:0:0:0:0:0:1, IP = user-agent
11:31:39.039 [http-nio-8080-exec-5] INFO  c.p.c.c.f.HeadersLoggingFilter - Header accept=0:0:0:0:0:0:0:1, IP = accept
11:31:39.039 [http-nio-8080-exec-5] INFO  c.p.c.c.f.HeadersLoggingFilter - Header postman-token=0:0:0:0:0:0:0:1, IP = postman-token
11:31:39.039 [http-nio-8080-exec-5] INFO  c.p.c.c.f.HeadersLoggingFilter - Header host=0:0:0:0:0:0:0:1, IP = host
11:31:39.039 [http-nio-8080-exec-5] INFO  c.p.c.c.f.HeadersLoggingFilter - Header accept-encoding=0:0:0:0:0:0:0:1, IP = accept-encoding
11:31:39.039 [http-nio-8080-exec-5] INFO  c.p.c.c.f.HeadersLoggingFilter - Header connection=0:0:0:0:0:0:0:1, IP = connection
11:31:39.039 [http-nio-8080-exec-5] INFO  c.p.c.c.f.HeadersLoggingFilter - Header content-length=0:0:0:0:0:0:0:1, IP = content-length
11:31:39.039 [http-nio-8080-exec-5] INFO  c.p.c.c.loggingfilter.LoggingFilter - Request: Method=POST, URI=/api/saveContact, Headers=content-type=application/json; user-agent=PostmanRuntime/7.43.3; accept=*/*; postman-token=35534bfd-18a7-43a6-96d3-8c290b5b7947; host=localhost:8080; accept-encoding=gzip, deflate, br; connection=keep-alive; content-length=97; , Request ID: b398a16e-6468-4e80-aa9b-ef74f7505e5e, Request IP  =0:0:0:0:0:0:0:1
11:31:39.045 [http-nio-8080-exec-5] INFO  c.p.c.c.loggingfilter.LoggingFilter - Response: Status=400, URI=/api/saveContact, Duration (Response Time)=6ms, Headers=[Content-Type, Transfer-Encoding, Date, Connection], Payload = org.apache.catalina.connector.ResponseFacade@5c364f0a
11:31:40.920 [http-nio-8080-exec-7] INFO  c.p.c.c.f.HeadersLoggingFilter - Header content-type=0:0:0:0:0:0:0:1, IP = content-type
11:31:40.920 [http-nio-8080-exec-7] INFO  c.p.c.c.f.HeadersLoggingFilter - Header user-agent=0:0:0:0:0:0:0:1, IP = user-agent
11:31:40.920 [http-nio-8080-exec-7] INFO  c.p.c.c.f.HeadersLoggingFilter - Header accept=0:0:0:0:0:0:0:1, IP = accept
11:31:40.920 [http-nio-8080-exec-7] INFO  c.p.c.c.f.HeadersLoggingFilter - Header postman-token=0:0:0:0:0:0:0:1, IP = postman-token
11:31:40.920 [http-nio-8080-exec-7] INFO  c.p.c.c.f.HeadersLoggingFilter - Header host=0:0:0:0:0:0:0:1, IP = host
11:31:40.920 [http-nio-8080-exec-7] INFO  c.p.c.c.f.HeadersLoggingFilter - Header accept-encoding=0:0:0:0:0:0:0:1, IP = accept-encoding
11:31:40.920 [http-nio-8080-exec-7] INFO  c.p.c.c.f.HeadersLoggingFilter - Header connection=0:0:0:0:0:0:0:1, IP = connection
11:31:40.920 [http-nio-8080-exec-7] INFO  c.p.c.c.f.HeadersLoggingFilter - Header content-length=0:0:0:0:0:0:0:1, IP = content-length
11:31:40.920 [http-nio-8080-exec-7] INFO  c.p.c.c.loggingfilter.LoggingFilter - Request: Method=POST, URI=/api/saveContact, Headers=content-type=application/json; user-agent=PostmanRuntime/7.43.3; accept=*/*; postman-token=4b89edd2-4e32-40e9-a5a6-503a88db3172; host=localhost:8080; accept-encoding=gzip, deflate, br; connection=keep-alive; content-length=97; , Request ID: 67e23cd7-67d4-42d9-a937-236e29f93542, Request IP  =0:0:0:0:0:0:0:1
11:31:40.927 [http-nio-8080-exec-7] INFO  c.p.c.c.loggingfilter.LoggingFilter - Response: Status=400, URI=/api/saveContact, Duration (Response Time)=6ms, Headers=[Content-Type, Transfer-Encoding, Date, Connection], Payload = org.apache.catalina.connector.ResponseFacade@3759b045
11:31:42.067 [http-nio-8080-exec-9] INFO  c.p.c.c.f.HeadersLoggingFilter - Header content-type=0:0:0:0:0:0:0:1, IP = content-type
11:31:42.067 [http-nio-8080-exec-9] INFO  c.p.c.c.f.HeadersLoggingFilter - Header user-agent=0:0:0:0:0:0:0:1, IP = user-agent
11:31:42.067 [http-nio-8080-exec-9] INFO  c.p.c.c.f.HeadersLoggingFilter - Header accept=0:0:0:0:0:0:0:1, IP = accept
11:31:42.067 [http-nio-8080-exec-9] INFO  c.p.c.c.f.HeadersLoggingFilter - Header postman-token=0:0:0:0:0:0:0:1, IP = postman-token
11:31:42.067 [http-nio-8080-exec-9] INFO  c.p.c.c.f.HeadersLoggingFilter - Header host=0:0:0:0:0:0:0:1, IP = host
11:31:42.067 [http-nio-8080-exec-9] INFO  c.p.c.c.f.HeadersLoggingFilter - Header accept-encoding=0:0:0:0:0:0:0:1, IP = accept-encoding
11:31:42.067 [http-nio-8080-exec-9] INFO  c.p.c.c.f.HeadersLoggingFilter - Header connection=0:0:0:0:0:0:0:1, IP = connection
11:31:42.067 [http-nio-8080-exec-9] INFO  c.p.c.c.f.HeadersLoggingFilter - Header content-length=0:0:0:0:0:0:0:1, IP = content-length
11:31:42.067 [http-nio-8080-exec-9] INFO  c.p.c.c.loggingfilter.LoggingFilter - Request: Method=POST, URI=/api/saveContact, Headers=content-type=application/json; user-agent=PostmanRuntime/7.43.3; accept=*/*; postman-token=5b26549a-95b1-4f03-a8e3-ffba902157fb; host=localhost:8080; accept-encoding=gzip, deflate, br; connection=keep-alive; content-length=97; , Request ID: 101ef2b6-a1be-4302-ac69-016e20fb7677, Request IP  =0:0:0:0:0:0:0:1
11:31:42.072 [http-nio-8080-exec-9] INFO  c.p.c.c.loggingfilter.LoggingFilter - Response: Status=400, URI=/api/saveContact, Duration (Response Time)=5ms, Headers=[Content-Type, Transfer-Encoding, Date, Connection], Payload = org.apache.catalina.connector.ResponseFacade@268a2b75
11:38:55.413 [SpringApplicationShutdownHook] INFO  o.s.o.j.LocalContainerEntityManagerFactoryBean - Closing JPA EntityManagerFactory for persistence unit 'default'
11:38:55.417 [SpringApplicationShutdownHook] INFO  com.zaxxer.hikari.HikariDataSource - HikariPool-1 - Shutdown initiated...
11:38:55.424 [SpringApplicationShutdownHook] INFO  com.zaxxer.hikari.HikariDataSource - HikariPool-1 - Shutdown completed.
11:39:14.737 [background-preinit] INFO  o.h.validator.internal.util.Version - HV000001: Hibernate Validator 8.0.1.Final
11:39:14.794 [main] INFO  c.p.c.ContactsdemoApplication - Starting ContactsdemoApplication using Java 17.0.12 with PID 25092 (C:\Ayse Ceren - crud projects\contactsdemo\build\classes\java\main started by 16381136672 in C:\Ayse Ceren - crud projects\contactsdemo)
11:39:14.796 [main] INFO  c.p.c.ContactsdemoApplication - No active profile set, falling back to 1 default profile: "default"
11:39:16.280 [main] INFO  o.s.d.r.c.RepositoryConfigurationDelegate - Bootstrapping Spring Data JPA repositories in DEFAULT mode.
11:39:16.373 [main] INFO  o.s.d.r.c.RepositoryConfigurationDelegate - Finished Spring Data repository scanning in 83 ms. Found 2 JPA repository interfaces.
11:39:17.558 [main] INFO  o.s.b.w.e.tomcat.TomcatWebServer - Tomcat initialized with port 8080 (http)
11:39:17.569 [main] INFO  o.a.coyote.http11.Http11NioProtocol - Initializing ProtocolHandler ["http-nio-8080"]
11:39:17.571 [main] INFO  o.a.catalina.core.StandardService - Starting service [Tomcat]
11:39:17.571 [main] INFO  o.a.catalina.core.StandardEngine - Starting Servlet engine: [Apache Tomcat/10.1.25]
11:39:17.672 [main] INFO  o.a.c.c.C.[Tomcat].[localhost].[/] - Initializing Spring embedded WebApplicationContext
11:39:17.673 [main] INFO  o.s.b.w.s.c.ServletWebServerApplicationContext - Root WebApplicationContext: initialization completed in 2820 ms
11:39:18.111 [main] INFO  com.zaxxer.hikari.HikariDataSource - HikariPool-1 - Starting...
11:39:18.285 [main] INFO  com.zaxxer.hikari.pool.HikariPool - HikariPool-1 - Added connection org.postgresql.jdbc.PgConnection@3e55d844
11:39:18.287 [main] INFO  com.zaxxer.hikari.HikariDataSource - HikariPool-1 - Start completed.
11:39:18.991 [main] INFO  liquibase.changelog - Reading from public.databasechangelog
11:39:19.051 [main] INFO  liquibase.changelog - Reading from public.databasechangelog
11:39:19.060 [main] INFO  liquibase.util - UPDATE SUMMARY
11:39:19.060 [main] INFO  liquibase.util - Run:                          0
11:39:19.060 [main] INFO  liquibase.util - Previously run:               2
11:39:19.060 [main] INFO  liquibase.util - Filtered out:                 0
11:39:19.060 [main] INFO  liquibase.util - -------------------------------
11:39:19.060 [main] INFO  liquibase.util - Total change sets:            2
11:39:19.060 [main] INFO  liquibase.util - Update summary generated
11:39:19.090 [main] INFO  liquibase.lockservice - Successfully released change log lock
11:39:19.092 [main] INFO  liquibase.command - Command execution complete
11:39:19.243 [main] INFO  o.h.jpa.internal.util.LogHelper - HHH000204: Processing PersistenceUnitInfo [name: default]
11:39:19.320 [main] INFO  org.hibernate.Version - HHH000412: Hibernate ORM core version 6.4.9.Final
11:39:19.362 [main] INFO  o.h.c.i.RegionFactoryInitiator - HHH000026: Second-level cache disabled
11:39:19.638 [main] INFO  o.s.o.j.p.SpringPersistenceUnitInfo - No LoadTimeWeaver setup: ignoring JPA class transformer
11:39:19.702 [main] WARN  org.hibernate.orm.deprecation - HHH90000025: PostgreSQLDialect does not need to be specified explicitly using 'hibernate.dialect' (remove the property setting and it will be selected by default)
11:39:20.992 [main] INFO  o.s.o.j.LocalContainerEntityManagerFactoryBean - Initialized JPA EntityManagerFactory for persistence unit 'default'
11:39:21.352 [main] INFO  o.s.d.j.r.query.QueryEnhancerFactory - Hibernate is in classpath; If applicable, HQL parser will be used.
11:39:23.404 [main] WARN  c.h.i.impl.HazelcastInstanceFactory - Hazelcast is starting in a Java modular environment (Java 9 and newer) but without proper access to required Java packages. Use additional Java arguments to provide Hazelcast access to Java internal API. The internal API access is used to get the best performance results. Arguments to be used:
 --add-modules java.se --add-exports java.base/jdk.internal.ref=ALL-UNNAMED --add-opens java.base/java.lang=ALL-UNNAMED --add-opens java.base/java.nio=ALL-UNNAMED --add-opens java.base/sun.nio.ch=ALL-UNNAMED --add-opens java.management/sun.management=ALL-UNNAMED --add-opens jdk.management/com.sun.management.internal=ALL-UNNAMED
11:39:23.411 [main] INFO  c.h.i.config.AbstractConfigLocator - Loading 'hazelcast-default.xml' from the classpath.
11:39:24.013 [main] INFO  c.hazelcast.instance.AddressPicker - [LOCAL] [dev] [4.1] Prefer IPv4 stack is true, prefer IPv6 addresses is false
11:39:24.056 [main] INFO  c.hazelcast.instance.AddressPicker - [LOCAL] [dev] [4.1] Picked [10.251.34.15]:5701, using socket ServerSocket[addr=/0:0:0:0:0:0:0:0,localport=5701], bind any local is true
11:39:24.091 [main] INFO  com.hazelcast.system - [10.251.34.15]:5701 [dev] [4.1] Hazelcast 4.0.1 (20200409 - e086b9c) starting at [10.251.34.15]:5701
11:39:24.091 [main] INFO  com.hazelcast.system - [10.251.34.15]:5701 [dev] [4.1] Copyright (c) 2008-2020, Hazelcast, Inc. All Rights Reserved.
11:39:24.892 [main] INFO  c.h.s.i.o.impl.BackpressureRegulator - [10.251.34.15]:5701 [dev] [4.1] Backpressure is disabled
11:39:25.841 [main] INFO  com.hazelcast.instance.impl.Node - [10.251.34.15]:5701 [dev] [4.1] Creating MulticastJoiner
11:39:25.855 [main] WARN  com.hazelcast.cp.CPSubsystem - [10.251.34.15]:5701 [dev] [4.1] CP Subsystem is not enabled. CP data structures will operate in UNSAFE mode! Please note that UNSAFE mode will not provide strong consistency guarantees.
11:39:26.434 [main] INFO  c.h.s.i.o.impl.OperationExecutorImpl - [10.251.34.15]:5701 [dev] [4.1] Starting 16 partition threads and 9 generic threads (1 dedicated for priority tasks)
11:39:26.450 [main] INFO  c.h.internal.diagnostics.Diagnostics - [10.251.34.15]:5701 [dev] [4.1] Diagnostics disabled. To enable add -Dhazelcast.diagnostics.enabled=true to the JVM arguments.
11:39:26.473 [main] INFO  com.hazelcast.core.LifecycleService - [10.251.34.15]:5701 [dev] [4.1] [10.251.34.15]:5701 is STARTING
11:39:30.247 [main] INFO  c.h.internal.cluster.ClusterService - [10.251.34.15]:5701 [dev] [4.1] 

Members {size:1, ver:1} [
	Member [10.251.34.15]:5701 - 7016a5a7-a969-4142-84c4-1575cc22375e this
]

11:39:30.297 [main] INFO  com.hazelcast.core.LifecycleService - [10.251.34.15]:5701 [dev] [4.1] [10.251.34.15]:5701 is STARTED
11:39:30.835 [main] INFO  c.h.c.i.spi.ClientInvocationService - training-instance [dev] [4.1] [4.0.1] Running with 2 response threads, dynamic=true
11:39:31.412 [main] INFO  com.hazelcast.core.LifecycleService - training-instance [dev] [4.1] [4.0.1] HazelcastClient 4.0.1 (20200409 - e086b9c) is STARTING
11:39:31.416 [main] INFO  com.hazelcast.core.LifecycleService - training-instance [dev] [4.1] [4.0.1] HazelcastClient 4.0.1 (20200409 - e086b9c) is STARTED
11:39:31.477 [main] INFO  c.h.c.i.c.ClientConnectionManager - training-instance [dev] [4.1] [4.0.1] Trying to connect to cluster: dev
11:39:31.485 [main] INFO  c.h.c.i.c.ClientConnectionManager - training-instance [dev] [4.1] [4.0.1] Trying to connect to [127.0.0.1]:5701
11:39:31.580 [hz.gifted_liskov.priority-generic-operation.thread-0] INFO  c.h.c.i.p.t.AuthenticationMessageTask - [10.251.34.15]:5701 [dev] [4.1] Received auth from Connection[id=1, /127.0.0.1:5701->/127.0.0.1:50443, qualifier=null, endpoint=[127.0.0.1]:50443, alive=true, connectionType=JVM], successfully authenticated, clientUuid: 52894261-d1ae-4fe2-991b-efe8cbf382ea, client version: 4.0.1
11:39:31.589 [main] INFO  com.hazelcast.core.LifecycleService - training-instance [dev] [4.1] [4.0.1] HazelcastClient 4.0.1 (20200409 - e086b9c) is CLIENT_CONNECTED
11:39:31.590 [main] INFO  c.h.c.i.c.ClientConnectionManager - training-instance [dev] [4.1] [4.0.1] Authenticated with server [10.251.34.15]:5701:7016a5a7-a969-4142-84c4-1575cc22375e, server version: 4.0.1, local address: /127.0.0.1:50443
11:39:31.602 [main] INFO  c.h.internal.diagnostics.Diagnostics - training-instance [dev] [4.1] [4.0.1] Diagnostics disabled. To enable add -Dhazelcast.diagnostics.enabled=true to the JVM arguments.
11:39:31.620 [training-instance.event-8] INFO  c.h.c.impl.spi.ClientClusterService - training-instance [dev] [4.1] [4.0.1] 

Members [1] {
	Member [10.251.34.15]:5701 - 7016a5a7-a969-4142-84c4-1575cc22375e
}

11:39:31.682 [main] INFO  c.h.c.i.s.ClientStatisticsService - Client statistics is enabled with period 5 seconds.
11:39:32.251 [main] WARN  o.s.b.a.o.j.JpaBaseConfiguration$JpaWebConfiguration - spring.jpa.open-in-view is enabled by default. Therefore, database queries may be performed during view rendering. Explicitly configure spring.jpa.open-in-view to disable this warning
11:39:34.799 [hz.gifted_liskov.HealthMonitor] INFO  c.h.i.diagnostics.HealthMonitor - [10.251.34.15]:5701 [dev] [4.1] processors=16, physical.memory.total=32,0G, physical.memory.free=13,2G, swap.space.total=0, swap.space.free=0, heap.memory.used=57,8M, heap.memory.free=114,2M, heap.memory.total=172,0M, heap.memory.max=8,0G, heap.memory.used/total=32,42%, heap.memory.used/max=0,68%, minor.gc.count=21, minor.gc.time=162ms, major.gc.count=0, major.gc.time=0ms, load.process=0,00%, load.system=0,00%, load.systemAverage=n/a thread.count=85, thread.peakCount=85, cluster.timeDiff=0, event.q.size=0, executor.q.async.size=0, executor.q.client.size=0, executor.q.client.query.size=0, executor.q.client.blocking.size=0, executor.q.query.size=0, executor.q.scheduled.size=0, executor.q.io.size=0, executor.q.system.size=0, executor.q.operations.size=0, executor.q.priorityOperation.size=0, operations.completed.count=1, executor.q.mapLoad.size=0, executor.q.mapLoadAllKeys.size=0, executor.q.cluster.size=0, executor.q.response.size=0, operations.running.count=0, operations.pending.invocations.percentage=0,00%, operations.pending.invocations.count=0, proxy.count=0, clientEndpoint.count=1, connection.active.count=1, client.connection.count=1, connection.count=0
11:39:35.142 [main] INFO  o.s.b.a.e.web.EndpointLinksResolver - Exposing 1 endpoint(s) beneath base path '/actuator'
11:39:35.316 [main] INFO  o.a.coyote.http11.Http11NioProtocol - Starting ProtocolHandler ["http-nio-8080"]
11:39:35.368 [main] INFO  o.s.b.w.e.tomcat.TomcatWebServer - Tomcat started on port 8080 (http) with context path ''
11:39:35.393 [main] INFO  c.p.c.ContactsdemoApplication - Started ContactsdemoApplication in 21.161 seconds (process running for 23.275)
11:39:41.902 [http-nio-8080-exec-2] INFO  o.a.c.c.C.[Tomcat].[localhost].[/] - Initializing Spring DispatcherServlet 'dispatcherServlet'
11:39:41.903 [http-nio-8080-exec-2] INFO  o.s.web.servlet.DispatcherServlet - Initializing Servlet 'dispatcherServlet'
11:39:41.904 [http-nio-8080-exec-2] INFO  o.s.web.servlet.DispatcherServlet - Completed initialization in 1 ms
11:39:41.958 [http-nio-8080-exec-2] INFO  c.p.c.c.f.HeadersLoggingFilter - Header content-type=0:0:0:0:0:0:0:1, IP = content-type
11:39:41.958 [http-nio-8080-exec-2] INFO  c.p.c.c.f.HeadersLoggingFilter - Header user-agent=0:0:0:0:0:0:0:1, IP = user-agent
11:39:41.958 [http-nio-8080-exec-2] INFO  c.p.c.c.f.HeadersLoggingFilter - Header accept=0:0:0:0:0:0:0:1, IP = accept
11:39:41.958 [http-nio-8080-exec-2] INFO  c.p.c.c.f.HeadersLoggingFilter - Header postman-token=0:0:0:0:0:0:0:1, IP = postman-token
11:39:41.959 [http-nio-8080-exec-2] INFO  c.p.c.c.f.HeadersLoggingFilter - Header host=0:0:0:0:0:0:0:1, IP = host
11:39:41.959 [http-nio-8080-exec-2] INFO  c.p.c.c.f.HeadersLoggingFilter - Header accept-encoding=0:0:0:0:0:0:0:1, IP = accept-encoding
11:39:41.959 [http-nio-8080-exec-2] INFO  c.p.c.c.f.HeadersLoggingFilter - Header connection=0:0:0:0:0:0:0:1, IP = connection
11:39:41.959 [http-nio-8080-exec-2] INFO  c.p.c.c.f.HeadersLoggingFilter - Header content-length=0:0:0:0:0:0:0:1, IP = content-length
11:39:41.961 [http-nio-8080-exec-2] INFO  c.p.c.c.loggingfilter.LoggingFilter - Request: Method=POST, URI=/api/saveContact, Headers=content-type=application/json; user-agent=PostmanRuntime/7.43.3; accept=*/*; postman-token=5df16e2c-eb06-4b3b-a3ab-ac32f4a26471; host=localhost:8080; accept-encoding=gzip, deflate, br; connection=keep-alive; content-length=97; , Request ID: bc6749b7-80cf-45e1-8726-e780974788a1, Request IP  =0:0:0:0:0:0:0:1
11:39:42.593 [http-nio-8080-exec-2] INFO  c.p.c.c.loggingfilter.LoggingFilter - Response: Status=400, URI=/api/saveContact, Duration (Response Time)=632ms, Headers=[Content-Type, Transfer-Encoding, Date, Connection], Payload = org.apache.catalina.connector.ResponseFacade@7b7145cd
11:39:44.065 [http-nio-8080-exec-4] INFO  c.p.c.c.f.HeadersLoggingFilter - Header content-type=0:0:0:0:0:0:0:1, IP = content-type
11:39:44.065 [http-nio-8080-exec-4] INFO  c.p.c.c.f.HeadersLoggingFilter - Header user-agent=0:0:0:0:0:0:0:1, IP = user-agent
11:39:44.065 [http-nio-8080-exec-4] INFO  c.p.c.c.f.HeadersLoggingFilter - Header accept=0:0:0:0:0:0:0:1, IP = accept
11:39:44.065 [http-nio-8080-exec-4] INFO  c.p.c.c.f.HeadersLoggingFilter - Header postman-token=0:0:0:0:0:0:0:1, IP = postman-token
11:39:44.065 [http-nio-8080-exec-4] INFO  c.p.c.c.f.HeadersLoggingFilter - Header host=0:0:0:0:0:0:0:1, IP = host
11:39:44.065 [http-nio-8080-exec-4] INFO  c.p.c.c.f.HeadersLoggingFilter - Header accept-encoding=0:0:0:0:0:0:0:1, IP = accept-encoding
11:39:44.065 [http-nio-8080-exec-4] INFO  c.p.c.c.f.HeadersLoggingFilter - Header connection=0:0:0:0:0:0:0:1, IP = connection
11:39:44.065 [http-nio-8080-exec-4] INFO  c.p.c.c.f.HeadersLoggingFilter - Header content-length=0:0:0:0:0:0:0:1, IP = content-length
11:39:44.065 [http-nio-8080-exec-4] INFO  c.p.c.c.loggingfilter.LoggingFilter - Request: Method=POST, URI=/api/saveContact, Headers=content-type=application/json; user-agent=PostmanRuntime/7.43.3; accept=*/*; postman-token=3df25cc2-1778-4076-b12e-193196b67268; host=localhost:8080; accept-encoding=gzip, deflate, br; connection=keep-alive; content-length=97; , Request ID: 2ec1bb77-ff6a-4b78-9e1e-60247b0a4d7e, Request IP  =0:0:0:0:0:0:0:1
11:39:44.074 [http-nio-8080-exec-4] INFO  c.p.c.c.loggingfilter.LoggingFilter - Response: Status=400, URI=/api/saveContact, Duration (Response Time)=9ms, Headers=[Content-Type, Transfer-Encoding, Date, Connection], Payload = org.apache.catalina.connector.ResponseFacade@7ff0f468
11:39:45.800 [http-nio-8080-exec-6] INFO  c.p.c.c.f.HeadersLoggingFilter - Header content-type=0:0:0:0:0:0:0:1, IP = content-type
11:39:45.800 [http-nio-8080-exec-6] INFO  c.p.c.c.f.HeadersLoggingFilter - Header user-agent=0:0:0:0:0:0:0:1, IP = user-agent
11:39:45.800 [http-nio-8080-exec-6] INFO  c.p.c.c.f.HeadersLoggingFilter - Header accept=0:0:0:0:0:0:0:1, IP = accept
11:39:45.800 [http-nio-8080-exec-6] INFO  c.p.c.c.f.HeadersLoggingFilter - Header postman-token=0:0:0:0:0:0:0:1, IP = postman-token
11:39:45.800 [http-nio-8080-exec-6] INFO  c.p.c.c.f.HeadersLoggingFilter - Header host=0:0:0:0:0:0:0:1, IP = host
11:39:45.800 [http-nio-8080-exec-6] INFO  c.p.c.c.f.HeadersLoggingFilter - Header accept-encoding=0:0:0:0:0:0:0:1, IP = accept-encoding
11:39:45.800 [http-nio-8080-exec-6] INFO  c.p.c.c.f.HeadersLoggingFilter - Header connection=0:0:0:0:0:0:0:1, IP = connection
11:39:45.800 [http-nio-8080-exec-6] INFO  c.p.c.c.f.HeadersLoggingFilter - Header content-length=0:0:0:0:0:0:0:1, IP = content-length
11:39:45.800 [http-nio-8080-exec-6] INFO  c.p.c.c.loggingfilter.LoggingFilter - Request: Method=POST, URI=/api/saveContact, Headers=content-type=application/json; user-agent=PostmanRuntime/7.43.3; accept=*/*; postman-token=a235d048-5d50-4e6d-a2d5-c8a8d0c2f6ca; host=localhost:8080; accept-encoding=gzip, deflate, br; connection=keep-alive; content-length=97; , Request ID: de86aef4-c303-472a-8a75-2adeba71e2a5, Request IP  =0:0:0:0:0:0:0:1
11:39:45.806 [http-nio-8080-exec-6] INFO  c.p.c.c.loggingfilter.LoggingFilter - Response: Status=400, URI=/api/saveContact, Duration (Response Time)=6ms, Headers=[Content-Type, Transfer-Encoding, Date, Connection], Payload = org.apache.catalina.connector.ResponseFacade@41008dbd
11:39:47.747 [http-nio-8080-exec-7] INFO  c.p.c.c.f.HeadersLoggingFilter - Header content-type=0:0:0:0:0:0:0:1, IP = content-type
11:39:47.748 [http-nio-8080-exec-7] INFO  c.p.c.c.f.HeadersLoggingFilter - Header user-agent=0:0:0:0:0:0:0:1, IP = user-agent
11:39:47.748 [http-nio-8080-exec-7] INFO  c.p.c.c.f.HeadersLoggingFilter - Header accept=0:0:0:0:0:0:0:1, IP = accept
11:39:47.748 [http-nio-8080-exec-7] INFO  c.p.c.c.f.HeadersLoggingFilter - Header postman-token=0:0:0:0:0:0:0:1, IP = postman-token
11:39:47.748 [http-nio-8080-exec-7] INFO  c.p.c.c.f.HeadersLoggingFilter - Header host=0:0:0:0:0:0:0:1, IP = host
11:39:47.748 [http-nio-8080-exec-7] INFO  c.p.c.c.f.HeadersLoggingFilter - Header accept-encoding=0:0:0:0:0:0:0:1, IP = accept-encoding
11:39:47.748 [http-nio-8080-exec-7] INFO  c.p.c.c.f.HeadersLoggingFilter - Header connection=0:0:0:0:0:0:0:1, IP = connection
11:39:47.748 [http-nio-8080-exec-7] INFO  c.p.c.c.f.HeadersLoggingFilter - Header content-length=0:0:0:0:0:0:0:1, IP = content-length
11:39:47.748 [http-nio-8080-exec-7] INFO  c.p.c.c.loggingfilter.LoggingFilter - Request: Method=POST, URI=/api/saveContact, Headers=content-type=application/json; user-agent=PostmanRuntime/7.43.3; accept=*/*; postman-token=35fae742-c957-41b6-be16-febe1e94f513; host=localhost:8080; accept-encoding=gzip, deflate, br; connection=keep-alive; content-length=97; , Request ID: 8de5e016-0084-4508-9a3e-db1d42aa7778, Request IP  =0:0:0:0:0:0:0:1
11:39:47.760 [http-nio-8080-exec-7] INFO  c.p.c.c.loggingfilter.LoggingFilter - Response: Status=400, URI=/api/saveContact, Duration (Response Time)=11ms, Headers=[Content-Type, Transfer-Encoding, Date, Connection], Payload = org.apache.catalina.connector.ResponseFacade@2c624fc2
11:39:49.544 [http-nio-8080-exec-10] INFO  c.p.c.c.f.HeadersLoggingFilter - Header content-type=0:0:0:0:0:0:0:1, IP = content-type
11:39:49.545 [http-nio-8080-exec-10] INFO  c.p.c.c.f.HeadersLoggingFilter - Header user-agent=0:0:0:0:0:0:0:1, IP = user-agent
11:39:49.545 [http-nio-8080-exec-10] INFO  c.p.c.c.f.HeadersLoggingFilter - Header accept=0:0:0:0:0:0:0:1, IP = accept
11:39:49.545 [http-nio-8080-exec-10] INFO  c.p.c.c.f.HeadersLoggingFilter - Header postman-token=0:0:0:0:0:0:0:1, IP = postman-token
11:39:49.545 [http-nio-8080-exec-10] INFO  c.p.c.c.f.HeadersLoggingFilter - Header host=0:0:0:0:0:0:0:1, IP = host
11:39:49.545 [http-nio-8080-exec-10] INFO  c.p.c.c.f.HeadersLoggingFilter - Header accept-encoding=0:0:0:0:0:0:0:1, IP = accept-encoding
11:39:49.545 [http-nio-8080-exec-10] INFO  c.p.c.c.f.HeadersLoggingFilter - Header connection=0:0:0:0:0:0:0:1, IP = connection
11:39:49.545 [http-nio-8080-exec-10] INFO  c.p.c.c.f.HeadersLoggingFilter - Header content-length=0:0:0:0:0:0:0:1, IP = content-length
11:39:49.545 [http-nio-8080-exec-10] INFO  c.p.c.c.loggingfilter.LoggingFilter - Request: Method=POST, URI=/api/saveContact, Headers=content-type=application/json; user-agent=PostmanRuntime/7.43.3; accept=*/*; postman-token=45bc8235-0a07-44a3-88cf-a09f90c577d3; host=localhost:8080; accept-encoding=gzip, deflate, br; connection=keep-alive; content-length=97; , Request ID: 3d59004c-0bad-4b50-ba37-ee89d148b7be, Request IP  =0:0:0:0:0:0:0:1
11:39:49.568 [http-nio-8080-exec-10] INFO  c.p.c.c.loggingfilter.LoggingFilter - Response: Status=400, URI=/api/saveContact, Duration (Response Time)=23ms, Headers=[Content-Type, Transfer-Encoding, Date, Connection], Payload = org.apache.catalina.connector.ResponseFacade@6463423b
11:39:51.773 [http-nio-8080-exec-2] INFO  c.p.c.c.f.HeadersLoggingFilter - Header content-type=0:0:0:0:0:0:0:1, IP = content-type
11:39:51.773 [http-nio-8080-exec-2] INFO  c.p.c.c.f.HeadersLoggingFilter - Header user-agent=0:0:0:0:0:0:0:1, IP = user-agent
11:39:51.773 [http-nio-8080-exec-2] INFO  c.p.c.c.f.HeadersLoggingFilter - Header accept=0:0:0:0:0:0:0:1, IP = accept
11:39:51.773 [http-nio-8080-exec-2] INFO  c.p.c.c.f.HeadersLoggingFilter - Header postman-token=0:0:0:0:0:0:0:1, IP = postman-token
11:39:51.773 [http-nio-8080-exec-2] INFO  c.p.c.c.f.HeadersLoggingFilter - Header host=0:0:0:0:0:0:0:1, IP = host
11:39:51.773 [http-nio-8080-exec-2] INFO  c.p.c.c.f.HeadersLoggingFilter - Header accept-encoding=0:0:0:0:0:0:0:1, IP = accept-encoding
11:39:51.773 [http-nio-8080-exec-2] INFO  c.p.c.c.f.HeadersLoggingFilter - Header connection=0:0:0:0:0:0:0:1, IP = connection
11:39:51.773 [http-nio-8080-exec-2] INFO  c.p.c.c.f.HeadersLoggingFilter - Header content-length=0:0:0:0:0:0:0:1, IP = content-length
11:39:51.774 [http-nio-8080-exec-2] INFO  c.p.c.c.loggingfilter.LoggingFilter - Request: Method=POST, URI=/api/saveContact, Headers=content-type=application/json; user-agent=PostmanRuntime/7.43.3; accept=*/*; postman-token=27375696-5f3a-46aa-b095-eb6d23539696; host=localhost:8080; accept-encoding=gzip, deflate, br; connection=keep-alive; content-length=97; , Request ID: ef51b0e6-1900-40fb-b680-1a9a224cb8dd, Request IP  =0:0:0:0:0:0:0:1
11:39:51.780 [http-nio-8080-exec-2] INFO  c.p.c.c.loggingfilter.LoggingFilter - Response: Status=500, URI=/api/saveContact, Duration (Response Time)=6ms, Headers=[Content-Type, Transfer-Encoding, Date, Connection], Payload = org.apache.catalina.connector.ResponseFacade@4a616063
11:44:32.515 [hz.ShutdownThread] INFO  com.hazelcast.instance.impl.Node - [10.251.34.15]:5701 [dev] [4.1] Running shutdown hook... Current state: ACTIVE
11:44:32.743 [SpringApplicationShutdownHook] INFO  o.s.o.j.LocalContainerEntityManagerFactoryBean - Closing JPA EntityManagerFactory for persistence unit 'default'
11:44:32.752 [SpringApplicationShutdownHook] INFO  com.zaxxer.hikari.HikariDataSource - HikariPool-1 - Shutdown initiated...
11:44:32.758 [SpringApplicationShutdownHook] INFO  com.zaxxer.hikari.HikariDataSource - HikariPool-1 - Shutdown completed.
11:44:46.167 [background-preinit] INFO  o.h.validator.internal.util.Version - HV000001: Hibernate Validator 8.0.1.Final
11:44:46.229 [main] INFO  c.p.c.ContactsdemoApplication - Starting ContactsdemoApplication using Java 17.0.12 with PID 26648 (C:\Ayse Ceren - crud projects\contactsdemo\build\classes\java\main started by 16381136672 in C:\Ayse Ceren - crud projects\contactsdemo)
11:44:46.230 [main] INFO  c.p.c.ContactsdemoApplication - No active profile set, falling back to 1 default profile: "default"
11:44:47.875 [main] INFO  o.s.d.r.c.RepositoryConfigurationDelegate - Bootstrapping Spring Data JPA repositories in DEFAULT mode.
11:44:47.978 [main] INFO  o.s.d.r.c.RepositoryConfigurationDelegate - Finished Spring Data repository scanning in 94 ms. Found 2 JPA repository interfaces.
11:44:49.338 [main] INFO  o.s.b.w.e.tomcat.TomcatWebServer - Tomcat initialized with port 8080 (http)
11:44:49.349 [main] INFO  o.a.coyote.http11.Http11NioProtocol - Initializing ProtocolHandler ["http-nio-8080"]
11:44:49.351 [main] INFO  o.a.catalina.core.StandardService - Starting service [Tomcat]
11:44:49.351 [main] INFO  o.a.catalina.core.StandardEngine - Starting Servlet engine: [Apache Tomcat/10.1.25]
11:44:49.462 [main] INFO  o.a.c.c.C.[Tomcat].[localhost].[/] - Initializing Spring embedded WebApplicationContext
11:44:49.463 [main] INFO  o.s.b.w.s.c.ServletWebServerApplicationContext - Root WebApplicationContext: initialization completed in 3166 ms
11:44:49.901 [main] INFO  com.zaxxer.hikari.HikariDataSource - HikariPool-1 - Starting...
11:44:50.096 [main] INFO  com.zaxxer.hikari.pool.HikariPool - HikariPool-1 - Added connection org.postgresql.jdbc.PgConnection@552cb0d5
11:44:50.099 [main] INFO  com.zaxxer.hikari.HikariDataSource - HikariPool-1 - Start completed.
11:44:50.946 [main] INFO  liquibase.changelog - Reading from public.databasechangelog
11:44:51.021 [main] INFO  liquibase.changelog - Reading from public.databasechangelog
11:44:51.035 [main] INFO  liquibase.util - UPDATE SUMMARY
11:44:51.036 [main] INFO  liquibase.util - Run:                          0
11:44:51.036 [main] INFO  liquibase.util - Previously run:               2
11:44:51.036 [main] INFO  liquibase.util - Filtered out:                 0
11:44:51.036 [main] INFO  liquibase.util - -------------------------------
11:44:51.036 [main] INFO  liquibase.util - Total change sets:            2
11:44:51.036 [main] INFO  liquibase.util - Update summary generated
11:44:51.079 [main] INFO  liquibase.lockservice - Successfully released change log lock
11:44:51.082 [main] INFO  liquibase.command - Command execution complete
11:44:51.242 [main] INFO  o.h.jpa.internal.util.LogHelper - HHH000204: Processing PersistenceUnitInfo [name: default]
11:44:51.318 [main] INFO  org.hibernate.Version - HHH000412: Hibernate ORM core version 6.4.9.Final
11:44:51.363 [main] INFO  o.h.c.i.RegionFactoryInitiator - HHH000026: Second-level cache disabled
11:44:51.674 [main] INFO  o.s.o.j.p.SpringPersistenceUnitInfo - No LoadTimeWeaver setup: ignoring JPA class transformer
11:44:51.750 [main] WARN  org.hibernate.orm.deprecation - HHH90000025: PostgreSQLDialect does not need to be specified explicitly using 'hibernate.dialect' (remove the property setting and it will be selected by default)
11:44:52.994 [main] INFO  o.s.o.j.LocalContainerEntityManagerFactoryBean - Initialized JPA EntityManagerFactory for persistence unit 'default'
11:44:53.367 [main] INFO  o.s.d.j.r.query.QueryEnhancerFactory - Hibernate is in classpath; If applicable, HQL parser will be used.
11:44:55.926 [main] WARN  c.h.i.impl.HazelcastInstanceFactory - Hazelcast is starting in a Java modular environment (Java 9 and newer) but without proper access to required Java packages. Use additional Java arguments to provide Hazelcast access to Java internal API. The internal API access is used to get the best performance results. Arguments to be used:
 --add-modules java.se --add-exports java.base/jdk.internal.ref=ALL-UNNAMED --add-opens java.base/java.lang=ALL-UNNAMED --add-opens java.base/java.nio=ALL-UNNAMED --add-opens java.base/sun.nio.ch=ALL-UNNAMED --add-opens java.management/sun.management=ALL-UNNAMED --add-opens jdk.management/com.sun.management.internal=ALL-UNNAMED
11:44:55.934 [main] INFO  c.h.i.config.AbstractConfigLocator - Loading 'hazelcast-default.xml' from the classpath.
11:44:56.711 [main] INFO  c.hazelcast.instance.AddressPicker - [LOCAL] [dev] [4.1] Prefer IPv4 stack is true, prefer IPv6 addresses is false
11:44:56.758 [main] INFO  c.hazelcast.instance.AddressPicker - [LOCAL] [dev] [4.1] Picked [10.251.34.15]:5701, using socket ServerSocket[addr=/0:0:0:0:0:0:0:0,localport=5701], bind any local is true
11:44:56.811 [main] INFO  com.hazelcast.system - [10.251.34.15]:5701 [dev] [4.1] Hazelcast 4.0.1 (20200409 - e086b9c) starting at [10.251.34.15]:5701
11:44:56.812 [main] INFO  com.hazelcast.system - [10.251.34.15]:5701 [dev] [4.1] Copyright (c) 2008-2020, Hazelcast, Inc. All Rights Reserved.
11:44:57.897 [main] INFO  c.h.s.i.o.impl.BackpressureRegulator - [10.251.34.15]:5701 [dev] [4.1] Backpressure is disabled
11:44:58.994 [main] INFO  com.hazelcast.instance.impl.Node - [10.251.34.15]:5701 [dev] [4.1] Creating MulticastJoiner
11:44:59.008 [main] WARN  com.hazelcast.cp.CPSubsystem - [10.251.34.15]:5701 [dev] [4.1] CP Subsystem is not enabled. CP data structures will operate in UNSAFE mode! Please note that UNSAFE mode will not provide strong consistency guarantees.
11:44:59.605 [main] INFO  c.h.s.i.o.impl.OperationExecutorImpl - [10.251.34.15]:5701 [dev] [4.1] Starting 16 partition threads and 9 generic threads (1 dedicated for priority tasks)
11:44:59.622 [main] INFO  c.h.internal.diagnostics.Diagnostics - [10.251.34.15]:5701 [dev] [4.1] Diagnostics disabled. To enable add -Dhazelcast.diagnostics.enabled=true to the JVM arguments.
11:44:59.646 [main] INFO  com.hazelcast.core.LifecycleService - [10.251.34.15]:5701 [dev] [4.1] [10.251.34.15]:5701 is STARTING
11:45:02.296 [main] INFO  c.h.internal.cluster.ClusterService - [10.251.34.15]:5701 [dev] [4.1] 

Members {size:1, ver:1} [
	Member [10.251.34.15]:5701 - ef9ee6e5-3838-4c9c-95e4-75e53d4dc46d this
]

11:45:02.331 [main] INFO  com.hazelcast.core.LifecycleService - [10.251.34.15]:5701 [dev] [4.1] [10.251.34.15]:5701 is STARTED
11:45:02.789 [main] INFO  c.h.c.i.spi.ClientInvocationService - training-instance [dev] [4.1] [4.0.1] Running with 2 response threads, dynamic=true
11:45:03.013 [main] INFO  com.hazelcast.core.LifecycleService - training-instance [dev] [4.1] [4.0.1] HazelcastClient 4.0.1 (20200409 - e086b9c) is STARTING
11:45:03.017 [main] INFO  com.hazelcast.core.LifecycleService - training-instance [dev] [4.1] [4.0.1] HazelcastClient 4.0.1 (20200409 - e086b9c) is STARTED
11:45:03.057 [main] INFO  c.h.c.i.c.ClientConnectionManager - training-instance [dev] [4.1] [4.0.1] Trying to connect to cluster: dev
11:45:03.065 [main] INFO  c.h.c.i.c.ClientConnectionManager - training-instance [dev] [4.1] [4.0.1] Trying to connect to [127.0.0.1]:5701
11:45:03.140 [hz.vigilant_euler.priority-generic-operation.thread-0] INFO  c.h.c.i.p.t.AuthenticationMessageTask - [10.251.34.15]:5701 [dev] [4.1] Received auth from Connection[id=1, /127.0.0.1:5701->/127.0.0.1:50738, qualifier=null, endpoint=[127.0.0.1]:50738, alive=true, connectionType=JVM], successfully authenticated, clientUuid: 42e2da3f-eef1-4097-ba40-cc412da726e5, client version: 4.0.1
11:45:03.149 [main] INFO  com.hazelcast.core.LifecycleService - training-instance [dev] [4.1] [4.0.1] HazelcastClient 4.0.1 (20200409 - e086b9c) is CLIENT_CONNECTED
11:45:03.150 [main] INFO  c.h.c.i.c.ClientConnectionManager - training-instance [dev] [4.1] [4.0.1] Authenticated with server [10.251.34.15]:5701:ef9ee6e5-3838-4c9c-95e4-75e53d4dc46d, server version: 4.0.1, local address: /127.0.0.1:50738
11:45:03.160 [main] INFO  c.h.internal.diagnostics.Diagnostics - training-instance [dev] [4.1] [4.0.1] Diagnostics disabled. To enable add -Dhazelcast.diagnostics.enabled=true to the JVM arguments.
11:45:03.171 [training-instance.event-7] INFO  c.h.c.impl.spi.ClientClusterService - training-instance [dev] [4.1] [4.0.1] 

Members [1] {
	Member [10.251.34.15]:5701 - ef9ee6e5-3838-4c9c-95e4-75e53d4dc46d
}

11:45:03.229 [main] INFO  c.h.c.i.s.ClientStatisticsService - Client statistics is enabled with period 5 seconds.
11:45:03.682 [main] WARN  o.s.b.a.o.j.JpaBaseConfiguration$JpaWebConfiguration - spring.jpa.open-in-view is enabled by default. Therefore, database queries may be performed during view rendering. Explicitly configure spring.jpa.open-in-view to disable this warning
11:45:06.579 [main] INFO  o.s.b.a.e.web.EndpointLinksResolver - Exposing 1 endpoint(s) beneath base path '/actuator'
11:45:06.806 [main] INFO  o.a.coyote.http11.Http11NioProtocol - Starting ProtocolHandler ["http-nio-8080"]
11:45:06.855 [main] INFO  o.s.b.w.e.tomcat.TomcatWebServer - Tomcat started on port 8080 (http) with context path ''
11:45:06.883 [main] INFO  c.p.c.ContactsdemoApplication - Started ContactsdemoApplication in 21.258 seconds (process running for 23.081)
11:45:09.557 [http-nio-8080-exec-2] INFO  o.a.c.c.C.[Tomcat].[localhost].[/] - Initializing Spring DispatcherServlet 'dispatcherServlet'
11:45:09.557 [http-nio-8080-exec-2] INFO  o.s.web.servlet.DispatcherServlet - Initializing Servlet 'dispatcherServlet'
11:45:09.560 [http-nio-8080-exec-2] INFO  o.s.web.servlet.DispatcherServlet - Completed initialization in 3 ms
11:45:09.632 [http-nio-8080-exec-2] INFO  c.p.c.c.f.HeadersLoggingFilter - Header content-type=0:0:0:0:0:0:0:1, IP = content-type
11:45:09.632 [http-nio-8080-exec-2] INFO  c.p.c.c.f.HeadersLoggingFilter - Header user-agent=0:0:0:0:0:0:0:1, IP = user-agent
11:45:09.632 [http-nio-8080-exec-2] INFO  c.p.c.c.f.HeadersLoggingFilter - Header accept=0:0:0:0:0:0:0:1, IP = accept
11:45:09.633 [http-nio-8080-exec-2] INFO  c.p.c.c.f.HeadersLoggingFilter - Header postman-token=0:0:0:0:0:0:0:1, IP = postman-token
11:45:09.633 [http-nio-8080-exec-2] INFO  c.p.c.c.f.HeadersLoggingFilter - Header host=0:0:0:0:0:0:0:1, IP = host
11:45:09.633 [http-nio-8080-exec-2] INFO  c.p.c.c.f.HeadersLoggingFilter - Header accept-encoding=0:0:0:0:0:0:0:1, IP = accept-encoding
11:45:09.633 [http-nio-8080-exec-2] INFO  c.p.c.c.f.HeadersLoggingFilter - Header connection=0:0:0:0:0:0:0:1, IP = connection
11:45:09.633 [http-nio-8080-exec-2] INFO  c.p.c.c.f.HeadersLoggingFilter - Header content-length=0:0:0:0:0:0:0:1, IP = content-length
11:45:09.636 [http-nio-8080-exec-2] INFO  c.p.c.c.loggingfilter.LoggingFilter - Request: Method=POST, URI=/api/saveContact, Headers=content-type=application/json; user-agent=PostmanRuntime/7.43.3; accept=*/*; postman-token=ea8212c0-91c7-4f30-8671-8d777ea9bccd; host=localhost:8080; accept-encoding=gzip, deflate, br; connection=keep-alive; content-length=97; , Request ID: 3573fa83-f0a8-47c3-9e4f-2dd931526a76, Request IP  =0:0:0:0:0:0:0:1
11:45:10.498 [http-nio-8080-exec-2] INFO  c.p.c.c.loggingfilter.LoggingFilter - Response: Status=400, URI=/api/saveContact, Duration (Response Time)=862ms, Headers=[Content-Type, Transfer-Encoding, Date, Connection], Payload = org.apache.catalina.connector.ResponseFacade@7dbf4b86
11:45:11.807 [http-nio-8080-exec-4] INFO  c.p.c.c.f.HeadersLoggingFilter - Header content-type=0:0:0:0:0:0:0:1, IP = content-type
11:45:11.807 [http-nio-8080-exec-4] INFO  c.p.c.c.f.HeadersLoggingFilter - Header user-agent=0:0:0:0:0:0:0:1, IP = user-agent
11:45:11.807 [http-nio-8080-exec-4] INFO  c.p.c.c.f.HeadersLoggingFilter - Header accept=0:0:0:0:0:0:0:1, IP = accept
11:45:11.807 [http-nio-8080-exec-4] INFO  c.p.c.c.f.HeadersLoggingFilter - Header postman-token=0:0:0:0:0:0:0:1, IP = postman-token
11:45:11.807 [http-nio-8080-exec-4] INFO  c.p.c.c.f.HeadersLoggingFilter - Header host=0:0:0:0:0:0:0:1, IP = host
11:45:11.807 [http-nio-8080-exec-4] INFO  c.p.c.c.f.HeadersLoggingFilter - Header accept-encoding=0:0:0:0:0:0:0:1, IP = accept-encoding
11:45:11.807 [http-nio-8080-exec-4] INFO  c.p.c.c.f.HeadersLoggingFilter - Header connection=0:0:0:0:0:0:0:1, IP = connection
11:45:11.807 [http-nio-8080-exec-4] INFO  c.p.c.c.f.HeadersLoggingFilter - Header content-length=0:0:0:0:0:0:0:1, IP = content-length
11:45:11.808 [http-nio-8080-exec-4] INFO  c.p.c.c.loggingfilter.LoggingFilter - Request: Method=POST, URI=/api/saveContact, Headers=content-type=application/json; user-agent=PostmanRuntime/7.43.3; accept=*/*; postman-token=86c8e8eb-7f51-4959-9cec-a652839b5949; host=localhost:8080; accept-encoding=gzip, deflate, br; connection=keep-alive; content-length=97; , Request ID: 3cb8f2a0-521d-4717-9945-d6fa264f83b5, Request IP  =0:0:0:0:0:0:0:1
11:45:11.816 [http-nio-8080-exec-4] INFO  c.p.c.c.loggingfilter.LoggingFilter - Response: Status=400, URI=/api/saveContact, Duration (Response Time)=8ms, Headers=[Content-Type, Transfer-Encoding, Date, Connection], Payload = org.apache.catalina.connector.ResponseFacade@23c9a534
11:45:12.772 [http-nio-8080-exec-6] INFO  c.p.c.c.f.HeadersLoggingFilter - Header content-type=0:0:0:0:0:0:0:1, IP = content-type
11:45:12.773 [http-nio-8080-exec-6] INFO  c.p.c.c.f.HeadersLoggingFilter - Header user-agent=0:0:0:0:0:0:0:1, IP = user-agent
11:45:12.773 [http-nio-8080-exec-6] INFO  c.p.c.c.f.HeadersLoggingFilter - Header accept=0:0:0:0:0:0:0:1, IP = accept
11:45:12.773 [http-nio-8080-exec-6] INFO  c.p.c.c.f.HeadersLoggingFilter - Header postman-token=0:0:0:0:0:0:0:1, IP = postman-token
11:45:12.773 [http-nio-8080-exec-6] INFO  c.p.c.c.f.HeadersLoggingFilter - Header host=0:0:0:0:0:0:0:1, IP = host
11:45:12.774 [http-nio-8080-exec-6] INFO  c.p.c.c.f.HeadersLoggingFilter - Header accept-encoding=0:0:0:0:0:0:0:1, IP = accept-encoding
11:45:12.774 [http-nio-8080-exec-6] INFO  c.p.c.c.f.HeadersLoggingFilter - Header connection=0:0:0:0:0:0:0:1, IP = connection
11:45:12.774 [http-nio-8080-exec-6] INFO  c.p.c.c.f.HeadersLoggingFilter - Header content-length=0:0:0:0:0:0:0:1, IP = content-length
11:45:12.774 [http-nio-8080-exec-6] INFO  c.p.c.c.loggingfilter.LoggingFilter - Request: Method=POST, URI=/api/saveContact, Headers=content-type=application/json; user-agent=PostmanRuntime/7.43.3; accept=*/*; postman-token=9a9c7929-8ed4-475c-9b27-0e00e8da7556; host=localhost:8080; accept-encoding=gzip, deflate, br; connection=keep-alive; content-length=97; , Request ID: 7cbaf5c5-5c22-4503-b755-958877b8cc7e, Request IP  =0:0:0:0:0:0:0:1
11:45:12.784 [http-nio-8080-exec-6] INFO  c.p.c.c.loggingfilter.LoggingFilter - Response: Status=400, URI=/api/saveContact, Duration (Response Time)=10ms, Headers=[Content-Type, Transfer-Encoding, Date, Connection], Payload = org.apache.catalina.connector.ResponseFacade@57902a82
11:45:13.717 [http-nio-8080-exec-8] INFO  c.p.c.c.f.HeadersLoggingFilter - Header content-type=0:0:0:0:0:0:0:1, IP = content-type
11:45:13.717 [http-nio-8080-exec-8] INFO  c.p.c.c.f.HeadersLoggingFilter - Header user-agent=0:0:0:0:0:0:0:1, IP = user-agent
11:45:13.717 [http-nio-8080-exec-8] INFO  c.p.c.c.f.HeadersLoggingFilter - Header accept=0:0:0:0:0:0:0:1, IP = accept
11:45:13.718 [http-nio-8080-exec-8] INFO  c.p.c.c.f.HeadersLoggingFilter - Header postman-token=0:0:0:0:0:0:0:1, IP = postman-token
11:45:13.718 [http-nio-8080-exec-8] INFO  c.p.c.c.f.HeadersLoggingFilter - Header host=0:0:0:0:0:0:0:1, IP = host
11:45:13.718 [http-nio-8080-exec-8] INFO  c.p.c.c.f.HeadersLoggingFilter - Header accept-encoding=0:0:0:0:0:0:0:1, IP = accept-encoding
11:45:13.718 [http-nio-8080-exec-8] INFO  c.p.c.c.f.HeadersLoggingFilter - Header connection=0:0:0:0:0:0:0:1, IP = connection
11:45:13.718 [http-nio-8080-exec-8] INFO  c.p.c.c.f.HeadersLoggingFilter - Header content-length=0:0:0:0:0:0:0:1, IP = content-length
11:45:13.718 [http-nio-8080-exec-8] INFO  c.p.c.c.loggingfilter.LoggingFilter - Request: Method=POST, URI=/api/saveContact, Headers=content-type=application/json; user-agent=PostmanRuntime/7.43.3; accept=*/*; postman-token=9f166660-f9a0-4bed-97d0-5bc00beb94c3; host=localhost:8080; accept-encoding=gzip, deflate, br; connection=keep-alive; content-length=97; , Request ID: 30b6b56c-c51f-4944-a36b-05a1cf848908, Request IP  =0:0:0:0:0:0:0:1
11:45:13.728 [http-nio-8080-exec-8] INFO  c.p.c.c.loggingfilter.LoggingFilter - Response: Status=400, URI=/api/saveContact, Duration (Response Time)=10ms, Headers=[Content-Type, Transfer-Encoding, Date, Connection], Payload = org.apache.catalina.connector.ResponseFacade@280ff752
11:45:14.565 [http-nio-8080-exec-9] INFO  c.p.c.c.f.HeadersLoggingFilter - Header content-type=0:0:0:0:0:0:0:1, IP = content-type
11:45:14.565 [http-nio-8080-exec-9] INFO  c.p.c.c.f.HeadersLoggingFilter - Header user-agent=0:0:0:0:0:0:0:1, IP = user-agent
11:45:14.565 [http-nio-8080-exec-9] INFO  c.p.c.c.f.HeadersLoggingFilter - Header accept=0:0:0:0:0:0:0:1, IP = accept
11:45:14.565 [http-nio-8080-exec-9] INFO  c.p.c.c.f.HeadersLoggingFilter - Header postman-token=0:0:0:0:0:0:0:1, IP = postman-token
11:45:14.565 [http-nio-8080-exec-9] INFO  c.p.c.c.f.HeadersLoggingFilter - Header host=0:0:0:0:0:0:0:1, IP = host
11:45:14.565 [http-nio-8080-exec-9] INFO  c.p.c.c.f.HeadersLoggingFilter - Header accept-encoding=0:0:0:0:0:0:0:1, IP = accept-encoding
11:45:14.565 [http-nio-8080-exec-9] INFO  c.p.c.c.f.HeadersLoggingFilter - Header connection=0:0:0:0:0:0:0:1, IP = connection
11:45:14.565 [http-nio-8080-exec-9] INFO  c.p.c.c.f.HeadersLoggingFilter - Header content-length=0:0:0:0:0:0:0:1, IP = content-length
11:45:14.566 [http-nio-8080-exec-9] INFO  c.p.c.c.loggingfilter.LoggingFilter - Request: Method=POST, URI=/api/saveContact, Headers=content-type=application/json; user-agent=PostmanRuntime/7.43.3; accept=*/*; postman-token=4eb6070e-5ef9-4510-89e8-992c8a8eaf36; host=localhost:8080; accept-encoding=gzip, deflate, br; connection=keep-alive; content-length=97; , Request ID: 118877f2-13a2-4110-8e0b-00ff70be71f6, Request IP  =0:0:0:0:0:0:0:1
11:45:14.597 [http-nio-8080-exec-9] INFO  c.p.c.c.loggingfilter.LoggingFilter - Response: Status=400, URI=/api/saveContact, Duration (Response Time)=31ms, Headers=[Content-Type, Transfer-Encoding, Date, Connection], Payload = org.apache.catalina.connector.ResponseFacade@6b997337
11:45:15.574 [http-nio-8080-exec-1] INFO  c.p.c.c.f.HeadersLoggingFilter - Header content-type=0:0:0:0:0:0:0:1, IP = content-type
11:45:15.574 [http-nio-8080-exec-1] INFO  c.p.c.c.f.HeadersLoggingFilter - Header user-agent=0:0:0:0:0:0:0:1, IP = user-agent
11:45:15.574 [http-nio-8080-exec-1] INFO  c.p.c.c.f.HeadersLoggingFilter - Header accept=0:0:0:0:0:0:0:1, IP = accept
11:45:15.575 [http-nio-8080-exec-1] INFO  c.p.c.c.f.HeadersLoggingFilter - Header postman-token=0:0:0:0:0:0:0:1, IP = postman-token
11:45:15.575 [http-nio-8080-exec-1] INFO  c.p.c.c.f.HeadersLoggingFilter - Header host=0:0:0:0:0:0:0:1, IP = host
11:45:15.575 [http-nio-8080-exec-1] INFO  c.p.c.c.f.HeadersLoggingFilter - Header accept-encoding=0:0:0:0:0:0:0:1, IP = accept-encoding
11:45:15.575 [http-nio-8080-exec-1] INFO  c.p.c.c.f.HeadersLoggingFilter - Header connection=0:0:0:0:0:0:0:1, IP = connection
11:45:15.575 [http-nio-8080-exec-1] INFO  c.p.c.c.f.HeadersLoggingFilter - Header content-length=0:0:0:0:0:0:0:1, IP = content-length
11:45:15.575 [http-nio-8080-exec-1] INFO  c.p.c.c.loggingfilter.LoggingFilter - Request: Method=POST, URI=/api/saveContact, Headers=content-type=application/json; user-agent=PostmanRuntime/7.43.3; accept=*/*; postman-token=ee6887a9-f8dc-47e2-9664-0ad9858526c7; host=localhost:8080; accept-encoding=gzip, deflate, br; connection=keep-alive; content-length=97; , Request ID: 1103c3bb-b7f3-4485-b984-8a491036419f, Request IP  =0:0:0:0:0:0:0:1
11:45:15.583 [http-nio-8080-exec-1] INFO  c.p.c.c.loggingfilter.LoggingFilter - Response: Status=400, URI=/api/saveContact, Duration (Response Time)=8ms, Headers=[Content-Type, Transfer-Encoding, Date, Connection], Payload = org.apache.catalina.connector.ResponseFacade@4c9f488e
11:45:39.218 [hz.ShutdownThread] INFO  com.hazelcast.instance.impl.Node - [10.251.34.15]:5701 [dev] [4.1] Running shutdown hook... Current state: ACTIVE
11:45:39.443 [SpringApplicationShutdownHook] INFO  o.s.o.j.LocalContainerEntityManagerFactoryBean - Closing JPA EntityManagerFactory for persistence unit 'default'
11:45:39.448 [SpringApplicationShutdownHook] INFO  com.zaxxer.hikari.HikariDataSource - HikariPool-1 - Shutdown initiated...
11:45:39.461 [SpringApplicationShutdownHook] INFO  com.zaxxer.hikari.HikariDataSource - HikariPool-1 - Shutdown completed.
16:01:57.135 [background-preinit] INFO  o.h.validator.internal.util.Version - HV000001: Hibernate Validator 8.0.1.Final
16:01:57.187 [main] INFO  c.p.c.ContactsdemoApplication - Starting ContactsdemoApplication using Java 17.0.12 with PID 27732 (C:\Ayse Ceren - crud projects\contactsdemo\build\classes\java\main started by 16381136672 in C:\Ayse Ceren - crud projects\contactsdemo)
16:01:57.188 [main] INFO  c.p.c.ContactsdemoApplication - No active profile set, falling back to 1 default profile: "default"
16:01:58.730 [main] INFO  o.s.d.r.c.RepositoryConfigurationDelegate - Bootstrapping Spring Data JPA repositories in DEFAULT mode.
16:01:58.818 [main] INFO  o.s.d.r.c.RepositoryConfigurationDelegate - Finished Spring Data repository scanning in 80 ms. Found 2 JPA repository interfaces.
16:01:59.907 [main] INFO  o.s.b.w.e.tomcat.TomcatWebServer - Tomcat initialized with port 8080 (http)
16:01:59.922 [main] INFO  o.a.coyote.http11.Http11NioProtocol - Initializing ProtocolHandler ["http-nio-8080"]
16:01:59.923 [main] INFO  o.a.catalina.core.StandardService - Starting service [Tomcat]
16:01:59.924 [main] INFO  o.a.catalina.core.StandardEngine - Starting Servlet engine: [Apache Tomcat/10.1.25]
16:02:00.053 [main] INFO  o.a.c.c.C.[Tomcat].[localhost].[/] - Initializing Spring embedded WebApplicationContext
16:02:00.053 [main] INFO  o.s.b.w.s.c.ServletWebServerApplicationContext - Root WebApplicationContext: initialization completed in 2792 ms
16:02:00.529 [main] INFO  com.zaxxer.hikari.HikariDataSource - HikariPool-1 - Starting...
16:02:00.724 [main] INFO  com.zaxxer.hikari.pool.HikariPool - HikariPool-1 - Added connection org.postgresql.jdbc.PgConnection@7846913f
16:02:00.728 [main] INFO  com.zaxxer.hikari.HikariDataSource - HikariPool-1 - Start completed.
16:02:01.583 [main] INFO  liquibase.changelog - Reading from public.databasechangelog
16:02:01.654 [main] INFO  liquibase.changelog - Reading from public.databasechangelog
16:02:01.662 [main] INFO  liquibase.util - UPDATE SUMMARY
16:02:01.663 [main] INFO  liquibase.util - Run:                          0
16:02:01.663 [main] INFO  liquibase.util - Previously run:               2
16:02:01.663 [main] INFO  liquibase.util - Filtered out:                 0
16:02:01.663 [main] INFO  liquibase.util - -------------------------------
16:02:01.663 [main] INFO  liquibase.util - Total change sets:            2
16:02:01.663 [main] INFO  liquibase.util - Update summary generated
16:02:01.690 [main] INFO  liquibase.lockservice - Successfully released change log lock
16:02:01.693 [main] INFO  liquibase.command - Command execution complete
16:02:01.837 [main] INFO  o.h.jpa.internal.util.LogHelper - HHH000204: Processing PersistenceUnitInfo [name: default]
16:02:01.957 [main] INFO  org.hibernate.Version - HHH000412: Hibernate ORM core version 6.4.9.Final
16:02:02.024 [main] INFO  o.h.c.i.RegionFactoryInitiator - HHH000026: Second-level cache disabled
16:02:02.384 [main] INFO  o.s.o.j.p.SpringPersistenceUnitInfo - No LoadTimeWeaver setup: ignoring JPA class transformer
16:02:02.463 [main] WARN  org.hibernate.orm.deprecation - HHH90000025: PostgreSQLDialect does not need to be specified explicitly using 'hibernate.dialect' (remove the property setting and it will be selected by default)
16:02:03.716 [main] INFO  o.s.o.j.LocalContainerEntityManagerFactoryBean - Initialized JPA EntityManagerFactory for persistence unit 'default'
16:02:04.077 [main] INFO  o.s.d.j.r.query.QueryEnhancerFactory - Hibernate is in classpath; If applicable, HQL parser will be used.
16:02:04.676 [main] WARN  c.h.i.impl.HazelcastInstanceFactory - Hazelcast is starting in a Java modular environment (Java 9 and newer) but without proper access to required Java packages. Use additional Java arguments to provide Hazelcast access to Java internal API. The internal API access is used to get the best performance results. Arguments to be used:
 --add-modules java.se --add-exports java.base/jdk.internal.ref=ALL-UNNAMED --add-opens java.base/java.lang=ALL-UNNAMED --add-opens java.base/java.nio=ALL-UNNAMED --add-opens java.base/sun.nio.ch=ALL-UNNAMED --add-opens java.management/sun.management=ALL-UNNAMED --add-opens jdk.management/com.sun.management.internal=ALL-UNNAMED
16:02:04.682 [main] INFO  c.h.i.config.AbstractConfigLocator - Loading 'hazelcast-default.xml' from the classpath.
16:02:05.073 [main] INFO  c.hazelcast.instance.AddressPicker - [LOCAL] [dev] [4.1] Prefer IPv4 stack is true, prefer IPv6 addresses is false
16:02:05.099 [main] INFO  c.hazelcast.instance.AddressPicker - [LOCAL] [dev] [4.1] Picked [10.251.34.15]:5701, using socket ServerSocket[addr=/0:0:0:0:0:0:0:0,localport=5701], bind any local is true
16:02:05.127 [main] INFO  com.hazelcast.system - [10.251.34.15]:5701 [dev] [4.1] Hazelcast 4.0.1 (20200409 - e086b9c) starting at [10.251.34.15]:5701
16:02:05.128 [main] INFO  com.hazelcast.system - [10.251.34.15]:5701 [dev] [4.1] Copyright (c) 2008-2020, Hazelcast, Inc. All Rights Reserved.
16:02:05.370 [main] INFO  c.h.s.i.o.impl.BackpressureRegulator - [10.251.34.15]:5701 [dev] [4.1] Backpressure is disabled
16:02:05.680 [main] INFO  com.hazelcast.instance.impl.Node - [10.251.34.15]:5701 [dev] [4.1] Creating MulticastJoiner
16:02:05.685 [main] WARN  com.hazelcast.cp.CPSubsystem - [10.251.34.15]:5701 [dev] [4.1] CP Subsystem is not enabled. CP data structures will operate in UNSAFE mode! Please note that UNSAFE mode will not provide strong consistency guarantees.
16:02:05.999 [main] INFO  c.h.s.i.o.impl.OperationExecutorImpl - [10.251.34.15]:5701 [dev] [4.1] Starting 16 partition threads and 9 generic threads (1 dedicated for priority tasks)
16:02:06.015 [main] INFO  c.h.internal.diagnostics.Diagnostics - [10.251.34.15]:5701 [dev] [4.1] Diagnostics disabled. To enable add -Dhazelcast.diagnostics.enabled=true to the JVM arguments.
16:02:06.022 [main] INFO  com.hazelcast.core.LifecycleService - [10.251.34.15]:5701 [dev] [4.1] [10.251.34.15]:5701 is STARTING
16:02:08.563 [main] INFO  c.h.internal.cluster.ClusterService - [10.251.34.15]:5701 [dev] [4.1] 

Members {size:1, ver:1} [
	Member [10.251.34.15]:5701 - c07e56dd-829d-4d0a-9e24-93fd0d1b50d1 this
]

16:02:08.577 [main] INFO  com.hazelcast.core.LifecycleService - [10.251.34.15]:5701 [dev] [4.1] [10.251.34.15]:5701 is STARTED
16:02:08.988 [main] INFO  c.h.c.i.spi.ClientInvocationService - training-instance [dev] [4.1] [4.0.1] Running with 2 response threads, dynamic=true
16:02:09.027 [main] INFO  com.hazelcast.core.LifecycleService - training-instance [dev] [4.1] [4.0.1] HazelcastClient 4.0.1 (20200409 - e086b9c) is STARTING
16:02:09.029 [main] INFO  com.hazelcast.core.LifecycleService - training-instance [dev] [4.1] [4.0.1] HazelcastClient 4.0.1 (20200409 - e086b9c) is STARTED
16:02:09.056 [main] INFO  c.h.c.i.c.ClientConnectionManager - training-instance [dev] [4.1] [4.0.1] Trying to connect to cluster: dev
16:02:09.058 [main] INFO  c.h.c.i.c.ClientConnectionManager - training-instance [dev] [4.1] [4.0.1] Trying to connect to [127.0.0.1]:5701
16:02:09.084 [hz.cool_sanderson.priority-generic-operation.thread-0] INFO  c.h.c.i.p.t.AuthenticationMessageTask - [10.251.34.15]:5701 [dev] [4.1] Received auth from Connection[id=1, /127.0.0.1:5701->/127.0.0.1:64185, qualifier=null, endpoint=[127.0.0.1]:64185, alive=true, connectionType=JVM], successfully authenticated, clientUuid: 46e1696c-7cdd-4d6b-b213-f3cc99a0afa6, client version: 4.0.1
16:02:09.087 [main] INFO  com.hazelcast.core.LifecycleService - training-instance [dev] [4.1] [4.0.1] HazelcastClient 4.0.1 (20200409 - e086b9c) is CLIENT_CONNECTED
16:02:09.087 [main] INFO  c.h.c.i.c.ClientConnectionManager - training-instance [dev] [4.1] [4.0.1] Authenticated with server [10.251.34.15]:5701:c07e56dd-829d-4d0a-9e24-93fd0d1b50d1, server version: 4.0.1, local address: /127.0.0.1:64185
16:02:09.093 [main] INFO  c.h.internal.diagnostics.Diagnostics - training-instance [dev] [4.1] [4.0.1] Diagnostics disabled. To enable add -Dhazelcast.diagnostics.enabled=true to the JVM arguments.
16:02:09.098 [training-instance.event-10] INFO  c.h.c.impl.spi.ClientClusterService - training-instance [dev] [4.1] [4.0.1] 

Members [1] {
	Member [10.251.34.15]:5701 - c07e56dd-829d-4d0a-9e24-93fd0d1b50d1
}

16:02:09.126 [main] INFO  c.h.c.i.s.ClientStatisticsService - Client statistics is enabled with period 5 seconds.
16:02:09.347 [main] WARN  o.s.b.a.o.j.JpaBaseConfiguration$JpaWebConfiguration - spring.jpa.open-in-view is enabled by default. Therefore, database queries may be performed during view rendering. Explicitly configure spring.jpa.open-in-view to disable this warning
16:02:10.903 [main] INFO  o.s.b.a.e.web.EndpointLinksResolver - Exposing 1 endpoint(s) beneath base path '/actuator'
16:02:10.985 [main] INFO  o.a.coyote.http11.Http11NioProtocol - Starting ProtocolHandler ["http-nio-8080"]
16:02:11.012 [main] INFO  o.s.b.w.e.tomcat.TomcatWebServer - Tomcat started on port 8080 (http) with context path ''
16:02:11.029 [main] INFO  c.p.c.ContactsdemoApplication - Started ContactsdemoApplication in 14.338 seconds (process running for 15.672)
16:02:11.641 [RMI TCP Connection(1)-10.251.34.15] INFO  o.a.c.c.C.[Tomcat].[localhost].[/] - Initializing Spring DispatcherServlet 'dispatcherServlet'
16:02:11.641 [RMI TCP Connection(1)-10.251.34.15] INFO  o.s.web.servlet.DispatcherServlet - Initializing Servlet 'dispatcherServlet'
16:02:11.659 [RMI TCP Connection(1)-10.251.34.15] INFO  o.s.web.servlet.DispatcherServlet - Completed initialization in 16 ms
16:02:36.615 [SpringApplicationShutdownHook] INFO  o.s.o.j.LocalContainerEntityManagerFactoryBean - Closing JPA EntityManagerFactory for persistence unit 'default'
16:02:36.618 [SpringApplicationShutdownHook] INFO  com.zaxxer.hikari.HikariDataSource - HikariPool-1 - Shutdown initiated...
16:02:36.624 [SpringApplicationShutdownHook] INFO  com.zaxxer.hikari.HikariDataSource - HikariPool-1 - Shutdown completed.
16:02:51.623 [background-preinit] INFO  o.h.validator.internal.util.Version - HV000001: Hibernate Validator 8.0.1.Final
16:02:51.678 [main] INFO  c.p.c.ContactsdemoApplication - Starting ContactsdemoApplication using Java 17.0.12 with PID 30760 (C:\Ayse Ceren - crud projects\contactsdemo\build\classes\java\main started by 16381136672 in C:\Ayse Ceren - crud projects\contactsdemo)
16:02:51.679 [main] INFO  c.p.c.ContactsdemoApplication - No active profile set, falling back to 1 default profile: "default"
16:02:53.221 [main] INFO  o.s.d.r.c.RepositoryConfigurationDelegate - Bootstrapping Spring Data JPA repositories in DEFAULT mode.
16:02:53.311 [main] INFO  o.s.d.r.c.RepositoryConfigurationDelegate - Finished Spring Data repository scanning in 80 ms. Found 2 JPA repository interfaces.
16:02:54.317 [main] INFO  o.s.b.w.e.tomcat.TomcatWebServer - Tomcat initialized with port 8080 (http)
16:02:54.326 [main] INFO  o.a.coyote.http11.Http11NioProtocol - Initializing ProtocolHandler ["http-nio-8080"]
16:02:54.329 [main] INFO  o.a.catalina.core.StandardService - Starting service [Tomcat]
16:02:54.329 [main] INFO  o.a.catalina.core.StandardEngine - Starting Servlet engine: [Apache Tomcat/10.1.25]
16:02:54.416 [main] INFO  o.a.c.c.C.[Tomcat].[localhost].[/] - Initializing Spring embedded WebApplicationContext
16:02:54.417 [main] INFO  o.s.b.w.s.c.ServletWebServerApplicationContext - Root WebApplicationContext: initialization completed in 2670 ms
16:02:54.796 [main] INFO  com.zaxxer.hikari.HikariDataSource - HikariPool-1 - Starting...
16:02:54.961 [main] INFO  com.zaxxer.hikari.pool.HikariPool - HikariPool-1 - Added connection org.postgresql.jdbc.PgConnection@4552f905
16:02:54.963 [main] INFO  com.zaxxer.hikari.HikariDataSource - HikariPool-1 - Start completed.
16:02:55.660 [main] INFO  liquibase.changelog - Reading from public.databasechangelog
16:02:55.718 [main] INFO  liquibase.changelog - Reading from public.databasechangelog
16:02:55.725 [main] INFO  liquibase.util - UPDATE SUMMARY
16:02:55.725 [main] INFO  liquibase.util - Run:                          0
16:02:55.725 [main] INFO  liquibase.util - Previously run:               2
16:02:55.725 [main] INFO  liquibase.util - Filtered out:                 0
16:02:55.725 [main] INFO  liquibase.util - -------------------------------
16:02:55.726 [main] INFO  liquibase.util - Total change sets:            2
16:02:55.726 [main] INFO  liquibase.util - Update summary generated
16:02:55.751 [main] INFO  liquibase.lockservice - Successfully released change log lock
16:02:55.754 [main] INFO  liquibase.command - Command execution complete
16:02:55.875 [main] INFO  o.h.jpa.internal.util.LogHelper - HHH000204: Processing PersistenceUnitInfo [name: default]
16:02:55.936 [main] INFO  org.hibernate.Version - HHH000412: Hibernate ORM core version 6.4.9.Final
16:02:55.969 [main] INFO  o.h.c.i.RegionFactoryInitiator - HHH000026: Second-level cache disabled
16:02:56.216 [main] INFO  o.s.o.j.p.SpringPersistenceUnitInfo - No LoadTimeWeaver setup: ignoring JPA class transformer
16:02:56.266 [main] WARN  org.hibernate.orm.deprecation - HHH90000025: PostgreSQLDialect does not need to be specified explicitly using 'hibernate.dialect' (remove the property setting and it will be selected by default)
16:02:57.347 [main] INFO  o.s.o.j.LocalContainerEntityManagerFactoryBean - Initialized JPA EntityManagerFactory for persistence unit 'default'
16:02:57.707 [main] INFO  o.s.d.j.r.query.QueryEnhancerFactory - Hibernate is in classpath; If applicable, HQL parser will be used.
16:02:58.238 [main] WARN  c.h.i.impl.HazelcastInstanceFactory - Hazelcast is starting in a Java modular environment (Java 9 and newer) but without proper access to required Java packages. Use additional Java arguments to provide Hazelcast access to Java internal API. The internal API access is used to get the best performance results. Arguments to be used:
 --add-modules java.se --add-exports java.base/jdk.internal.ref=ALL-UNNAMED --add-opens java.base/java.lang=ALL-UNNAMED --add-opens java.base/java.nio=ALL-UNNAMED --add-opens java.base/sun.nio.ch=ALL-UNNAMED --add-opens java.management/sun.management=ALL-UNNAMED --add-opens jdk.management/com.sun.management.internal=ALL-UNNAMED
16:02:58.241 [main] INFO  c.h.i.config.AbstractConfigLocator - Loading 'hazelcast-default.xml' from the classpath.
16:02:58.510 [main] INFO  c.hazelcast.instance.AddressPicker - [LOCAL] [dev] [4.1] Prefer IPv4 stack is true, prefer IPv6 addresses is false
16:02:58.536 [main] INFO  c.hazelcast.instance.AddressPicker - [LOCAL] [dev] [4.1] Picked [10.251.34.15]:5701, using socket ServerSocket[addr=/0:0:0:0:0:0:0:0,localport=5701], bind any local is true
16:02:58.553 [main] INFO  com.hazelcast.system - [10.251.34.15]:5701 [dev] [4.1] Hazelcast 4.0.1 (20200409 - e086b9c) starting at [10.251.34.15]:5701
16:02:58.554 [main] INFO  com.hazelcast.system - [10.251.34.15]:5701 [dev] [4.1] Copyright (c) 2008-2020, Hazelcast, Inc. All Rights Reserved.
16:02:58.746 [main] INFO  c.h.s.i.o.impl.BackpressureRegulator - [10.251.34.15]:5701 [dev] [4.1] Backpressure is disabled
16:02:58.987 [main] INFO  com.hazelcast.instance.impl.Node - [10.251.34.15]:5701 [dev] [4.1] Creating MulticastJoiner
16:02:58.992 [main] WARN  com.hazelcast.cp.CPSubsystem - [10.251.34.15]:5701 [dev] [4.1] CP Subsystem is not enabled. CP data structures will operate in UNSAFE mode! Please note that UNSAFE mode will not provide strong consistency guarantees.
16:02:59.199 [main] INFO  c.h.s.i.o.impl.OperationExecutorImpl - [10.251.34.15]:5701 [dev] [4.1] Starting 16 partition threads and 9 generic threads (1 dedicated for priority tasks)
16:02:59.217 [main] INFO  c.h.internal.diagnostics.Diagnostics - [10.251.34.15]:5701 [dev] [4.1] Diagnostics disabled. To enable add -Dhazelcast.diagnostics.enabled=true to the JVM arguments.
16:02:59.224 [main] INFO  com.hazelcast.core.LifecycleService - [10.251.34.15]:5701 [dev] [4.1] [10.251.34.15]:5701 is STARTING
16:03:02.082 [main] INFO  c.h.internal.cluster.ClusterService - [10.251.34.15]:5701 [dev] [4.1] 

Members {size:1, ver:1} [
	Member [10.251.34.15]:5701 - 1c7b58be-f1e2-4d35-98ac-899e3cc46ae3 this
]

16:03:02.099 [main] INFO  com.hazelcast.core.LifecycleService - [10.251.34.15]:5701 [dev] [4.1] [10.251.34.15]:5701 is STARTED
16:03:02.484 [main] INFO  c.h.c.i.spi.ClientInvocationService - training-instance [dev] [4.1] [4.0.1] Running with 2 response threads, dynamic=true
16:03:02.523 [main] INFO  com.hazelcast.core.LifecycleService - training-instance [dev] [4.1] [4.0.1] HazelcastClient 4.0.1 (20200409 - e086b9c) is STARTING
16:03:02.524 [main] INFO  com.hazelcast.core.LifecycleService - training-instance [dev] [4.1] [4.0.1] HazelcastClient 4.0.1 (20200409 - e086b9c) is STARTED
16:03:02.556 [main] INFO  c.h.c.i.c.ClientConnectionManager - training-instance [dev] [4.1] [4.0.1] Trying to connect to cluster: dev
16:03:02.557 [main] INFO  c.h.c.i.c.ClientConnectionManager - training-instance [dev] [4.1] [4.0.1] Trying to connect to [127.0.0.1]:5701
16:03:02.580 [hz.mystifying_hoover.priority-generic-operation.thread-0] INFO  c.h.c.i.p.t.AuthenticationMessageTask - [10.251.34.15]:5701 [dev] [4.1] Received auth from Connection[id=1, /127.0.0.1:5701->/127.0.0.1:64356, qualifier=null, endpoint=[127.0.0.1]:64356, alive=true, connectionType=JVM], successfully authenticated, clientUuid: 89006878-003f-4e83-85ff-2b7dd78941f8, client version: 4.0.1
16:03:02.583 [main] INFO  com.hazelcast.core.LifecycleService - training-instance [dev] [4.1] [4.0.1] HazelcastClient 4.0.1 (20200409 - e086b9c) is CLIENT_CONNECTED
16:03:02.583 [main] INFO  c.h.c.i.c.ClientConnectionManager - training-instance [dev] [4.1] [4.0.1] Authenticated with server [10.251.34.15]:5701:1c7b58be-f1e2-4d35-98ac-899e3cc46ae3, server version: 4.0.1, local address: /127.0.0.1:64356
16:03:02.587 [main] INFO  c.h.internal.diagnostics.Diagnostics - training-instance [dev] [4.1] [4.0.1] Diagnostics disabled. To enable add -Dhazelcast.diagnostics.enabled=true to the JVM arguments.
16:03:02.591 [training-instance.event-8] INFO  c.h.c.impl.spi.ClientClusterService - training-instance [dev] [4.1] [4.0.1] 

Members [1] {
	Member [10.251.34.15]:5701 - 1c7b58be-f1e2-4d35-98ac-899e3cc46ae3
}

16:03:02.617 [main] INFO  c.h.c.i.s.ClientStatisticsService - Client statistics is enabled with period 5 seconds.
16:03:02.863 [main] WARN  o.s.b.a.o.j.JpaBaseConfiguration$JpaWebConfiguration - spring.jpa.open-in-view is enabled by default. Therefore, database queries may be performed during view rendering. Explicitly configure spring.jpa.open-in-view to disable this warning
16:03:04.503 [main] INFO  o.s.b.a.e.web.EndpointLinksResolver - Exposing 1 endpoint(s) beneath base path '/actuator'
16:03:04.580 [main] INFO  o.a.coyote.http11.Http11NioProtocol - Starting ProtocolHandler ["http-nio-8080"]
16:03:04.610 [main] INFO  o.s.b.w.e.tomcat.TomcatWebServer - Tomcat started on port 8080 (http) with context path ''
16:03:04.628 [main] INFO  c.p.c.ContactsdemoApplication - Started ContactsdemoApplication in 13.594 seconds (process running for 14.852)
16:03:05.069 [RMI TCP Connection(2)-10.251.34.15] INFO  o.a.c.c.C.[Tomcat].[localhost].[/] - Initializing Spring DispatcherServlet 'dispatcherServlet'
16:03:05.069 [RMI TCP Connection(2)-10.251.34.15] INFO  o.s.web.servlet.DispatcherServlet - Initializing Servlet 'dispatcherServlet'
16:03:05.072 [RMI TCP Connection(2)-10.251.34.15] INFO  o.s.web.servlet.DispatcherServlet - Completed initialization in 3 ms
16:03:53.106 [http-nio-8080-exec-1] INFO  c.p.c.c.f.HeadersLoggingFilter - Header user-agent=0:0:0:0:0:0:0:1, IP = user-agent
16:03:53.106 [http-nio-8080-exec-1] INFO  c.p.c.c.f.HeadersLoggingFilter - Header accept=0:0:0:0:0:0:0:1, IP = accept
16:03:53.106 [http-nio-8080-exec-1] INFO  c.p.c.c.f.HeadersLoggingFilter - Header postman-token=0:0:0:0:0:0:0:1, IP = postman-token
16:03:53.106 [http-nio-8080-exec-1] INFO  c.p.c.c.f.HeadersLoggingFilter - Header host=0:0:0:0:0:0:0:1, IP = host
16:03:53.106 [http-nio-8080-exec-1] INFO  c.p.c.c.f.HeadersLoggingFilter - Header accept-encoding=0:0:0:0:0:0:0:1, IP = accept-encoding
16:03:53.107 [http-nio-8080-exec-1] INFO  c.p.c.c.f.HeadersLoggingFilter - Header connection=0:0:0:0:0:0:0:1, IP = connection
16:03:53.107 [http-nio-8080-exec-1] INFO  c.p.c.c.loggingfilter.LoggingFilter - Request: Method=GET, URI=/api/getAllPerson, Headers=user-agent=PostmanRuntime/7.43.3; accept=*/*; postman-token=113e7fc4-a252-40a1-8959-dfe060f0a38d; host=localhost:8080; accept-encoding=gzip, deflate, br; connection=keep-alive; , Request ID: 0878c7e0-bd34-421a-912b-4b455f8fb57e, Request IP  =0:0:0:0:0:0:0:1
16:03:53.191 [http-nio-8080-exec-1] INFO  c.p.c.c.loggingfilter.LoggingFilter - Response: Status=400, URI=/api/getAllPerson, Duration (Response Time)=84ms, Headers=[Content-Type, Transfer-Encoding, Date, Connection], Payload = org.apache.catalina.connector.ResponseFacade@1f430e06
16:03:54.598 [http-nio-8080-exec-4] INFO  c.p.c.c.f.HeadersLoggingFilter - Header user-agent=0:0:0:0:0:0:0:1, IP = user-agent
16:03:54.598 [http-nio-8080-exec-4] INFO  c.p.c.c.f.HeadersLoggingFilter - Header accept=0:0:0:0:0:0:0:1, IP = accept
16:03:54.598 [http-nio-8080-exec-4] INFO  c.p.c.c.f.HeadersLoggingFilter - Header postman-token=0:0:0:0:0:0:0:1, IP = postman-token
16:03:54.599 [http-nio-8080-exec-4] INFO  c.p.c.c.f.HeadersLoggingFilter - Header host=0:0:0:0:0:0:0:1, IP = host
16:03:54.599 [http-nio-8080-exec-4] INFO  c.p.c.c.f.HeadersLoggingFilter - Header accept-encoding=0:0:0:0:0:0:0:1, IP = accept-encoding
16:03:54.599 [http-nio-8080-exec-4] INFO  c.p.c.c.f.HeadersLoggingFilter - Header connection=0:0:0:0:0:0:0:1, IP = connection
16:03:54.599 [http-nio-8080-exec-4] INFO  c.p.c.c.loggingfilter.LoggingFilter - Request: Method=GET, URI=/api/getAllPerson, Headers=user-agent=PostmanRuntime/7.43.3; accept=*/*; postman-token=fff77bdf-0458-49c6-a5b5-51f84feb5b42; host=localhost:8080; accept-encoding=gzip, deflate, br; connection=keep-alive; , Request ID: 9636f925-90c9-4965-b841-7a81d6e76925, Request IP  =0:0:0:0:0:0:0:1
16:03:54.604 [http-nio-8080-exec-4] INFO  c.p.c.c.loggingfilter.LoggingFilter - Response: Status=400, URI=/api/getAllPerson, Duration (Response Time)=5ms, Headers=[Content-Type, Transfer-Encoding, Date, Connection], Payload = org.apache.catalina.connector.ResponseFacade@4ec27c28
16:03:56.253 [http-nio-8080-exec-6] INFO  c.p.c.c.f.HeadersLoggingFilter - Header user-agent=0:0:0:0:0:0:0:1, IP = user-agent
16:03:56.253 [http-nio-8080-exec-6] INFO  c.p.c.c.f.HeadersLoggingFilter - Header accept=0:0:0:0:0:0:0:1, IP = accept
16:03:56.253 [http-nio-8080-exec-6] INFO  c.p.c.c.f.HeadersLoggingFilter - Header postman-token=0:0:0:0:0:0:0:1, IP = postman-token
16:03:56.253 [http-nio-8080-exec-6] INFO  c.p.c.c.f.HeadersLoggingFilter - Header host=0:0:0:0:0:0:0:1, IP = host
16:03:56.253 [http-nio-8080-exec-6] INFO  c.p.c.c.f.HeadersLoggingFilter - Header accept-encoding=0:0:0:0:0:0:0:1, IP = accept-encoding
16:03:56.253 [http-nio-8080-exec-6] INFO  c.p.c.c.f.HeadersLoggingFilter - Header connection=0:0:0:0:0:0:0:1, IP = connection
16:03:56.253 [http-nio-8080-exec-6] INFO  c.p.c.c.loggingfilter.LoggingFilter - Request: Method=GET, URI=/api/getAllPerson, Headers=user-agent=PostmanRuntime/7.43.3; accept=*/*; postman-token=b6b431ec-bf9a-4220-9833-d70ffeb67b12; host=localhost:8080; accept-encoding=gzip, deflate, br; connection=keep-alive; , Request ID: 544163fb-65d1-488b-b8cb-703563d7463c, Request IP  =0:0:0:0:0:0:0:1
16:03:56.258 [http-nio-8080-exec-6] INFO  c.p.c.c.loggingfilter.LoggingFilter - Response: Status=400, URI=/api/getAllPerson, Duration (Response Time)=5ms, Headers=[Content-Type, Transfer-Encoding, Date, Connection], Payload = org.apache.catalina.connector.ResponseFacade@a220209
16:03:57.183 [http-nio-8080-exec-8] INFO  c.p.c.c.f.HeadersLoggingFilter - Header user-agent=0:0:0:0:0:0:0:1, IP = user-agent
16:03:57.183 [http-nio-8080-exec-8] INFO  c.p.c.c.f.HeadersLoggingFilter - Header accept=0:0:0:0:0:0:0:1, IP = accept
16:03:57.183 [http-nio-8080-exec-8] INFO  c.p.c.c.f.HeadersLoggingFilter - Header postman-token=0:0:0:0:0:0:0:1, IP = postman-token
16:03:57.183 [http-nio-8080-exec-8] INFO  c.p.c.c.f.HeadersLoggingFilter - Header host=0:0:0:0:0:0:0:1, IP = host
16:03:57.183 [http-nio-8080-exec-8] INFO  c.p.c.c.f.HeadersLoggingFilter - Header accept-encoding=0:0:0:0:0:0:0:1, IP = accept-encoding
16:03:57.183 [http-nio-8080-exec-8] INFO  c.p.c.c.f.HeadersLoggingFilter - Header connection=0:0:0:0:0:0:0:1, IP = connection
16:03:57.184 [http-nio-8080-exec-8] INFO  c.p.c.c.loggingfilter.LoggingFilter - Request: Method=GET, URI=/api/getAllPerson, Headers=user-agent=PostmanRuntime/7.43.3; accept=*/*; postman-token=472e89e9-31f5-4238-8f6f-40c2b813a46d; host=localhost:8080; accept-encoding=gzip, deflate, br; connection=keep-alive; , Request ID: 934136b4-c3d4-4014-8df8-3e72fd8c225f, Request IP  =0:0:0:0:0:0:0:1
16:03:57.190 [http-nio-8080-exec-8] INFO  c.p.c.c.loggingfilter.LoggingFilter - Response: Status=400, URI=/api/getAllPerson, Duration (Response Time)=6ms, Headers=[Content-Type, Transfer-Encoding, Date, Connection], Payload = org.apache.catalina.connector.ResponseFacade@64e3d77f
16:03:58.185 [http-nio-8080-exec-9] INFO  c.p.c.c.f.HeadersLoggingFilter - Header user-agent=0:0:0:0:0:0:0:1, IP = user-agent
16:03:58.185 [http-nio-8080-exec-9] INFO  c.p.c.c.f.HeadersLoggingFilter - Header accept=0:0:0:0:0:0:0:1, IP = accept
16:03:58.185 [http-nio-8080-exec-9] INFO  c.p.c.c.f.HeadersLoggingFilter - Header postman-token=0:0:0:0:0:0:0:1, IP = postman-token
16:03:58.185 [http-nio-8080-exec-9] INFO  c.p.c.c.f.HeadersLoggingFilter - Header host=0:0:0:0:0:0:0:1, IP = host
16:03:58.185 [http-nio-8080-exec-9] INFO  c.p.c.c.f.HeadersLoggingFilter - Header accept-encoding=0:0:0:0:0:0:0:1, IP = accept-encoding
16:03:58.186 [http-nio-8080-exec-9] INFO  c.p.c.c.f.HeadersLoggingFilter - Header connection=0:0:0:0:0:0:0:1, IP = connection
16:03:58.186 [http-nio-8080-exec-9] INFO  c.p.c.c.loggingfilter.LoggingFilter - Request: Method=GET, URI=/api/getAllPerson, Headers=user-agent=PostmanRuntime/7.43.3; accept=*/*; postman-token=b9f5b59a-e752-4fd8-bff8-c50b38ef671e; host=localhost:8080; accept-encoding=gzip, deflate, br; connection=keep-alive; , Request ID: 94e8372b-9a33-4528-a80f-d319a79d276d, Request IP  =0:0:0:0:0:0:0:1
16:03:58.194 [http-nio-8080-exec-9] INFO  c.p.c.c.loggingfilter.LoggingFilter - Response: Status=400, URI=/api/getAllPerson, Duration (Response Time)=8ms, Headers=[Content-Type, Transfer-Encoding, Date, Connection], Payload = org.apache.catalina.connector.ResponseFacade@1cfa7f7d
16:03:59.141 [http-nio-8080-exec-1] INFO  c.p.c.c.f.HeadersLoggingFilter - Header user-agent=0:0:0:0:0:0:0:1, IP = user-agent
16:03:59.141 [http-nio-8080-exec-1] INFO  c.p.c.c.f.HeadersLoggingFilter - Header accept=0:0:0:0:0:0:0:1, IP = accept
16:03:59.141 [http-nio-8080-exec-1] INFO  c.p.c.c.f.HeadersLoggingFilter - Header postman-token=0:0:0:0:0:0:0:1, IP = postman-token
16:03:59.141 [http-nio-8080-exec-1] INFO  c.p.c.c.f.HeadersLoggingFilter - Header host=0:0:0:0:0:0:0:1, IP = host
16:03:59.141 [http-nio-8080-exec-1] INFO  c.p.c.c.f.HeadersLoggingFilter - Header accept-encoding=0:0:0:0:0:0:0:1, IP = accept-encoding
16:03:59.141 [http-nio-8080-exec-1] INFO  c.p.c.c.f.HeadersLoggingFilter - Header connection=0:0:0:0:0:0:0:1, IP = connection
16:03:59.142 [http-nio-8080-exec-1] INFO  c.p.c.c.loggingfilter.LoggingFilter - Request: Method=GET, URI=/api/getAllPerson, Headers=user-agent=PostmanRuntime/7.43.3; accept=*/*; postman-token=c0aaaece-5c70-4b41-bf41-9524b79c274d; host=localhost:8080; accept-encoding=gzip, deflate, br; connection=keep-alive; , Request ID: 04785071-850a-4218-887b-a1ed8700557e, Request IP  =0:0:0:0:0:0:0:1
16:03:59.144 [http-nio-8080-exec-1] INFO  c.p.c.c.loggingfilter.LoggingFilter - Response: Status=400, URI=/api/getAllPerson, Duration (Response Time)=2ms, Headers=[Content-Type, Transfer-Encoding, Date, Connection], Payload = org.apache.catalina.connector.ResponseFacade@31e7a319
16:04:00.831 [http-nio-8080-exec-4] INFO  c.p.c.c.f.HeadersLoggingFilter - Header user-agent=0:0:0:0:0:0:0:1, IP = user-agent
16:04:00.832 [http-nio-8080-exec-4] INFO  c.p.c.c.f.HeadersLoggingFilter - Header accept=0:0:0:0:0:0:0:1, IP = accept
16:04:00.832 [http-nio-8080-exec-4] INFO  c.p.c.c.f.HeadersLoggingFilter - Header postman-token=0:0:0:0:0:0:0:1, IP = postman-token
16:04:00.832 [http-nio-8080-exec-4] INFO  c.p.c.c.f.HeadersLoggingFilter - Header host=0:0:0:0:0:0:0:1, IP = host
16:04:00.832 [http-nio-8080-exec-4] INFO  c.p.c.c.f.HeadersLoggingFilter - Header accept-encoding=0:0:0:0:0:0:0:1, IP = accept-encoding
16:04:00.832 [http-nio-8080-exec-4] INFO  c.p.c.c.f.HeadersLoggingFilter - Header connection=0:0:0:0:0:0:0:1, IP = connection
16:04:00.832 [http-nio-8080-exec-4] INFO  c.p.c.c.loggingfilter.LoggingFilter - Request: Method=GET, URI=/api/getAllPerson, Headers=user-agent=PostmanRuntime/7.43.3; accept=*/*; postman-token=f9a1cf93-2539-4bcf-ba00-35383a8a751f; host=localhost:8080; accept-encoding=gzip, deflate, br; connection=keep-alive; , Request ID: d0102687-166c-4002-95fc-b27606e1b281, Request IP  =0:0:0:0:0:0:0:1
16:04:00.834 [http-nio-8080-exec-4] INFO  c.p.c.c.loggingfilter.LoggingFilter - Response: Status=400, URI=/api/getAllPerson, Duration (Response Time)=2ms, Headers=[Content-Type, Transfer-Encoding, Date, Connection], Payload = org.apache.catalina.connector.ResponseFacade@7f46178e
16:04:01.813 [http-nio-8080-exec-6] INFO  c.p.c.c.f.HeadersLoggingFilter - Header user-agent=0:0:0:0:0:0:0:1, IP = user-agent
16:04:01.813 [http-nio-8080-exec-6] INFO  c.p.c.c.f.HeadersLoggingFilter - Header accept=0:0:0:0:0:0:0:1, IP = accept
16:04:01.814 [http-nio-8080-exec-6] INFO  c.p.c.c.f.HeadersLoggingFilter - Header postman-token=0:0:0:0:0:0:0:1, IP = postman-token
16:04:01.814 [http-nio-8080-exec-6] INFO  c.p.c.c.f.HeadersLoggingFilter - Header host=0:0:0:0:0:0:0:1, IP = host
16:04:01.814 [http-nio-8080-exec-6] INFO  c.p.c.c.f.HeadersLoggingFilter - Header accept-encoding=0:0:0:0:0:0:0:1, IP = accept-encoding
16:04:01.814 [http-nio-8080-exec-6] INFO  c.p.c.c.f.HeadersLoggingFilter - Header connection=0:0:0:0:0:0:0:1, IP = connection
16:04:01.814 [http-nio-8080-exec-6] INFO  c.p.c.c.loggingfilter.LoggingFilter - Request: Method=GET, URI=/api/getAllPerson, Headers=user-agent=PostmanRuntime/7.43.3; accept=*/*; postman-token=9f9eb24d-59fb-416f-b548-79e355705fa1; host=localhost:8080; accept-encoding=gzip, deflate, br; connection=keep-alive; , Request ID: a5181639-472c-447e-a46f-9ce2da5f623b, Request IP  =0:0:0:0:0:0:0:1
16:04:01.817 [http-nio-8080-exec-6] INFO  c.p.c.c.loggingfilter.LoggingFilter - Response: Status=400, URI=/api/getAllPerson, Duration (Response Time)=3ms, Headers=[Content-Type, Transfer-Encoding, Date, Connection], Payload = org.apache.catalina.connector.ResponseFacade@2644398e
16:04:02.643 [http-nio-8080-exec-8] INFO  c.p.c.c.f.HeadersLoggingFilter - Header user-agent=0:0:0:0:0:0:0:1, IP = user-agent
16:04:02.644 [http-nio-8080-exec-8] INFO  c.p.c.c.f.HeadersLoggingFilter - Header accept=0:0:0:0:0:0:0:1, IP = accept
16:04:02.644 [http-nio-8080-exec-8] INFO  c.p.c.c.f.HeadersLoggingFilter - Header postman-token=0:0:0:0:0:0:0:1, IP = postman-token
16:04:02.644 [http-nio-8080-exec-8] INFO  c.p.c.c.f.HeadersLoggingFilter - Header host=0:0:0:0:0:0:0:1, IP = host
16:04:02.644 [http-nio-8080-exec-8] INFO  c.p.c.c.f.HeadersLoggingFilter - Header accept-encoding=0:0:0:0:0:0:0:1, IP = accept-encoding
16:04:02.644 [http-nio-8080-exec-8] INFO  c.p.c.c.f.HeadersLoggingFilter - Header connection=0:0:0:0:0:0:0:1, IP = connection
16:04:02.644 [http-nio-8080-exec-8] INFO  c.p.c.c.loggingfilter.LoggingFilter - Request: Method=GET, URI=/api/getAllPerson, Headers=user-agent=PostmanRuntime/7.43.3; accept=*/*; postman-token=4da9aa65-d1bf-4f99-b6a3-e7be5fbbfc89; host=localhost:8080; accept-encoding=gzip, deflate, br; connection=keep-alive; , Request ID: 8226cd70-1f92-4f8f-8803-d8a9a3661a6a, Request IP  =0:0:0:0:0:0:0:1
16:04:02.647 [http-nio-8080-exec-8] INFO  c.p.c.c.loggingfilter.LoggingFilter - Response: Status=400, URI=/api/getAllPerson, Duration (Response Time)=3ms, Headers=[Content-Type, Transfer-Encoding, Date, Connection], Payload = org.apache.catalina.connector.ResponseFacade@38b2125a
16:04:03.458 [http-nio-8080-exec-9] INFO  c.p.c.c.f.HeadersLoggingFilter - Header user-agent=0:0:0:0:0:0:0:1, IP = user-agent
16:04:03.458 [http-nio-8080-exec-9] INFO  c.p.c.c.f.HeadersLoggingFilter - Header accept=0:0:0:0:0:0:0:1, IP = accept
16:04:03.458 [http-nio-8080-exec-9] INFO  c.p.c.c.f.HeadersLoggingFilter - Header postman-token=0:0:0:0:0:0:0:1, IP = postman-token
16:04:03.458 [http-nio-8080-exec-9] INFO  c.p.c.c.f.HeadersLoggingFilter - Header host=0:0:0:0:0:0:0:1, IP = host
16:04:03.458 [http-nio-8080-exec-9] INFO  c.p.c.c.f.HeadersLoggingFilter - Header accept-encoding=0:0:0:0:0:0:0:1, IP = accept-encoding
16:04:03.458 [http-nio-8080-exec-9] INFO  c.p.c.c.f.HeadersLoggingFilter - Header connection=0:0:0:0:0:0:0:1, IP = connection
16:04:03.458 [http-nio-8080-exec-9] INFO  c.p.c.c.loggingfilter.LoggingFilter - Request: Method=GET, URI=/api/getAllPerson, Headers=user-agent=PostmanRuntime/7.43.3; accept=*/*; postman-token=4e99ee00-8ad2-425b-a8ec-2271eb26468c; host=localhost:8080; accept-encoding=gzip, deflate, br; connection=keep-alive; , Request ID: 14ba85dd-e063-4f4d-ba40-d7b098585513, Request IP  =0:0:0:0:0:0:0:1
16:04:03.460 [http-nio-8080-exec-9] INFO  c.p.c.c.loggingfilter.LoggingFilter - Response: Status=400, URI=/api/getAllPerson, Duration (Response Time)=2ms, Headers=[Content-Type, Transfer-Encoding, Date, Connection], Payload = org.apache.catalina.connector.ResponseFacade@4e8d770a
16:04:04.081 [http-nio-8080-exec-1] INFO  c.p.c.c.f.HeadersLoggingFilter - Header user-agent=0:0:0:0:0:0:0:1, IP = user-agent
16:04:04.081 [http-nio-8080-exec-1] INFO  c.p.c.c.f.HeadersLoggingFilter - Header accept=0:0:0:0:0:0:0:1, IP = accept
16:04:04.081 [http-nio-8080-exec-1] INFO  c.p.c.c.f.HeadersLoggingFilter - Header postman-token=0:0:0:0:0:0:0:1, IP = postman-token
16:04:04.081 [http-nio-8080-exec-1] INFO  c.p.c.c.f.HeadersLoggingFilter - Header host=0:0:0:0:0:0:0:1, IP = host
16:04:04.081 [http-nio-8080-exec-1] INFO  c.p.c.c.f.HeadersLoggingFilter - Header accept-encoding=0:0:0:0:0:0:0:1, IP = accept-encoding
16:04:04.081 [http-nio-8080-exec-1] INFO  c.p.c.c.f.HeadersLoggingFilter - Header connection=0:0:0:0:0:0:0:1, IP = connection
16:04:04.082 [http-nio-8080-exec-1] INFO  c.p.c.c.loggingfilter.LoggingFilter - Request: Method=GET, URI=/api/getAllPerson, Headers=user-agent=PostmanRuntime/7.43.3; accept=*/*; postman-token=7fea7005-44c0-42da-a2fe-41589011a69f; host=localhost:8080; accept-encoding=gzip, deflate, br; connection=keep-alive; , Request ID: ded43c51-7914-4348-94e2-cf36f738afa4, Request IP  =0:0:0:0:0:0:0:1
16:04:04.084 [http-nio-8080-exec-1] INFO  c.p.c.c.loggingfilter.LoggingFilter - Response: Status=400, URI=/api/getAllPerson, Duration (Response Time)=2ms, Headers=[Content-Type, Transfer-Encoding, Date, Connection], Payload = org.apache.catalina.connector.ResponseFacade@1d923b06
16:04:04.581 [http-nio-8080-exec-4] INFO  c.p.c.c.f.HeadersLoggingFilter - Header user-agent=0:0:0:0:0:0:0:1, IP = user-agent
16:04:04.581 [http-nio-8080-exec-4] INFO  c.p.c.c.f.HeadersLoggingFilter - Header accept=0:0:0:0:0:0:0:1, IP = accept
16:04:04.581 [http-nio-8080-exec-4] INFO  c.p.c.c.f.HeadersLoggingFilter - Header postman-token=0:0:0:0:0:0:0:1, IP = postman-token
16:04:04.581 [http-nio-8080-exec-4] INFO  c.p.c.c.f.HeadersLoggingFilter - Header host=0:0:0:0:0:0:0:1, IP = host
16:04:04.581 [http-nio-8080-exec-4] INFO  c.p.c.c.f.HeadersLoggingFilter - Header accept-encoding=0:0:0:0:0:0:0:1, IP = accept-encoding
16:04:04.581 [http-nio-8080-exec-4] INFO  c.p.c.c.f.HeadersLoggingFilter - Header connection=0:0:0:0:0:0:0:1, IP = connection
16:04:04.582 [http-nio-8080-exec-4] INFO  c.p.c.c.loggingfilter.LoggingFilter - Request: Method=GET, URI=/api/getAllPerson, Headers=user-agent=PostmanRuntime/7.43.3; accept=*/*; postman-token=7988be1c-20ac-420e-85ac-1f55bb5917df; host=localhost:8080; accept-encoding=gzip, deflate, br; connection=keep-alive; , Request ID: cbde0d00-96bf-457b-97ec-f1bb060fef6f, Request IP  =0:0:0:0:0:0:0:1
16:04:04.584 [http-nio-8080-exec-4] INFO  c.p.c.c.loggingfilter.LoggingFilter - Response: Status=400, URI=/api/getAllPerson, Duration (Response Time)=2ms, Headers=[Content-Type, Transfer-Encoding, Date, Connection], Payload = org.apache.catalina.connector.ResponseFacade@2eed8367
16:04:10.525 [hz.ShutdownThread] INFO  com.hazelcast.instance.impl.Node - [10.251.34.15]:5701 [dev] [4.1] Running shutdown hook... Current state: ACTIVE
16:04:10.757 [SpringApplicationShutdownHook] INFO  o.s.o.j.LocalContainerEntityManagerFactoryBean - Closing JPA EntityManagerFactory for persistence unit 'default'
16:04:10.760 [SpringApplicationShutdownHook] INFO  com.zaxxer.hikari.HikariDataSource - HikariPool-1 - Shutdown initiated...
16:04:10.765 [SpringApplicationShutdownHook] INFO  com.zaxxer.hikari.HikariDataSource - HikariPool-1 - Shutdown completed.
16:04:15.351 [background-preinit] INFO  o.h.validator.internal.util.Version - HV000001: Hibernate Validator 8.0.1.Final
16:04:15.403 [main] INFO  c.p.c.ContactsdemoApplication - Starting ContactsdemoApplication using Java 17.0.12 with PID 26708 (C:\Ayse Ceren - crud projects\contactsdemo\build\classes\java\main started by 16381136672 in C:\Ayse Ceren - crud projects\contactsdemo)
16:04:15.404 [main] INFO  c.p.c.ContactsdemoApplication - No active profile set, falling back to 1 default profile: "default"
16:04:16.914 [main] INFO  o.s.d.r.c.RepositoryConfigurationDelegate - Bootstrapping Spring Data JPA repositories in DEFAULT mode.
16:04:17.004 [main] INFO  o.s.d.r.c.RepositoryConfigurationDelegate - Finished Spring Data repository scanning in 81 ms. Found 2 JPA repository interfaces.
16:04:18.151 [main] INFO  o.s.b.w.e.tomcat.TomcatWebServer - Tomcat initialized with port 8080 (http)
16:04:18.163 [main] INFO  o.a.coyote.http11.Http11NioProtocol - Initializing ProtocolHandler ["http-nio-8080"]
16:04:18.164 [main] INFO  o.a.catalina.core.StandardService - Starting service [Tomcat]
16:04:18.165 [main] INFO  o.a.catalina.core.StandardEngine - Starting Servlet engine: [Apache Tomcat/10.1.25]
16:04:18.256 [main] INFO  o.a.c.c.C.[Tomcat].[localhost].[/] - Initializing Spring embedded WebApplicationContext
16:04:18.257 [main] INFO  o.s.b.w.s.c.ServletWebServerApplicationContext - Root WebApplicationContext: initialization completed in 2797 ms
16:04:18.645 [main] INFO  com.zaxxer.hikari.HikariDataSource - HikariPool-1 - Starting...
16:04:18.799 [main] INFO  com.zaxxer.hikari.pool.HikariPool - HikariPool-1 - Added connection org.postgresql.jdbc.PgConnection@49a06087
16:04:18.801 [main] INFO  com.zaxxer.hikari.HikariDataSource - HikariPool-1 - Start completed.
16:04:19.454 [main] INFO  liquibase.changelog - Reading from public.databasechangelog
16:04:19.524 [main] INFO  liquibase.changelog - Reading from public.databasechangelog
16:04:19.533 [main] INFO  liquibase.util - UPDATE SUMMARY
16:04:19.534 [main] INFO  liquibase.util - Run:                          0
16:04:19.534 [main] INFO  liquibase.util - Previously run:               2
16:04:19.534 [main] INFO  liquibase.util - Filtered out:                 0
16:04:19.534 [main] INFO  liquibase.util - -------------------------------
16:04:19.534 [main] INFO  liquibase.util - Total change sets:            2
16:04:19.534 [main] INFO  liquibase.util - Update summary generated
16:04:19.560 [main] INFO  liquibase.lockservice - Successfully released change log lock
16:04:19.563 [main] INFO  liquibase.command - Command execution complete
16:04:19.682 [main] INFO  o.h.jpa.internal.util.LogHelper - HHH000204: Processing PersistenceUnitInfo [name: default]
16:04:19.741 [main] INFO  org.hibernate.Version - HHH000412: Hibernate ORM core version 6.4.9.Final
16:04:19.776 [main] INFO  o.h.c.i.RegionFactoryInitiator - HHH000026: Second-level cache disabled
16:04:20.018 [main] INFO  o.s.o.j.p.SpringPersistenceUnitInfo - No LoadTimeWeaver setup: ignoring JPA class transformer
16:04:20.066 [main] WARN  org.hibernate.orm.deprecation - HHH90000025: PostgreSQLDialect does not need to be specified explicitly using 'hibernate.dialect' (remove the property setting and it will be selected by default)
16:04:21.192 [main] INFO  o.s.o.j.LocalContainerEntityManagerFactoryBean - Initialized JPA EntityManagerFactory for persistence unit 'default'
16:04:21.523 [main] INFO  o.s.d.j.r.query.QueryEnhancerFactory - Hibernate is in classpath; If applicable, HQL parser will be used.
16:04:22.064 [main] WARN  c.h.i.impl.HazelcastInstanceFactory - Hazelcast is starting in a Java modular environment (Java 9 and newer) but without proper access to required Java packages. Use additional Java arguments to provide Hazelcast access to Java internal API. The internal API access is used to get the best performance results. Arguments to be used:
 --add-modules java.se --add-exports java.base/jdk.internal.ref=ALL-UNNAMED --add-opens java.base/java.lang=ALL-UNNAMED --add-opens java.base/java.nio=ALL-UNNAMED --add-opens java.base/sun.nio.ch=ALL-UNNAMED --add-opens java.management/sun.management=ALL-UNNAMED --add-opens jdk.management/com.sun.management.internal=ALL-UNNAMED
16:04:22.068 [main] INFO  c.h.i.config.AbstractConfigLocator - Loading 'hazelcast-default.xml' from the classpath.
16:04:22.337 [main] INFO  c.hazelcast.instance.AddressPicker - [LOCAL] [dev] [4.1] Prefer IPv4 stack is true, prefer IPv6 addresses is false
16:04:22.368 [main] INFO  c.hazelcast.instance.AddressPicker - [LOCAL] [dev] [4.1] Picked [10.251.34.15]:5701, using socket ServerSocket[addr=/0:0:0:0:0:0:0:0,localport=5701], bind any local is true
16:04:22.386 [main] INFO  com.hazelcast.system - [10.251.34.15]:5701 [dev] [4.1] Hazelcast 4.0.1 (20200409 - e086b9c) starting at [10.251.34.15]:5701
16:04:22.387 [main] INFO  com.hazelcast.system - [10.251.34.15]:5701 [dev] [4.1] Copyright (c) 2008-2020, Hazelcast, Inc. All Rights Reserved.
16:04:22.553 [main] INFO  c.h.s.i.o.impl.BackpressureRegulator - [10.251.34.15]:5701 [dev] [4.1] Backpressure is disabled
16:04:22.803 [main] INFO  com.hazelcast.instance.impl.Node - [10.251.34.15]:5701 [dev] [4.1] Creating MulticastJoiner
16:04:22.807 [main] WARN  com.hazelcast.cp.CPSubsystem - [10.251.34.15]:5701 [dev] [4.1] CP Subsystem is not enabled. CP data structures will operate in UNSAFE mode! Please note that UNSAFE mode will not provide strong consistency guarantees.
16:04:23.022 [main] INFO  c.h.s.i.o.impl.OperationExecutorImpl - [10.251.34.15]:5701 [dev] [4.1] Starting 16 partition threads and 9 generic threads (1 dedicated for priority tasks)
16:04:23.037 [main] INFO  c.h.internal.diagnostics.Diagnostics - [10.251.34.15]:5701 [dev] [4.1] Diagnostics disabled. To enable add -Dhazelcast.diagnostics.enabled=true to the JVM arguments.
16:04:23.042 [main] INFO  com.hazelcast.core.LifecycleService - [10.251.34.15]:5701 [dev] [4.1] [10.251.34.15]:5701 is STARTING
16:04:25.693 [main] INFO  c.h.internal.cluster.ClusterService - [10.251.34.15]:5701 [dev] [4.1] 

Members {size:1, ver:1} [
	Member [10.251.34.15]:5701 - 84d363a4-5811-497d-8db8-424faf2f084b this
]

16:04:25.708 [main] INFO  com.hazelcast.core.LifecycleService - [10.251.34.15]:5701 [dev] [4.1] [10.251.34.15]:5701 is STARTED
16:04:26.098 [main] INFO  c.h.c.i.spi.ClientInvocationService - training-instance [dev] [4.1] [4.0.1] Running with 2 response threads, dynamic=true
16:04:26.130 [main] INFO  com.hazelcast.core.LifecycleService - training-instance [dev] [4.1] [4.0.1] HazelcastClient 4.0.1 (20200409 - e086b9c) is STARTING
16:04:26.132 [main] INFO  com.hazelcast.core.LifecycleService - training-instance [dev] [4.1] [4.0.1] HazelcastClient 4.0.1 (20200409 - e086b9c) is STARTED
16:04:26.158 [main] INFO  c.h.c.i.c.ClientConnectionManager - training-instance [dev] [4.1] [4.0.1] Trying to connect to cluster: dev
16:04:26.160 [main] INFO  c.h.c.i.c.ClientConnectionManager - training-instance [dev] [4.1] [4.0.1] Trying to connect to [127.0.0.1]:5701
16:04:26.183 [hz.mystifying_cocks.priority-generic-operation.thread-0] INFO  c.h.c.i.p.t.AuthenticationMessageTask - [10.251.34.15]:5701 [dev] [4.1] Received auth from Connection[id=1, /127.0.0.1:5701->/127.0.0.1:64577, qualifier=null, endpoint=[127.0.0.1]:64577, alive=true, connectionType=JVM], successfully authenticated, clientUuid: 1b4ade53-272c-4a2a-8720-ddf6caa34d96, client version: 4.0.1
16:04:26.186 [main] INFO  com.hazelcast.core.LifecycleService - training-instance [dev] [4.1] [4.0.1] HazelcastClient 4.0.1 (20200409 - e086b9c) is CLIENT_CONNECTED
16:04:26.187 [main] INFO  c.h.c.i.c.ClientConnectionManager - training-instance [dev] [4.1] [4.0.1] Authenticated with server [10.251.34.15]:5701:84d363a4-5811-497d-8db8-424faf2f084b, server version: 4.0.1, local address: /127.0.0.1:64577
16:04:26.190 [main] INFO  c.h.internal.diagnostics.Diagnostics - training-instance [dev] [4.1] [4.0.1] Diagnostics disabled. To enable add -Dhazelcast.diagnostics.enabled=true to the JVM arguments.
16:04:26.195 [training-instance.event-7] INFO  c.h.c.impl.spi.ClientClusterService - training-instance [dev] [4.1] [4.0.1] 

Members [1] {
	Member [10.251.34.15]:5701 - 84d363a4-5811-497d-8db8-424faf2f084b
}

16:04:26.224 [main] INFO  c.h.c.i.s.ClientStatisticsService - Client statistics is enabled with period 5 seconds.
16:04:26.452 [main] WARN  o.s.b.a.o.j.JpaBaseConfiguration$JpaWebConfiguration - spring.jpa.open-in-view is enabled by default. Therefore, database queries may be performed during view rendering. Explicitly configure spring.jpa.open-in-view to disable this warning
16:04:28.063 [main] INFO  o.s.b.a.e.web.EndpointLinksResolver - Exposing 1 endpoint(s) beneath base path '/actuator'
16:04:28.136 [main] INFO  o.a.coyote.http11.Http11NioProtocol - Starting ProtocolHandler ["http-nio-8080"]
16:04:28.163 [main] INFO  o.s.b.w.e.tomcat.TomcatWebServer - Tomcat started on port 8080 (http) with context path ''
16:04:28.180 [main] INFO  c.p.c.ContactsdemoApplication - Started ContactsdemoApplication in 13.321 seconds (process running for 14.516)
16:04:28.713 [RMI TCP Connection(3)-10.251.34.15] INFO  o.a.c.c.C.[Tomcat].[localhost].[/] - Initializing Spring DispatcherServlet 'dispatcherServlet'
16:04:28.713 [RMI TCP Connection(3)-10.251.34.15] INFO  o.s.web.servlet.DispatcherServlet - Initializing Servlet 'dispatcherServlet'
16:04:28.716 [RMI TCP Connection(3)-10.251.34.15] INFO  o.s.web.servlet.DispatcherServlet - Completed initialization in 3 ms
16:05:50.754 [http-nio-8080-exec-2] INFO  c.p.c.c.f.HeadersLoggingFilter - Header user-agent=0:0:0:0:0:0:0:1, IP = user-agent
16:05:50.754 [http-nio-8080-exec-2] INFO  c.p.c.c.f.HeadersLoggingFilter - Header accept=0:0:0:0:0:0:0:1, IP = accept
16:05:50.754 [http-nio-8080-exec-2] INFO  c.p.c.c.f.HeadersLoggingFilter - Header postman-token=0:0:0:0:0:0:0:1, IP = postman-token
16:05:50.754 [http-nio-8080-exec-2] INFO  c.p.c.c.f.HeadersLoggingFilter - Header host=0:0:0:0:0:0:0:1, IP = host
16:05:50.754 [http-nio-8080-exec-2] INFO  c.p.c.c.f.HeadersLoggingFilter - Header accept-encoding=0:0:0:0:0:0:0:1, IP = accept-encoding
16:05:50.754 [http-nio-8080-exec-2] INFO  c.p.c.c.f.HeadersLoggingFilter - Header connection=0:0:0:0:0:0:0:1, IP = connection
16:05:50.755 [http-nio-8080-exec-2] INFO  c.p.c.c.loggingfilter.LoggingFilter - Request: Method=GET, URI=/api/getAllPerson, Headers=user-agent=PostmanRuntime/7.43.3; accept=*/*; postman-token=6ad2afae-7915-4e4f-8dc0-31fc512cb538; host=localhost:8080; accept-encoding=gzip, deflate, br; connection=keep-alive; , Request ID: 0af96b0a-6638-49e9-ac51-a7fe7a66b479, Request IP  =0:0:0:0:0:0:0:1
16:05:50.830 [http-nio-8080-exec-2] INFO  c.p.c.c.loggingfilter.LoggingFilter - Response: Status=400, URI=/api/getAllPerson, Duration (Response Time)=75ms, Headers=[Content-Type, Transfer-Encoding, Date, Connection], Payload = org.apache.catalina.connector.ResponseFacade@21ff8fb8
16:05:51.868 [http-nio-8080-exec-4] INFO  c.p.c.c.f.HeadersLoggingFilter - Header user-agent=0:0:0:0:0:0:0:1, IP = user-agent
16:05:51.869 [http-nio-8080-exec-4] INFO  c.p.c.c.f.HeadersLoggingFilter - Header accept=0:0:0:0:0:0:0:1, IP = accept
16:05:51.869 [http-nio-8080-exec-4] INFO  c.p.c.c.f.HeadersLoggingFilter - Header postman-token=0:0:0:0:0:0:0:1, IP = postman-token
16:05:51.869 [http-nio-8080-exec-4] INFO  c.p.c.c.f.HeadersLoggingFilter - Header host=0:0:0:0:0:0:0:1, IP = host
16:05:51.869 [http-nio-8080-exec-4] INFO  c.p.c.c.f.HeadersLoggingFilter - Header accept-encoding=0:0:0:0:0:0:0:1, IP = accept-encoding
16:05:51.869 [http-nio-8080-exec-4] INFO  c.p.c.c.f.HeadersLoggingFilter - Header connection=0:0:0:0:0:0:0:1, IP = connection
16:05:51.869 [http-nio-8080-exec-4] INFO  c.p.c.c.loggingfilter.LoggingFilter - Request: Method=GET, URI=/api/getAllPerson, Headers=user-agent=PostmanRuntime/7.43.3; accept=*/*; postman-token=8ad845b6-17d7-4f03-8ea3-768a7aa22dc9; host=localhost:8080; accept-encoding=gzip, deflate, br; connection=keep-alive; , Request ID: 2afea82e-ce81-4579-894d-7694d5e68a9e, Request IP  =0:0:0:0:0:0:0:1
16:05:51.875 [http-nio-8080-exec-4] INFO  c.p.c.c.loggingfilter.LoggingFilter - Response: Status=400, URI=/api/getAllPerson, Duration (Response Time)=6ms, Headers=[Content-Type, Transfer-Encoding, Date, Connection], Payload = org.apache.catalina.connector.ResponseFacade@3e464fd0
16:05:52.885 [http-nio-8080-exec-6] INFO  c.p.c.c.f.HeadersLoggingFilter - Header user-agent=0:0:0:0:0:0:0:1, IP = user-agent
16:05:52.886 [http-nio-8080-exec-6] INFO  c.p.c.c.f.HeadersLoggingFilter - Header accept=0:0:0:0:0:0:0:1, IP = accept
16:05:52.886 [http-nio-8080-exec-6] INFO  c.p.c.c.f.HeadersLoggingFilter - Header postman-token=0:0:0:0:0:0:0:1, IP = postman-token
16:05:52.886 [http-nio-8080-exec-6] INFO  c.p.c.c.f.HeadersLoggingFilter - Header host=0:0:0:0:0:0:0:1, IP = host
16:05:52.886 [http-nio-8080-exec-6] INFO  c.p.c.c.f.HeadersLoggingFilter - Header accept-encoding=0:0:0:0:0:0:0:1, IP = accept-encoding
16:05:52.886 [http-nio-8080-exec-6] INFO  c.p.c.c.f.HeadersLoggingFilter - Header connection=0:0:0:0:0:0:0:1, IP = connection
16:05:52.886 [http-nio-8080-exec-6] INFO  c.p.c.c.loggingfilter.LoggingFilter - Request: Method=GET, URI=/api/getAllPerson, Headers=user-agent=PostmanRuntime/7.43.3; accept=*/*; postman-token=1e32a95a-cfa3-4a68-b6f2-1dd2caac88fe; host=localhost:8080; accept-encoding=gzip, deflate, br; connection=keep-alive; , Request ID: ea38c6e0-feee-4413-a18e-30eefc35f4f9, Request IP  =0:0:0:0:0:0:0:1
16:05:52.891 [http-nio-8080-exec-6] INFO  c.p.c.c.loggingfilter.LoggingFilter - Response: Status=400, URI=/api/getAllPerson, Duration (Response Time)=5ms, Headers=[Content-Type, Transfer-Encoding, Date, Connection], Payload = org.apache.catalina.connector.ResponseFacade@401ea0d2
16:05:53.807 [http-nio-8080-exec-8] INFO  c.p.c.c.f.HeadersLoggingFilter - Header user-agent=0:0:0:0:0:0:0:1, IP = user-agent
16:05:53.807 [http-nio-8080-exec-8] INFO  c.p.c.c.f.HeadersLoggingFilter - Header accept=0:0:0:0:0:0:0:1, IP = accept
16:05:53.808 [http-nio-8080-exec-8] INFO  c.p.c.c.f.HeadersLoggingFilter - Header postman-token=0:0:0:0:0:0:0:1, IP = postman-token
16:05:53.808 [http-nio-8080-exec-8] INFO  c.p.c.c.f.HeadersLoggingFilter - Header host=0:0:0:0:0:0:0:1, IP = host
16:05:53.808 [http-nio-8080-exec-8] INFO  c.p.c.c.f.HeadersLoggingFilter - Header accept-encoding=0:0:0:0:0:0:0:1, IP = accept-encoding
16:05:53.808 [http-nio-8080-exec-8] INFO  c.p.c.c.f.HeadersLoggingFilter - Header connection=0:0:0:0:0:0:0:1, IP = connection
16:05:53.808 [http-nio-8080-exec-8] INFO  c.p.c.c.loggingfilter.LoggingFilter - Request: Method=GET, URI=/api/getAllPerson, Headers=user-agent=PostmanRuntime/7.43.3; accept=*/*; postman-token=708348b6-12e9-489f-befe-1b3ba767a977; host=localhost:8080; accept-encoding=gzip, deflate, br; connection=keep-alive; , Request ID: b9d03d94-2b31-4442-a8fb-e123b4a3afb3, Request IP  =0:0:0:0:0:0:0:1
16:05:53.814 [http-nio-8080-exec-8] INFO  c.p.c.c.loggingfilter.LoggingFilter - Response: Status=400, URI=/api/getAllPerson, Duration (Response Time)=6ms, Headers=[Content-Type, Transfer-Encoding, Date, Connection], Payload = org.apache.catalina.connector.ResponseFacade@1862620b
16:05:54.713 [http-nio-8080-exec-10] INFO  c.p.c.c.f.HeadersLoggingFilter - Header user-agent=0:0:0:0:0:0:0:1, IP = user-agent
16:05:54.714 [http-nio-8080-exec-10] INFO  c.p.c.c.f.HeadersLoggingFilter - Header accept=0:0:0:0:0:0:0:1, IP = accept
16:05:54.714 [http-nio-8080-exec-10] INFO  c.p.c.c.f.HeadersLoggingFilter - Header postman-token=0:0:0:0:0:0:0:1, IP = postman-token
16:05:54.714 [http-nio-8080-exec-10] INFO  c.p.c.c.f.HeadersLoggingFilter - Header host=0:0:0:0:0:0:0:1, IP = host
16:05:54.714 [http-nio-8080-exec-10] INFO  c.p.c.c.f.HeadersLoggingFilter - Header accept-encoding=0:0:0:0:0:0:0:1, IP = accept-encoding
16:05:54.714 [http-nio-8080-exec-10] INFO  c.p.c.c.f.HeadersLoggingFilter - Header connection=0:0:0:0:0:0:0:1, IP = connection
16:05:54.714 [http-nio-8080-exec-10] INFO  c.p.c.c.loggingfilter.LoggingFilter - Request: Method=GET, URI=/api/getAllPerson, Headers=user-agent=PostmanRuntime/7.43.3; accept=*/*; postman-token=136a065f-fdea-4afa-bddf-95993d8fb328; host=localhost:8080; accept-encoding=gzip, deflate, br; connection=keep-alive; , Request ID: 3a1b8837-87a3-416d-bf02-427d1753d1e4, Request IP  =0:0:0:0:0:0:0:1
16:05:54.720 [http-nio-8080-exec-10] INFO  c.p.c.c.loggingfilter.LoggingFilter - Response: Status=400, URI=/api/getAllPerson, Duration (Response Time)=6ms, Headers=[Content-Type, Transfer-Encoding, Date, Connection], Payload = org.apache.catalina.connector.ResponseFacade@f4c0396
16:05:55.564 [http-nio-8080-exec-1] INFO  c.p.c.c.f.HeadersLoggingFilter - Header user-agent=0:0:0:0:0:0:0:1, IP = user-agent
16:05:55.564 [http-nio-8080-exec-1] INFO  c.p.c.c.f.HeadersLoggingFilter - Header accept=0:0:0:0:0:0:0:1, IP = accept
16:05:55.564 [http-nio-8080-exec-1] INFO  c.p.c.c.f.HeadersLoggingFilter - Header postman-token=0:0:0:0:0:0:0:1, IP = postman-token
16:05:55.564 [http-nio-8080-exec-1] INFO  c.p.c.c.f.HeadersLoggingFilter - Header host=0:0:0:0:0:0:0:1, IP = host
16:05:55.564 [http-nio-8080-exec-1] INFO  c.p.c.c.f.HeadersLoggingFilter - Header accept-encoding=0:0:0:0:0:0:0:1, IP = accept-encoding
16:05:55.565 [http-nio-8080-exec-1] INFO  c.p.c.c.f.HeadersLoggingFilter - Header connection=0:0:0:0:0:0:0:1, IP = connection
16:05:55.565 [http-nio-8080-exec-1] INFO  c.p.c.c.loggingfilter.LoggingFilter - Request: Method=GET, URI=/api/getAllPerson, Headers=user-agent=PostmanRuntime/7.43.3; accept=*/*; postman-token=7dc7ad8b-551d-4be6-acbc-668c16394c07; host=localhost:8080; accept-encoding=gzip, deflate, br; connection=keep-alive; , Request ID: 3c167d7c-d9d7-46ce-99ea-b173c194727a, Request IP  =0:0:0:0:0:0:0:1
16:05:55.570 [http-nio-8080-exec-1] INFO  c.p.c.c.loggingfilter.LoggingFilter - Response: Status=400, URI=/api/getAllPerson, Duration (Response Time)=5ms, Headers=[Content-Type, Transfer-Encoding, Date, Connection], Payload = org.apache.catalina.connector.ResponseFacade@279cb49f
16:05:56.419 [http-nio-8080-exec-4] INFO  c.p.c.c.f.HeadersLoggingFilter - Header user-agent=0:0:0:0:0:0:0:1, IP = user-agent
16:05:56.419 [http-nio-8080-exec-4] INFO  c.p.c.c.f.HeadersLoggingFilter - Header accept=0:0:0:0:0:0:0:1, IP = accept
16:05:56.419 [http-nio-8080-exec-4] INFO  c.p.c.c.f.HeadersLoggingFilter - Header postman-token=0:0:0:0:0:0:0:1, IP = postman-token
16:05:56.419 [http-nio-8080-exec-4] INFO  c.p.c.c.f.HeadersLoggingFilter - Header host=0:0:0:0:0:0:0:1, IP = host
16:05:56.419 [http-nio-8080-exec-4] INFO  c.p.c.c.f.HeadersLoggingFilter - Header accept-encoding=0:0:0:0:0:0:0:1, IP = accept-encoding
16:05:56.419 [http-nio-8080-exec-4] INFO  c.p.c.c.f.HeadersLoggingFilter - Header connection=0:0:0:0:0:0:0:1, IP = connection
16:05:56.421 [http-nio-8080-exec-4] INFO  c.p.c.c.loggingfilter.LoggingFilter - Request: Method=GET, URI=/api/getAllPerson, Headers=user-agent=PostmanRuntime/7.43.3; accept=*/*; postman-token=73f94aaf-d99d-4acb-a382-69ccd9fc4742; host=localhost:8080; accept-encoding=gzip, deflate, br; connection=keep-alive; , Request ID: dbec2da4-b9b6-48a0-8d95-811ff08c66ae, Request IP  =0:0:0:0:0:0:0:1
16:05:56.426 [http-nio-8080-exec-4] INFO  c.p.c.c.loggingfilter.LoggingFilter - Response: Status=400, URI=/api/getAllPerson, Duration (Response Time)=5ms, Headers=[Content-Type, Transfer-Encoding, Date, Connection], Payload = org.apache.catalina.connector.ResponseFacade@f3250df
16:05:57.340 [http-nio-8080-exec-6] INFO  c.p.c.c.f.HeadersLoggingFilter - Header user-agent=0:0:0:0:0:0:0:1, IP = user-agent
16:05:57.341 [http-nio-8080-exec-6] INFO  c.p.c.c.f.HeadersLoggingFilter - Header accept=0:0:0:0:0:0:0:1, IP = accept
16:05:57.341 [http-nio-8080-exec-6] INFO  c.p.c.c.f.HeadersLoggingFilter - Header postman-token=0:0:0:0:0:0:0:1, IP = postman-token
16:05:57.341 [http-nio-8080-exec-6] INFO  c.p.c.c.f.HeadersLoggingFilter - Header host=0:0:0:0:0:0:0:1, IP = host
16:05:57.341 [http-nio-8080-exec-6] INFO  c.p.c.c.f.HeadersLoggingFilter - Header accept-encoding=0:0:0:0:0:0:0:1, IP = accept-encoding
16:05:57.342 [http-nio-8080-exec-6] INFO  c.p.c.c.f.HeadersLoggingFilter - Header connection=0:0:0:0:0:0:0:1, IP = connection
16:05:57.342 [http-nio-8080-exec-6] INFO  c.p.c.c.loggingfilter.LoggingFilter - Request: Method=GET, URI=/api/getAllPerson, Headers=user-agent=PostmanRuntime/7.43.3; accept=*/*; postman-token=af321324-ba5e-439d-8a3b-1e87f87c8963; host=localhost:8080; accept-encoding=gzip, deflate, br; connection=keep-alive; , Request ID: 5383a643-fc24-4448-9ee2-a4f09a0af7a0, Request IP  =0:0:0:0:0:0:0:1
16:05:57.348 [http-nio-8080-exec-6] INFO  c.p.c.c.loggingfilter.LoggingFilter - Response: Status=400, URI=/api/getAllPerson, Duration (Response Time)=6ms, Headers=[Content-Type, Transfer-Encoding, Date, Connection], Payload = org.apache.catalina.connector.ResponseFacade@679bd721
16:05:58.293 [http-nio-8080-exec-8] INFO  c.p.c.c.f.HeadersLoggingFilter - Header user-agent=0:0:0:0:0:0:0:1, IP = user-agent
16:05:58.293 [http-nio-8080-exec-8] INFO  c.p.c.c.f.HeadersLoggingFilter - Header accept=0:0:0:0:0:0:0:1, IP = accept
16:05:58.293 [http-nio-8080-exec-8] INFO  c.p.c.c.f.HeadersLoggingFilter - Header postman-token=0:0:0:0:0:0:0:1, IP = postman-token
16:05:58.293 [http-nio-8080-exec-8] INFO  c.p.c.c.f.HeadersLoggingFilter - Header host=0:0:0:0:0:0:0:1, IP = host
16:05:58.294 [http-nio-8080-exec-8] INFO  c.p.c.c.f.HeadersLoggingFilter - Header accept-encoding=0:0:0:0:0:0:0:1, IP = accept-encoding
16:05:58.294 [http-nio-8080-exec-8] INFO  c.p.c.c.f.HeadersLoggingFilter - Header connection=0:0:0:0:0:0:0:1, IP = connection
16:05:58.294 [http-nio-8080-exec-8] INFO  c.p.c.c.loggingfilter.LoggingFilter - Request: Method=GET, URI=/api/getAllPerson, Headers=user-agent=PostmanRuntime/7.43.3; accept=*/*; postman-token=86d0dce8-8ae9-4fcf-8d61-cf0e1f8262ef; host=localhost:8080; accept-encoding=gzip, deflate, br; connection=keep-alive; , Request ID: 37b7ac73-1a0d-4ea6-95ec-0926eb586096, Request IP  =0:0:0:0:0:0:0:1
16:05:58.299 [http-nio-8080-exec-8] INFO  c.p.c.c.loggingfilter.LoggingFilter - Response: Status=400, URI=/api/getAllPerson, Duration (Response Time)=5ms, Headers=[Content-Type, Transfer-Encoding, Date, Connection], Payload = org.apache.catalina.connector.ResponseFacade@56c6a164
16:05:59.122 [http-nio-8080-exec-10] INFO  c.p.c.c.f.HeadersLoggingFilter - Header user-agent=0:0:0:0:0:0:0:1, IP = user-agent
16:05:59.123 [http-nio-8080-exec-10] INFO  c.p.c.c.f.HeadersLoggingFilter - Header accept=0:0:0:0:0:0:0:1, IP = accept
16:05:59.123 [http-nio-8080-exec-10] INFO  c.p.c.c.f.HeadersLoggingFilter - Header postman-token=0:0:0:0:0:0:0:1, IP = postman-token
16:05:59.123 [http-nio-8080-exec-10] INFO  c.p.c.c.f.HeadersLoggingFilter - Header host=0:0:0:0:0:0:0:1, IP = host
16:05:59.123 [http-nio-8080-exec-10] INFO  c.p.c.c.f.HeadersLoggingFilter - Header accept-encoding=0:0:0:0:0:0:0:1, IP = accept-encoding
16:05:59.123 [http-nio-8080-exec-10] INFO  c.p.c.c.f.HeadersLoggingFilter - Header connection=0:0:0:0:0:0:0:1, IP = connection
16:05:59.123 [http-nio-8080-exec-10] INFO  c.p.c.c.loggingfilter.LoggingFilter - Request: Method=GET, URI=/api/getAllPerson, Headers=user-agent=PostmanRuntime/7.43.3; accept=*/*; postman-token=df9a3ad8-2b97-45c3-9953-1233ab425f09; host=localhost:8080; accept-encoding=gzip, deflate, br; connection=keep-alive; , Request ID: 3a2892d3-2631-4541-b74b-9dbd274e29a4, Request IP  =0:0:0:0:0:0:0:1
16:05:59.129 [http-nio-8080-exec-10] INFO  c.p.c.c.loggingfilter.LoggingFilter - Response: Status=400, URI=/api/getAllPerson, Duration (Response Time)=6ms, Headers=[Content-Type, Transfer-Encoding, Date, Connection], Payload = org.apache.catalina.connector.ResponseFacade@1f1a7aa6
16:05:59.808 [http-nio-8080-exec-2] INFO  c.p.c.c.f.HeadersLoggingFilter - Header user-agent=0:0:0:0:0:0:0:1, IP = user-agent
16:05:59.809 [http-nio-8080-exec-2] INFO  c.p.c.c.f.HeadersLoggingFilter - Header accept=0:0:0:0:0:0:0:1, IP = accept
16:05:59.809 [http-nio-8080-exec-2] INFO  c.p.c.c.f.HeadersLoggingFilter - Header postman-token=0:0:0:0:0:0:0:1, IP = postman-token
16:05:59.809 [http-nio-8080-exec-2] INFO  c.p.c.c.f.HeadersLoggingFilter - Header host=0:0:0:0:0:0:0:1, IP = host
16:05:59.809 [http-nio-8080-exec-2] INFO  c.p.c.c.f.HeadersLoggingFilter - Header accept-encoding=0:0:0:0:0:0:0:1, IP = accept-encoding
16:05:59.809 [http-nio-8080-exec-2] INFO  c.p.c.c.f.HeadersLoggingFilter - Header connection=0:0:0:0:0:0:0:1, IP = connection
16:05:59.809 [http-nio-8080-exec-2] INFO  c.p.c.c.loggingfilter.LoggingFilter - Request: Method=GET, URI=/api/getAllPerson, Headers=user-agent=PostmanRuntime/7.43.3; accept=*/*; postman-token=abdeec6e-b5fd-49ce-a2cb-39f9cf58333a; host=localhost:8080; accept-encoding=gzip, deflate, br; connection=keep-alive; , Request ID: 86686e84-3322-45f3-b005-c3669e9b0e3e, Request IP  =0:0:0:0:0:0:0:1
16:05:59.814 [http-nio-8080-exec-2] INFO  c.p.c.c.loggingfilter.LoggingFilter - Response: Status=400, URI=/api/getAllPerson, Duration (Response Time)=5ms, Headers=[Content-Type, Transfer-Encoding, Date, Connection], Payload = org.apache.catalina.connector.ResponseFacade@1bb1b301
16:06:00.244 [http-nio-8080-exec-4] INFO  c.p.c.c.f.HeadersLoggingFilter - Header user-agent=0:0:0:0:0:0:0:1, IP = user-agent
16:06:00.244 [http-nio-8080-exec-4] INFO  c.p.c.c.f.HeadersLoggingFilter - Header accept=0:0:0:0:0:0:0:1, IP = accept
16:06:00.244 [http-nio-8080-exec-4] INFO  c.p.c.c.f.HeadersLoggingFilter - Header postman-token=0:0:0:0:0:0:0:1, IP = postman-token
16:06:00.244 [http-nio-8080-exec-4] INFO  c.p.c.c.f.HeadersLoggingFilter - Header host=0:0:0:0:0:0:0:1, IP = host
16:06:00.244 [http-nio-8080-exec-4] INFO  c.p.c.c.f.HeadersLoggingFilter - Header accept-encoding=0:0:0:0:0:0:0:1, IP = accept-encoding
16:06:00.244 [http-nio-8080-exec-4] INFO  c.p.c.c.f.HeadersLoggingFilter - Header connection=0:0:0:0:0:0:0:1, IP = connection
16:06:00.244 [http-nio-8080-exec-4] INFO  c.p.c.c.loggingfilter.LoggingFilter - Request: Method=GET, URI=/api/getAllPerson, Headers=user-agent=PostmanRuntime/7.43.3; accept=*/*; postman-token=8038bef7-042d-4234-b814-ee530c76faa2; host=localhost:8080; accept-encoding=gzip, deflate, br; connection=keep-alive; , Request ID: ec076585-aa18-4cd3-8095-f4dbc8e1c3e9, Request IP  =0:0:0:0:0:0:0:1
16:06:00.246 [http-nio-8080-exec-4] INFO  c.p.c.c.loggingfilter.LoggingFilter - Response: Status=400, URI=/api/getAllPerson, Duration (Response Time)=2ms, Headers=[Content-Type, Transfer-Encoding, Date, Connection], Payload = org.apache.catalina.connector.ResponseFacade@5e69b09f
17:26:44.691 [SpringApplicationShutdownHook] INFO  o.s.o.j.LocalContainerEntityManagerFactoryBean - Closing JPA EntityManagerFactory for persistence unit 'default'
17:26:44.707 [SpringApplicationShutdownHook] INFO  com.zaxxer.hikari.HikariDataSource - HikariPool-1 - Shutdown initiated...
17:26:44.712 [SpringApplicationShutdownHook] INFO  com.zaxxer.hikari.HikariDataSource - HikariPool-1 - Shutdown completed.
