10:23:15.509 [background-preinit] INFO  o.h.validator.internal.util.Version - HV000001: Hibernate Validator 8.0.1.Final
10:23:15.567 [main] INFO  c.p.c.ContactsdemoApplication - Starting ContactsdemoApplication using Java 17.0.12 with PID 23904 (C:\Ayse Ceren - crud projects\contactsdemo\build\classes\java\main started by 16381136672 in C:\Ayse Ceren - crud projects\contactsdemo)
10:23:15.569 [main] INFO  c.p.c.ContactsdemoApplication - No active profile set, falling back to 1 default profile: "default"
10:23:17.004 [main] INFO  o.s.d.r.c.RepositoryConfigurationDelegate - Bootstrapping Spring Data JPA repositories in DEFAULT mode.
10:23:17.087 [main] INFO  o.s.d.r.c.RepositoryConfigurationDelegate - Finished Spring Data repository scanning in 73 ms. Found 2 JPA repository interfaces.
10:23:18.035 [main] INFO  o.s.b.w.e.tomcat.TomcatWebServer - Tomcat initialized with port 8080 (http)
10:23:18.046 [main] INFO  o.a.coyote.http11.Http11NioProtocol - Initializing ProtocolHandler ["http-nio-8080"]
10:23:18.049 [main] INFO  o.a.catalina.core.StandardService - Starting service [Tomcat]
10:23:18.050 [main] INFO  o.a.catalina.core.StandardEngine - Starting Servlet engine: [Apache Tomcat/10.1.25]
10:23:18.154 [main] INFO  o.a.c.c.C.[Tomcat].[localhost].[/] - Initializing Spring embedded WebApplicationContext
10:23:18.157 [main] INFO  o.s.b.w.s.c.ServletWebServerApplicationContext - Root WebApplicationContext: initialization completed in 2518 ms
10:23:18.461 [main] INFO  com.zaxxer.hikari.HikariDataSource - HikariPool-1 - Starting...
10:23:18.662 [main] INFO  com.zaxxer.hikari.pool.HikariPool - HikariPool-1 - Added connection org.postgresql.jdbc.PgConnection@274bae2c
10:23:18.665 [main] INFO  com.zaxxer.hikari.HikariDataSource - HikariPool-1 - Start completed.
10:23:19.368 [main] INFO  liquibase.changelog - Creating database history table with name: public.databasechangelog
10:23:19.475 [main] INFO  liquibase.changelog - Reading from public.databasechangelog
10:23:19.626 [main] INFO  liquibase.lockservice - Successfully acquired change log lock
10:23:19.629 [main] INFO  liquibase.command - Using deploymentId: 2541799629
10:23:19.632 [main] INFO  liquibase.changelog - Reading from public.databasechangelog
10:23:19.674 [main] INFO  liquibase.changelog - Sequence person_id_seq created
10:23:19.681 [main] INFO  liquibase.changelog - Table person created
10:23:19.685 [main] INFO  liquibase.changelog - ChangeSet db/script/person.xml::202503201251::16381136672 ran successfully in 20ms
10:23:19.706 [main] INFO  liquibase.changelog - Sequence contact_id_seq created
10:23:19.713 [main] INFO  liquibase.changelog - Table contacts created
10:23:19.717 [main] INFO  liquibase.changelog - ChangeSet db/script/contact.xml::202503201156::ayse.ceren.coban ran successfully in 17ms
10:23:19.728 [main] INFO  liquibase.util - UPDATE SUMMARY
10:23:19.728 [main] INFO  liquibase.util - Run:                          2
10:23:19.728 [main] INFO  liquibase.util - Previously run:               0
10:23:19.728 [main] INFO  liquibase.util - Filtered out:                 0
10:23:19.729 [main] INFO  liquibase.util - -------------------------------
10:23:19.729 [main] INFO  liquibase.util - Total change sets:            2
10:23:19.729 [main] INFO  liquibase.util - Update summary generated
10:23:19.732 [main] INFO  liquibase.command - Update command completed successfully.
10:23:19.741 [main] INFO  liquibase.lockservice - Successfully released change log lock
10:23:19.743 [main] INFO  liquibase.command - Command execution complete
10:23:19.847 [main] INFO  o.h.jpa.internal.util.LogHelper - HHH000204: Processing PersistenceUnitInfo [name: default]
10:23:19.919 [main] INFO  org.hibernate.Version - HHH000412: Hibernate ORM core version 6.4.9.Final
10:23:19.960 [main] INFO  o.h.c.i.RegionFactoryInitiator - HHH000026: Second-level cache disabled
10:23:20.227 [main] INFO  o.s.o.j.p.SpringPersistenceUnitInfo - No LoadTimeWeaver setup: ignoring JPA class transformer
10:23:20.284 [main] WARN  org.hibernate.orm.deprecation - HHH90000025: PostgreSQLDialect does not need to be specified explicitly using 'hibernate.dialect' (remove the property setting and it will be selected by default)
10:23:20.724 [main] ERROR o.s.o.j.LocalContainerEntityManagerFactoryBean - Failed to initialize JPA EntityManagerFactory: [PersistenceUnit: default] Unable to build Hibernate SessionFactory; nested exception is org.hibernate.MappingException: Could not instantiate id generator [entity-name=com.project.contactsdemo.contact.entity.Contact]
10:23:20.724 [main] WARN  o.s.b.w.s.c.AnnotationConfigServletWebServerApplicationContext - Exception encountered during context initialization - cancelling refresh attempt: org.springframework.beans.factory.BeanCreationException: Error creating bean with name 'entityManagerFactory' defined in class path resource [org/springframework/boot/autoconfigure/orm/jpa/HibernateJpaConfiguration.class]: [PersistenceUnit: default] Unable to build Hibernate SessionFactory; nested exception is org.hibernate.MappingException: Could not instantiate id generator [entity-name=com.project.contactsdemo.contact.entity.Contact]
10:23:20.725 [main] INFO  com.zaxxer.hikari.HikariDataSource - HikariPool-1 - Shutdown initiated...
10:23:20.730 [main] INFO  com.zaxxer.hikari.HikariDataSource - HikariPool-1 - Shutdown completed.
10:23:20.733 [main] INFO  o.a.catalina.core.StandardService - Stopping service [Tomcat]
10:23:20.753 [main] INFO  o.s.b.a.l.ConditionEvaluationReportLogger - 

Error starting ApplicationContext. To display the condition evaluation report re-run your application with 'debug' enabled.
10:23:20.775 [main] ERROR o.s.boot.SpringApplication - Application run failed
org.springframework.beans.factory.BeanCreationException: Error creating bean with name 'entityManagerFactory' defined in class path resource [org/springframework/boot/autoconfigure/orm/jpa/HibernateJpaConfiguration.class]: [PersistenceUnit: default] Unable to build Hibernate SessionFactory; nested exception is org.hibernate.MappingException: Could not instantiate id generator [entity-name=com.project.contactsdemo.contact.entity.Contact]
	at org.springframework.beans.factory.support.AbstractAutowireCapableBeanFactory.initializeBean(AbstractAutowireCapableBeanFactory.java:1788)
	at org.springframework.beans.factory.support.AbstractAutowireCapableBeanFactory.doCreateBean(AbstractAutowireCapableBeanFactory.java:600)
	at org.springframework.beans.factory.support.AbstractAutowireCapableBeanFactory.createBean(AbstractAutowireCapableBeanFactory.java:522)
	at org.springframework.beans.factory.support.AbstractBeanFactory.lambda$doGetBean$0(AbstractBeanFactory.java:337)
	at org.springframework.beans.factory.support.DefaultSingletonBeanRegistry.getSingleton(DefaultSingletonBeanRegistry.java:234)
	at org.springframework.beans.factory.support.AbstractBeanFactory.doGetBean(AbstractBeanFactory.java:335)
	at org.springframework.beans.factory.support.AbstractBeanFactory.getBean(AbstractBeanFactory.java:205)
	at org.springframework.context.support.AbstractApplicationContext.finishBeanFactoryInitialization(AbstractApplicationContext.java:952)
	at org.springframework.context.support.AbstractApplicationContext.refresh(AbstractApplicationContext.java:624)
	at org.springframework.boot.web.servlet.context.ServletWebServerApplicationContext.refresh(ServletWebServerApplicationContext.java:146)
	at org.springframework.boot.SpringApplication.refresh(SpringApplication.java:754)
	at org.springframework.boot.SpringApplication.refreshContext(SpringApplication.java:456)
	at org.springframework.boot.SpringApplication.run(SpringApplication.java:335)
	at org.springframework.boot.SpringApplication.run(SpringApplication.java:1363)
	at org.springframework.boot.SpringApplication.run(SpringApplication.java:1352)
	at com.project.contactsdemo.ContactsdemoApplication.main(ContactsdemoApplication.java:10)
Caused by: jakarta.persistence.PersistenceException: [PersistenceUnit: default] Unable to build Hibernate SessionFactory; nested exception is org.hibernate.MappingException: Could not instantiate id generator [entity-name=com.project.contactsdemo.contact.entity.Contact]
	at org.springframework.orm.jpa.AbstractEntityManagerFactoryBean.buildNativeEntityManagerFactory(AbstractEntityManagerFactoryBean.java:421)
	at org.springframework.orm.jpa.AbstractEntityManagerFactoryBean.afterPropertiesSet(AbstractEntityManagerFactoryBean.java:396)
	at org.springframework.orm.jpa.LocalContainerEntityManagerFactoryBean.afterPropertiesSet(LocalContainerEntityManagerFactoryBean.java:366)
	at org.springframework.beans.factory.support.AbstractAutowireCapableBeanFactory.invokeInitMethods(AbstractAutowireCapableBeanFactory.java:1835)
	at org.springframework.beans.factory.support.AbstractAutowireCapableBeanFactory.initializeBean(AbstractAutowireCapableBeanFactory.java:1784)
	... 15 common frames omitted
Caused by: org.hibernate.MappingException: Could not instantiate id generator [entity-name=com.project.contactsdemo.contact.entity.Contact]
	at org.hibernate.id.factory.internal.StandardIdentifierGeneratorFactory.createIdentifierGenerator(StandardIdentifierGeneratorFactory.java:230)
	at org.hibernate.id.factory.internal.IdentifierGeneratorUtil.createLegacyIdentifierGenerator(IdentifierGeneratorUtil.java:127)
	at org.hibernate.mapping.SimpleValue.createGenerator(SimpleValue.java:415)
	at org.hibernate.internal.SessionFactoryImpl.lambda$createGenerators$1(SessionFactoryImpl.java:457)
	at java.base/java.util.stream.ForEachOps$ForEachOp$OfRef.accept(ForEachOps.java:183)
	at java.base/java.util.stream.ReferencePipeline$2$1.accept(ReferencePipeline.java:179)
	at java.base/java.util.HashMap$ValueSpliterator.forEachRemaining(HashMap.java:1779)
	at java.base/java.util.stream.AbstractPipeline.copyInto(AbstractPipeline.java:509)
	at java.base/java.util.stream.AbstractPipeline.wrapAndCopyInto(AbstractPipeline.java:499)
	at java.base/java.util.stream.ForEachOps$ForEachOp.evaluateSequential(ForEachOps.java:150)
	at java.base/java.util.stream.ForEachOps$ForEachOp$OfRef.evaluateSequential(ForEachOps.java:173)
	at java.base/java.util.stream.AbstractPipeline.evaluate(AbstractPipeline.java:234)
	at java.base/java.util.stream.ReferencePipeline.forEach(ReferencePipeline.java:596)
	at org.hibernate.internal.SessionFactoryImpl.createGenerators(SessionFactoryImpl.java:456)
	at org.hibernate.internal.SessionFactoryImpl.<init>(SessionFactoryImpl.java:271)
	at org.hibernate.boot.internal.SessionFactoryBuilderImpl.build(SessionFactoryBuilderImpl.java:450)
	at org.hibernate.jpa.boot.internal.EntityManagerFactoryBuilderImpl.build(EntityManagerFactoryBuilderImpl.java:1507)
	at org.springframework.orm.jpa.vendor.SpringHibernateJpaPersistenceProvider.createContainerEntityManagerFactory(SpringHibernateJpaPersistenceProvider.java:75)
	at org.springframework.orm.jpa.LocalContainerEntityManagerFactoryBean.createNativeEntityManagerFactory(LocalContainerEntityManagerFactoryBean.java:390)
	at org.springframework.orm.jpa.AbstractEntityManagerFactoryBean.buildNativeEntityManagerFactory(AbstractEntityManagerFactoryBean.java:409)
	... 19 common frames omitted
Caused by: org.hibernate.MappingException: The increment size of the [contact_id_seq] sequence is set to [50] in the entity mapping while the associated database sequence increment size is [1].
	at org.hibernate.id.enhanced.SequenceStyleGenerator.adjustIncrementSize(SequenceStyleGenerator.java:265)
	at org.hibernate.id.enhanced.SequenceStyleGenerator.configure(SequenceStyleGenerator.java:207)
	at org.hibernate.id.factory.internal.StandardIdentifierGeneratorFactory.createIdentifierGenerator(StandardIdentifierGeneratorFactory.java:224)
	... 38 common frames omitted
10:29:57.153 [background-preinit] INFO  o.h.validator.internal.util.Version - HV000001: Hibernate Validator 8.0.1.Final
10:29:57.214 [main] INFO  c.p.c.ContactsdemoApplication - Starting ContactsdemoApplication using Java 17.0.12 with PID 20792 (C:\Ayse Ceren - crud projects\contactsdemo\build\classes\java\main started by 16381136672 in C:\Ayse Ceren - crud projects\contactsdemo)
10:29:57.215 [main] INFO  c.p.c.ContactsdemoApplication - No active profile set, falling back to 1 default profile: "default"
10:29:58.749 [main] INFO  o.s.d.r.c.RepositoryConfigurationDelegate - Bootstrapping Spring Data JPA repositories in DEFAULT mode.
10:29:58.844 [main] INFO  o.s.d.r.c.RepositoryConfigurationDelegate - Finished Spring Data repository scanning in 83 ms. Found 2 JPA repository interfaces.
10:29:59.754 [main] INFO  o.s.b.w.e.tomcat.TomcatWebServer - Tomcat initialized with port 8080 (http)
10:29:59.754 [main] INFO  o.a.coyote.http11.Http11NioProtocol - Initializing ProtocolHandler ["http-nio-8080"]
10:29:59.770 [main] INFO  o.a.catalina.core.StandardService - Starting service [Tomcat]
10:29:59.770 [main] INFO  o.a.catalina.core.StandardEngine - Starting Servlet engine: [Apache Tomcat/10.1.25]
10:29:59.853 [main] INFO  o.a.c.c.C.[Tomcat].[localhost].[/] - Initializing Spring embedded WebApplicationContext
10:29:59.853 [main] INFO  o.s.b.w.s.c.ServletWebServerApplicationContext - Root WebApplicationContext: initialization completed in 2562 ms
10:30:00.089 [main] INFO  com.zaxxer.hikari.HikariDataSource - HikariPool-1 - Starting...
10:30:00.270 [main] INFO  com.zaxxer.hikari.pool.HikariPool - HikariPool-1 - Added connection org.postgresql.jdbc.PgConnection@5885e231
10:30:00.272 [main] INFO  com.zaxxer.hikari.HikariDataSource - HikariPool-1 - Start completed.
10:30:00.989 [main] INFO  liquibase.changelog - Reading from public.databasechangelog
10:30:01.047 [main] INFO  liquibase.changelog - Change failed validation!
10:30:01.047 [main] INFO  liquibase.command - Command execution complete
10:30:01.053 [main] WARN  o.s.b.w.s.c.AnnotationConfigServletWebServerApplicationContext - Exception encountered during context initialization - cancelling refresh attempt: org.springframework.beans.factory.BeanCreationException: Error creating bean with name 'entityManagerFactory' defined in class path resource [org/springframework/boot/autoconfigure/orm/jpa/HibernateJpaConfiguration.class]: Failed to initialize dependency 'liquibase' of LoadTimeWeaverAware bean 'entityManagerFactory': Error creating bean with name 'liquibase' defined in class path resource [org/springframework/boot/autoconfigure/liquibase/LiquibaseAutoConfiguration$LiquibaseConfiguration.class]: liquibase.exception.ValidationFailedException: Validation Failed:
     1 changesets check sum
          db/script/contact.xml::202503201156::ayse.ceren.coban was: 9:c3901f28a2a4dfe7316119c81299d67f but is now: 9:7e5a33b69eb106ebcc465359056fbf89

10:30:01.054 [main] INFO  com.zaxxer.hikari.HikariDataSource - HikariPool-1 - Shutdown initiated...
10:30:01.059 [main] INFO  com.zaxxer.hikari.HikariDataSource - HikariPool-1 - Shutdown completed.
10:30:01.063 [main] INFO  o.a.catalina.core.StandardService - Stopping service [Tomcat]
10:30:01.079 [main] INFO  o.s.b.a.l.ConditionEvaluationReportLogger - 

Error starting ApplicationContext. To display the condition evaluation report re-run your application with 'debug' enabled.
10:30:01.109 [main] ERROR o.s.boot.SpringApplication - Application run failed
org.springframework.beans.factory.BeanCreationException: Error creating bean with name 'entityManagerFactory' defined in class path resource [org/springframework/boot/autoconfigure/orm/jpa/HibernateJpaConfiguration.class]: Failed to initialize dependency 'liquibase' of LoadTimeWeaverAware bean 'entityManagerFactory': Error creating bean with name 'liquibase' defined in class path resource [org/springframework/boot/autoconfigure/liquibase/LiquibaseAutoConfiguration$LiquibaseConfiguration.class]: liquibase.exception.ValidationFailedException: Validation Failed:
     1 changesets check sum
          db/script/contact.xml::202503201156::ayse.ceren.coban was: 9:c3901f28a2a4dfe7316119c81299d67f but is now: 9:7e5a33b69eb106ebcc465359056fbf89

	at org.springframework.beans.factory.support.AbstractBeanFactory.doGetBean(AbstractBeanFactory.java:326)
	at org.springframework.beans.factory.support.AbstractBeanFactory.getBean(AbstractBeanFactory.java:205)
	at org.springframework.context.support.AbstractApplicationContext.finishBeanFactoryInitialization(AbstractApplicationContext.java:952)
	at org.springframework.context.support.AbstractApplicationContext.refresh(AbstractApplicationContext.java:624)
	at org.springframework.boot.web.servlet.context.ServletWebServerApplicationContext.refresh(ServletWebServerApplicationContext.java:146)
	at org.springframework.boot.SpringApplication.refresh(SpringApplication.java:754)
	at org.springframework.boot.SpringApplication.refreshContext(SpringApplication.java:456)
	at org.springframework.boot.SpringApplication.run(SpringApplication.java:335)
	at org.springframework.boot.SpringApplication.run(SpringApplication.java:1363)
	at org.springframework.boot.SpringApplication.run(SpringApplication.java:1352)
	at com.project.contactsdemo.ContactsdemoApplication.main(ContactsdemoApplication.java:10)
Caused by: org.springframework.beans.factory.BeanCreationException: Error creating bean with name 'liquibase' defined in class path resource [org/springframework/boot/autoconfigure/liquibase/LiquibaseAutoConfiguration$LiquibaseConfiguration.class]: liquibase.exception.ValidationFailedException: Validation Failed:
     1 changesets check sum
          db/script/contact.xml::202503201156::ayse.ceren.coban was: 9:c3901f28a2a4dfe7316119c81299d67f but is now: 9:7e5a33b69eb106ebcc465359056fbf89

	at org.springframework.beans.factory.support.AbstractAutowireCapableBeanFactory.initializeBean(AbstractAutowireCapableBeanFactory.java:1788)
	at org.springframework.beans.factory.support.AbstractAutowireCapableBeanFactory.doCreateBean(AbstractAutowireCapableBeanFactory.java:600)
	at org.springframework.beans.factory.support.AbstractAutowireCapableBeanFactory.createBean(AbstractAutowireCapableBeanFactory.java:522)
	at org.springframework.beans.factory.support.AbstractBeanFactory.lambda$doGetBean$0(AbstractBeanFactory.java:337)
	at org.springframework.beans.factory.support.DefaultSingletonBeanRegistry.getSingleton(DefaultSingletonBeanRegistry.java:234)
	at org.springframework.beans.factory.support.AbstractBeanFactory.doGetBean(AbstractBeanFactory.java:335)
	at org.springframework.beans.factory.support.AbstractBeanFactory.getBean(AbstractBeanFactory.java:200)
	at org.springframework.beans.factory.support.AbstractBeanFactory.doGetBean(AbstractBeanFactory.java:313)
	... 10 common frames omitted
Caused by: liquibase.exception.CommandExecutionException: liquibase.exception.ValidationFailedException: Validation Failed:
     1 changesets check sum
          db/script/contact.xml::202503201156::ayse.ceren.coban was: 9:c3901f28a2a4dfe7316119c81299d67f but is now: 9:7e5a33b69eb106ebcc465359056fbf89

	at liquibase.command.CommandScope.execute(CommandScope.java:237)
	at liquibase.Liquibase.lambda$update$0(Liquibase.java:222)
	at liquibase.Scope.lambda$child$0(Scope.java:184)
	at liquibase.Scope.child(Scope.java:193)
	at liquibase.Scope.child(Scope.java:183)
	at liquibase.Scope.child(Scope.java:162)
	at liquibase.Liquibase.runInScope(Liquibase.java:1371)
	at liquibase.Liquibase.update(Liquibase.java:211)
	at liquibase.Liquibase.update(Liquibase.java:193)
	at liquibase.integration.spring.SpringLiquibase.performUpdate(SpringLiquibase.java:331)
	at liquibase.integration.spring.SpringLiquibase.afterPropertiesSet(SpringLiquibase.java:286)
	at org.springframework.beans.factory.support.AbstractAutowireCapableBeanFactory.invokeInitMethods(AbstractAutowireCapableBeanFactory.java:1835)
	at org.springframework.beans.factory.support.AbstractAutowireCapableBeanFactory.initializeBean(AbstractAutowireCapableBeanFactory.java:1784)
	... 17 common frames omitted
Caused by: liquibase.exception.ValidationFailedException: Validation Failed:
     1 changesets check sum
          db/script/contact.xml::202503201156::ayse.ceren.coban was: 9:c3901f28a2a4dfe7316119c81299d67f but is now: 9:7e5a33b69eb106ebcc465359056fbf89

	at liquibase.changelog.DatabaseChangeLog.validate(DatabaseChangeLog.java:353)
	at liquibase.command.core.helpers.DatabaseChangelogCommandStep.run(DatabaseChangelogCommandStep.java:92)
	at liquibase.command.CommandScope.execute(CommandScope.java:214)
	... 29 common frames omitted
10:33:17.736 [background-preinit] INFO  o.h.validator.internal.util.Version - HV000001: Hibernate Validator 8.0.1.Final
10:33:17.821 [main] INFO  c.p.c.ContactsdemoApplication - Starting ContactsdemoApplication using Java 17.0.12 with PID 12112 (C:\Ayse Ceren - crud projects\contactsdemo\build\classes\java\main started by 16381136672 in C:\Ayse Ceren - crud projects\contactsdemo)
10:33:17.822 [main] INFO  c.p.c.ContactsdemoApplication - No active profile set, falling back to 1 default profile: "default"
10:33:19.421 [main] INFO  o.s.d.r.c.RepositoryConfigurationDelegate - Bootstrapping Spring Data JPA repositories in DEFAULT mode.
10:33:19.516 [main] INFO  o.s.d.r.c.RepositoryConfigurationDelegate - Finished Spring Data repository scanning in 83 ms. Found 2 JPA repository interfaces.
10:33:20.490 [main] INFO  o.s.b.w.e.tomcat.TomcatWebServer - Tomcat initialized with port 8080 (http)
10:33:20.504 [main] INFO  o.a.coyote.http11.Http11NioProtocol - Initializing ProtocolHandler ["http-nio-8080"]
10:33:20.506 [main] INFO  o.a.catalina.core.StandardService - Starting service [Tomcat]
10:33:20.506 [main] INFO  o.a.catalina.core.StandardEngine - Starting Servlet engine: [Apache Tomcat/10.1.25]
10:33:20.605 [main] INFO  o.a.c.c.C.[Tomcat].[localhost].[/] - Initializing Spring embedded WebApplicationContext
10:33:20.605 [main] INFO  o.s.b.w.s.c.ServletWebServerApplicationContext - Root WebApplicationContext: initialization completed in 2697 ms
10:33:20.862 [main] INFO  com.zaxxer.hikari.HikariDataSource - HikariPool-1 - Starting...
10:33:21.044 [main] INFO  com.zaxxer.hikari.pool.HikariPool - HikariPool-1 - Added connection org.postgresql.jdbc.PgConnection@26994c6a
10:33:21.046 [main] INFO  com.zaxxer.hikari.HikariDataSource - HikariPool-1 - Start completed.
10:33:21.900 [main] INFO  liquibase.changelog - Reading from public.databasechangelog
10:33:22.077 [main] INFO  liquibase.lockservice - Successfully acquired change log lock
10:33:22.081 [main] INFO  liquibase.command - Using deploymentId: 2542402081
10:33:22.089 [main] INFO  liquibase.changelog - Reading from public.databasechangelog
10:33:22.131 [main] WARN  liquibase.executor - relation "contact_id_seq" already exists, skipping
10:33:22.132 [main] INFO  liquibase.changelog - Sequence contact_id_seq created
10:33:22.141 [main] INFO  liquibase.changelog - Table contact created
10:33:22.148 [main] INFO  liquibase.changelog - ChangeSet db/script/contact.xml::202503201156::16381136672 ran successfully in 28ms
10:33:22.171 [main] INFO  liquibase.util - UPDATE SUMMARY
10:33:22.171 [main] INFO  liquibase.util - Run:                          1
10:33:22.171 [main] INFO  liquibase.util - Previously run:               1
10:33:22.172 [main] INFO  liquibase.util - Filtered out:                 0
10:33:22.172 [main] INFO  liquibase.util - -------------------------------
10:33:22.172 [main] INFO  liquibase.util - Total change sets:            2
10:33:22.173 [main] INFO  liquibase.util - Update summary generated
10:33:22.174 [main] INFO  liquibase.command - Update command completed successfully.
10:33:22.185 [main] INFO  liquibase.lockservice - Successfully released change log lock
10:33:22.188 [main] INFO  liquibase.command - Command execution complete
10:33:22.316 [main] INFO  o.h.jpa.internal.util.LogHelper - HHH000204: Processing PersistenceUnitInfo [name: default]
10:33:22.389 [main] INFO  org.hibernate.Version - HHH000412: Hibernate ORM core version 6.4.9.Final
10:33:22.430 [main] INFO  o.h.c.i.RegionFactoryInitiator - HHH000026: Second-level cache disabled
10:33:22.763 [main] INFO  o.s.o.j.p.SpringPersistenceUnitInfo - No LoadTimeWeaver setup: ignoring JPA class transformer
10:33:22.836 [main] WARN  org.hibernate.orm.deprecation - HHH90000025: PostgreSQLDialect does not need to be specified explicitly using 'hibernate.dialect' (remove the property setting and it will be selected by default)
10:33:23.369 [main] ERROR o.s.o.j.LocalContainerEntityManagerFactoryBean - Failed to initialize JPA EntityManagerFactory: [PersistenceUnit: default] Unable to build Hibernate SessionFactory; nested exception is org.hibernate.MappingException: Could not instantiate id generator [entity-name=com.project.contactsdemo.person.entity.Person]
10:33:23.370 [main] WARN  o.s.b.w.s.c.AnnotationConfigServletWebServerApplicationContext - Exception encountered during context initialization - cancelling refresh attempt: org.springframework.beans.factory.BeanCreationException: Error creating bean with name 'entityManagerFactory' defined in class path resource [org/springframework/boot/autoconfigure/orm/jpa/HibernateJpaConfiguration.class]: [PersistenceUnit: default] Unable to build Hibernate SessionFactory; nested exception is org.hibernate.MappingException: Could not instantiate id generator [entity-name=com.project.contactsdemo.person.entity.Person]
10:33:23.370 [main] INFO  com.zaxxer.hikari.HikariDataSource - HikariPool-1 - Shutdown initiated...
10:33:23.376 [main] INFO  com.zaxxer.hikari.HikariDataSource - HikariPool-1 - Shutdown completed.
10:33:23.380 [main] INFO  o.a.catalina.core.StandardService - Stopping service [Tomcat]
10:33:23.401 [main] INFO  o.s.b.a.l.ConditionEvaluationReportLogger - 

Error starting ApplicationContext. To display the condition evaluation report re-run your application with 'debug' enabled.
10:33:23.425 [main] ERROR o.s.boot.SpringApplication - Application run failed
org.springframework.beans.factory.BeanCreationException: Error creating bean with name 'entityManagerFactory' defined in class path resource [org/springframework/boot/autoconfigure/orm/jpa/HibernateJpaConfiguration.class]: [PersistenceUnit: default] Unable to build Hibernate SessionFactory; nested exception is org.hibernate.MappingException: Could not instantiate id generator [entity-name=com.project.contactsdemo.person.entity.Person]
	at org.springframework.beans.factory.support.AbstractAutowireCapableBeanFactory.initializeBean(AbstractAutowireCapableBeanFactory.java:1788)
	at org.springframework.beans.factory.support.AbstractAutowireCapableBeanFactory.doCreateBean(AbstractAutowireCapableBeanFactory.java:600)
	at org.springframework.beans.factory.support.AbstractAutowireCapableBeanFactory.createBean(AbstractAutowireCapableBeanFactory.java:522)
	at org.springframework.beans.factory.support.AbstractBeanFactory.lambda$doGetBean$0(AbstractBeanFactory.java:337)
	at org.springframework.beans.factory.support.DefaultSingletonBeanRegistry.getSingleton(DefaultSingletonBeanRegistry.java:234)
	at org.springframework.beans.factory.support.AbstractBeanFactory.doGetBean(AbstractBeanFactory.java:335)
	at org.springframework.beans.factory.support.AbstractBeanFactory.getBean(AbstractBeanFactory.java:205)
	at org.springframework.context.support.AbstractApplicationContext.finishBeanFactoryInitialization(AbstractApplicationContext.java:952)
	at org.springframework.context.support.AbstractApplicationContext.refresh(AbstractApplicationContext.java:624)
	at org.springframework.boot.web.servlet.context.ServletWebServerApplicationContext.refresh(ServletWebServerApplicationContext.java:146)
	at org.springframework.boot.SpringApplication.refresh(SpringApplication.java:754)
	at org.springframework.boot.SpringApplication.refreshContext(SpringApplication.java:456)
	at org.springframework.boot.SpringApplication.run(SpringApplication.java:335)
	at org.springframework.boot.SpringApplication.run(SpringApplication.java:1363)
	at org.springframework.boot.SpringApplication.run(SpringApplication.java:1352)
	at com.project.contactsdemo.ContactsdemoApplication.main(ContactsdemoApplication.java:10)
Caused by: jakarta.persistence.PersistenceException: [PersistenceUnit: default] Unable to build Hibernate SessionFactory; nested exception is org.hibernate.MappingException: Could not instantiate id generator [entity-name=com.project.contactsdemo.person.entity.Person]
	at org.springframework.orm.jpa.AbstractEntityManagerFactoryBean.buildNativeEntityManagerFactory(AbstractEntityManagerFactoryBean.java:421)
	at org.springframework.orm.jpa.AbstractEntityManagerFactoryBean.afterPropertiesSet(AbstractEntityManagerFactoryBean.java:396)
	at org.springframework.orm.jpa.LocalContainerEntityManagerFactoryBean.afterPropertiesSet(LocalContainerEntityManagerFactoryBean.java:366)
	at org.springframework.beans.factory.support.AbstractAutowireCapableBeanFactory.invokeInitMethods(AbstractAutowireCapableBeanFactory.java:1835)
	at org.springframework.beans.factory.support.AbstractAutowireCapableBeanFactory.initializeBean(AbstractAutowireCapableBeanFactory.java:1784)
	... 15 common frames omitted
Caused by: org.hibernate.MappingException: Could not instantiate id generator [entity-name=com.project.contactsdemo.person.entity.Person]
	at org.hibernate.id.factory.internal.StandardIdentifierGeneratorFactory.createIdentifierGenerator(StandardIdentifierGeneratorFactory.java:230)
	at org.hibernate.id.factory.internal.IdentifierGeneratorUtil.createLegacyIdentifierGenerator(IdentifierGeneratorUtil.java:127)
	at org.hibernate.mapping.SimpleValue.createGenerator(SimpleValue.java:415)
	at org.hibernate.internal.SessionFactoryImpl.lambda$createGenerators$1(SessionFactoryImpl.java:457)
	at java.base/java.util.stream.ForEachOps$ForEachOp$OfRef.accept(ForEachOps.java:183)
	at java.base/java.util.stream.ReferencePipeline$2$1.accept(ReferencePipeline.java:179)
	at java.base/java.util.HashMap$ValueSpliterator.forEachRemaining(HashMap.java:1779)
	at java.base/java.util.stream.AbstractPipeline.copyInto(AbstractPipeline.java:509)
	at java.base/java.util.stream.AbstractPipeline.wrapAndCopyInto(AbstractPipeline.java:499)
	at java.base/java.util.stream.ForEachOps$ForEachOp.evaluateSequential(ForEachOps.java:150)
	at java.base/java.util.stream.ForEachOps$ForEachOp$OfRef.evaluateSequential(ForEachOps.java:173)
	at java.base/java.util.stream.AbstractPipeline.evaluate(AbstractPipeline.java:234)
	at java.base/java.util.stream.ReferencePipeline.forEach(ReferencePipeline.java:596)
	at org.hibernate.internal.SessionFactoryImpl.createGenerators(SessionFactoryImpl.java:456)
	at org.hibernate.internal.SessionFactoryImpl.<init>(SessionFactoryImpl.java:271)
	at org.hibernate.boot.internal.SessionFactoryBuilderImpl.build(SessionFactoryBuilderImpl.java:450)
	at org.hibernate.jpa.boot.internal.EntityManagerFactoryBuilderImpl.build(EntityManagerFactoryBuilderImpl.java:1507)
	at org.springframework.orm.jpa.vendor.SpringHibernateJpaPersistenceProvider.createContainerEntityManagerFactory(SpringHibernateJpaPersistenceProvider.java:75)
	at org.springframework.orm.jpa.LocalContainerEntityManagerFactoryBean.createNativeEntityManagerFactory(LocalContainerEntityManagerFactoryBean.java:390)
	at org.springframework.orm.jpa.AbstractEntityManagerFactoryBean.buildNativeEntityManagerFactory(AbstractEntityManagerFactoryBean.java:409)
	... 19 common frames omitted
Caused by: org.hibernate.MappingException: The increment size of the [person_id_seq] sequence is set to [50] in the entity mapping while the associated database sequence increment size is [1].
	at org.hibernate.id.enhanced.SequenceStyleGenerator.adjustIncrementSize(SequenceStyleGenerator.java:265)
	at org.hibernate.id.enhanced.SequenceStyleGenerator.configure(SequenceStyleGenerator.java:207)
	at org.hibernate.id.factory.internal.StandardIdentifierGeneratorFactory.createIdentifierGenerator(StandardIdentifierGeneratorFactory.java:224)
	... 38 common frames omitted
10:37:12.980 [background-preinit] INFO  o.h.validator.internal.util.Version - HV000001: Hibernate Validator 8.0.1.Final
10:37:13.041 [main] INFO  c.p.c.ContactsdemoApplication - Starting ContactsdemoApplication using Java 17.0.12 with PID 6032 (C:\Ayse Ceren - crud projects\contactsdemo\build\classes\java\main started by 16381136672 in C:\Ayse Ceren - crud projects\contactsdemo)
10:37:13.043 [main] INFO  c.p.c.ContactsdemoApplication - No active profile set, falling back to 1 default profile: "default"
10:37:14.547 [main] INFO  o.s.d.r.c.RepositoryConfigurationDelegate - Bootstrapping Spring Data JPA repositories in DEFAULT mode.
10:37:14.629 [main] INFO  o.s.d.r.c.RepositoryConfigurationDelegate - Finished Spring Data repository scanning in 73 ms. Found 2 JPA repository interfaces.
10:37:15.566 [main] INFO  o.s.b.w.e.tomcat.TomcatWebServer - Tomcat initialized with port 8080 (http)
10:37:15.581 [main] INFO  o.a.coyote.http11.Http11NioProtocol - Initializing ProtocolHandler ["http-nio-8080"]
10:37:15.584 [main] INFO  o.a.catalina.core.StandardService - Starting service [Tomcat]
10:37:15.584 [main] INFO  o.a.catalina.core.StandardEngine - Starting Servlet engine: [Apache Tomcat/10.1.25]
10:37:15.691 [main] INFO  o.a.c.c.C.[Tomcat].[localhost].[/] - Initializing Spring embedded WebApplicationContext
10:37:15.691 [main] INFO  o.s.b.w.s.c.ServletWebServerApplicationContext - Root WebApplicationContext: initialization completed in 2569 ms
10:37:15.948 [main] INFO  com.zaxxer.hikari.HikariDataSource - HikariPool-1 - Starting...
10:37:16.110 [main] INFO  com.zaxxer.hikari.pool.HikariPool - HikariPool-1 - Added connection org.postgresql.jdbc.PgConnection@1c171746
10:37:16.112 [main] INFO  com.zaxxer.hikari.HikariDataSource - HikariPool-1 - Start completed.
10:37:16.865 [main] INFO  liquibase.changelog - Reading from public.databasechangelog
10:37:16.933 [main] INFO  liquibase.changelog - Reading from public.databasechangelog
10:37:16.943 [main] INFO  liquibase.util - UPDATE SUMMARY
10:37:16.943 [main] INFO  liquibase.util - Run:                          0
10:37:16.943 [main] INFO  liquibase.util - Previously run:               2
10:37:16.943 [main] INFO  liquibase.util - Filtered out:                 0
10:37:16.943 [main] INFO  liquibase.util - -------------------------------
10:37:16.943 [main] INFO  liquibase.util - Total change sets:            2
10:37:16.943 [main] INFO  liquibase.util - Update summary generated
10:37:16.971 [main] INFO  liquibase.lockservice - Successfully released change log lock
10:37:16.974 [main] INFO  liquibase.command - Command execution complete
10:37:17.068 [main] INFO  o.h.jpa.internal.util.LogHelper - HHH000204: Processing PersistenceUnitInfo [name: default]
10:37:17.132 [main] INFO  org.hibernate.Version - HHH000412: Hibernate ORM core version 6.4.9.Final
10:37:17.167 [main] INFO  o.h.c.i.RegionFactoryInitiator - HHH000026: Second-level cache disabled
10:37:17.439 [main] INFO  o.s.o.j.p.SpringPersistenceUnitInfo - No LoadTimeWeaver setup: ignoring JPA class transformer
10:37:17.497 [main] WARN  org.hibernate.orm.deprecation - HHH90000025: PostgreSQLDialect does not need to be specified explicitly using 'hibernate.dialect' (remove the property setting and it will be selected by default)
10:37:17.977 [main] ERROR o.s.o.j.LocalContainerEntityManagerFactoryBean - Failed to initialize JPA EntityManagerFactory: [PersistenceUnit: default] Unable to build Hibernate SessionFactory; nested exception is org.hibernate.MappingException: Could not instantiate id generator [entity-name=com.project.contactsdemo.person.entity.Person]
10:37:17.977 [main] WARN  o.s.b.w.s.c.AnnotationConfigServletWebServerApplicationContext - Exception encountered during context initialization - cancelling refresh attempt: org.springframework.beans.factory.BeanCreationException: Error creating bean with name 'entityManagerFactory' defined in class path resource [org/springframework/boot/autoconfigure/orm/jpa/HibernateJpaConfiguration.class]: [PersistenceUnit: default] Unable to build Hibernate SessionFactory; nested exception is org.hibernate.MappingException: Could not instantiate id generator [entity-name=com.project.contactsdemo.person.entity.Person]
10:37:17.977 [main] INFO  com.zaxxer.hikari.HikariDataSource - HikariPool-1 - Shutdown initiated...
10:37:17.983 [main] INFO  com.zaxxer.hikari.HikariDataSource - HikariPool-1 - Shutdown completed.
10:37:17.987 [main] INFO  o.a.catalina.core.StandardService - Stopping service [Tomcat]
10:37:18.013 [main] INFO  o.s.b.a.l.ConditionEvaluationReportLogger - 

Error starting ApplicationContext. To display the condition evaluation report re-run your application with 'debug' enabled.
10:37:18.037 [main] ERROR o.s.boot.SpringApplication - Application run failed
org.springframework.beans.factory.BeanCreationException: Error creating bean with name 'entityManagerFactory' defined in class path resource [org/springframework/boot/autoconfigure/orm/jpa/HibernateJpaConfiguration.class]: [PersistenceUnit: default] Unable to build Hibernate SessionFactory; nested exception is org.hibernate.MappingException: Could not instantiate id generator [entity-name=com.project.contactsdemo.person.entity.Person]
	at org.springframework.beans.factory.support.AbstractAutowireCapableBeanFactory.initializeBean(AbstractAutowireCapableBeanFactory.java:1788)
	at org.springframework.beans.factory.support.AbstractAutowireCapableBeanFactory.doCreateBean(AbstractAutowireCapableBeanFactory.java:600)
	at org.springframework.beans.factory.support.AbstractAutowireCapableBeanFactory.createBean(AbstractAutowireCapableBeanFactory.java:522)
	at org.springframework.beans.factory.support.AbstractBeanFactory.lambda$doGetBean$0(AbstractBeanFactory.java:337)
	at org.springframework.beans.factory.support.DefaultSingletonBeanRegistry.getSingleton(DefaultSingletonBeanRegistry.java:234)
	at org.springframework.beans.factory.support.AbstractBeanFactory.doGetBean(AbstractBeanFactory.java:335)
	at org.springframework.beans.factory.support.AbstractBeanFactory.getBean(AbstractBeanFactory.java:205)
	at org.springframework.context.support.AbstractApplicationContext.finishBeanFactoryInitialization(AbstractApplicationContext.java:952)
	at org.springframework.context.support.AbstractApplicationContext.refresh(AbstractApplicationContext.java:624)
	at org.springframework.boot.web.servlet.context.ServletWebServerApplicationContext.refresh(ServletWebServerApplicationContext.java:146)
	at org.springframework.boot.SpringApplication.refresh(SpringApplication.java:754)
	at org.springframework.boot.SpringApplication.refreshContext(SpringApplication.java:456)
	at org.springframework.boot.SpringApplication.run(SpringApplication.java:335)
	at org.springframework.boot.SpringApplication.run(SpringApplication.java:1363)
	at org.springframework.boot.SpringApplication.run(SpringApplication.java:1352)
	at com.project.contactsdemo.ContactsdemoApplication.main(ContactsdemoApplication.java:10)
Caused by: jakarta.persistence.PersistenceException: [PersistenceUnit: default] Unable to build Hibernate SessionFactory; nested exception is org.hibernate.MappingException: Could not instantiate id generator [entity-name=com.project.contactsdemo.person.entity.Person]
	at org.springframework.orm.jpa.AbstractEntityManagerFactoryBean.buildNativeEntityManagerFactory(AbstractEntityManagerFactoryBean.java:421)
	at org.springframework.orm.jpa.AbstractEntityManagerFactoryBean.afterPropertiesSet(AbstractEntityManagerFactoryBean.java:396)
	at org.springframework.orm.jpa.LocalContainerEntityManagerFactoryBean.afterPropertiesSet(LocalContainerEntityManagerFactoryBean.java:366)
	at org.springframework.beans.factory.support.AbstractAutowireCapableBeanFactory.invokeInitMethods(AbstractAutowireCapableBeanFactory.java:1835)
	at org.springframework.beans.factory.support.AbstractAutowireCapableBeanFactory.initializeBean(AbstractAutowireCapableBeanFactory.java:1784)
	... 15 common frames omitted
Caused by: org.hibernate.MappingException: Could not instantiate id generator [entity-name=com.project.contactsdemo.person.entity.Person]
	at org.hibernate.id.factory.internal.StandardIdentifierGeneratorFactory.createIdentifierGenerator(StandardIdentifierGeneratorFactory.java:230)
	at org.hibernate.id.factory.internal.IdentifierGeneratorUtil.createLegacyIdentifierGenerator(IdentifierGeneratorUtil.java:127)
	at org.hibernate.mapping.SimpleValue.createGenerator(SimpleValue.java:415)
	at org.hibernate.internal.SessionFactoryImpl.lambda$createGenerators$1(SessionFactoryImpl.java:457)
	at java.base/java.util.stream.ForEachOps$ForEachOp$OfRef.accept(ForEachOps.java:183)
	at java.base/java.util.stream.ReferencePipeline$2$1.accept(ReferencePipeline.java:179)
	at java.base/java.util.HashMap$ValueSpliterator.forEachRemaining(HashMap.java:1779)
	at java.base/java.util.stream.AbstractPipeline.copyInto(AbstractPipeline.java:509)
	at java.base/java.util.stream.AbstractPipeline.wrapAndCopyInto(AbstractPipeline.java:499)
	at java.base/java.util.stream.ForEachOps$ForEachOp.evaluateSequential(ForEachOps.java:150)
	at java.base/java.util.stream.ForEachOps$ForEachOp$OfRef.evaluateSequential(ForEachOps.java:173)
	at java.base/java.util.stream.AbstractPipeline.evaluate(AbstractPipeline.java:234)
	at java.base/java.util.stream.ReferencePipeline.forEach(ReferencePipeline.java:596)
	at org.hibernate.internal.SessionFactoryImpl.createGenerators(SessionFactoryImpl.java:456)
	at org.hibernate.internal.SessionFactoryImpl.<init>(SessionFactoryImpl.java:271)
	at org.hibernate.boot.internal.SessionFactoryBuilderImpl.build(SessionFactoryBuilderImpl.java:450)
	at org.hibernate.jpa.boot.internal.EntityManagerFactoryBuilderImpl.build(EntityManagerFactoryBuilderImpl.java:1507)
	at org.springframework.orm.jpa.vendor.SpringHibernateJpaPersistenceProvider.createContainerEntityManagerFactory(SpringHibernateJpaPersistenceProvider.java:75)
	at org.springframework.orm.jpa.LocalContainerEntityManagerFactoryBean.createNativeEntityManagerFactory(LocalContainerEntityManagerFactoryBean.java:390)
	at org.springframework.orm.jpa.AbstractEntityManagerFactoryBean.buildNativeEntityManagerFactory(AbstractEntityManagerFactoryBean.java:409)
	... 19 common frames omitted
Caused by: org.hibernate.MappingException: The increment size of the [person_id_seq] sequence is set to [50] in the entity mapping while the associated database sequence increment size is [1].
	at org.hibernate.id.enhanced.SequenceStyleGenerator.adjustIncrementSize(SequenceStyleGenerator.java:265)
	at org.hibernate.id.enhanced.SequenceStyleGenerator.configure(SequenceStyleGenerator.java:207)
	at org.hibernate.id.factory.internal.StandardIdentifierGeneratorFactory.createIdentifierGenerator(StandardIdentifierGeneratorFactory.java:224)
	... 38 common frames omitted
10:38:47.182 [background-preinit] INFO  o.h.validator.internal.util.Version - HV000001: Hibernate Validator 8.0.1.Final
10:38:47.244 [main] INFO  c.p.c.ContactsdemoApplication - Starting ContactsdemoApplication using Java 17.0.12 with PID 25764 (C:\Ayse Ceren - crud projects\contactsdemo\build\classes\java\main started by 16381136672 in C:\Ayse Ceren - crud projects\contactsdemo)
10:38:47.245 [main] INFO  c.p.c.ContactsdemoApplication - No active profile set, falling back to 1 default profile: "default"
10:38:48.629 [main] INFO  o.s.d.r.c.RepositoryConfigurationDelegate - Bootstrapping Spring Data JPA repositories in DEFAULT mode.
10:38:48.709 [main] INFO  o.s.d.r.c.RepositoryConfigurationDelegate - Finished Spring Data repository scanning in 70 ms. Found 2 JPA repository interfaces.
10:38:49.565 [main] INFO  o.s.b.w.e.tomcat.TomcatWebServer - Tomcat initialized with port 8080 (http)
10:38:49.577 [main] INFO  o.a.coyote.http11.Http11NioProtocol - Initializing ProtocolHandler ["http-nio-8080"]
10:38:49.578 [main] INFO  o.a.catalina.core.StandardService - Starting service [Tomcat]
10:38:49.579 [main] INFO  o.a.catalina.core.StandardEngine - Starting Servlet engine: [Apache Tomcat/10.1.25]
10:38:49.674 [main] INFO  o.a.c.c.C.[Tomcat].[localhost].[/] - Initializing Spring embedded WebApplicationContext
10:38:49.675 [main] INFO  o.s.b.w.s.c.ServletWebServerApplicationContext - Root WebApplicationContext: initialization completed in 2365 ms
10:38:49.888 [main] INFO  com.zaxxer.hikari.HikariDataSource - HikariPool-1 - Starting...
10:38:50.050 [main] INFO  com.zaxxer.hikari.pool.HikariPool - HikariPool-1 - Added connection org.postgresql.jdbc.PgConnection@2e3252
10:38:50.052 [main] INFO  com.zaxxer.hikari.HikariDataSource - HikariPool-1 - Start completed.
10:38:50.852 [main] INFO  liquibase.changelog - Reading from public.databasechangelog
10:38:50.913 [main] INFO  liquibase.changelog - Reading from public.databasechangelog
10:38:50.924 [main] INFO  liquibase.util - UPDATE SUMMARY
10:38:50.924 [main] INFO  liquibase.util - Run:                          0
10:38:50.924 [main] INFO  liquibase.util - Previously run:               2
10:38:50.924 [main] INFO  liquibase.util - Filtered out:                 0
10:38:50.924 [main] INFO  liquibase.util - -------------------------------
10:38:50.924 [main] INFO  liquibase.util - Total change sets:            2
10:38:50.924 [main] INFO  liquibase.util - Update summary generated
10:38:50.953 [main] INFO  liquibase.lockservice - Successfully released change log lock
10:38:50.955 [main] INFO  liquibase.command - Command execution complete
10:38:51.061 [main] INFO  o.h.jpa.internal.util.LogHelper - HHH000204: Processing PersistenceUnitInfo [name: default]
10:38:51.132 [main] INFO  org.hibernate.Version - HHH000412: Hibernate ORM core version 6.4.9.Final
10:38:51.169 [main] INFO  o.h.c.i.RegionFactoryInitiator - HHH000026: Second-level cache disabled
10:38:51.434 [main] INFO  o.s.o.j.p.SpringPersistenceUnitInfo - No LoadTimeWeaver setup: ignoring JPA class transformer
10:38:51.486 [main] WARN  org.hibernate.orm.deprecation - HHH90000025: PostgreSQLDialect does not need to be specified explicitly using 'hibernate.dialect' (remove the property setting and it will be selected by default)
10:38:51.918 [main] ERROR o.s.o.j.LocalContainerEntityManagerFactoryBean - Failed to initialize JPA EntityManagerFactory: [PersistenceUnit: default] Unable to build Hibernate SessionFactory; nested exception is org.hibernate.MappingException: Could not instantiate id generator [entity-name=com.project.contactsdemo.person.entity.Person]
10:38:51.919 [main] WARN  o.s.b.w.s.c.AnnotationConfigServletWebServerApplicationContext - Exception encountered during context initialization - cancelling refresh attempt: org.springframework.beans.factory.BeanCreationException: Error creating bean with name 'entityManagerFactory' defined in class path resource [org/springframework/boot/autoconfigure/orm/jpa/HibernateJpaConfiguration.class]: [PersistenceUnit: default] Unable to build Hibernate SessionFactory; nested exception is org.hibernate.MappingException: Could not instantiate id generator [entity-name=com.project.contactsdemo.person.entity.Person]
10:38:51.919 [main] INFO  com.zaxxer.hikari.HikariDataSource - HikariPool-1 - Shutdown initiated...
10:38:51.925 [main] INFO  com.zaxxer.hikari.HikariDataSource - HikariPool-1 - Shutdown completed.
10:38:51.930 [main] INFO  o.a.catalina.core.StandardService - Stopping service [Tomcat]
10:38:51.953 [main] INFO  o.s.b.a.l.ConditionEvaluationReportLogger - 

Error starting ApplicationContext. To display the condition evaluation report re-run your application with 'debug' enabled.
10:38:51.977 [main] ERROR o.s.boot.SpringApplication - Application run failed
org.springframework.beans.factory.BeanCreationException: Error creating bean with name 'entityManagerFactory' defined in class path resource [org/springframework/boot/autoconfigure/orm/jpa/HibernateJpaConfiguration.class]: [PersistenceUnit: default] Unable to build Hibernate SessionFactory; nested exception is org.hibernate.MappingException: Could not instantiate id generator [entity-name=com.project.contactsdemo.person.entity.Person]
	at org.springframework.beans.factory.support.AbstractAutowireCapableBeanFactory.initializeBean(AbstractAutowireCapableBeanFactory.java:1788)
	at org.springframework.beans.factory.support.AbstractAutowireCapableBeanFactory.doCreateBean(AbstractAutowireCapableBeanFactory.java:600)
	at org.springframework.beans.factory.support.AbstractAutowireCapableBeanFactory.createBean(AbstractAutowireCapableBeanFactory.java:522)
	at org.springframework.beans.factory.support.AbstractBeanFactory.lambda$doGetBean$0(AbstractBeanFactory.java:337)
	at org.springframework.beans.factory.support.DefaultSingletonBeanRegistry.getSingleton(DefaultSingletonBeanRegistry.java:234)
	at org.springframework.beans.factory.support.AbstractBeanFactory.doGetBean(AbstractBeanFactory.java:335)
	at org.springframework.beans.factory.support.AbstractBeanFactory.getBean(AbstractBeanFactory.java:205)
	at org.springframework.context.support.AbstractApplicationContext.finishBeanFactoryInitialization(AbstractApplicationContext.java:952)
	at org.springframework.context.support.AbstractApplicationContext.refresh(AbstractApplicationContext.java:624)
	at org.springframework.boot.web.servlet.context.ServletWebServerApplicationContext.refresh(ServletWebServerApplicationContext.java:146)
	at org.springframework.boot.SpringApplication.refresh(SpringApplication.java:754)
	at org.springframework.boot.SpringApplication.refreshContext(SpringApplication.java:456)
	at org.springframework.boot.SpringApplication.run(SpringApplication.java:335)
	at org.springframework.boot.SpringApplication.run(SpringApplication.java:1363)
	at org.springframework.boot.SpringApplication.run(SpringApplication.java:1352)
	at com.project.contactsdemo.ContactsdemoApplication.main(ContactsdemoApplication.java:10)
Caused by: jakarta.persistence.PersistenceException: [PersistenceUnit: default] Unable to build Hibernate SessionFactory; nested exception is org.hibernate.MappingException: Could not instantiate id generator [entity-name=com.project.contactsdemo.person.entity.Person]
	at org.springframework.orm.jpa.AbstractEntityManagerFactoryBean.buildNativeEntityManagerFactory(AbstractEntityManagerFactoryBean.java:421)
	at org.springframework.orm.jpa.AbstractEntityManagerFactoryBean.afterPropertiesSet(AbstractEntityManagerFactoryBean.java:396)
	at org.springframework.orm.jpa.LocalContainerEntityManagerFactoryBean.afterPropertiesSet(LocalContainerEntityManagerFactoryBean.java:366)
	at org.springframework.beans.factory.support.AbstractAutowireCapableBeanFactory.invokeInitMethods(AbstractAutowireCapableBeanFactory.java:1835)
	at org.springframework.beans.factory.support.AbstractAutowireCapableBeanFactory.initializeBean(AbstractAutowireCapableBeanFactory.java:1784)
	... 15 common frames omitted
Caused by: org.hibernate.MappingException: Could not instantiate id generator [entity-name=com.project.contactsdemo.person.entity.Person]
	at org.hibernate.id.factory.internal.StandardIdentifierGeneratorFactory.createIdentifierGenerator(StandardIdentifierGeneratorFactory.java:230)
	at org.hibernate.id.factory.internal.IdentifierGeneratorUtil.createLegacyIdentifierGenerator(IdentifierGeneratorUtil.java:127)
	at org.hibernate.mapping.SimpleValue.createGenerator(SimpleValue.java:415)
	at org.hibernate.internal.SessionFactoryImpl.lambda$createGenerators$1(SessionFactoryImpl.java:457)
	at java.base/java.util.stream.ForEachOps$ForEachOp$OfRef.accept(ForEachOps.java:183)
	at java.base/java.util.stream.ReferencePipeline$2$1.accept(ReferencePipeline.java:179)
	at java.base/java.util.HashMap$ValueSpliterator.forEachRemaining(HashMap.java:1779)
	at java.base/java.util.stream.AbstractPipeline.copyInto(AbstractPipeline.java:509)
	at java.base/java.util.stream.AbstractPipeline.wrapAndCopyInto(AbstractPipeline.java:499)
	at java.base/java.util.stream.ForEachOps$ForEachOp.evaluateSequential(ForEachOps.java:150)
	at java.base/java.util.stream.ForEachOps$ForEachOp$OfRef.evaluateSequential(ForEachOps.java:173)
	at java.base/java.util.stream.AbstractPipeline.evaluate(AbstractPipeline.java:234)
	at java.base/java.util.stream.ReferencePipeline.forEach(ReferencePipeline.java:596)
	at org.hibernate.internal.SessionFactoryImpl.createGenerators(SessionFactoryImpl.java:456)
	at org.hibernate.internal.SessionFactoryImpl.<init>(SessionFactoryImpl.java:271)
	at org.hibernate.boot.internal.SessionFactoryBuilderImpl.build(SessionFactoryBuilderImpl.java:450)
	at org.hibernate.jpa.boot.internal.EntityManagerFactoryBuilderImpl.build(EntityManagerFactoryBuilderImpl.java:1507)
	at org.springframework.orm.jpa.vendor.SpringHibernateJpaPersistenceProvider.createContainerEntityManagerFactory(SpringHibernateJpaPersistenceProvider.java:75)
	at org.springframework.orm.jpa.LocalContainerEntityManagerFactoryBean.createNativeEntityManagerFactory(LocalContainerEntityManagerFactoryBean.java:390)
	at org.springframework.orm.jpa.AbstractEntityManagerFactoryBean.buildNativeEntityManagerFactory(AbstractEntityManagerFactoryBean.java:409)
	... 19 common frames omitted
Caused by: org.hibernate.MappingException: The increment size of the [person_id_seq] sequence is set to [50] in the entity mapping while the associated database sequence increment size is [1].
	at org.hibernate.id.enhanced.SequenceStyleGenerator.adjustIncrementSize(SequenceStyleGenerator.java:265)
	at org.hibernate.id.enhanced.SequenceStyleGenerator.configure(SequenceStyleGenerator.java:207)
	at org.hibernate.id.factory.internal.StandardIdentifierGeneratorFactory.createIdentifierGenerator(StandardIdentifierGeneratorFactory.java:224)
	... 38 common frames omitted
10:39:27.344 [background-preinit] INFO  o.h.validator.internal.util.Version - HV000001: Hibernate Validator 8.0.1.Final
10:39:27.413 [main] INFO  c.p.c.ContactsdemoApplication - Starting ContactsdemoApplication using Java 17.0.12 with PID 19868 (C:\Ayse Ceren - crud projects\contactsdemo\build\classes\java\main started by 16381136672 in C:\Ayse Ceren - crud projects\contactsdemo)
10:39:27.415 [main] INFO  c.p.c.ContactsdemoApplication - No active profile set, falling back to 1 default profile: "default"
10:39:29.010 [main] INFO  o.s.d.r.c.RepositoryConfigurationDelegate - Bootstrapping Spring Data JPA repositories in DEFAULT mode.
10:39:29.100 [main] INFO  o.s.d.r.c.RepositoryConfigurationDelegate - Finished Spring Data repository scanning in 81 ms. Found 2 JPA repository interfaces.
10:39:30.056 [main] INFO  o.s.b.w.e.tomcat.TomcatWebServer - Tomcat initialized with port 8080 (http)
10:39:30.078 [main] INFO  o.a.coyote.http11.Http11NioProtocol - Initializing ProtocolHandler ["http-nio-8080"]
10:39:30.081 [main] INFO  o.a.catalina.core.StandardService - Starting service [Tomcat]
10:39:30.083 [main] INFO  o.a.catalina.core.StandardEngine - Starting Servlet engine: [Apache Tomcat/10.1.25]
10:39:30.202 [main] INFO  o.a.c.c.C.[Tomcat].[localhost].[/] - Initializing Spring embedded WebApplicationContext
10:39:30.203 [main] INFO  o.s.b.w.s.c.ServletWebServerApplicationContext - Root WebApplicationContext: initialization completed in 2711 ms
10:39:30.468 [main] INFO  com.zaxxer.hikari.HikariDataSource - HikariPool-1 - Starting...
10:39:30.661 [main] INFO  com.zaxxer.hikari.pool.HikariPool - HikariPool-1 - Added connection org.postgresql.jdbc.PgConnection@5835e24a
10:39:30.664 [main] INFO  com.zaxxer.hikari.HikariDataSource - HikariPool-1 - Start completed.
10:39:31.478 [main] INFO  liquibase.changelog - Reading from public.databasechangelog
10:39:31.548 [main] INFO  liquibase.changelog - Reading from public.databasechangelog
10:39:31.560 [main] INFO  liquibase.util - UPDATE SUMMARY
10:39:31.560 [main] INFO  liquibase.util - Run:                          0
10:39:31.561 [main] INFO  liquibase.util - Previously run:               2
10:39:31.561 [main] INFO  liquibase.util - Filtered out:                 0
10:39:31.561 [main] INFO  liquibase.util - -------------------------------
10:39:31.561 [main] INFO  liquibase.util - Total change sets:            2
10:39:31.561 [main] INFO  liquibase.util - Update summary generated
10:39:31.604 [main] INFO  liquibase.lockservice - Successfully released change log lock
10:39:31.608 [main] INFO  liquibase.command - Command execution complete
10:39:31.719 [main] INFO  o.h.jpa.internal.util.LogHelper - HHH000204: Processing PersistenceUnitInfo [name: default]
10:39:31.787 [main] INFO  org.hibernate.Version - HHH000412: Hibernate ORM core version 6.4.9.Final
10:39:31.839 [main] INFO  o.h.c.i.RegionFactoryInitiator - HHH000026: Second-level cache disabled
10:39:32.124 [main] INFO  o.s.o.j.p.SpringPersistenceUnitInfo - No LoadTimeWeaver setup: ignoring JPA class transformer
10:39:32.182 [main] WARN  org.hibernate.orm.deprecation - HHH90000025: PostgreSQLDialect does not need to be specified explicitly using 'hibernate.dialect' (remove the property setting and it will be selected by default)
10:39:33.376 [main] INFO  o.s.o.j.LocalContainerEntityManagerFactoryBean - Initialized JPA EntityManagerFactory for persistence unit 'default'
10:39:33.544 [main] WARN  c.h.i.impl.HazelcastInstanceFactory - Hazelcast is starting in a Java modular environment (Java 9 and newer) but without proper access to required Java packages. Use additional Java arguments to provide Hazelcast access to Java internal API. The internal API access is used to get the best performance results. Arguments to be used:
 --add-modules java.se --add-exports java.base/jdk.internal.ref=ALL-UNNAMED --add-opens java.base/java.lang=ALL-UNNAMED --add-opens java.base/java.nio=ALL-UNNAMED --add-opens java.base/sun.nio.ch=ALL-UNNAMED --add-opens java.management/sun.management=ALL-UNNAMED --add-opens jdk.management/com.sun.management.internal=ALL-UNNAMED
10:39:33.547 [main] INFO  c.h.i.config.AbstractConfigLocator - Loading 'hazelcast-default.xml' from the classpath.
10:39:33.943 [main] INFO  c.hazelcast.instance.AddressPicker - [LOCAL] [dev] [4.1] Prefer IPv4 stack is true, prefer IPv6 addresses is false
10:39:33.972 [main] INFO  c.hazelcast.instance.AddressPicker - [LOCAL] [dev] [4.1] Picked [10.251.34.15]:5701, using socket ServerSocket[addr=/0:0:0:0:0:0:0:0,localport=5701], bind any local is true
10:39:33.999 [main] INFO  com.hazelcast.system - [10.251.34.15]:5701 [dev] [4.1] Hazelcast 4.0.1 (20200409 - e086b9c) starting at [10.251.34.15]:5701
10:39:34.000 [main] INFO  com.hazelcast.system - [10.251.34.15]:5701 [dev] [4.1] Copyright (c) 2008-2020, Hazelcast, Inc. All Rights Reserved.
10:39:34.198 [main] INFO  c.h.s.i.o.impl.BackpressureRegulator - [10.251.34.15]:5701 [dev] [4.1] Backpressure is disabled
10:39:34.444 [main] INFO  com.hazelcast.instance.impl.Node - [10.251.34.15]:5701 [dev] [4.1] Creating MulticastJoiner
10:39:34.449 [main] WARN  com.hazelcast.cp.CPSubsystem - [10.251.34.15]:5701 [dev] [4.1] CP Subsystem is not enabled. CP data structures will operate in UNSAFE mode! Please note that UNSAFE mode will not provide strong consistency guarantees.
10:39:34.761 [main] INFO  c.h.s.i.o.impl.OperationExecutorImpl - [10.251.34.15]:5701 [dev] [4.1] Starting 16 partition threads and 9 generic threads (1 dedicated for priority tasks)
10:39:34.776 [main] INFO  c.h.internal.diagnostics.Diagnostics - [10.251.34.15]:5701 [dev] [4.1] Diagnostics disabled. To enable add -Dhazelcast.diagnostics.enabled=true to the JVM arguments.
10:39:34.783 [main] INFO  com.hazelcast.core.LifecycleService - [10.251.34.15]:5701 [dev] [4.1] [10.251.34.15]:5701 is STARTING
10:39:37.633 [main] INFO  c.h.internal.cluster.ClusterService - [10.251.34.15]:5701 [dev] [4.1] 

Members {size:1, ver:1} [
	Member [10.251.34.15]:5701 - e0648c79-989b-4b39-90e5-4f5b17974b44 this
]

10:39:37.649 [main] INFO  com.hazelcast.core.LifecycleService - [10.251.34.15]:5701 [dev] [4.1] [10.251.34.15]:5701 is STARTED
10:39:37.718 [main] INFO  c.h.c.i.spi.ClientInvocationService - training-instance [dev] [4.1] [4.0.1] Running with 2 response threads, dynamic=true
10:39:37.755 [main] INFO  com.hazelcast.core.LifecycleService - training-instance [dev] [4.1] [4.0.1] HazelcastClient 4.0.1 (20200409 - e086b9c) is STARTING
10:39:37.757 [main] INFO  com.hazelcast.core.LifecycleService - training-instance [dev] [4.1] [4.0.1] HazelcastClient 4.0.1 (20200409 - e086b9c) is STARTED
10:39:37.784 [main] INFO  c.h.c.i.c.ClientConnectionManager - training-instance [dev] [4.1] [4.0.1] Trying to connect to cluster: dev
10:39:37.787 [main] INFO  c.h.c.i.c.ClientConnectionManager - training-instance [dev] [4.1] [4.0.1] Trying to connect to [127.0.0.1]:5701
10:39:37.816 [hz.cool_curie.priority-generic-operation.thread-0] INFO  c.h.c.i.p.t.AuthenticationMessageTask - [10.251.34.15]:5701 [dev] [4.1] Received auth from Connection[id=1, /127.0.0.1:5701->/127.0.0.1:53112, qualifier=null, endpoint=[127.0.0.1]:53112, alive=true, connectionType=JVM], successfully authenticated, clientUuid: d15d6cfa-b5c6-437c-8533-387cc08d7338, client version: 4.0.1
10:39:37.820 [main] INFO  com.hazelcast.core.LifecycleService - training-instance [dev] [4.1] [4.0.1] HazelcastClient 4.0.1 (20200409 - e086b9c) is CLIENT_CONNECTED
10:39:37.821 [main] INFO  c.h.c.i.c.ClientConnectionManager - training-instance [dev] [4.1] [4.0.1] Authenticated with server [10.251.34.15]:5701:e0648c79-989b-4b39-90e5-4f5b17974b44, server version: 4.0.1, local address: /127.0.0.1:53112
10:39:37.826 [main] INFO  c.h.internal.diagnostics.Diagnostics - training-instance [dev] [4.1] [4.0.1] Diagnostics disabled. To enable add -Dhazelcast.diagnostics.enabled=true to the JVM arguments.
10:39:37.832 [training-instance.event-9] INFO  c.h.c.impl.spi.ClientClusterService - training-instance [dev] [4.1] [4.0.1] 

Members [1] {
	Member [10.251.34.15]:5701 - e0648c79-989b-4b39-90e5-4f5b17974b44
}

10:39:37.874 [main] INFO  c.h.c.i.s.ClientStatisticsService - Client statistics is enabled with period 5 seconds.
10:39:38.093 [main] WARN  o.s.b.a.o.j.JpaBaseConfiguration$JpaWebConfiguration - spring.jpa.open-in-view is enabled by default. Therefore, database queries may be performed during view rendering. Explicitly configure spring.jpa.open-in-view to disable this warning
10:39:39.223 [main] INFO  o.s.d.j.r.query.QueryEnhancerFactory - Hibernate is in classpath; If applicable, HQL parser will be used.
10:39:39.720 [main] INFO  o.s.b.a.e.web.EndpointLinksResolver - Exposing 1 endpoint(s) beneath base path '/actuator'
10:39:39.765 [main] INFO  o.a.coyote.http11.Http11NioProtocol - Starting ProtocolHandler ["http-nio-8080"]
10:39:39.793 [main] INFO  o.s.b.w.e.tomcat.TomcatWebServer - Tomcat started on port 8080 (http) with context path ''
10:39:39.810 [main] INFO  c.p.c.ContactsdemoApplication - Started ContactsdemoApplication in 13.085 seconds (process running for 14.617)
10:39:40.315 [RMI TCP Connection(2)-10.251.34.15] INFO  o.a.c.c.C.[Tomcat].[localhost].[/] - Initializing Spring DispatcherServlet 'dispatcherServlet'
10:39:40.315 [RMI TCP Connection(2)-10.251.34.15] INFO  o.s.web.servlet.DispatcherServlet - Initializing Servlet 'dispatcherServlet'
10:39:40.317 [RMI TCP Connection(2)-10.251.34.15] INFO  o.s.web.servlet.DispatcherServlet - Completed initialization in 2 ms
10:41:14.177 [http-nio-8080-exec-2] INFO  c.p.c.f.HeadersLoggingFilter - Header content-type=0:0:0:0:0:0:0:1, IP = content-type
10:41:14.177 [http-nio-8080-exec-2] INFO  c.p.c.f.HeadersLoggingFilter - Header user-agent=0:0:0:0:0:0:0:1, IP = user-agent
10:41:14.177 [http-nio-8080-exec-2] INFO  c.p.c.f.HeadersLoggingFilter - Header accept=0:0:0:0:0:0:0:1, IP = accept
10:41:14.178 [http-nio-8080-exec-2] INFO  c.p.c.f.HeadersLoggingFilter - Header postman-token=0:0:0:0:0:0:0:1, IP = postman-token
10:41:14.178 [http-nio-8080-exec-2] INFO  c.p.c.f.HeadersLoggingFilter - Header host=0:0:0:0:0:0:0:1, IP = host
10:41:14.178 [http-nio-8080-exec-2] INFO  c.p.c.f.HeadersLoggingFilter - Header accept-encoding=0:0:0:0:0:0:0:1, IP = accept-encoding
10:41:14.178 [http-nio-8080-exec-2] INFO  c.p.c.f.HeadersLoggingFilter - Header connection=0:0:0:0:0:0:0:1, IP = connection
10:41:14.178 [http-nio-8080-exec-2] INFO  c.p.c.f.HeadersLoggingFilter - Header content-length=0:0:0:0:0:0:0:1, IP = content-length
10:41:14.178 [http-nio-8080-exec-2] INFO  c.p.c.loggingfilter.LoggingFilter - Request: Method=POST, URI=/api/savePerson, Headers=content-type=application/json; user-agent=PostmanRuntime/7.43.2; accept=*/*; postman-token=41a331ee-b6c5-4fad-a62c-2d65ba409e18; host=localhost:8080; accept-encoding=gzip, deflate, br; connection=keep-alive; content-length=213; , Request ID: abb366c7-d52d-4e67-834e-5bdb69407642, Request IP  =0:0:0:0:0:0:0:1
10:41:14.456 [http-nio-8080-exec-2] WARN  o.h.e.jdbc.spi.SqlExceptionHelper - SQL Error: 0, SQLState: 42P01
10:41:14.457 [http-nio-8080-exec-2] ERROR o.h.e.jdbc.spi.SqlExceptionHelper - ERROR: relation "person_id_seq" does not exist
  Position: 16
10:41:14.495 [http-nio-8080-exec-2] INFO  c.p.c.loggingfilter.LoggingFilter - Response: Status=500, URI=/api/savePerson, Duration (Response Time)=317ms, Headers=[Content-Type, Transfer-Encoding, Date, Connection], Payload = org.apache.catalina.connector.ResponseFacade@43cdb133
10:44:12.706 [hz.ShutdownThread] INFO  com.hazelcast.instance.impl.Node - [10.251.34.15]:5701 [dev] [4.1] Running shutdown hook... Current state: ACTIVE
10:44:12.930 [SpringApplicationShutdownHook] INFO  o.s.o.j.LocalContainerEntityManagerFactoryBean - Closing JPA EntityManagerFactory for persistence unit 'default'
10:44:12.933 [SpringApplicationShutdownHook] INFO  com.zaxxer.hikari.HikariDataSource - HikariPool-1 - Shutdown initiated...
10:44:12.936 [SpringApplicationShutdownHook] INFO  com.zaxxer.hikari.HikariDataSource - HikariPool-1 - Shutdown completed.
10:44:17.368 [background-preinit] INFO  o.h.validator.internal.util.Version - HV000001: Hibernate Validator 8.0.1.Final
10:44:17.435 [main] INFO  c.p.c.ContactsdemoApplication - Starting ContactsdemoApplication using Java 17.0.12 with PID 26556 (C:\Ayse Ceren - crud projects\contactsdemo\build\classes\java\main started by 16381136672 in C:\Ayse Ceren - crud projects\contactsdemo)
10:44:17.436 [main] INFO  c.p.c.ContactsdemoApplication - No active profile set, falling back to 1 default profile: "default"
10:44:18.871 [main] INFO  o.s.d.r.c.RepositoryConfigurationDelegate - Bootstrapping Spring Data JPA repositories in DEFAULT mode.
10:44:18.965 [main] INFO  o.s.d.r.c.RepositoryConfigurationDelegate - Finished Spring Data repository scanning in 86 ms. Found 2 JPA repository interfaces.
10:44:19.821 [main] INFO  o.s.b.w.e.tomcat.TomcatWebServer - Tomcat initialized with port 8080 (http)
10:44:19.831 [main] INFO  o.a.coyote.http11.Http11NioProtocol - Initializing ProtocolHandler ["http-nio-8080"]
10:44:19.832 [main] INFO  o.a.catalina.core.StandardService - Starting service [Tomcat]
10:44:19.833 [main] INFO  o.a.catalina.core.StandardEngine - Starting Servlet engine: [Apache Tomcat/10.1.25]
10:44:19.926 [main] INFO  o.a.c.c.C.[Tomcat].[localhost].[/] - Initializing Spring embedded WebApplicationContext
10:44:19.926 [main] INFO  o.s.b.w.s.c.ServletWebServerApplicationContext - Root WebApplicationContext: initialization completed in 2415 ms
10:44:20.146 [main] INFO  com.zaxxer.hikari.HikariDataSource - HikariPool-1 - Starting...
10:44:20.307 [main] INFO  com.zaxxer.hikari.pool.HikariPool - HikariPool-1 - Added connection org.postgresql.jdbc.PgConnection@58b97c15
10:44:20.309 [main] INFO  com.zaxxer.hikari.HikariDataSource - HikariPool-1 - Start completed.
10:44:21.009 [main] INFO  liquibase.changelog - Reading from public.databasechangelog
10:44:21.081 [main] INFO  liquibase.changelog - Change failed validation!
10:44:21.085 [main] INFO  liquibase.command - Command execution complete
10:44:21.088 [main] WARN  o.s.b.w.s.c.AnnotationConfigServletWebServerApplicationContext - Exception encountered during context initialization - cancelling refresh attempt: org.springframework.beans.factory.BeanCreationException: Error creating bean with name 'entityManagerFactory' defined in class path resource [org/springframework/boot/autoconfigure/orm/jpa/HibernateJpaConfiguration.class]: Failed to initialize dependency 'liquibase' of LoadTimeWeaverAware bean 'entityManagerFactory': Error creating bean with name 'liquibase' defined in class path resource [org/springframework/boot/autoconfigure/liquibase/LiquibaseAutoConfiguration$LiquibaseConfiguration.class]: liquibase.exception.ValidationFailedException: Validation Failed:
     2 changesets check sum
          db/script/person.xml::202503201251::16381136672 was: 9:af77dc516fb9d7e171db928f372cec5b but is now: 9:474da6665d0346fbb7a802ee63ace5d1
          db/script/contact.xml::202503201156::16381136672 was: 9:7e5a33b69eb106ebcc465359056fbf89 but is now: 9:df963d954ded70fee6b793cf422a4406

10:44:21.089 [main] INFO  com.zaxxer.hikari.HikariDataSource - HikariPool-1 - Shutdown initiated...
10:44:21.093 [main] INFO  com.zaxxer.hikari.HikariDataSource - HikariPool-1 - Shutdown completed.
10:44:21.098 [main] INFO  o.a.catalina.core.StandardService - Stopping service [Tomcat]
10:44:21.118 [main] INFO  o.s.b.a.l.ConditionEvaluationReportLogger - 

Error starting ApplicationContext. To display the condition evaluation report re-run your application with 'debug' enabled.
10:44:21.137 [main] ERROR o.s.boot.SpringApplication - Application run failed
org.springframework.beans.factory.BeanCreationException: Error creating bean with name 'entityManagerFactory' defined in class path resource [org/springframework/boot/autoconfigure/orm/jpa/HibernateJpaConfiguration.class]: Failed to initialize dependency 'liquibase' of LoadTimeWeaverAware bean 'entityManagerFactory': Error creating bean with name 'liquibase' defined in class path resource [org/springframework/boot/autoconfigure/liquibase/LiquibaseAutoConfiguration$LiquibaseConfiguration.class]: liquibase.exception.ValidationFailedException: Validation Failed:
     2 changesets check sum
          db/script/person.xml::202503201251::16381136672 was: 9:af77dc516fb9d7e171db928f372cec5b but is now: 9:474da6665d0346fbb7a802ee63ace5d1
          db/script/contact.xml::202503201156::16381136672 was: 9:7e5a33b69eb106ebcc465359056fbf89 but is now: 9:df963d954ded70fee6b793cf422a4406

	at org.springframework.beans.factory.support.AbstractBeanFactory.doGetBean(AbstractBeanFactory.java:326)
	at org.springframework.beans.factory.support.AbstractBeanFactory.getBean(AbstractBeanFactory.java:205)
	at org.springframework.context.support.AbstractApplicationContext.finishBeanFactoryInitialization(AbstractApplicationContext.java:952)
	at org.springframework.context.support.AbstractApplicationContext.refresh(AbstractApplicationContext.java:624)
	at org.springframework.boot.web.servlet.context.ServletWebServerApplicationContext.refresh(ServletWebServerApplicationContext.java:146)
	at org.springframework.boot.SpringApplication.refresh(SpringApplication.java:754)
	at org.springframework.boot.SpringApplication.refreshContext(SpringApplication.java:456)
	at org.springframework.boot.SpringApplication.run(SpringApplication.java:335)
	at org.springframework.boot.SpringApplication.run(SpringApplication.java:1363)
	at org.springframework.boot.SpringApplication.run(SpringApplication.java:1352)
	at com.project.contactsdemo.ContactsdemoApplication.main(ContactsdemoApplication.java:10)
Caused by: org.springframework.beans.factory.BeanCreationException: Error creating bean with name 'liquibase' defined in class path resource [org/springframework/boot/autoconfigure/liquibase/LiquibaseAutoConfiguration$LiquibaseConfiguration.class]: liquibase.exception.ValidationFailedException: Validation Failed:
     2 changesets check sum
          db/script/person.xml::202503201251::16381136672 was: 9:af77dc516fb9d7e171db928f372cec5b but is now: 9:474da6665d0346fbb7a802ee63ace5d1
          db/script/contact.xml::202503201156::16381136672 was: 9:7e5a33b69eb106ebcc465359056fbf89 but is now: 9:df963d954ded70fee6b793cf422a4406

	at org.springframework.beans.factory.support.AbstractAutowireCapableBeanFactory.initializeBean(AbstractAutowireCapableBeanFactory.java:1788)
	at org.springframework.beans.factory.support.AbstractAutowireCapableBeanFactory.doCreateBean(AbstractAutowireCapableBeanFactory.java:600)
	at org.springframework.beans.factory.support.AbstractAutowireCapableBeanFactory.createBean(AbstractAutowireCapableBeanFactory.java:522)
	at org.springframework.beans.factory.support.AbstractBeanFactory.lambda$doGetBean$0(AbstractBeanFactory.java:337)
	at org.springframework.beans.factory.support.DefaultSingletonBeanRegistry.getSingleton(DefaultSingletonBeanRegistry.java:234)
	at org.springframework.beans.factory.support.AbstractBeanFactory.doGetBean(AbstractBeanFactory.java:335)
	at org.springframework.beans.factory.support.AbstractBeanFactory.getBean(AbstractBeanFactory.java:200)
	at org.springframework.beans.factory.support.AbstractBeanFactory.doGetBean(AbstractBeanFactory.java:313)
	... 10 common frames omitted
Caused by: liquibase.exception.CommandExecutionException: liquibase.exception.ValidationFailedException: Validation Failed:
     2 changesets check sum
          db/script/person.xml::202503201251::16381136672 was: 9:af77dc516fb9d7e171db928f372cec5b but is now: 9:474da6665d0346fbb7a802ee63ace5d1
          db/script/contact.xml::202503201156::16381136672 was: 9:7e5a33b69eb106ebcc465359056fbf89 but is now: 9:df963d954ded70fee6b793cf422a4406

	at liquibase.command.CommandScope.execute(CommandScope.java:237)
	at liquibase.Liquibase.lambda$update$0(Liquibase.java:222)
	at liquibase.Scope.lambda$child$0(Scope.java:184)
	at liquibase.Scope.child(Scope.java:193)
	at liquibase.Scope.child(Scope.java:183)
	at liquibase.Scope.child(Scope.java:162)
	at liquibase.Liquibase.runInScope(Liquibase.java:1371)
	at liquibase.Liquibase.update(Liquibase.java:211)
	at liquibase.Liquibase.update(Liquibase.java:193)
	at liquibase.integration.spring.SpringLiquibase.performUpdate(SpringLiquibase.java:331)
	at liquibase.integration.spring.SpringLiquibase.afterPropertiesSet(SpringLiquibase.java:286)
	at org.springframework.beans.factory.support.AbstractAutowireCapableBeanFactory.invokeInitMethods(AbstractAutowireCapableBeanFactory.java:1835)
	at org.springframework.beans.factory.support.AbstractAutowireCapableBeanFactory.initializeBean(AbstractAutowireCapableBeanFactory.java:1784)
	... 17 common frames omitted
Caused by: liquibase.exception.ValidationFailedException: Validation Failed:
     2 changesets check sum
          db/script/person.xml::202503201251::16381136672 was: 9:af77dc516fb9d7e171db928f372cec5b but is now: 9:474da6665d0346fbb7a802ee63ace5d1
          db/script/contact.xml::202503201156::16381136672 was: 9:7e5a33b69eb106ebcc465359056fbf89 but is now: 9:df963d954ded70fee6b793cf422a4406

	at liquibase.changelog.DatabaseChangeLog.validate(DatabaseChangeLog.java:353)
	at liquibase.command.core.helpers.DatabaseChangelogCommandStep.run(DatabaseChangelogCommandStep.java:92)
	at liquibase.command.CommandScope.execute(CommandScope.java:214)
	... 29 common frames omitted
10:46:35.698 [background-preinit] INFO  o.h.validator.internal.util.Version - HV000001: Hibernate Validator 8.0.1.Final
10:46:35.756 [main] INFO  c.p.c.ContactsdemoApplication - Starting ContactsdemoApplication using Java 17.0.12 with PID 26208 (C:\Ayse Ceren - crud projects\contactsdemo\build\classes\java\main started by 16381136672 in C:\Ayse Ceren - crud projects\contactsdemo)
10:46:35.757 [main] INFO  c.p.c.ContactsdemoApplication - No active profile set, falling back to 1 default profile: "default"
10:46:37.113 [main] INFO  o.s.d.r.c.RepositoryConfigurationDelegate - Bootstrapping Spring Data JPA repositories in DEFAULT mode.
10:46:37.191 [main] INFO  o.s.d.r.c.RepositoryConfigurationDelegate - Finished Spring Data repository scanning in 69 ms. Found 2 JPA repository interfaces.
10:46:37.984 [main] INFO  o.s.b.w.e.tomcat.TomcatWebServer - Tomcat initialized with port 8080 (http)
10:46:37.995 [main] INFO  o.a.coyote.http11.Http11NioProtocol - Initializing ProtocolHandler ["http-nio-8080"]
10:46:37.997 [main] INFO  o.a.catalina.core.StandardService - Starting service [Tomcat]
10:46:37.997 [main] INFO  o.a.catalina.core.StandardEngine - Starting Servlet engine: [Apache Tomcat/10.1.25]
10:46:38.080 [main] INFO  o.a.c.c.C.[Tomcat].[localhost].[/] - Initializing Spring embedded WebApplicationContext
10:46:38.081 [main] INFO  o.s.b.w.s.c.ServletWebServerApplicationContext - Root WebApplicationContext: initialization completed in 2266 ms
10:46:38.296 [main] INFO  com.zaxxer.hikari.HikariDataSource - HikariPool-1 - Starting...
10:46:38.467 [main] INFO  com.zaxxer.hikari.pool.HikariPool - HikariPool-1 - Added connection org.postgresql.jdbc.PgConnection@5238896f
10:46:38.469 [main] INFO  com.zaxxer.hikari.HikariDataSource - HikariPool-1 - Start completed.
10:46:39.173 [main] INFO  liquibase.changelog - Reading from public.databasechangelog
10:46:39.311 [main] INFO  liquibase.lockservice - Successfully acquired change log lock
10:46:39.314 [main] INFO  liquibase.command - Using deploymentId: 2543199314
10:46:39.317 [main] INFO  liquibase.changelog - Reading from public.databasechangelog
10:46:39.357 [main] INFO  liquibase.changelog - Sequence person_id_seq created
10:46:39.364 [main] INFO  liquibase.changelog - Table person created
10:46:39.368 [main] INFO  liquibase.changelog - ChangeSet db/script/person.xml::202503211046::16381136672 ran successfully in 19ms
10:46:39.388 [main] INFO  liquibase.changelog - Sequence contact_id_seq created
10:46:39.392 [main] INFO  liquibase.changelog - Table contact created
10:46:39.397 [main] INFO  liquibase.changelog - ChangeSet db/script/contact.xml::202503211046::16381136672 ran successfully in 14ms
10:46:39.409 [main] INFO  liquibase.util - UPDATE SUMMARY
10:46:39.410 [main] INFO  liquibase.util - Run:                          2
10:46:39.410 [main] INFO  liquibase.util - Previously run:               0
10:46:39.410 [main] INFO  liquibase.util - Filtered out:                 0
10:46:39.410 [main] INFO  liquibase.util - -------------------------------
10:46:39.410 [main] INFO  liquibase.util - Total change sets:            2
10:46:39.410 [main] INFO  liquibase.util - Update summary generated
10:46:39.412 [main] INFO  liquibase.command - Update command completed successfully.
10:46:39.421 [main] INFO  liquibase.lockservice - Successfully released change log lock
10:46:39.423 [main] INFO  liquibase.command - Command execution complete
10:46:39.520 [main] INFO  o.h.jpa.internal.util.LogHelper - HHH000204: Processing PersistenceUnitInfo [name: default]
10:46:39.585 [main] INFO  org.hibernate.Version - HHH000412: Hibernate ORM core version 6.4.9.Final
10:46:39.622 [main] INFO  o.h.c.i.RegionFactoryInitiator - HHH000026: Second-level cache disabled
10:46:39.879 [main] INFO  o.s.o.j.p.SpringPersistenceUnitInfo - No LoadTimeWeaver setup: ignoring JPA class transformer
10:46:39.929 [main] WARN  org.hibernate.orm.deprecation - HHH90000025: PostgreSQLDialect does not need to be specified explicitly using 'hibernate.dialect' (remove the property setting and it will be selected by default)
10:46:40.327 [main] ERROR o.s.o.j.LocalContainerEntityManagerFactoryBean - Failed to initialize JPA EntityManagerFactory: [PersistenceUnit: default] Unable to build Hibernate SessionFactory; nested exception is org.hibernate.MappingException: Could not instantiate id generator [entity-name=com.project.contactsdemo.person.entity.Person]
10:46:40.328 [main] WARN  o.s.b.w.s.c.AnnotationConfigServletWebServerApplicationContext - Exception encountered during context initialization - cancelling refresh attempt: org.springframework.beans.factory.BeanCreationException: Error creating bean with name 'entityManagerFactory' defined in class path resource [org/springframework/boot/autoconfigure/orm/jpa/HibernateJpaConfiguration.class]: [PersistenceUnit: default] Unable to build Hibernate SessionFactory; nested exception is org.hibernate.MappingException: Could not instantiate id generator [entity-name=com.project.contactsdemo.person.entity.Person]
10:46:40.329 [main] INFO  com.zaxxer.hikari.HikariDataSource - HikariPool-1 - Shutdown initiated...
10:46:40.333 [main] INFO  com.zaxxer.hikari.HikariDataSource - HikariPool-1 - Shutdown completed.
10:46:40.336 [main] INFO  o.a.catalina.core.StandardService - Stopping service [Tomcat]
10:46:40.357 [main] INFO  o.s.b.a.l.ConditionEvaluationReportLogger - 

Error starting ApplicationContext. To display the condition evaluation report re-run your application with 'debug' enabled.
10:46:40.377 [main] ERROR o.s.boot.SpringApplication - Application run failed
org.springframework.beans.factory.BeanCreationException: Error creating bean with name 'entityManagerFactory' defined in class path resource [org/springframework/boot/autoconfigure/orm/jpa/HibernateJpaConfiguration.class]: [PersistenceUnit: default] Unable to build Hibernate SessionFactory; nested exception is org.hibernate.MappingException: Could not instantiate id generator [entity-name=com.project.contactsdemo.person.entity.Person]
	at org.springframework.beans.factory.support.AbstractAutowireCapableBeanFactory.initializeBean(AbstractAutowireCapableBeanFactory.java:1788)
	at org.springframework.beans.factory.support.AbstractAutowireCapableBeanFactory.doCreateBean(AbstractAutowireCapableBeanFactory.java:600)
	at org.springframework.beans.factory.support.AbstractAutowireCapableBeanFactory.createBean(AbstractAutowireCapableBeanFactory.java:522)
	at org.springframework.beans.factory.support.AbstractBeanFactory.lambda$doGetBean$0(AbstractBeanFactory.java:337)
	at org.springframework.beans.factory.support.DefaultSingletonBeanRegistry.getSingleton(DefaultSingletonBeanRegistry.java:234)
	at org.springframework.beans.factory.support.AbstractBeanFactory.doGetBean(AbstractBeanFactory.java:335)
	at org.springframework.beans.factory.support.AbstractBeanFactory.getBean(AbstractBeanFactory.java:205)
	at org.springframework.context.support.AbstractApplicationContext.finishBeanFactoryInitialization(AbstractApplicationContext.java:952)
	at org.springframework.context.support.AbstractApplicationContext.refresh(AbstractApplicationContext.java:624)
	at org.springframework.boot.web.servlet.context.ServletWebServerApplicationContext.refresh(ServletWebServerApplicationContext.java:146)
	at org.springframework.boot.SpringApplication.refresh(SpringApplication.java:754)
	at org.springframework.boot.SpringApplication.refreshContext(SpringApplication.java:456)
	at org.springframework.boot.SpringApplication.run(SpringApplication.java:335)
	at org.springframework.boot.SpringApplication.run(SpringApplication.java:1363)
	at org.springframework.boot.SpringApplication.run(SpringApplication.java:1352)
	at com.project.contactsdemo.ContactsdemoApplication.main(ContactsdemoApplication.java:10)
Caused by: jakarta.persistence.PersistenceException: [PersistenceUnit: default] Unable to build Hibernate SessionFactory; nested exception is org.hibernate.MappingException: Could not instantiate id generator [entity-name=com.project.contactsdemo.person.entity.Person]
	at org.springframework.orm.jpa.AbstractEntityManagerFactoryBean.buildNativeEntityManagerFactory(AbstractEntityManagerFactoryBean.java:421)
	at org.springframework.orm.jpa.AbstractEntityManagerFactoryBean.afterPropertiesSet(AbstractEntityManagerFactoryBean.java:396)
	at org.springframework.orm.jpa.LocalContainerEntityManagerFactoryBean.afterPropertiesSet(LocalContainerEntityManagerFactoryBean.java:366)
	at org.springframework.beans.factory.support.AbstractAutowireCapableBeanFactory.invokeInitMethods(AbstractAutowireCapableBeanFactory.java:1835)
	at org.springframework.beans.factory.support.AbstractAutowireCapableBeanFactory.initializeBean(AbstractAutowireCapableBeanFactory.java:1784)
	... 15 common frames omitted
Caused by: org.hibernate.MappingException: Could not instantiate id generator [entity-name=com.project.contactsdemo.person.entity.Person]
	at org.hibernate.id.factory.internal.StandardIdentifierGeneratorFactory.createIdentifierGenerator(StandardIdentifierGeneratorFactory.java:230)
	at org.hibernate.id.factory.internal.IdentifierGeneratorUtil.createLegacyIdentifierGenerator(IdentifierGeneratorUtil.java:127)
	at org.hibernate.mapping.SimpleValue.createGenerator(SimpleValue.java:415)
	at org.hibernate.internal.SessionFactoryImpl.lambda$createGenerators$1(SessionFactoryImpl.java:457)
	at java.base/java.util.stream.ForEachOps$ForEachOp$OfRef.accept(ForEachOps.java:183)
	at java.base/java.util.stream.ReferencePipeline$2$1.accept(ReferencePipeline.java:179)
	at java.base/java.util.HashMap$ValueSpliterator.forEachRemaining(HashMap.java:1779)
	at java.base/java.util.stream.AbstractPipeline.copyInto(AbstractPipeline.java:509)
	at java.base/java.util.stream.AbstractPipeline.wrapAndCopyInto(AbstractPipeline.java:499)
	at java.base/java.util.stream.ForEachOps$ForEachOp.evaluateSequential(ForEachOps.java:150)
	at java.base/java.util.stream.ForEachOps$ForEachOp$OfRef.evaluateSequential(ForEachOps.java:173)
	at java.base/java.util.stream.AbstractPipeline.evaluate(AbstractPipeline.java:234)
	at java.base/java.util.stream.ReferencePipeline.forEach(ReferencePipeline.java:596)
	at org.hibernate.internal.SessionFactoryImpl.createGenerators(SessionFactoryImpl.java:456)
	at org.hibernate.internal.SessionFactoryImpl.<init>(SessionFactoryImpl.java:271)
	at org.hibernate.boot.internal.SessionFactoryBuilderImpl.build(SessionFactoryBuilderImpl.java:450)
	at org.hibernate.jpa.boot.internal.EntityManagerFactoryBuilderImpl.build(EntityManagerFactoryBuilderImpl.java:1507)
	at org.springframework.orm.jpa.vendor.SpringHibernateJpaPersistenceProvider.createContainerEntityManagerFactory(SpringHibernateJpaPersistenceProvider.java:75)
	at org.springframework.orm.jpa.LocalContainerEntityManagerFactoryBean.createNativeEntityManagerFactory(LocalContainerEntityManagerFactoryBean.java:390)
	at org.springframework.orm.jpa.AbstractEntityManagerFactoryBean.buildNativeEntityManagerFactory(AbstractEntityManagerFactoryBean.java:409)
	... 19 common frames omitted
Caused by: org.hibernate.MappingException: The increment size of the [person_id_seq] sequence is set to [50] in the entity mapping while the associated database sequence increment size is [1].
	at org.hibernate.id.enhanced.SequenceStyleGenerator.adjustIncrementSize(SequenceStyleGenerator.java:265)
	at org.hibernate.id.enhanced.SequenceStyleGenerator.configure(SequenceStyleGenerator.java:207)
	at org.hibernate.id.factory.internal.StandardIdentifierGeneratorFactory.createIdentifierGenerator(StandardIdentifierGeneratorFactory.java:224)
	... 38 common frames omitted
10:52:03.580 [background-preinit] INFO  o.h.validator.internal.util.Version - HV000001: Hibernate Validator 8.0.1.Final
10:52:03.641 [main] INFO  c.p.c.ContactsdemoApplication - Starting ContactsdemoApplication using Java 17.0.12 with PID 9852 (C:\Ayse Ceren - crud projects\contactsdemo\build\classes\java\main started by 16381136672 in C:\Ayse Ceren - crud projects\contactsdemo)
10:52:03.643 [main] INFO  c.p.c.ContactsdemoApplication - No active profile set, falling back to 1 default profile: "default"
10:52:05.100 [main] INFO  o.s.d.r.c.RepositoryConfigurationDelegate - Bootstrapping Spring Data JPA repositories in DEFAULT mode.
10:52:05.189 [main] INFO  o.s.d.r.c.RepositoryConfigurationDelegate - Finished Spring Data repository scanning in 80 ms. Found 2 JPA repository interfaces.
10:52:06.012 [main] INFO  o.s.b.w.e.tomcat.TomcatWebServer - Tomcat initialized with port 8080 (http)
10:52:06.023 [main] INFO  o.a.coyote.http11.Http11NioProtocol - Initializing ProtocolHandler ["http-nio-8080"]
10:52:06.025 [main] INFO  o.a.catalina.core.StandardService - Starting service [Tomcat]
10:52:06.025 [main] INFO  o.a.catalina.core.StandardEngine - Starting Servlet engine: [Apache Tomcat/10.1.25]
10:52:06.119 [main] INFO  o.a.c.c.C.[Tomcat].[localhost].[/] - Initializing Spring embedded WebApplicationContext
10:52:06.119 [main] INFO  o.s.b.w.s.c.ServletWebServerApplicationContext - Root WebApplicationContext: initialization completed in 2410 ms
10:52:06.342 [main] INFO  com.zaxxer.hikari.HikariDataSource - HikariPool-1 - Starting...
10:52:06.503 [main] INFO  com.zaxxer.hikari.pool.HikariPool - HikariPool-1 - Added connection org.postgresql.jdbc.PgConnection@674184d
10:52:06.504 [main] INFO  com.zaxxer.hikari.HikariDataSource - HikariPool-1 - Start completed.
10:52:07.213 [main] INFO  liquibase.changelog - Reading from public.databasechangelog
10:52:07.280 [main] INFO  liquibase.changelog - Reading from public.databasechangelog
10:52:07.290 [main] INFO  liquibase.util - UPDATE SUMMARY
10:52:07.290 [main] INFO  liquibase.util - Run:                          0
10:52:07.290 [main] INFO  liquibase.util - Previously run:               2
10:52:07.290 [main] INFO  liquibase.util - Filtered out:                 0
10:52:07.290 [main] INFO  liquibase.util - -------------------------------
10:52:07.290 [main] INFO  liquibase.util - Total change sets:            2
10:52:07.290 [main] INFO  liquibase.util - Update summary generated
10:52:07.318 [main] INFO  liquibase.lockservice - Successfully released change log lock
10:52:07.321 [main] INFO  liquibase.command - Command execution complete
10:52:07.420 [main] INFO  o.h.jpa.internal.util.LogHelper - HHH000204: Processing PersistenceUnitInfo [name: default]
10:52:07.488 [main] INFO  org.hibernate.Version - HHH000412: Hibernate ORM core version 6.4.9.Final
10:52:07.524 [main] INFO  o.h.c.i.RegionFactoryInitiator - HHH000026: Second-level cache disabled
10:52:07.765 [main] INFO  o.s.o.j.p.SpringPersistenceUnitInfo - No LoadTimeWeaver setup: ignoring JPA class transformer
10:52:07.813 [main] WARN  org.hibernate.orm.deprecation - HHH90000025: PostgreSQLDialect does not need to be specified explicitly using 'hibernate.dialect' (remove the property setting and it will be selected by default)
10:52:08.195 [main] ERROR o.s.o.j.LocalContainerEntityManagerFactoryBean - Failed to initialize JPA EntityManagerFactory: [PersistenceUnit: default] Unable to build Hibernate SessionFactory; nested exception is org.hibernate.MappingException: Could not instantiate id generator [entity-name=com.project.contactsdemo.person.entity.Person]
10:52:08.196 [main] WARN  o.s.b.w.s.c.AnnotationConfigServletWebServerApplicationContext - Exception encountered during context initialization - cancelling refresh attempt: org.springframework.beans.factory.BeanCreationException: Error creating bean with name 'entityManagerFactory' defined in class path resource [org/springframework/boot/autoconfigure/orm/jpa/HibernateJpaConfiguration.class]: [PersistenceUnit: default] Unable to build Hibernate SessionFactory; nested exception is org.hibernate.MappingException: Could not instantiate id generator [entity-name=com.project.contactsdemo.person.entity.Person]
10:52:08.196 [main] INFO  com.zaxxer.hikari.HikariDataSource - HikariPool-1 - Shutdown initiated...
10:52:08.201 [main] INFO  com.zaxxer.hikari.HikariDataSource - HikariPool-1 - Shutdown completed.
10:52:08.206 [main] INFO  o.a.catalina.core.StandardService - Stopping service [Tomcat]
10:52:08.228 [main] INFO  o.s.b.a.l.ConditionEvaluationReportLogger - 

Error starting ApplicationContext. To display the condition evaluation report re-run your application with 'debug' enabled.
10:52:08.247 [main] ERROR o.s.boot.SpringApplication - Application run failed
org.springframework.beans.factory.BeanCreationException: Error creating bean with name 'entityManagerFactory' defined in class path resource [org/springframework/boot/autoconfigure/orm/jpa/HibernateJpaConfiguration.class]: [PersistenceUnit: default] Unable to build Hibernate SessionFactory; nested exception is org.hibernate.MappingException: Could not instantiate id generator [entity-name=com.project.contactsdemo.person.entity.Person]
	at org.springframework.beans.factory.support.AbstractAutowireCapableBeanFactory.initializeBean(AbstractAutowireCapableBeanFactory.java:1788)
	at org.springframework.beans.factory.support.AbstractAutowireCapableBeanFactory.doCreateBean(AbstractAutowireCapableBeanFactory.java:600)
	at org.springframework.beans.factory.support.AbstractAutowireCapableBeanFactory.createBean(AbstractAutowireCapableBeanFactory.java:522)
	at org.springframework.beans.factory.support.AbstractBeanFactory.lambda$doGetBean$0(AbstractBeanFactory.java:337)
	at org.springframework.beans.factory.support.DefaultSingletonBeanRegistry.getSingleton(DefaultSingletonBeanRegistry.java:234)
	at org.springframework.beans.factory.support.AbstractBeanFactory.doGetBean(AbstractBeanFactory.java:335)
	at org.springframework.beans.factory.support.AbstractBeanFactory.getBean(AbstractBeanFactory.java:205)
	at org.springframework.context.support.AbstractApplicationContext.finishBeanFactoryInitialization(AbstractApplicationContext.java:952)
	at org.springframework.context.support.AbstractApplicationContext.refresh(AbstractApplicationContext.java:624)
	at org.springframework.boot.web.servlet.context.ServletWebServerApplicationContext.refresh(ServletWebServerApplicationContext.java:146)
	at org.springframework.boot.SpringApplication.refresh(SpringApplication.java:754)
	at org.springframework.boot.SpringApplication.refreshContext(SpringApplication.java:456)
	at org.springframework.boot.SpringApplication.run(SpringApplication.java:335)
	at org.springframework.boot.SpringApplication.run(SpringApplication.java:1363)
	at org.springframework.boot.SpringApplication.run(SpringApplication.java:1352)
	at com.project.contactsdemo.ContactsdemoApplication.main(ContactsdemoApplication.java:10)
Caused by: jakarta.persistence.PersistenceException: [PersistenceUnit: default] Unable to build Hibernate SessionFactory; nested exception is org.hibernate.MappingException: Could not instantiate id generator [entity-name=com.project.contactsdemo.person.entity.Person]
	at org.springframework.orm.jpa.AbstractEntityManagerFactoryBean.buildNativeEntityManagerFactory(AbstractEntityManagerFactoryBean.java:421)
	at org.springframework.orm.jpa.AbstractEntityManagerFactoryBean.afterPropertiesSet(AbstractEntityManagerFactoryBean.java:396)
	at org.springframework.orm.jpa.LocalContainerEntityManagerFactoryBean.afterPropertiesSet(LocalContainerEntityManagerFactoryBean.java:366)
	at org.springframework.beans.factory.support.AbstractAutowireCapableBeanFactory.invokeInitMethods(AbstractAutowireCapableBeanFactory.java:1835)
	at org.springframework.beans.factory.support.AbstractAutowireCapableBeanFactory.initializeBean(AbstractAutowireCapableBeanFactory.java:1784)
	... 15 common frames omitted
Caused by: org.hibernate.MappingException: Could not instantiate id generator [entity-name=com.project.contactsdemo.person.entity.Person]
	at org.hibernate.id.factory.internal.StandardIdentifierGeneratorFactory.createIdentifierGenerator(StandardIdentifierGeneratorFactory.java:230)
	at org.hibernate.id.factory.internal.IdentifierGeneratorUtil.createLegacyIdentifierGenerator(IdentifierGeneratorUtil.java:127)
	at org.hibernate.mapping.SimpleValue.createGenerator(SimpleValue.java:415)
	at org.hibernate.internal.SessionFactoryImpl.lambda$createGenerators$1(SessionFactoryImpl.java:457)
	at java.base/java.util.stream.ForEachOps$ForEachOp$OfRef.accept(ForEachOps.java:183)
	at java.base/java.util.stream.ReferencePipeline$2$1.accept(ReferencePipeline.java:179)
	at java.base/java.util.HashMap$ValueSpliterator.forEachRemaining(HashMap.java:1779)
	at java.base/java.util.stream.AbstractPipeline.copyInto(AbstractPipeline.java:509)
	at java.base/java.util.stream.AbstractPipeline.wrapAndCopyInto(AbstractPipeline.java:499)
	at java.base/java.util.stream.ForEachOps$ForEachOp.evaluateSequential(ForEachOps.java:150)
	at java.base/java.util.stream.ForEachOps$ForEachOp$OfRef.evaluateSequential(ForEachOps.java:173)
	at java.base/java.util.stream.AbstractPipeline.evaluate(AbstractPipeline.java:234)
	at java.base/java.util.stream.ReferencePipeline.forEach(ReferencePipeline.java:596)
	at org.hibernate.internal.SessionFactoryImpl.createGenerators(SessionFactoryImpl.java:456)
	at org.hibernate.internal.SessionFactoryImpl.<init>(SessionFactoryImpl.java:271)
	at org.hibernate.boot.internal.SessionFactoryBuilderImpl.build(SessionFactoryBuilderImpl.java:450)
	at org.hibernate.jpa.boot.internal.EntityManagerFactoryBuilderImpl.build(EntityManagerFactoryBuilderImpl.java:1507)
	at org.springframework.orm.jpa.vendor.SpringHibernateJpaPersistenceProvider.createContainerEntityManagerFactory(SpringHibernateJpaPersistenceProvider.java:75)
	at org.springframework.orm.jpa.LocalContainerEntityManagerFactoryBean.createNativeEntityManagerFactory(LocalContainerEntityManagerFactoryBean.java:390)
	at org.springframework.orm.jpa.AbstractEntityManagerFactoryBean.buildNativeEntityManagerFactory(AbstractEntityManagerFactoryBean.java:409)
	... 19 common frames omitted
Caused by: org.hibernate.MappingException: The increment size of the [person_id_seq] sequence is set to [50] in the entity mapping while the associated database sequence increment size is [1].
	at org.hibernate.id.enhanced.SequenceStyleGenerator.adjustIncrementSize(SequenceStyleGenerator.java:265)
	at org.hibernate.id.enhanced.SequenceStyleGenerator.configure(SequenceStyleGenerator.java:207)
	at org.hibernate.id.factory.internal.StandardIdentifierGeneratorFactory.createIdentifierGenerator(StandardIdentifierGeneratorFactory.java:224)
	... 38 common frames omitted
10:58:01.323 [background-preinit] INFO  o.h.validator.internal.util.Version - HV000001: Hibernate Validator 8.0.1.Final
10:58:01.403 [main] INFO  c.p.c.ContactsdemoApplication - Starting ContactsdemoApplication using Java 17.0.12 with PID 11532 (C:\Ayse Ceren - crud projects\contactsdemo\build\classes\java\main started by 16381136672 in C:\Ayse Ceren - crud projects\contactsdemo)
10:58:01.404 [main] INFO  c.p.c.ContactsdemoApplication - No active profile set, falling back to 1 default profile: "default"
10:58:02.781 [main] INFO  o.s.d.r.c.RepositoryConfigurationDelegate - Bootstrapping Spring Data JPA repositories in DEFAULT mode.
10:58:02.866 [main] INFO  o.s.d.r.c.RepositoryConfigurationDelegate - Finished Spring Data repository scanning in 76 ms. Found 2 JPA repository interfaces.
10:58:03.738 [main] INFO  o.s.b.w.e.tomcat.TomcatWebServer - Tomcat initialized with port 8080 (http)
10:58:03.751 [main] INFO  o.a.coyote.http11.Http11NioProtocol - Initializing ProtocolHandler ["http-nio-8080"]
10:58:03.754 [main] INFO  o.a.catalina.core.StandardService - Starting service [Tomcat]
10:58:03.755 [main] INFO  o.a.catalina.core.StandardEngine - Starting Servlet engine: [Apache Tomcat/10.1.25]
10:58:03.847 [main] INFO  o.a.c.c.C.[Tomcat].[localhost].[/] - Initializing Spring embedded WebApplicationContext
10:58:03.847 [main] INFO  o.s.b.w.s.c.ServletWebServerApplicationContext - Root WebApplicationContext: initialization completed in 2356 ms
10:58:04.103 [main] INFO  com.zaxxer.hikari.HikariDataSource - HikariPool-1 - Starting...
10:58:04.281 [main] INFO  com.zaxxer.hikari.pool.HikariPool - HikariPool-1 - Added connection org.postgresql.jdbc.PgConnection@754de353
10:58:04.282 [main] INFO  com.zaxxer.hikari.HikariDataSource - HikariPool-1 - Start completed.
10:58:04.982 [main] INFO  liquibase.changelog - Reading from public.databasechangelog
10:58:05.059 [main] INFO  liquibase.changelog - Reading from public.databasechangelog
10:58:05.068 [main] INFO  liquibase.util - UPDATE SUMMARY
10:58:05.068 [main] INFO  liquibase.util - Run:                          0
10:58:05.068 [main] INFO  liquibase.util - Previously run:               2
10:58:05.068 [main] INFO  liquibase.util - Filtered out:                 0
10:58:05.068 [main] INFO  liquibase.util - -------------------------------
10:58:05.068 [main] INFO  liquibase.util - Total change sets:            2
10:58:05.068 [main] INFO  liquibase.util - Update summary generated
10:58:05.097 [main] INFO  liquibase.lockservice - Successfully released change log lock
10:58:05.099 [main] INFO  liquibase.command - Command execution complete
10:58:05.189 [main] INFO  o.h.jpa.internal.util.LogHelper - HHH000204: Processing PersistenceUnitInfo [name: default]
10:58:05.257 [main] INFO  org.hibernate.Version - HHH000412: Hibernate ORM core version 6.4.9.Final
10:58:05.298 [main] INFO  o.h.c.i.RegionFactoryInitiator - HHH000026: Second-level cache disabled
10:58:05.559 [main] INFO  o.s.o.j.p.SpringPersistenceUnitInfo - No LoadTimeWeaver setup: ignoring JPA class transformer
10:58:05.612 [main] WARN  org.hibernate.orm.deprecation - HHH90000025: PostgreSQLDialect does not need to be specified explicitly using 'hibernate.dialect' (remove the property setting and it will be selected by default)
10:58:06.018 [main] ERROR o.s.o.j.LocalContainerEntityManagerFactoryBean - Failed to initialize JPA EntityManagerFactory: [PersistenceUnit: default] Unable to build Hibernate SessionFactory; nested exception is org.hibernate.MappingException: Could not instantiate id generator [entity-name=com.project.contactsdemo.person.entity.Person]
10:58:06.019 [main] WARN  o.s.b.w.s.c.AnnotationConfigServletWebServerApplicationContext - Exception encountered during context initialization - cancelling refresh attempt: org.springframework.beans.factory.BeanCreationException: Error creating bean with name 'entityManagerFactory' defined in class path resource [org/springframework/boot/autoconfigure/orm/jpa/HibernateJpaConfiguration.class]: [PersistenceUnit: default] Unable to build Hibernate SessionFactory; nested exception is org.hibernate.MappingException: Could not instantiate id generator [entity-name=com.project.contactsdemo.person.entity.Person]
10:58:06.019 [main] INFO  com.zaxxer.hikari.HikariDataSource - HikariPool-1 - Shutdown initiated...
10:58:06.025 [main] INFO  com.zaxxer.hikari.HikariDataSource - HikariPool-1 - Shutdown completed.
10:58:06.026 [main] INFO  o.a.catalina.core.StandardService - Stopping service [Tomcat]
10:58:06.047 [main] INFO  o.s.b.a.l.ConditionEvaluationReportLogger - 

Error starting ApplicationContext. To display the condition evaluation report re-run your application with 'debug' enabled.
10:58:06.067 [main] ERROR o.s.boot.SpringApplication - Application run failed
org.springframework.beans.factory.BeanCreationException: Error creating bean with name 'entityManagerFactory' defined in class path resource [org/springframework/boot/autoconfigure/orm/jpa/HibernateJpaConfiguration.class]: [PersistenceUnit: default] Unable to build Hibernate SessionFactory; nested exception is org.hibernate.MappingException: Could not instantiate id generator [entity-name=com.project.contactsdemo.person.entity.Person]
	at org.springframework.beans.factory.support.AbstractAutowireCapableBeanFactory.initializeBean(AbstractAutowireCapableBeanFactory.java:1788)
	at org.springframework.beans.factory.support.AbstractAutowireCapableBeanFactory.doCreateBean(AbstractAutowireCapableBeanFactory.java:600)
	at org.springframework.beans.factory.support.AbstractAutowireCapableBeanFactory.createBean(AbstractAutowireCapableBeanFactory.java:522)
	at org.springframework.beans.factory.support.AbstractBeanFactory.lambda$doGetBean$0(AbstractBeanFactory.java:337)
	at org.springframework.beans.factory.support.DefaultSingletonBeanRegistry.getSingleton(DefaultSingletonBeanRegistry.java:234)
	at org.springframework.beans.factory.support.AbstractBeanFactory.doGetBean(AbstractBeanFactory.java:335)
	at org.springframework.beans.factory.support.AbstractBeanFactory.getBean(AbstractBeanFactory.java:205)
	at org.springframework.context.support.AbstractApplicationContext.finishBeanFactoryInitialization(AbstractApplicationContext.java:952)
	at org.springframework.context.support.AbstractApplicationContext.refresh(AbstractApplicationContext.java:624)
	at org.springframework.boot.web.servlet.context.ServletWebServerApplicationContext.refresh(ServletWebServerApplicationContext.java:146)
	at org.springframework.boot.SpringApplication.refresh(SpringApplication.java:754)
	at org.springframework.boot.SpringApplication.refreshContext(SpringApplication.java:456)
	at org.springframework.boot.SpringApplication.run(SpringApplication.java:335)
	at org.springframework.boot.SpringApplication.run(SpringApplication.java:1363)
	at org.springframework.boot.SpringApplication.run(SpringApplication.java:1352)
	at com.project.contactsdemo.ContactsdemoApplication.main(ContactsdemoApplication.java:10)
Caused by: jakarta.persistence.PersistenceException: [PersistenceUnit: default] Unable to build Hibernate SessionFactory; nested exception is org.hibernate.MappingException: Could not instantiate id generator [entity-name=com.project.contactsdemo.person.entity.Person]
	at org.springframework.orm.jpa.AbstractEntityManagerFactoryBean.buildNativeEntityManagerFactory(AbstractEntityManagerFactoryBean.java:421)
	at org.springframework.orm.jpa.AbstractEntityManagerFactoryBean.afterPropertiesSet(AbstractEntityManagerFactoryBean.java:396)
	at org.springframework.orm.jpa.LocalContainerEntityManagerFactoryBean.afterPropertiesSet(LocalContainerEntityManagerFactoryBean.java:366)
	at org.springframework.beans.factory.support.AbstractAutowireCapableBeanFactory.invokeInitMethods(AbstractAutowireCapableBeanFactory.java:1835)
	at org.springframework.beans.factory.support.AbstractAutowireCapableBeanFactory.initializeBean(AbstractAutowireCapableBeanFactory.java:1784)
	... 15 common frames omitted
Caused by: org.hibernate.MappingException: Could not instantiate id generator [entity-name=com.project.contactsdemo.person.entity.Person]
	at org.hibernate.id.factory.internal.StandardIdentifierGeneratorFactory.createIdentifierGenerator(StandardIdentifierGeneratorFactory.java:230)
	at org.hibernate.id.factory.internal.IdentifierGeneratorUtil.createLegacyIdentifierGenerator(IdentifierGeneratorUtil.java:127)
	at org.hibernate.mapping.SimpleValue.createGenerator(SimpleValue.java:415)
	at org.hibernate.internal.SessionFactoryImpl.lambda$createGenerators$1(SessionFactoryImpl.java:457)
	at java.base/java.util.stream.ForEachOps$ForEachOp$OfRef.accept(ForEachOps.java:183)
	at java.base/java.util.stream.ReferencePipeline$2$1.accept(ReferencePipeline.java:179)
	at java.base/java.util.HashMap$ValueSpliterator.forEachRemaining(HashMap.java:1779)
	at java.base/java.util.stream.AbstractPipeline.copyInto(AbstractPipeline.java:509)
	at java.base/java.util.stream.AbstractPipeline.wrapAndCopyInto(AbstractPipeline.java:499)
	at java.base/java.util.stream.ForEachOps$ForEachOp.evaluateSequential(ForEachOps.java:150)
	at java.base/java.util.stream.ForEachOps$ForEachOp$OfRef.evaluateSequential(ForEachOps.java:173)
	at java.base/java.util.stream.AbstractPipeline.evaluate(AbstractPipeline.java:234)
	at java.base/java.util.stream.ReferencePipeline.forEach(ReferencePipeline.java:596)
	at org.hibernate.internal.SessionFactoryImpl.createGenerators(SessionFactoryImpl.java:456)
	at org.hibernate.internal.SessionFactoryImpl.<init>(SessionFactoryImpl.java:271)
	at org.hibernate.boot.internal.SessionFactoryBuilderImpl.build(SessionFactoryBuilderImpl.java:450)
	at org.hibernate.jpa.boot.internal.EntityManagerFactoryBuilderImpl.build(EntityManagerFactoryBuilderImpl.java:1507)
	at org.springframework.orm.jpa.vendor.SpringHibernateJpaPersistenceProvider.createContainerEntityManagerFactory(SpringHibernateJpaPersistenceProvider.java:75)
	at org.springframework.orm.jpa.LocalContainerEntityManagerFactoryBean.createNativeEntityManagerFactory(LocalContainerEntityManagerFactoryBean.java:390)
	at org.springframework.orm.jpa.AbstractEntityManagerFactoryBean.buildNativeEntityManagerFactory(AbstractEntityManagerFactoryBean.java:409)
	... 19 common frames omitted
Caused by: org.hibernate.MappingException: The increment size of the [person_id_seq] sequence is set to [50] in the entity mapping while the associated database sequence increment size is [1].
	at org.hibernate.id.enhanced.SequenceStyleGenerator.adjustIncrementSize(SequenceStyleGenerator.java:265)
	at org.hibernate.id.enhanced.SequenceStyleGenerator.configure(SequenceStyleGenerator.java:207)
	at org.hibernate.id.factory.internal.StandardIdentifierGeneratorFactory.createIdentifierGenerator(StandardIdentifierGeneratorFactory.java:224)
	... 38 common frames omitted
11:00:13.715 [background-preinit] INFO  o.h.validator.internal.util.Version - HV000001: Hibernate Validator 8.0.1.Final
11:00:13.775 [main] INFO  c.p.c.ContactsdemoApplication - Starting ContactsdemoApplication using Java 17.0.12 with PID 10600 (C:\Ayse Ceren - crud projects\contactsdemo\build\classes\java\main started by 16381136672 in C:\Ayse Ceren - crud projects\contactsdemo)
11:00:13.775 [main] INFO  c.p.c.ContactsdemoApplication - No active profile set, falling back to 1 default profile: "default"
11:00:15.209 [main] INFO  o.s.d.r.c.RepositoryConfigurationDelegate - Bootstrapping Spring Data JPA repositories in DEFAULT mode.
11:00:15.289 [main] INFO  o.s.d.r.c.RepositoryConfigurationDelegate - Finished Spring Data repository scanning in 72 ms. Found 2 JPA repository interfaces.
11:00:16.100 [main] INFO  o.s.b.w.e.tomcat.TomcatWebServer - Tomcat initialized with port 8080 (http)
11:00:16.117 [main] INFO  o.a.coyote.http11.Http11NioProtocol - Initializing ProtocolHandler ["http-nio-8080"]
11:00:16.118 [main] INFO  o.a.catalina.core.StandardService - Starting service [Tomcat]
11:00:16.120 [main] INFO  o.a.catalina.core.StandardEngine - Starting Servlet engine: [Apache Tomcat/10.1.25]
11:00:16.204 [main] INFO  o.a.c.c.C.[Tomcat].[localhost].[/] - Initializing Spring embedded WebApplicationContext
11:00:16.204 [main] INFO  o.s.b.w.s.c.ServletWebServerApplicationContext - Root WebApplicationContext: initialization completed in 2363 ms
11:00:16.421 [main] INFO  com.zaxxer.hikari.HikariDataSource - HikariPool-1 - Starting...
11:00:16.570 [main] INFO  com.zaxxer.hikari.pool.HikariPool - HikariPool-1 - Added connection org.postgresql.jdbc.PgConnection@71fb8301
11:00:16.572 [main] INFO  com.zaxxer.hikari.HikariDataSource - HikariPool-1 - Start completed.
11:00:17.291 [main] INFO  liquibase.changelog - Reading from public.databasechangelog
11:00:17.407 [main] INFO  liquibase.lockservice - Successfully acquired change log lock
11:00:17.411 [main] INFO  liquibase.command - Using deploymentId: 2544017411
11:00:17.415 [main] INFO  liquibase.changelog - Reading from public.databasechangelog
11:00:17.472 [main] INFO  liquibase.changelog - Sequence person_id_seq created
11:00:17.480 [main] INFO  liquibase.changelog - Table person created
11:00:17.484 [main] INFO  liquibase.changelog - ChangeSet db/script/person.xml::202503211100::16381136672 ran successfully in 19ms
11:00:17.504 [main] INFO  liquibase.changelog - Sequence contact_id_seq created
11:00:17.512 [main] INFO  liquibase.changelog - Table contact created
11:00:17.516 [main] INFO  liquibase.changelog - ChangeSet db/script/contact.xml::202503211100::16381136672 ran successfully in 16ms
11:00:17.529 [main] INFO  liquibase.util - UPDATE SUMMARY
11:00:17.529 [main] INFO  liquibase.util - Run:                          2
11:00:17.529 [main] INFO  liquibase.util - Previously run:               0
11:00:17.529 [main] INFO  liquibase.util - Filtered out:                 0
11:00:17.530 [main] INFO  liquibase.util - -------------------------------
11:00:17.530 [main] INFO  liquibase.util - Total change sets:            2
11:00:17.530 [main] INFO  liquibase.util - Update summary generated
11:00:17.532 [main] INFO  liquibase.command - Update command completed successfully.
11:00:17.544 [main] INFO  liquibase.lockservice - Successfully released change log lock
11:00:17.546 [main] INFO  liquibase.command - Command execution complete
11:00:17.650 [main] INFO  o.h.jpa.internal.util.LogHelper - HHH000204: Processing PersistenceUnitInfo [name: default]
11:00:17.711 [main] INFO  org.hibernate.Version - HHH000412: Hibernate ORM core version 6.4.9.Final
11:00:17.745 [main] INFO  o.h.c.i.RegionFactoryInitiator - HHH000026: Second-level cache disabled
11:00:17.991 [main] INFO  o.s.o.j.p.SpringPersistenceUnitInfo - No LoadTimeWeaver setup: ignoring JPA class transformer
11:00:18.039 [main] WARN  org.hibernate.orm.deprecation - HHH90000025: PostgreSQLDialect does not need to be specified explicitly using 'hibernate.dialect' (remove the property setting and it will be selected by default)
11:00:18.453 [main] ERROR o.s.o.j.LocalContainerEntityManagerFactoryBean - Failed to initialize JPA EntityManagerFactory: [PersistenceUnit: default] Unable to build Hibernate SessionFactory; nested exception is org.hibernate.MappingException: Could not instantiate id generator [entity-name=com.project.contactsdemo.person.entity.Person]
11:00:18.454 [main] WARN  o.s.b.w.s.c.AnnotationConfigServletWebServerApplicationContext - Exception encountered during context initialization - cancelling refresh attempt: org.springframework.beans.factory.BeanCreationException: Error creating bean with name 'entityManagerFactory' defined in class path resource [org/springframework/boot/autoconfigure/orm/jpa/HibernateJpaConfiguration.class]: [PersistenceUnit: default] Unable to build Hibernate SessionFactory; nested exception is org.hibernate.MappingException: Could not instantiate id generator [entity-name=com.project.contactsdemo.person.entity.Person]
11:00:18.454 [main] INFO  com.zaxxer.hikari.HikariDataSource - HikariPool-1 - Shutdown initiated...
11:00:18.461 [main] INFO  com.zaxxer.hikari.HikariDataSource - HikariPool-1 - Shutdown completed.
11:00:18.464 [main] INFO  o.a.catalina.core.StandardService - Stopping service [Tomcat]
11:00:18.488 [main] INFO  o.s.b.a.l.ConditionEvaluationReportLogger - 

Error starting ApplicationContext. To display the condition evaluation report re-run your application with 'debug' enabled.
11:00:18.510 [main] ERROR o.s.boot.SpringApplication - Application run failed
org.springframework.beans.factory.BeanCreationException: Error creating bean with name 'entityManagerFactory' defined in class path resource [org/springframework/boot/autoconfigure/orm/jpa/HibernateJpaConfiguration.class]: [PersistenceUnit: default] Unable to build Hibernate SessionFactory; nested exception is org.hibernate.MappingException: Could not instantiate id generator [entity-name=com.project.contactsdemo.person.entity.Person]
	at org.springframework.beans.factory.support.AbstractAutowireCapableBeanFactory.initializeBean(AbstractAutowireCapableBeanFactory.java:1788)
	at org.springframework.beans.factory.support.AbstractAutowireCapableBeanFactory.doCreateBean(AbstractAutowireCapableBeanFactory.java:600)
	at org.springframework.beans.factory.support.AbstractAutowireCapableBeanFactory.createBean(AbstractAutowireCapableBeanFactory.java:522)
	at org.springframework.beans.factory.support.AbstractBeanFactory.lambda$doGetBean$0(AbstractBeanFactory.java:337)
	at org.springframework.beans.factory.support.DefaultSingletonBeanRegistry.getSingleton(DefaultSingletonBeanRegistry.java:234)
	at org.springframework.beans.factory.support.AbstractBeanFactory.doGetBean(AbstractBeanFactory.java:335)
	at org.springframework.beans.factory.support.AbstractBeanFactory.getBean(AbstractBeanFactory.java:205)
	at org.springframework.context.support.AbstractApplicationContext.finishBeanFactoryInitialization(AbstractApplicationContext.java:952)
	at org.springframework.context.support.AbstractApplicationContext.refresh(AbstractApplicationContext.java:624)
	at org.springframework.boot.web.servlet.context.ServletWebServerApplicationContext.refresh(ServletWebServerApplicationContext.java:146)
	at org.springframework.boot.SpringApplication.refresh(SpringApplication.java:754)
	at org.springframework.boot.SpringApplication.refreshContext(SpringApplication.java:456)
	at org.springframework.boot.SpringApplication.run(SpringApplication.java:335)
	at org.springframework.boot.SpringApplication.run(SpringApplication.java:1363)
	at org.springframework.boot.SpringApplication.run(SpringApplication.java:1352)
	at com.project.contactsdemo.ContactsdemoApplication.main(ContactsdemoApplication.java:10)
Caused by: jakarta.persistence.PersistenceException: [PersistenceUnit: default] Unable to build Hibernate SessionFactory; nested exception is org.hibernate.MappingException: Could not instantiate id generator [entity-name=com.project.contactsdemo.person.entity.Person]
	at org.springframework.orm.jpa.AbstractEntityManagerFactoryBean.buildNativeEntityManagerFactory(AbstractEntityManagerFactoryBean.java:421)
	at org.springframework.orm.jpa.AbstractEntityManagerFactoryBean.afterPropertiesSet(AbstractEntityManagerFactoryBean.java:396)
	at org.springframework.orm.jpa.LocalContainerEntityManagerFactoryBean.afterPropertiesSet(LocalContainerEntityManagerFactoryBean.java:366)
	at org.springframework.beans.factory.support.AbstractAutowireCapableBeanFactory.invokeInitMethods(AbstractAutowireCapableBeanFactory.java:1835)
	at org.springframework.beans.factory.support.AbstractAutowireCapableBeanFactory.initializeBean(AbstractAutowireCapableBeanFactory.java:1784)
	... 15 common frames omitted
Caused by: org.hibernate.MappingException: Could not instantiate id generator [entity-name=com.project.contactsdemo.person.entity.Person]
	at org.hibernate.id.factory.internal.StandardIdentifierGeneratorFactory.createIdentifierGenerator(StandardIdentifierGeneratorFactory.java:230)
	at org.hibernate.id.factory.internal.IdentifierGeneratorUtil.createLegacyIdentifierGenerator(IdentifierGeneratorUtil.java:127)
	at org.hibernate.mapping.SimpleValue.createGenerator(SimpleValue.java:415)
	at org.hibernate.internal.SessionFactoryImpl.lambda$createGenerators$1(SessionFactoryImpl.java:457)
	at java.base/java.util.stream.ForEachOps$ForEachOp$OfRef.accept(ForEachOps.java:183)
	at java.base/java.util.stream.ReferencePipeline$2$1.accept(ReferencePipeline.java:179)
	at java.base/java.util.HashMap$ValueSpliterator.forEachRemaining(HashMap.java:1779)
	at java.base/java.util.stream.AbstractPipeline.copyInto(AbstractPipeline.java:509)
	at java.base/java.util.stream.AbstractPipeline.wrapAndCopyInto(AbstractPipeline.java:499)
	at java.base/java.util.stream.ForEachOps$ForEachOp.evaluateSequential(ForEachOps.java:150)
	at java.base/java.util.stream.ForEachOps$ForEachOp$OfRef.evaluateSequential(ForEachOps.java:173)
	at java.base/java.util.stream.AbstractPipeline.evaluate(AbstractPipeline.java:234)
	at java.base/java.util.stream.ReferencePipeline.forEach(ReferencePipeline.java:596)
	at org.hibernate.internal.SessionFactoryImpl.createGenerators(SessionFactoryImpl.java:456)
	at org.hibernate.internal.SessionFactoryImpl.<init>(SessionFactoryImpl.java:271)
	at org.hibernate.boot.internal.SessionFactoryBuilderImpl.build(SessionFactoryBuilderImpl.java:450)
	at org.hibernate.jpa.boot.internal.EntityManagerFactoryBuilderImpl.build(EntityManagerFactoryBuilderImpl.java:1507)
	at org.springframework.orm.jpa.vendor.SpringHibernateJpaPersistenceProvider.createContainerEntityManagerFactory(SpringHibernateJpaPersistenceProvider.java:75)
	at org.springframework.orm.jpa.LocalContainerEntityManagerFactoryBean.createNativeEntityManagerFactory(LocalContainerEntityManagerFactoryBean.java:390)
	at org.springframework.orm.jpa.AbstractEntityManagerFactoryBean.buildNativeEntityManagerFactory(AbstractEntityManagerFactoryBean.java:409)
	... 19 common frames omitted
Caused by: org.hibernate.MappingException: The increment size of the [person_id_seq] sequence is set to [50] in the entity mapping while the associated database sequence increment size is [1].
	at org.hibernate.id.enhanced.SequenceStyleGenerator.adjustIncrementSize(SequenceStyleGenerator.java:265)
	at org.hibernate.id.enhanced.SequenceStyleGenerator.configure(SequenceStyleGenerator.java:207)
	at org.hibernate.id.factory.internal.StandardIdentifierGeneratorFactory.createIdentifierGenerator(StandardIdentifierGeneratorFactory.java:224)
	... 38 common frames omitted
11:04:11.053 [background-preinit] INFO  o.h.validator.internal.util.Version - HV000001: Hibernate Validator 8.0.1.Final
11:04:11.116 [main] INFO  c.p.c.ContactsdemoApplication - Starting ContactsdemoApplication using Java 17.0.12 with PID 7696 (C:\Ayse Ceren - crud projects\contactsdemo\build\classes\java\main started by 16381136672 in C:\Ayse Ceren - crud projects\contactsdemo)
11:04:11.118 [main] INFO  c.p.c.ContactsdemoApplication - No active profile set, falling back to 1 default profile: "default"
11:04:12.542 [main] INFO  o.s.d.r.c.RepositoryConfigurationDelegate - Bootstrapping Spring Data JPA repositories in DEFAULT mode.
11:04:12.633 [main] INFO  o.s.d.r.c.RepositoryConfigurationDelegate - Finished Spring Data repository scanning in 83 ms. Found 2 JPA repository interfaces.
11:04:13.566 [main] INFO  o.s.b.w.e.tomcat.TomcatWebServer - Tomcat initialized with port 8080 (http)
11:04:13.578 [main] INFO  o.a.coyote.http11.Http11NioProtocol - Initializing ProtocolHandler ["http-nio-8080"]
11:04:13.580 [main] INFO  o.a.catalina.core.StandardService - Starting service [Tomcat]
11:04:13.581 [main] INFO  o.a.catalina.core.StandardEngine - Starting Servlet engine: [Apache Tomcat/10.1.25]
11:04:13.680 [main] INFO  o.a.c.c.C.[Tomcat].[localhost].[/] - Initializing Spring embedded WebApplicationContext
11:04:13.680 [main] INFO  o.s.b.w.s.c.ServletWebServerApplicationContext - Root WebApplicationContext: initialization completed in 2492 ms
11:04:13.897 [main] INFO  com.zaxxer.hikari.HikariDataSource - HikariPool-1 - Starting...
11:04:14.065 [main] INFO  com.zaxxer.hikari.pool.HikariPool - HikariPool-1 - Added connection org.postgresql.jdbc.PgConnection@5835e24a
11:04:14.068 [main] INFO  com.zaxxer.hikari.HikariDataSource - HikariPool-1 - Start completed.
11:04:14.860 [main] INFO  liquibase.changelog - Reading from public.databasechangelog
11:04:14.937 [main] INFO  liquibase.changelog - Reading from public.databasechangelog
11:04:14.947 [main] INFO  liquibase.util - UPDATE SUMMARY
11:04:14.948 [main] INFO  liquibase.util - Run:                          0
11:04:14.948 [main] INFO  liquibase.util - Previously run:               2
11:04:14.948 [main] INFO  liquibase.util - Filtered out:                 0
11:04:14.948 [main] INFO  liquibase.util - -------------------------------
11:04:14.948 [main] INFO  liquibase.util - Total change sets:            2
11:04:14.948 [main] INFO  liquibase.util - Update summary generated
11:04:14.981 [main] INFO  liquibase.lockservice - Successfully released change log lock
11:04:14.984 [main] INFO  liquibase.command - Command execution complete
11:04:15.082 [main] INFO  o.h.jpa.internal.util.LogHelper - HHH000204: Processing PersistenceUnitInfo [name: default]
11:04:15.179 [main] INFO  org.hibernate.Version - HHH000412: Hibernate ORM core version 6.4.9.Final
11:04:15.219 [main] INFO  o.h.c.i.RegionFactoryInitiator - HHH000026: Second-level cache disabled
11:04:15.498 [main] INFO  o.s.o.j.p.SpringPersistenceUnitInfo - No LoadTimeWeaver setup: ignoring JPA class transformer
11:04:15.567 [main] WARN  org.hibernate.orm.deprecation - HHH90000025: PostgreSQLDialect does not need to be specified explicitly using 'hibernate.dialect' (remove the property setting and it will be selected by default)
11:04:16.778 [main] INFO  o.s.o.j.LocalContainerEntityManagerFactoryBean - Initialized JPA EntityManagerFactory for persistence unit 'default'
11:04:16.946 [main] WARN  c.h.i.impl.HazelcastInstanceFactory - Hazelcast is starting in a Java modular environment (Java 9 and newer) but without proper access to required Java packages. Use additional Java arguments to provide Hazelcast access to Java internal API. The internal API access is used to get the best performance results. Arguments to be used:
 --add-modules java.se --add-exports java.base/jdk.internal.ref=ALL-UNNAMED --add-opens java.base/java.lang=ALL-UNNAMED --add-opens java.base/java.nio=ALL-UNNAMED --add-opens java.base/sun.nio.ch=ALL-UNNAMED --add-opens java.management/sun.management=ALL-UNNAMED --add-opens jdk.management/com.sun.management.internal=ALL-UNNAMED
11:04:16.949 [main] INFO  c.h.i.config.AbstractConfigLocator - Loading 'hazelcast-default.xml' from the classpath.
11:04:17.300 [main] INFO  c.hazelcast.instance.AddressPicker - [LOCAL] [dev] [4.1] Prefer IPv4 stack is true, prefer IPv6 addresses is false
11:04:17.326 [main] INFO  c.hazelcast.instance.AddressPicker - [LOCAL] [dev] [4.1] Picked [10.251.34.15]:5701, using socket ServerSocket[addr=/0:0:0:0:0:0:0:0,localport=5701], bind any local is true
11:04:17.345 [main] INFO  com.hazelcast.system - [10.251.34.15]:5701 [dev] [4.1] Hazelcast 4.0.1 (20200409 - e086b9c) starting at [10.251.34.15]:5701
11:04:17.346 [main] INFO  com.hazelcast.system - [10.251.34.15]:5701 [dev] [4.1] Copyright (c) 2008-2020, Hazelcast, Inc. All Rights Reserved.
11:04:17.527 [main] INFO  c.h.s.i.o.impl.BackpressureRegulator - [10.251.34.15]:5701 [dev] [4.1] Backpressure is disabled
11:04:17.808 [main] INFO  com.hazelcast.instance.impl.Node - [10.251.34.15]:5701 [dev] [4.1] Creating MulticastJoiner
11:04:17.813 [main] WARN  com.hazelcast.cp.CPSubsystem - [10.251.34.15]:5701 [dev] [4.1] CP Subsystem is not enabled. CP data structures will operate in UNSAFE mode! Please note that UNSAFE mode will not provide strong consistency guarantees.
11:04:18.096 [main] INFO  c.h.s.i.o.impl.OperationExecutorImpl - [10.251.34.15]:5701 [dev] [4.1] Starting 16 partition threads and 9 generic threads (1 dedicated for priority tasks)
11:04:18.113 [main] INFO  c.h.internal.diagnostics.Diagnostics - [10.251.34.15]:5701 [dev] [4.1] Diagnostics disabled. To enable add -Dhazelcast.diagnostics.enabled=true to the JVM arguments.
11:04:18.120 [main] INFO  com.hazelcast.core.LifecycleService - [10.251.34.15]:5701 [dev] [4.1] [10.251.34.15]:5701 is STARTING
11:04:21.314 [main] INFO  c.h.internal.cluster.ClusterService - [10.251.34.15]:5701 [dev] [4.1] 

Members {size:1, ver:1} [
	Member [10.251.34.15]:5701 - 17994272-dd7c-4c02-a7c1-8ff0b530d2cb this
]

11:04:21.330 [main] INFO  com.hazelcast.core.LifecycleService - [10.251.34.15]:5701 [dev] [4.1] [10.251.34.15]:5701 is STARTED
11:04:21.402 [main] INFO  c.h.c.i.spi.ClientInvocationService - training-instance [dev] [4.1] [4.0.1] Running with 2 response threads, dynamic=true
11:04:21.442 [main] INFO  com.hazelcast.core.LifecycleService - training-instance [dev] [4.1] [4.0.1] HazelcastClient 4.0.1 (20200409 - e086b9c) is STARTING
11:04:21.444 [main] INFO  com.hazelcast.core.LifecycleService - training-instance [dev] [4.1] [4.0.1] HazelcastClient 4.0.1 (20200409 - e086b9c) is STARTED
11:04:21.476 [main] INFO  c.h.c.i.c.ClientConnectionManager - training-instance [dev] [4.1] [4.0.1] Trying to connect to cluster: dev
11:04:21.480 [main] INFO  c.h.c.i.c.ClientConnectionManager - training-instance [dev] [4.1] [4.0.1] Trying to connect to [127.0.0.1]:5701
11:04:21.505 [hz.cocky_curie.priority-generic-operation.thread-0] INFO  c.h.c.i.p.t.AuthenticationMessageTask - [10.251.34.15]:5701 [dev] [4.1] Received auth from Connection[id=1, /127.0.0.1:5701->/127.0.0.1:54767, qualifier=null, endpoint=[127.0.0.1]:54767, alive=true, connectionType=JVM], successfully authenticated, clientUuid: 19a12433-4a77-4f8b-95e8-3803a4995239, client version: 4.0.1
11:04:21.508 [main] INFO  com.hazelcast.core.LifecycleService - training-instance [dev] [4.1] [4.0.1] HazelcastClient 4.0.1 (20200409 - e086b9c) is CLIENT_CONNECTED
11:04:21.508 [main] INFO  c.h.c.i.c.ClientConnectionManager - training-instance [dev] [4.1] [4.0.1] Authenticated with server [10.251.34.15]:5701:17994272-dd7c-4c02-a7c1-8ff0b530d2cb, server version: 4.0.1, local address: /127.0.0.1:54767
11:04:21.512 [main] INFO  c.h.internal.diagnostics.Diagnostics - training-instance [dev] [4.1] [4.0.1] Diagnostics disabled. To enable add -Dhazelcast.diagnostics.enabled=true to the JVM arguments.
11:04:21.518 [training-instance.event-8] INFO  c.h.c.impl.spi.ClientClusterService - training-instance [dev] [4.1] [4.0.1] 

Members [1] {
	Member [10.251.34.15]:5701 - 17994272-dd7c-4c02-a7c1-8ff0b530d2cb
}

11:04:21.558 [main] INFO  c.h.c.i.s.ClientStatisticsService - Client statistics is enabled with period 5 seconds.
11:04:21.756 [main] WARN  o.s.b.a.o.j.JpaBaseConfiguration$JpaWebConfiguration - spring.jpa.open-in-view is enabled by default. Therefore, database queries may be performed during view rendering. Explicitly configure spring.jpa.open-in-view to disable this warning
11:04:22.870 [main] INFO  o.s.d.j.r.query.QueryEnhancerFactory - Hibernate is in classpath; If applicable, HQL parser will be used.
11:04:23.372 [main] INFO  o.s.b.a.e.web.EndpointLinksResolver - Exposing 1 endpoint(s) beneath base path '/actuator'
11:04:23.418 [main] INFO  o.a.coyote.http11.Http11NioProtocol - Starting ProtocolHandler ["http-nio-8080"]
11:04:23.443 [main] INFO  o.s.b.w.e.tomcat.TomcatWebServer - Tomcat started on port 8080 (http) with context path ''
11:04:23.459 [main] INFO  c.p.c.ContactsdemoApplication - Started ContactsdemoApplication in 12.95 seconds (process running for 14.295)
11:04:23.902 [RMI TCP Connection(1)-10.251.34.15] INFO  o.a.c.c.C.[Tomcat].[localhost].[/] - Initializing Spring DispatcherServlet 'dispatcherServlet'
11:04:23.902 [RMI TCP Connection(1)-10.251.34.15] INFO  o.s.web.servlet.DispatcherServlet - Initializing Servlet 'dispatcherServlet'
11:04:23.904 [RMI TCP Connection(1)-10.251.34.15] INFO  o.s.web.servlet.DispatcherServlet - Completed initialization in 1 ms
11:04:30.349 [http-nio-8080-exec-1] INFO  c.p.c.f.HeadersLoggingFilter - Header content-type=0:0:0:0:0:0:0:1, IP = content-type
11:04:30.350 [http-nio-8080-exec-1] INFO  c.p.c.f.HeadersLoggingFilter - Header user-agent=0:0:0:0:0:0:0:1, IP = user-agent
11:04:30.350 [http-nio-8080-exec-1] INFO  c.p.c.f.HeadersLoggingFilter - Header accept=0:0:0:0:0:0:0:1, IP = accept
11:04:30.350 [http-nio-8080-exec-1] INFO  c.p.c.f.HeadersLoggingFilter - Header postman-token=0:0:0:0:0:0:0:1, IP = postman-token
11:04:30.350 [http-nio-8080-exec-1] INFO  c.p.c.f.HeadersLoggingFilter - Header host=0:0:0:0:0:0:0:1, IP = host
11:04:30.350 [http-nio-8080-exec-1] INFO  c.p.c.f.HeadersLoggingFilter - Header accept-encoding=0:0:0:0:0:0:0:1, IP = accept-encoding
11:04:30.350 [http-nio-8080-exec-1] INFO  c.p.c.f.HeadersLoggingFilter - Header connection=0:0:0:0:0:0:0:1, IP = connection
11:04:30.350 [http-nio-8080-exec-1] INFO  c.p.c.f.HeadersLoggingFilter - Header content-length=0:0:0:0:0:0:0:1, IP = content-length
11:04:30.351 [http-nio-8080-exec-1] INFO  c.p.c.loggingfilter.LoggingFilter - Request: Method=POST, URI=/api/savePerson, Headers=content-type=application/json; user-agent=PostmanRuntime/7.43.2; accept=*/*; postman-token=d1b057e9-df05-4670-a446-fbe85e8ee5b8; host=localhost:8080; accept-encoding=gzip, deflate, br; connection=keep-alive; content-length=213; , Request ID: 3235a2ea-8b02-4eb6-beea-6f5b8747a943, Request IP  =0:0:0:0:0:0:0:1
11:04:30.713 [http-nio-8080-exec-1] INFO  c.p.c.loggingfilter.LoggingFilter - Response: Status=201, URI=/api/savePerson, Duration (Response Time)=362ms, Headers=[Content-Type, Transfer-Encoding, Date, Keep-Alive, Connection], Payload = org.apache.catalina.connector.ResponseFacade@4da8ebd8
11:09:23.089 [http-nio-8080-exec-6] INFO  c.p.c.f.HeadersLoggingFilter - Header content-type=0:0:0:0:0:0:0:1, IP = content-type
11:09:23.089 [http-nio-8080-exec-6] INFO  c.p.c.f.HeadersLoggingFilter - Header user-agent=0:0:0:0:0:0:0:1, IP = user-agent
11:09:23.089 [http-nio-8080-exec-6] INFO  c.p.c.f.HeadersLoggingFilter - Header accept=0:0:0:0:0:0:0:1, IP = accept
11:09:23.089 [http-nio-8080-exec-6] INFO  c.p.c.f.HeadersLoggingFilter - Header postman-token=0:0:0:0:0:0:0:1, IP = postman-token
11:09:23.089 [http-nio-8080-exec-6] INFO  c.p.c.f.HeadersLoggingFilter - Header host=0:0:0:0:0:0:0:1, IP = host
11:09:23.089 [http-nio-8080-exec-6] INFO  c.p.c.f.HeadersLoggingFilter - Header accept-encoding=0:0:0:0:0:0:0:1, IP = accept-encoding
11:09:23.089 [http-nio-8080-exec-6] INFO  c.p.c.f.HeadersLoggingFilter - Header connection=0:0:0:0:0:0:0:1, IP = connection
11:09:23.089 [http-nio-8080-exec-6] INFO  c.p.c.f.HeadersLoggingFilter - Header content-length=0:0:0:0:0:0:0:1, IP = content-length
11:09:23.089 [http-nio-8080-exec-6] INFO  c.p.c.loggingfilter.LoggingFilter - Request: Method=POST, URI=/api/savePerson, Headers=content-type=application/json; user-agent=PostmanRuntime/7.43.2; accept=*/*; postman-token=44958e9e-ed7b-43c7-bce0-cd4f37c1df6f; host=localhost:8080; accept-encoding=gzip, deflate, br; connection=keep-alive; content-length=208; , Request ID: e08d1304-1620-43fa-a0b6-2dcb92ce533d, Request IP  =0:0:0:0:0:0:0:1
11:09:23.118 [http-nio-8080-exec-6] INFO  c.p.c.loggingfilter.LoggingFilter - Response: Status=201, URI=/api/savePerson, Duration (Response Time)=29ms, Headers=[Content-Type, Transfer-Encoding, Date, Keep-Alive, Connection], Payload = org.apache.catalina.connector.ResponseFacade@55915564
11:09:38.917 [http-nio-8080-exec-7] INFO  c.p.c.f.HeadersLoggingFilter - Header content-type=0:0:0:0:0:0:0:1, IP = content-type
11:09:38.917 [http-nio-8080-exec-7] INFO  c.p.c.f.HeadersLoggingFilter - Header user-agent=0:0:0:0:0:0:0:1, IP = user-agent
11:09:38.917 [http-nio-8080-exec-7] INFO  c.p.c.f.HeadersLoggingFilter - Header accept=0:0:0:0:0:0:0:1, IP = accept
11:09:38.917 [http-nio-8080-exec-7] INFO  c.p.c.f.HeadersLoggingFilter - Header postman-token=0:0:0:0:0:0:0:1, IP = postman-token
11:09:38.917 [http-nio-8080-exec-7] INFO  c.p.c.f.HeadersLoggingFilter - Header host=0:0:0:0:0:0:0:1, IP = host
11:09:38.917 [http-nio-8080-exec-7] INFO  c.p.c.f.HeadersLoggingFilter - Header accept-encoding=0:0:0:0:0:0:0:1, IP = accept-encoding
11:09:38.917 [http-nio-8080-exec-7] INFO  c.p.c.f.HeadersLoggingFilter - Header connection=0:0:0:0:0:0:0:1, IP = connection
11:09:38.917 [http-nio-8080-exec-7] INFO  c.p.c.f.HeadersLoggingFilter - Header content-length=0:0:0:0:0:0:0:1, IP = content-length
11:09:38.917 [http-nio-8080-exec-7] INFO  c.p.c.loggingfilter.LoggingFilter - Request: Method=POST, URI=/api/saveContact, Headers=content-type=application/json; user-agent=PostmanRuntime/7.43.2; accept=*/*; postman-token=96a61d8a-35c6-4772-8f52-ac1807baca96; host=localhost:8080; accept-encoding=gzip, deflate, br; connection=keep-alive; content-length=93; , Request ID: 5a84b3e1-7e73-475e-a53a-e0d37114e45e, Request IP  =0:0:0:0:0:0:0:1
11:09:39.010 [http-nio-8080-exec-7] INFO  c.p.c.loggingfilter.LoggingFilter - Response: Status=201, URI=/api/saveContact, Duration (Response Time)=93ms, Headers=[Content-Type, Transfer-Encoding, Date, Keep-Alive, Connection], Payload = org.apache.catalina.connector.ResponseFacade@3c918904
11:10:10.358 [http-nio-8080-exec-5] INFO  c.p.c.f.HeadersLoggingFilter - Header content-type=0:0:0:0:0:0:0:1, IP = content-type
11:10:10.358 [http-nio-8080-exec-5] INFO  c.p.c.f.HeadersLoggingFilter - Header user-agent=0:0:0:0:0:0:0:1, IP = user-agent
11:10:10.358 [http-nio-8080-exec-5] INFO  c.p.c.f.HeadersLoggingFilter - Header accept=0:0:0:0:0:0:0:1, IP = accept
11:10:10.358 [http-nio-8080-exec-5] INFO  c.p.c.f.HeadersLoggingFilter - Header postman-token=0:0:0:0:0:0:0:1, IP = postman-token
11:10:10.359 [http-nio-8080-exec-5] INFO  c.p.c.f.HeadersLoggingFilter - Header host=0:0:0:0:0:0:0:1, IP = host
11:10:10.359 [http-nio-8080-exec-5] INFO  c.p.c.f.HeadersLoggingFilter - Header accept-encoding=0:0:0:0:0:0:0:1, IP = accept-encoding
11:10:10.359 [http-nio-8080-exec-5] INFO  c.p.c.f.HeadersLoggingFilter - Header connection=0:0:0:0:0:0:0:1, IP = connection
11:10:10.359 [http-nio-8080-exec-5] INFO  c.p.c.f.HeadersLoggingFilter - Header content-length=0:0:0:0:0:0:0:1, IP = content-length
11:10:10.359 [http-nio-8080-exec-5] INFO  c.p.c.loggingfilter.LoggingFilter - Request: Method=POST, URI=/api/saveContact, Headers=content-type=application/json; user-agent=PostmanRuntime/7.43.2; accept=*/*; postman-token=35a63b5a-13ed-4d98-a7e6-3c135ab053ee; host=localhost:8080; accept-encoding=gzip, deflate, br; connection=keep-alive; content-length=90; , Request ID: 5c98e0a8-59e2-4c6d-b8c6-bacdb1755b08, Request IP  =0:0:0:0:0:0:0:1
11:10:10.375 [http-nio-8080-exec-5] INFO  c.p.c.loggingfilter.LoggingFilter - Response: Status=201, URI=/api/saveContact, Duration (Response Time)=16ms, Headers=[Content-Type, Transfer-Encoding, Date, Keep-Alive, Connection], Payload = org.apache.catalina.connector.ResponseFacade@5c2e6ecc
11:10:29.060 [http-nio-8080-exec-8] INFO  c.p.c.f.HeadersLoggingFilter - Header content-type=0:0:0:0:0:0:0:1, IP = content-type
11:10:29.060 [http-nio-8080-exec-8] INFO  c.p.c.f.HeadersLoggingFilter - Header user-agent=0:0:0:0:0:0:0:1, IP = user-agent
11:10:29.060 [http-nio-8080-exec-8] INFO  c.p.c.f.HeadersLoggingFilter - Header accept=0:0:0:0:0:0:0:1, IP = accept
11:10:29.060 [http-nio-8080-exec-8] INFO  c.p.c.f.HeadersLoggingFilter - Header postman-token=0:0:0:0:0:0:0:1, IP = postman-token
11:10:29.060 [http-nio-8080-exec-8] INFO  c.p.c.f.HeadersLoggingFilter - Header host=0:0:0:0:0:0:0:1, IP = host
11:10:29.060 [http-nio-8080-exec-8] INFO  c.p.c.f.HeadersLoggingFilter - Header accept-encoding=0:0:0:0:0:0:0:1, IP = accept-encoding
11:10:29.060 [http-nio-8080-exec-8] INFO  c.p.c.f.HeadersLoggingFilter - Header connection=0:0:0:0:0:0:0:1, IP = connection
11:10:29.060 [http-nio-8080-exec-8] INFO  c.p.c.f.HeadersLoggingFilter - Header content-length=0:0:0:0:0:0:0:1, IP = content-length
11:10:29.060 [http-nio-8080-exec-8] INFO  c.p.c.loggingfilter.LoggingFilter - Request: Method=POST, URI=/api/saveContact, Headers=content-type=application/json; user-agent=PostmanRuntime/7.43.2; accept=*/*; postman-token=69fbed0c-37c4-4017-b6b9-0641cfb4c005; host=localhost:8080; accept-encoding=gzip, deflate, br; connection=keep-alive; content-length=90; , Request ID: eb3f5bbb-5b53-4b0a-8bd6-d1a2785ddc3c, Request IP  =0:0:0:0:0:0:0:1
11:10:29.069 [http-nio-8080-exec-8] WARN  o.s.w.s.m.m.a.ExceptionHandlerExceptionResolver - Failure in @ExceptionHandler com.project.contactsdemo.exception.GlobalExceptionHandler#handleValidationExceptions(MethodArgumentNotValidException)
com.project.contactsdemo.exception.ValidationControlException: Validation failed for argument [0] in public org.springframework.http.ResponseEntity<com.project.contactsdemo.dto.GenericDTO<com.project.contactsdemo.contact.dto.ContactResponseDTO>> com.project.contactsdemo.controller.PersonContactController.saveContact(com.project.contactsdemo.contact.dto.ContactRequestDTO): [Field error in object 'contactRequestDTO' on field 'phoneNumber': rejected value [+905748512547]; codes [ValidPhoneNumber.contactRequestDTO.phoneNumber,ValidPhoneNumber.phoneNumber,ValidPhoneNumber.java.lang.String,ValidPhoneNumber]; arguments [org.springframework.context.support.DefaultMessageSourceResolvable: codes [contactRequestDTO.phoneNumber,phoneNumber]; arguments []; default message [phoneNumber]]; default message [Invalid phone number.]]
	at com.project.contactsdemo.exception.GlobalExceptionHandler.handleValidationExceptions(GlobalExceptionHandler.java:30)
	at java.base/jdk.internal.reflect.NativeMethodAccessorImpl.invoke0(Native Method)
	at java.base/jdk.internal.reflect.NativeMethodAccessorImpl.invoke(NativeMethodAccessorImpl.java:77)
	at java.base/jdk.internal.reflect.DelegatingMethodAccessorImpl.invoke(DelegatingMethodAccessorImpl.java:43)
	at java.base/java.lang.reflect.Method.invoke(Method.java:568)
	at org.springframework.web.method.support.InvocableHandlerMethod.doInvoke(InvocableHandlerMethod.java:255)
	at org.springframework.web.method.support.InvocableHandlerMethod.invokeForRequest(InvocableHandlerMethod.java:188)
	at org.springframework.web.servlet.mvc.method.annotation.ServletInvocableHandlerMethod.invokeAndHandle(ServletInvocableHandlerMethod.java:118)
	at org.springframework.web.servlet.mvc.method.annotation.ExceptionHandlerExceptionResolver.doResolveHandlerMethodException(ExceptionHandlerExceptionResolver.java:432)
	at org.springframework.web.servlet.handler.AbstractHandlerMethodExceptionResolver.doResolveException(AbstractHandlerMethodExceptionResolver.java:74)
	at org.springframework.web.servlet.handler.AbstractHandlerExceptionResolver.resolveException(AbstractHandlerExceptionResolver.java:175)
	at org.springframework.web.servlet.handler.HandlerExceptionResolverComposite.resolveException(HandlerExceptionResolverComposite.java:80)
	at org.springframework.web.servlet.DispatcherServlet.processHandlerException(DispatcherServlet.java:1357)
	at org.springframework.web.servlet.DispatcherServlet.processDispatchResult(DispatcherServlet.java:1160)
	at org.springframework.web.servlet.DispatcherServlet.doDispatch(DispatcherServlet.java:1106)
	at org.springframework.web.servlet.DispatcherServlet.doService(DispatcherServlet.java:979)
	at org.springframework.web.servlet.FrameworkServlet.processRequest(FrameworkServlet.java:1014)
	at org.springframework.web.servlet.FrameworkServlet.doPost(FrameworkServlet.java:914)
	at jakarta.servlet.http.HttpServlet.service(HttpServlet.java:590)
	at org.springframework.web.servlet.FrameworkServlet.service(FrameworkServlet.java:885)
	at jakarta.servlet.http.HttpServlet.service(HttpServlet.java:658)
	at org.apache.catalina.core.ApplicationFilterChain.internalDoFilter(ApplicationFilterChain.java:195)
	at org.apache.catalina.core.ApplicationFilterChain.doFilter(ApplicationFilterChain.java:140)
	at org.apache.tomcat.websocket.server.WsFilter.doFilter(WsFilter.java:51)
	at org.apache.catalina.core.ApplicationFilterChain.internalDoFilter(ApplicationFilterChain.java:164)
	at org.apache.catalina.core.ApplicationFilterChain.doFilter(ApplicationFilterChain.java:140)
	at com.project.contactsdemo.loggingfilter.LoggingFilter.doFilterInternal(LoggingFilter.java:40)
	at org.springframework.web.filter.OncePerRequestFilter.doFilter(OncePerRequestFilter.java:116)
	at org.apache.catalina.core.ApplicationFilterChain.internalDoFilter(ApplicationFilterChain.java:164)
	at org.apache.catalina.core.ApplicationFilterChain.doFilter(ApplicationFilterChain.java:140)
	at com.project.contactsdemo.filterdeneme.HeadersLoggingFilter.doFilter(HeadersLoggingFilter.java:28)
	at org.apache.catalina.core.ApplicationFilterChain.internalDoFilter(ApplicationFilterChain.java:164)
	at org.apache.catalina.core.ApplicationFilterChain.doFilter(ApplicationFilterChain.java:140)
	at org.springframework.web.filter.RequestContextFilter.doFilterInternal(RequestContextFilter.java:100)
	at org.springframework.web.filter.OncePerRequestFilter.doFilter(OncePerRequestFilter.java:116)
	at org.apache.catalina.core.ApplicationFilterChain.internalDoFilter(ApplicationFilterChain.java:164)
	at org.apache.catalina.core.ApplicationFilterChain.doFilter(ApplicationFilterChain.java:140)
	at org.springframework.web.filter.FormContentFilter.doFilterInternal(FormContentFilter.java:93)
	at org.springframework.web.filter.OncePerRequestFilter.doFilter(OncePerRequestFilter.java:116)
	at org.apache.catalina.core.ApplicationFilterChain.internalDoFilter(ApplicationFilterChain.java:164)
	at org.apache.catalina.core.ApplicationFilterChain.doFilter(ApplicationFilterChain.java:140)
	at org.springframework.web.filter.ServerHttpObservationFilter.doFilterInternal(ServerHttpObservationFilter.java:107)
	at org.springframework.web.filter.OncePerRequestFilter.doFilter(OncePerRequestFilter.java:116)
	at org.apache.catalina.core.ApplicationFilterChain.internalDoFilter(ApplicationFilterChain.java:164)
	at org.apache.catalina.core.ApplicationFilterChain.doFilter(ApplicationFilterChain.java:140)
	at org.springframework.web.filter.CharacterEncodingFilter.doFilterInternal(CharacterEncodingFilter.java:201)
	at org.springframework.web.filter.OncePerRequestFilter.doFilter(OncePerRequestFilter.java:116)
	at org.apache.catalina.core.ApplicationFilterChain.internalDoFilter(ApplicationFilterChain.java:164)
	at org.apache.catalina.core.ApplicationFilterChain.doFilter(ApplicationFilterChain.java:140)
	at org.apache.catalina.core.StandardWrapperValve.invoke(StandardWrapperValve.java:167)
	at org.apache.catalina.core.StandardContextValve.invoke(StandardContextValve.java:90)
	at org.apache.catalina.authenticator.AuthenticatorBase.invoke(AuthenticatorBase.java:482)
	at org.apache.catalina.core.StandardHostValve.invoke(StandardHostValve.java:115)
	at org.apache.catalina.valves.ErrorReportValve.invoke(ErrorReportValve.java:93)
	at org.apache.catalina.core.StandardEngineValve.invoke(StandardEngineValve.java:74)
	at org.apache.catalina.connector.CoyoteAdapter.service(CoyoteAdapter.java:344)
	at org.apache.coyote.http11.Http11Processor.service(Http11Processor.java:389)
	at org.apache.coyote.AbstractProcessorLight.process(AbstractProcessorLight.java:63)
	at org.apache.coyote.AbstractProtocol$ConnectionHandler.process(AbstractProtocol.java:904)
	at org.apache.tomcat.util.net.NioEndpoint$SocketProcessor.doRun(NioEndpoint.java:1741)
	at org.apache.tomcat.util.net.SocketProcessorBase.run(SocketProcessorBase.java:52)
	at org.apache.tomcat.util.threads.ThreadPoolExecutor.runWorker(ThreadPoolExecutor.java:1190)
	at org.apache.tomcat.util.threads.ThreadPoolExecutor$Worker.run(ThreadPoolExecutor.java:659)
	at org.apache.tomcat.util.threads.TaskThread$WrappingRunnable.run(TaskThread.java:63)
	at java.base/java.lang.Thread.run(Thread.java:842)
11:10:29.072 [http-nio-8080-exec-8] WARN  o.s.w.s.m.s.DefaultHandlerExceptionResolver - Resolved [org.springframework.web.bind.MethodArgumentNotValidException: Validation failed for argument [0] in public org.springframework.http.ResponseEntity<com.project.contactsdemo.dto.GenericDTO<com.project.contactsdemo.contact.dto.ContactResponseDTO>> com.project.contactsdemo.controller.PersonContactController.saveContact(com.project.contactsdemo.contact.dto.ContactRequestDTO): [Field error in object 'contactRequestDTO' on field 'phoneNumber': rejected value [+905748512547]; codes [ValidPhoneNumber.contactRequestDTO.phoneNumber,ValidPhoneNumber.phoneNumber,ValidPhoneNumber.java.lang.String,ValidPhoneNumber]; arguments [org.springframework.context.support.DefaultMessageSourceResolvable: codes [contactRequestDTO.phoneNumber,phoneNumber]; arguments []; default message [phoneNumber]]; default message [Invalid phone number.]] ]
11:10:29.072 [http-nio-8080-exec-8] INFO  c.p.c.loggingfilter.LoggingFilter - Response: Status=400, URI=/api/saveContact, Duration (Response Time)=12ms, Headers=[], Payload = org.apache.catalina.connector.ResponseFacade@5688b047
11:12:14.428 [http-nio-8080-exec-10] INFO  c.p.c.f.HeadersLoggingFilter - Header user-agent=0:0:0:0:0:0:0:1, IP = user-agent
11:12:14.428 [http-nio-8080-exec-10] INFO  c.p.c.f.HeadersLoggingFilter - Header accept=0:0:0:0:0:0:0:1, IP = accept
11:12:14.428 [http-nio-8080-exec-10] INFO  c.p.c.f.HeadersLoggingFilter - Header postman-token=0:0:0:0:0:0:0:1, IP = postman-token
11:12:14.428 [http-nio-8080-exec-10] INFO  c.p.c.f.HeadersLoggingFilter - Header host=0:0:0:0:0:0:0:1, IP = host
11:12:14.428 [http-nio-8080-exec-10] INFO  c.p.c.f.HeadersLoggingFilter - Header accept-encoding=0:0:0:0:0:0:0:1, IP = accept-encoding
11:12:14.428 [http-nio-8080-exec-10] INFO  c.p.c.f.HeadersLoggingFilter - Header connection=0:0:0:0:0:0:0:1, IP = connection
11:12:14.428 [http-nio-8080-exec-10] INFO  c.p.c.loggingfilter.LoggingFilter - Request: Method=GET, URI=/api/getAllContactsOfPerson/2, Headers=user-agent=PostmanRuntime/7.43.2; accept=*/*; postman-token=8b3a0c19-7caa-4f34-8908-04cc28b9429b; host=localhost:8080; accept-encoding=gzip, deflate, br; connection=keep-alive; , Request ID: 225addb9-06f7-4f90-9fc2-8a47e6a5582b, Request IP  =0:0:0:0:0:0:0:1
11:12:14.463 [http-nio-8080-exec-10] INFO  c.h.i.p.impl.PartitionStateManager - [10.251.34.15]:5701 [dev] [4.1] Initializing cluster partition table arrangement...
11:12:14.578 [http-nio-8080-exec-10] INFO  c.p.c.loggingfilter.LoggingFilter - Response: Status=200, URI=/api/getAllContactsOfPerson/2, Duration (Response Time)=149ms, Headers=[Content-Type, Transfer-Encoding, Date, Keep-Alive, Connection], Payload = org.apache.catalina.connector.ResponseFacade@416582d0
11:50:22.331 [hz.cocky_curie.HealthMonitor] INFO  c.h.i.diagnostics.HealthMonitor - [10.251.34.15]:5701 [dev] [4.1] processors=16, physical.memory.total=32,0G, physical.memory.free=15,1G, swap.space.total=0, swap.space.free=0, heap.memory.used=100,9M, heap.memory.free=67,1M, heap.memory.total=168,0M, heap.memory.max=8,0G, heap.memory.used/total=60,07%, heap.memory.used/max=1,23%, minor.gc.count=20, minor.gc.time=162ms, major.gc.count=0, major.gc.time=0ms, load.process=0,00%, load.system=97,53%, load.systemAverage=n/a thread.count=122, thread.peakCount=131, cluster.timeDiff=0, event.q.size=0, executor.q.async.size=0, executor.q.client.size=0, executor.q.client.query.size=0, executor.q.client.blocking.size=0, executor.q.query.size=0, executor.q.scheduled.size=0, executor.q.io.size=0, executor.q.system.size=0, executor.q.operations.size=0, executor.q.priorityOperation.size=0, operations.completed.count=2, executor.q.mapLoad.size=0, executor.q.mapLoadAllKeys.size=0, executor.q.cluster.size=0, executor.q.response.size=0, operations.running.count=0, operations.pending.invocations.percentage=0,00%, operations.pending.invocations.count=0, proxy.count=1, clientEndpoint.count=1, connection.active.count=1, client.connection.count=1, connection.count=0
11:51:02.356 [hz.cocky_curie.HealthMonitor] INFO  c.h.i.diagnostics.HealthMonitor - [10.251.34.15]:5701 [dev] [4.1] processors=16, physical.memory.total=32,0G, physical.memory.free=14,4G, swap.space.total=0, swap.space.free=0, heap.memory.used=103,7M, heap.memory.free=64,3M, heap.memory.total=168,0M, heap.memory.max=8,0G, heap.memory.used/total=61,74%, heap.memory.used/max=1,27%, minor.gc.count=20, minor.gc.time=162ms, major.gc.count=0, major.gc.time=0ms, load.process=0,00%, load.system=93,01%, load.systemAverage=n/a thread.count=120, thread.peakCount=131, cluster.timeDiff=0, event.q.size=0, executor.q.async.size=0, executor.q.client.size=0, executor.q.client.query.size=0, executor.q.client.blocking.size=0, executor.q.query.size=0, executor.q.scheduled.size=0, executor.q.io.size=0, executor.q.system.size=0, executor.q.operations.size=0, executor.q.priorityOperation.size=0, operations.completed.count=2, executor.q.mapLoad.size=0, executor.q.mapLoadAllKeys.size=0, executor.q.cluster.size=0, executor.q.response.size=0, operations.running.count=0, operations.pending.invocations.percentage=0,00%, operations.pending.invocations.count=0, proxy.count=1, clientEndpoint.count=1, connection.active.count=1, client.connection.count=1, connection.count=0
12:10:42.845 [hz.cocky_curie.HealthMonitor] INFO  c.h.i.diagnostics.HealthMonitor - [10.251.34.15]:5701 [dev] [4.1] processors=16, physical.memory.total=32,0G, physical.memory.free=13,2G, swap.space.total=0, swap.space.free=0, heap.memory.used=120,8M, heap.memory.free=47,2M, heap.memory.total=168,0M, heap.memory.max=8,0G, heap.memory.used/total=71,91%, heap.memory.used/max=1,47%, minor.gc.count=21, minor.gc.time=167ms, major.gc.count=0, major.gc.time=0ms, load.process=0,00%, load.system=74,03%, load.systemAverage=n/a thread.count=126, thread.peakCount=131, cluster.timeDiff=0, event.q.size=0, executor.q.async.size=0, executor.q.client.size=0, executor.q.client.query.size=0, executor.q.client.blocking.size=0, executor.q.query.size=0, executor.q.scheduled.size=0, executor.q.io.size=0, executor.q.system.size=0, executor.q.operations.size=0, executor.q.priorityOperation.size=0, operations.completed.count=2, executor.q.mapLoad.size=0, executor.q.mapLoadAllKeys.size=0, executor.q.cluster.size=0, executor.q.response.size=0, operations.running.count=0, operations.pending.invocations.percentage=0,00%, operations.pending.invocations.count=0, proxy.count=1, clientEndpoint.count=1, connection.active.count=1, client.connection.count=1, connection.count=0
