10:18:56.435 [background-preinit] INFO  o.h.validator.internal.util.Version - HV000001: Hibernate Validator 8.0.1.Final
10:18:56.488 [main] INFO  c.p.c.ContactsdemoApplication - Starting ContactsdemoApplication using Java 17.0.12 with PID 32628 (C:\Ayse Ceren - crud projects\contactsdemo\build\classes\java\main started by 16381136672 in C:\Ayse Ceren - crud projects\contactsdemo)
10:18:56.489 [main] INFO  c.p.c.ContactsdemoApplication - No active profile set, falling back to 1 default profile: "default"
10:18:57.495 [main] INFO  o.s.d.r.c.RepositoryConfigurationDelegate - Bootstrapping Spring Data JPA repositories in DEFAULT mode.
10:18:57.591 [main] INFO  o.s.d.r.c.RepositoryConfigurationDelegate - Finished Spring Data repository scanning in 89 ms. Found 2 JPA repository interfaces.
10:18:58.121 [main] INFO  o.s.b.w.e.tomcat.TomcatWebServer - Tomcat initialized with port 8080 (http)
10:18:58.131 [main] INFO  o.a.coyote.http11.Http11NioProtocol - Initializing ProtocolHandler ["http-nio-8080"]
10:18:58.133 [main] INFO  o.a.catalina.core.StandardService - Starting service [Tomcat]
10:18:58.133 [main] INFO  o.a.catalina.core.StandardEngine - Starting Servlet engine: [Apache Tomcat/10.1.25]
10:18:58.211 [main] INFO  o.a.c.c.C.[Tomcat].[localhost].[/] - Initializing Spring embedded WebApplicationContext
10:18:58.211 [main] INFO  o.s.b.w.s.c.ServletWebServerApplicationContext - Root WebApplicationContext: initialization completed in 1645 ms
10:18:58.385 [main] INFO  o.h.jpa.internal.util.LogHelper - HHH000204: Processing PersistenceUnitInfo [name: default]
10:18:58.449 [main] INFO  org.hibernate.Version - HHH000412: Hibernate ORM core version 6.4.9.Final
10:18:58.486 [main] INFO  o.h.c.i.RegionFactoryInitiator - HHH000026: Second-level cache disabled
10:18:58.772 [main] INFO  o.s.o.j.p.SpringPersistenceUnitInfo - No LoadTimeWeaver setup: ignoring JPA class transformer
10:18:58.801 [main] INFO  com.zaxxer.hikari.HikariDataSource - HikariPool-1 - Starting...
10:18:58.970 [main] INFO  com.zaxxer.hikari.pool.HikariPool - HikariPool-1 - Added connection org.postgresql.jdbc.PgConnection@7d522180
10:18:58.973 [main] INFO  com.zaxxer.hikari.HikariDataSource - HikariPool-1 - Start completed.
10:18:59.008 [main] WARN  org.hibernate.orm.deprecation - HHH90000025: PostgreSQLDialect does not need to be specified explicitly using 'hibernate.dialect' (remove the property setting and it will be selected by default)
10:19:00.209 [main] INFO  o.s.o.j.LocalContainerEntityManagerFactoryBean - Initialized JPA EntityManagerFactory for persistence unit 'default'
10:19:00.442 [main] WARN  o.s.b.a.o.j.JpaBaseConfiguration$JpaWebConfiguration - spring.jpa.open-in-view is enabled by default. Therefore, database queries may be performed during view rendering. Explicitly configure spring.jpa.open-in-view to disable this warning
10:19:01.033 [main] INFO  o.s.d.j.r.query.QueryEnhancerFactory - Hibernate is in classpath; If applicable, HQL parser will be used.
10:19:01.469 [main] INFO  o.a.coyote.http11.Http11NioProtocol - Starting ProtocolHandler ["http-nio-8080"]
10:19:01.518 [main] INFO  o.s.b.w.e.tomcat.TomcatWebServer - Tomcat started on port 8080 (http) with context path ''
10:19:01.532 [main] INFO  c.p.c.ContactsdemoApplication - Started ContactsdemoApplication in 5.558 seconds (process running for 7.557)
10:19:08.853 [SpringApplicationShutdownHook] INFO  o.s.o.j.LocalContainerEntityManagerFactoryBean - Closing JPA EntityManagerFactory for persistence unit 'default'
10:19:08.855 [SpringApplicationShutdownHook] INFO  com.zaxxer.hikari.HikariDataSource - HikariPool-1 - Shutdown initiated...
10:19:08.860 [SpringApplicationShutdownHook] INFO  com.zaxxer.hikari.HikariDataSource - HikariPool-1 - Shutdown completed.
10:19:54.935 [background-preinit] INFO  o.h.validator.internal.util.Version - HV000001: Hibernate Validator 8.0.1.Final
10:19:54.994 [main] INFO  c.p.c.ContactsdemoApplication - Starting ContactsdemoApplication using Java 17.0.12 with PID 29524 (C:\Ayse Ceren - crud projects\contactsdemo\build\classes\java\main started by 16381136672 in C:\Ayse Ceren - crud projects\contactsdemo)
10:19:54.995 [main] INFO  c.p.c.ContactsdemoApplication - No active profile set, falling back to 1 default profile: "default"
10:19:56.127 [main] INFO  o.s.d.r.c.RepositoryConfigurationDelegate - Bootstrapping Spring Data JPA repositories in DEFAULT mode.
10:19:56.217 [main] INFO  o.s.d.r.c.RepositoryConfigurationDelegate - Finished Spring Data repository scanning in 82 ms. Found 2 JPA repository interfaces.
10:19:56.845 [main] INFO  o.s.b.w.e.tomcat.TomcatWebServer - Tomcat initialized with port 8080 (http)
10:19:56.865 [main] INFO  o.a.coyote.http11.Http11NioProtocol - Initializing ProtocolHandler ["http-nio-8080"]
10:19:56.867 [main] INFO  o.a.catalina.core.StandardService - Starting service [Tomcat]
10:19:56.867 [main] INFO  o.a.catalina.core.StandardEngine - Starting Servlet engine: [Apache Tomcat/10.1.25]
10:19:56.994 [main] INFO  o.a.c.c.C.[Tomcat].[localhost].[/] - Initializing Spring embedded WebApplicationContext
10:19:56.996 [main] INFO  o.s.b.w.s.c.ServletWebServerApplicationContext - Root WebApplicationContext: initialization completed in 1935 ms
10:19:57.336 [main] INFO  o.h.jpa.internal.util.LogHelper - HHH000204: Processing PersistenceUnitInfo [name: default]
10:19:57.412 [main] INFO  org.hibernate.Version - HHH000412: Hibernate ORM core version 6.4.9.Final
10:19:57.451 [main] INFO  o.h.c.i.RegionFactoryInitiator - HHH000026: Second-level cache disabled
10:19:57.776 [main] INFO  o.s.o.j.p.SpringPersistenceUnitInfo - No LoadTimeWeaver setup: ignoring JPA class transformer
10:19:57.813 [main] INFO  com.zaxxer.hikari.HikariDataSource - HikariPool-1 - Starting...
10:19:57.998 [main] INFO  com.zaxxer.hikari.pool.HikariPool - HikariPool-1 - Added connection org.postgresql.jdbc.PgConnection@28519bfb
10:19:58.001 [main] INFO  com.zaxxer.hikari.HikariDataSource - HikariPool-1 - Start completed.
10:19:58.044 [main] WARN  org.hibernate.orm.deprecation - HHH90000025: PostgreSQLDialect does not need to be specified explicitly using 'hibernate.dialect' (remove the property setting and it will be selected by default)
10:19:59.574 [main] INFO  o.s.o.j.LocalContainerEntityManagerFactoryBean - Initialized JPA EntityManagerFactory for persistence unit 'default'
10:20:01.243 [main] WARN  o.s.b.a.o.j.JpaBaseConfiguration$JpaWebConfiguration - spring.jpa.open-in-view is enabled by default. Therefore, database queries may be performed during view rendering. Explicitly configure spring.jpa.open-in-view to disable this warning
10:20:02.917 [main] INFO  o.s.d.j.r.query.QueryEnhancerFactory - Hibernate is in classpath; If applicable, HQL parser will be used.
10:20:03.861 [main] INFO  o.a.coyote.http11.Http11NioProtocol - Starting ProtocolHandler ["http-nio-8080"]
10:20:03.989 [main] INFO  o.s.b.w.e.tomcat.TomcatWebServer - Tomcat started on port 8080 (http) with context path ''
10:20:04.015 [main] INFO  c.p.c.ContactsdemoApplication - Started ContactsdemoApplication in 9.618 seconds (process running for 11.626)
10:20:15.440 [http-nio-8080-exec-1] INFO  o.a.c.c.C.[Tomcat].[localhost].[/] - Initializing Spring DispatcherServlet 'dispatcherServlet'
10:20:15.440 [http-nio-8080-exec-1] INFO  o.s.web.servlet.DispatcherServlet - Initializing Servlet 'dispatcherServlet'
10:20:15.441 [http-nio-8080-exec-1] INFO  o.s.web.servlet.DispatcherServlet - Completed initialization in 1 ms
10:20:24.020 [http-nio-8080-exec-1] INFO  c.p.c.f.HeadersLoggingFilter - Header user-agent=0:0:0:0:0:0:0:1, IP = user-agent
10:20:24.852 [http-nio-8080-exec-1] INFO  c.p.c.f.HeadersLoggingFilter - Header accept=0:0:0:0:0:0:0:1, IP = accept
10:20:25.641 [http-nio-8080-exec-1] INFO  c.p.c.f.HeadersLoggingFilter - Header postman-token=0:0:0:0:0:0:0:1, IP = postman-token
10:20:26.413 [http-nio-8080-exec-1] INFO  c.p.c.f.HeadersLoggingFilter - Header host=0:0:0:0:0:0:0:1, IP = host
10:20:27.586 [http-nio-8080-exec-1] INFO  c.p.c.f.HeadersLoggingFilter - Header accept-encoding=0:0:0:0:0:0:0:1, IP = accept-encoding
10:20:28.099 [http-nio-8080-exec-1] INFO  c.p.c.f.HeadersLoggingFilter - Header connection=0:0:0:0:0:0:0:1, IP = connection
10:20:31.076 [http-nio-8080-exec-1] INFO  c.p.c.loggingfilter.LoggingFilter - Request: Method=GET, URI=/api/getAllPerson, Headers=user-agent=PostmanRuntime/7.43.0; accept=*/*; postman-token=a01ef466-0e43-4890-ace2-dc8d6da6528c; host=localhost:8080; accept-encoding=gzip, deflate, br; connection=keep-alive; , Request ID: 2fa758e4-c60e-42a2-b639-e82ed56b15e0, Request IP  =0:0:0:0:0:0:0:1
10:20:31.128 [http-nio-8080-exec-1] INFO  c.p.c.l.LoggingInterceptor - Request: GET /api/getAllPerson
10:21:16.811 [HikariPool-1 housekeeper] WARN  com.zaxxer.hikari.pool.HikariPool - HikariPool-1 - Thread starvation or clock leap detected (housekeeper delta=46s818ms858µs700ns).
10:21:23.604 [http-nio-8080-exec-1] INFO  c.p.c.l.LoggingInterceptor - Respone 200 /api/getAllPerson
10:21:23.607 [http-nio-8080-exec-1] INFO  c.p.c.loggingfilter.LoggingFilter - Response: Status=200, URI=/api/getAllPerson, Duration (Response Time)=52531ms, Headers=[Content-Type, Transfer-Encoding, Date, Keep-Alive, Connection], Payload = org.apache.catalina.connector.ResponseFacade@5ab23213
10:22:01.545 [http-nio-8080-exec-4] INFO  c.p.c.f.HeadersLoggingFilter - Header user-agent=0:0:0:0:0:0:0:1, IP = user-agent
10:22:01.545 [http-nio-8080-exec-4] INFO  c.p.c.f.HeadersLoggingFilter - Header accept=0:0:0:0:0:0:0:1, IP = accept
10:22:01.546 [http-nio-8080-exec-4] INFO  c.p.c.f.HeadersLoggingFilter - Header postman-token=0:0:0:0:0:0:0:1, IP = postman-token
10:22:01.546 [http-nio-8080-exec-4] INFO  c.p.c.f.HeadersLoggingFilter - Header host=0:0:0:0:0:0:0:1, IP = host
10:22:01.548 [http-nio-8080-exec-4] INFO  c.p.c.f.HeadersLoggingFilter - Header accept-encoding=0:0:0:0:0:0:0:1, IP = accept-encoding
10:22:01.548 [http-nio-8080-exec-4] INFO  c.p.c.f.HeadersLoggingFilter - Header connection=0:0:0:0:0:0:0:1, IP = connection
10:22:01.548 [http-nio-8080-exec-4] INFO  c.p.c.loggingfilter.LoggingFilter - Request: Method=GET, URI=/api/getAllPerson, Headers=user-agent=PostmanRuntime/7.43.0; accept=*/*; postman-token=b39bb69d-7865-4170-9ad7-7649496af255; host=localhost:8080; accept-encoding=gzip, deflate, br; connection=keep-alive; , Request ID: 922e0d38-6a25-40e3-b360-81502aac306f, Request IP  =0:0:0:0:0:0:0:1
10:22:01.550 [http-nio-8080-exec-4] INFO  c.p.c.l.LoggingInterceptor - Request: GET /api/getAllPerson
10:22:01.584 [http-nio-8080-exec-4] INFO  c.p.c.l.LoggingInterceptor - Respone 200 /api/getAllPerson
10:22:01.586 [http-nio-8080-exec-4] INFO  c.p.c.loggingfilter.LoggingFilter - Response: Status=200, URI=/api/getAllPerson, Duration (Response Time)=36ms, Headers=[Content-Type, Transfer-Encoding, Date, Keep-Alive, Connection], Payload = org.apache.catalina.connector.ResponseFacade@3d7b9ca4
10:22:01.848 [SpringApplicationShutdownHook] INFO  o.s.o.j.LocalContainerEntityManagerFactoryBean - Closing JPA EntityManagerFactory for persistence unit 'default'
10:22:01.850 [SpringApplicationShutdownHook] INFO  com.zaxxer.hikari.HikariDataSource - HikariPool-1 - Shutdown initiated...
10:22:01.856 [SpringApplicationShutdownHook] INFO  com.zaxxer.hikari.HikariDataSource - HikariPool-1 - Shutdown completed.
10:22:08.451 [background-preinit] INFO  o.h.validator.internal.util.Version - HV000001: Hibernate Validator 8.0.1.Final
10:22:08.514 [main] INFO  c.p.c.ContactsdemoApplication - Starting ContactsdemoApplication using Java 17.0.12 with PID 23076 (C:\Ayse Ceren - crud projects\contactsdemo\build\classes\java\main started by 16381136672 in C:\Ayse Ceren - crud projects\contactsdemo)
10:22:08.515 [main] INFO  c.p.c.ContactsdemoApplication - No active profile set, falling back to 1 default profile: "default"
10:22:10.106 [main] INFO  o.s.d.r.c.RepositoryConfigurationDelegate - Bootstrapping Spring Data JPA repositories in DEFAULT mode.
10:22:10.207 [main] INFO  o.s.d.r.c.RepositoryConfigurationDelegate - Finished Spring Data repository scanning in 89 ms. Found 2 JPA repository interfaces.
10:22:10.875 [main] INFO  o.s.b.w.e.tomcat.TomcatWebServer - Tomcat initialized with port 8080 (http)
10:22:10.887 [main] INFO  o.a.coyote.http11.Http11NioProtocol - Initializing ProtocolHandler ["http-nio-8080"]
10:22:10.889 [main] INFO  o.a.catalina.core.StandardService - Starting service [Tomcat]
10:22:10.889 [main] INFO  o.a.catalina.core.StandardEngine - Starting Servlet engine: [Apache Tomcat/10.1.25]
10:22:10.981 [main] INFO  o.a.c.c.C.[Tomcat].[localhost].[/] - Initializing Spring embedded WebApplicationContext
10:22:10.982 [main] INFO  o.s.b.w.s.c.ServletWebServerApplicationContext - Root WebApplicationContext: initialization completed in 2358 ms
10:22:11.168 [main] INFO  o.h.jpa.internal.util.LogHelper - HHH000204: Processing PersistenceUnitInfo [name: default]
10:22:11.237 [main] INFO  org.hibernate.Version - HHH000412: Hibernate ORM core version 6.4.9.Final
10:22:11.280 [main] INFO  o.h.c.i.RegionFactoryInitiator - HHH000026: Second-level cache disabled
10:22:11.614 [main] INFO  o.s.o.j.p.SpringPersistenceUnitInfo - No LoadTimeWeaver setup: ignoring JPA class transformer
10:22:11.650 [main] INFO  com.zaxxer.hikari.HikariDataSource - HikariPool-1 - Starting...
10:22:11.964 [main] INFO  com.zaxxer.hikari.pool.HikariPool - HikariPool-1 - Added connection org.postgresql.jdbc.PgConnection@1a01ffff
10:22:11.967 [main] INFO  com.zaxxer.hikari.HikariDataSource - HikariPool-1 - Start completed.
10:22:12.018 [main] WARN  org.hibernate.orm.deprecation - HHH90000025: PostgreSQLDialect does not need to be specified explicitly using 'hibernate.dialect' (remove the property setting and it will be selected by default)
10:22:13.442 [main] INFO  o.s.o.j.LocalContainerEntityManagerFactoryBean - Initialized JPA EntityManagerFactory for persistence unit 'default'
10:22:14.665 [main] WARN  o.s.b.a.o.j.JpaBaseConfiguration$JpaWebConfiguration - spring.jpa.open-in-view is enabled by default. Therefore, database queries may be performed during view rendering. Explicitly configure spring.jpa.open-in-view to disable this warning
10:22:16.418 [main] INFO  o.s.d.j.r.query.QueryEnhancerFactory - Hibernate is in classpath; If applicable, HQL parser will be used.
10:22:17.416 [main] INFO  o.a.coyote.http11.Http11NioProtocol - Starting ProtocolHandler ["http-nio-8080"]
10:22:17.517 [main] INFO  o.s.b.w.e.tomcat.TomcatWebServer - Tomcat started on port 8080 (http) with context path ''
10:22:17.538 [main] INFO  c.p.c.ContactsdemoApplication - Started ContactsdemoApplication in 9.857 seconds (process running for 12.017)
10:22:20.257 [http-nio-8080-exec-2] INFO  o.a.c.c.C.[Tomcat].[localhost].[/] - Initializing Spring DispatcherServlet 'dispatcherServlet'
10:22:20.257 [http-nio-8080-exec-2] INFO  o.s.web.servlet.DispatcherServlet - Initializing Servlet 'dispatcherServlet'
10:22:20.259 [http-nio-8080-exec-2] INFO  o.s.web.servlet.DispatcherServlet - Completed initialization in 1 ms
10:22:20.283 [http-nio-8080-exec-2] INFO  c.p.c.f.HeadersLoggingFilter - Header user-agent=0:0:0:0:0:0:0:1, IP = user-agent
10:22:20.283 [http-nio-8080-exec-2] INFO  c.p.c.f.HeadersLoggingFilter - Header accept=0:0:0:0:0:0:0:1, IP = accept
10:22:20.283 [http-nio-8080-exec-2] INFO  c.p.c.f.HeadersLoggingFilter - Header postman-token=0:0:0:0:0:0:0:1, IP = postman-token
10:22:20.283 [http-nio-8080-exec-2] INFO  c.p.c.f.HeadersLoggingFilter - Header host=0:0:0:0:0:0:0:1, IP = host
10:22:20.283 [http-nio-8080-exec-2] INFO  c.p.c.f.HeadersLoggingFilter - Header accept-encoding=0:0:0:0:0:0:0:1, IP = accept-encoding
10:22:20.283 [http-nio-8080-exec-2] INFO  c.p.c.f.HeadersLoggingFilter - Header connection=0:0:0:0:0:0:0:1, IP = connection
10:22:20.286 [http-nio-8080-exec-2] INFO  c.p.c.loggingfilter.LoggingFilter - Request: Method=GET, URI=/api/getAllPerson, Headers=user-agent=PostmanRuntime/7.43.0; accept=*/*; postman-token=433f1e6b-1bef-4c84-9361-9a29afcda5e0; host=localhost:8080; accept-encoding=gzip, deflate, br; connection=keep-alive; , Request ID: 1870d483-930a-4ccf-91bc-a990b74f6a16, Request IP  =0:0:0:0:0:0:0:1
10:22:20.361 [http-nio-8080-exec-2] INFO  c.p.c.l.LoggingInterceptor - Request: GET /api/getAllPerson
10:23:34.072 [HikariPool-1 housekeeper] WARN  com.zaxxer.hikari.pool.HikariPool - HikariPool-1 - Thread starvation or clock leap detected (housekeeper delta=1m21s995ms228µs900ns).
10:23:34.389 [http-nio-8080-exec-2] INFO  c.p.c.l.LoggingInterceptor - Respone 200 /api/getAllPerson
10:23:34.393 [http-nio-8080-exec-2] INFO  c.p.c.loggingfilter.LoggingFilter - Response: Status=200, URI=/api/getAllPerson, Duration (Response Time)=74107ms, Headers=[Content-Type, Transfer-Encoding, Date, Keep-Alive, Connection], Payload = org.apache.catalina.connector.ResponseFacade@57ec68e5
10:28:06.028 [SpringApplicationShutdownHook] INFO  o.s.o.j.LocalContainerEntityManagerFactoryBean - Closing JPA EntityManagerFactory for persistence unit 'default'
10:28:06.035 [SpringApplicationShutdownHook] INFO  com.zaxxer.hikari.HikariDataSource - HikariPool-1 - Shutdown initiated...
10:28:06.040 [SpringApplicationShutdownHook] INFO  com.zaxxer.hikari.HikariDataSource - HikariPool-1 - Shutdown completed.
10:28:17.832 [background-preinit] INFO  o.h.validator.internal.util.Version - HV000001: Hibernate Validator 8.0.1.Final
10:28:17.876 [main] INFO  c.p.c.ContactsdemoApplication - Starting ContactsdemoApplication using Java 17.0.12 with PID 32220 (C:\Ayse Ceren - crud projects\contactsdemo\build\classes\java\main started by 16381136672 in C:\Ayse Ceren - crud projects\contactsdemo)
10:28:17.876 [main] INFO  c.p.c.ContactsdemoApplication - No active profile set, falling back to 1 default profile: "default"
10:28:18.742 [main] INFO  o.s.d.r.c.RepositoryConfigurationDelegate - Bootstrapping Spring Data JPA repositories in DEFAULT mode.
10:28:18.821 [main] INFO  o.s.d.r.c.RepositoryConfigurationDelegate - Finished Spring Data repository scanning in 74 ms. Found 2 JPA repository interfaces.
10:28:19.338 [main] INFO  o.s.b.w.e.tomcat.TomcatWebServer - Tomcat initialized with port 8080 (http)
10:28:19.354 [main] INFO  o.a.coyote.http11.Http11NioProtocol - Initializing ProtocolHandler ["http-nio-8080"]
10:28:19.354 [main] INFO  o.a.catalina.core.StandardService - Starting service [Tomcat]
10:28:19.354 [main] INFO  o.a.catalina.core.StandardEngine - Starting Servlet engine: [Apache Tomcat/10.1.25]
10:28:19.462 [main] INFO  o.a.c.c.C.[Tomcat].[localhost].[/] - Initializing Spring embedded WebApplicationContext
10:28:19.462 [main] INFO  o.s.b.w.s.c.ServletWebServerApplicationContext - Root WebApplicationContext: initialization completed in 1533 ms
10:28:19.626 [main] INFO  o.h.jpa.internal.util.LogHelper - HHH000204: Processing PersistenceUnitInfo [name: default]
10:28:19.682 [main] INFO  org.hibernate.Version - HHH000412: Hibernate ORM core version 6.4.9.Final
10:28:19.717 [main] INFO  o.h.c.i.RegionFactoryInitiator - HHH000026: Second-level cache disabled
10:28:20.012 [main] INFO  o.s.o.j.p.SpringPersistenceUnitInfo - No LoadTimeWeaver setup: ignoring JPA class transformer
10:28:20.040 [main] INFO  com.zaxxer.hikari.HikariDataSource - HikariPool-1 - Starting...
10:28:20.182 [main] INFO  com.zaxxer.hikari.pool.HikariPool - HikariPool-1 - Added connection org.postgresql.jdbc.PgConnection@6a902015
10:28:20.184 [main] INFO  com.zaxxer.hikari.HikariDataSource - HikariPool-1 - Start completed.
10:28:20.214 [main] WARN  org.hibernate.orm.deprecation - HHH90000025: PostgreSQLDialect does not need to be specified explicitly using 'hibernate.dialect' (remove the property setting and it will be selected by default)
10:28:21.344 [main] INFO  o.s.o.j.LocalContainerEntityManagerFactoryBean - Initialized JPA EntityManagerFactory for persistence unit 'default'
10:28:22.273 [main] WARN  o.s.b.a.o.j.JpaBaseConfiguration$JpaWebConfiguration - spring.jpa.open-in-view is enabled by default. Therefore, database queries may be performed during view rendering. Explicitly configure spring.jpa.open-in-view to disable this warning
10:28:23.603 [main] INFO  o.s.d.j.r.query.QueryEnhancerFactory - Hibernate is in classpath; If applicable, HQL parser will be used.
10:28:24.399 [main] INFO  o.a.coyote.http11.Http11NioProtocol - Starting ProtocolHandler ["http-nio-8080"]
10:28:24.476 [main] INFO  o.s.b.w.e.tomcat.TomcatWebServer - Tomcat started on port 8080 (http) with context path ''
10:28:24.492 [main] INFO  c.p.c.ContactsdemoApplication - Started ContactsdemoApplication in 7.088 seconds (process running for 8.46)
10:29:08.700 [http-nio-8080-exec-1] INFO  o.a.c.c.C.[Tomcat].[localhost].[/] - Initializing Spring DispatcherServlet 'dispatcherServlet'
10:29:08.700 [http-nio-8080-exec-1] INFO  o.s.web.servlet.DispatcherServlet - Initializing Servlet 'dispatcherServlet'
10:29:08.702 [http-nio-8080-exec-1] INFO  o.s.web.servlet.DispatcherServlet - Completed initialization in 1 ms
10:29:08.724 [http-nio-8080-exec-1] INFO  c.p.c.f.HeadersLoggingFilter - Header content-type=0:0:0:0:0:0:0:1, IP = content-type
10:29:08.725 [http-nio-8080-exec-1] INFO  c.p.c.f.HeadersLoggingFilter - Header user-agent=0:0:0:0:0:0:0:1, IP = user-agent
10:29:08.725 [http-nio-8080-exec-1] INFO  c.p.c.f.HeadersLoggingFilter - Header accept=0:0:0:0:0:0:0:1, IP = accept
10:29:08.725 [http-nio-8080-exec-1] INFO  c.p.c.f.HeadersLoggingFilter - Header postman-token=0:0:0:0:0:0:0:1, IP = postman-token
10:29:08.725 [http-nio-8080-exec-1] INFO  c.p.c.f.HeadersLoggingFilter - Header host=0:0:0:0:0:0:0:1, IP = host
10:29:08.725 [http-nio-8080-exec-1] INFO  c.p.c.f.HeadersLoggingFilter - Header accept-encoding=0:0:0:0:0:0:0:1, IP = accept-encoding
10:29:08.725 [http-nio-8080-exec-1] INFO  c.p.c.f.HeadersLoggingFilter - Header connection=0:0:0:0:0:0:0:1, IP = connection
10:29:08.725 [http-nio-8080-exec-1] INFO  c.p.c.f.HeadersLoggingFilter - Header content-length=0:0:0:0:0:0:0:1, IP = content-length
10:29:08.728 [http-nio-8080-exec-1] INFO  c.p.c.loggingfilter.LoggingFilter - Request: Method=POST, URI=/api/saveContact, Headers=content-type=application/json; user-agent=PostmanRuntime/7.43.0; accept=*/*; postman-token=8feffbbd-1ed9-400a-a136-6bc82af15461; host=localhost:8080; accept-encoding=gzip, deflate, br; connection=keep-alive; content-length=89; , Request ID: 05f3cd5b-35af-4d66-8dd9-8bf7bb268002, Request IP  =0:0:0:0:0:0:0:1
10:29:08.779 [http-nio-8080-exec-1] INFO  c.p.c.l.LoggingInterceptor - Request: POST /api/saveContact
10:29:19.997 [http-nio-8080-exec-1] INFO  c.p.c.l.LoggingInterceptor - Respone 201 /api/saveContact
10:29:20.000 [http-nio-8080-exec-1] INFO  c.p.c.loggingfilter.LoggingFilter - Response: Status=201, URI=/api/saveContact, Duration (Response Time)=11272ms, Headers=[], Payload = org.apache.catalina.connector.ResponseFacade@240eb026
10:33:01.112 [SpringApplicationShutdownHook] INFO  o.s.o.j.LocalContainerEntityManagerFactoryBean - Closing JPA EntityManagerFactory for persistence unit 'default'
10:33:01.114 [SpringApplicationShutdownHook] INFO  com.zaxxer.hikari.HikariDataSource - HikariPool-1 - Shutdown initiated...
10:33:01.121 [SpringApplicationShutdownHook] INFO  com.zaxxer.hikari.HikariDataSource - HikariPool-1 - Shutdown completed.
10:33:11.378 [background-preinit] INFO  o.h.validator.internal.util.Version - HV000001: Hibernate Validator 8.0.1.Final
10:33:11.443 [main] INFO  c.p.c.ContactsdemoApplication - Starting ContactsdemoApplication using Java 17.0.12 with PID 28756 (C:\Ayse Ceren - crud projects\contactsdemo\build\classes\java\main started by 16381136672 in C:\Ayse Ceren - crud projects\contactsdemo)
10:33:11.443 [main] INFO  c.p.c.ContactsdemoApplication - No active profile set, falling back to 1 default profile: "default"
10:33:12.559 [main] INFO  o.s.d.r.c.RepositoryConfigurationDelegate - Bootstrapping Spring Data JPA repositories in DEFAULT mode.
10:33:12.660 [main] INFO  o.s.d.r.c.RepositoryConfigurationDelegate - Finished Spring Data repository scanning in 94 ms. Found 2 JPA repository interfaces.
10:33:13.232 [main] INFO  o.s.b.w.e.tomcat.TomcatWebServer - Tomcat initialized with port 8080 (http)
10:33:13.243 [main] INFO  o.a.coyote.http11.Http11NioProtocol - Initializing ProtocolHandler ["http-nio-8080"]
10:33:13.245 [main] INFO  o.a.catalina.core.StandardService - Starting service [Tomcat]
10:33:13.245 [main] INFO  o.a.catalina.core.StandardEngine - Starting Servlet engine: [Apache Tomcat/10.1.25]
10:33:13.326 [main] INFO  o.a.c.c.C.[Tomcat].[localhost].[/] - Initializing Spring embedded WebApplicationContext
10:33:13.326 [main] INFO  o.s.b.w.s.c.ServletWebServerApplicationContext - Root WebApplicationContext: initialization completed in 1789 ms
10:33:13.501 [main] INFO  o.h.jpa.internal.util.LogHelper - HHH000204: Processing PersistenceUnitInfo [name: default]
10:33:13.562 [main] INFO  org.hibernate.Version - HHH000412: Hibernate ORM core version 6.4.9.Final
10:33:13.599 [main] INFO  o.h.c.i.RegionFactoryInitiator - HHH000026: Second-level cache disabled
10:33:13.875 [main] INFO  o.s.o.j.p.SpringPersistenceUnitInfo - No LoadTimeWeaver setup: ignoring JPA class transformer
10:33:13.903 [main] INFO  com.zaxxer.hikari.HikariDataSource - HikariPool-1 - Starting...
10:33:14.062 [main] INFO  com.zaxxer.hikari.pool.HikariPool - HikariPool-1 - Added connection org.postgresql.jdbc.PgConnection@30c8c6ab
10:33:14.064 [main] INFO  com.zaxxer.hikari.HikariDataSource - HikariPool-1 - Start completed.
10:33:14.097 [main] WARN  org.hibernate.orm.deprecation - HHH90000025: PostgreSQLDialect does not need to be specified explicitly using 'hibernate.dialect' (remove the property setting and it will be selected by default)
10:33:15.303 [main] INFO  o.s.o.j.LocalContainerEntityManagerFactoryBean - Initialized JPA EntityManagerFactory for persistence unit 'default'
10:33:16.946 [main] WARN  o.s.b.a.o.j.JpaBaseConfiguration$JpaWebConfiguration - spring.jpa.open-in-view is enabled by default. Therefore, database queries may be performed during view rendering. Explicitly configure spring.jpa.open-in-view to disable this warning
10:33:18.394 [main] INFO  o.s.d.j.r.query.QueryEnhancerFactory - Hibernate is in classpath; If applicable, HQL parser will be used.
10:33:19.189 [main] INFO  o.a.coyote.http11.Http11NioProtocol - Starting ProtocolHandler ["http-nio-8080"]
10:33:19.277 [main] INFO  o.s.b.w.e.tomcat.TomcatWebServer - Tomcat started on port 8080 (http) with context path ''
10:33:19.296 [main] INFO  c.p.c.ContactsdemoApplication - Started ContactsdemoApplication in 8.499 seconds (process running for 10.003)
10:33:56.570 [http-nio-8080-exec-1] INFO  o.a.c.c.C.[Tomcat].[localhost].[/] - Initializing Spring DispatcherServlet 'dispatcherServlet'
10:33:56.570 [http-nio-8080-exec-1] INFO  o.s.web.servlet.DispatcherServlet - Initializing Servlet 'dispatcherServlet'
10:33:56.571 [http-nio-8080-exec-1] INFO  o.s.web.servlet.DispatcherServlet - Completed initialization in 1 ms
10:33:56.588 [http-nio-8080-exec-1] INFO  c.p.c.f.HeadersLoggingFilter - Header content-type=0:0:0:0:0:0:0:1, IP = content-type
10:33:56.589 [http-nio-8080-exec-1] INFO  c.p.c.f.HeadersLoggingFilter - Header user-agent=0:0:0:0:0:0:0:1, IP = user-agent
10:33:56.589 [http-nio-8080-exec-1] INFO  c.p.c.f.HeadersLoggingFilter - Header accept=0:0:0:0:0:0:0:1, IP = accept
10:33:56.589 [http-nio-8080-exec-1] INFO  c.p.c.f.HeadersLoggingFilter - Header postman-token=0:0:0:0:0:0:0:1, IP = postman-token
10:33:56.589 [http-nio-8080-exec-1] INFO  c.p.c.f.HeadersLoggingFilter - Header host=0:0:0:0:0:0:0:1, IP = host
10:33:56.589 [http-nio-8080-exec-1] INFO  c.p.c.f.HeadersLoggingFilter - Header accept-encoding=0:0:0:0:0:0:0:1, IP = accept-encoding
10:33:56.589 [http-nio-8080-exec-1] INFO  c.p.c.f.HeadersLoggingFilter - Header connection=0:0:0:0:0:0:0:1, IP = connection
10:33:56.589 [http-nio-8080-exec-1] INFO  c.p.c.f.HeadersLoggingFilter - Header content-length=0:0:0:0:0:0:0:1, IP = content-length
10:33:56.591 [http-nio-8080-exec-1] INFO  c.p.c.loggingfilter.LoggingFilter - Request: Method=POST, URI=/api/savePerson, Headers=content-type=application/json; user-agent=PostmanRuntime/7.43.0; accept=*/*; postman-token=4934d7ab-ec87-4dd5-ab2b-371eba277827; host=localhost:8080; accept-encoding=gzip, deflate, br; connection=keep-alive; content-length=219; , Request ID: 0a3e6ec4-c81c-4f98-8fca-4ff0cf58302a, Request IP  =0:0:0:0:0:0:0:1
10:33:56.637 [http-nio-8080-exec-1] INFO  c.p.c.l.LoggingInterceptor - Request: POST /api/savePerson
10:33:57.164 [http-nio-8080-exec-1] INFO  c.p.c.l.LoggingInterceptor - Respone 400 /api/savePerson
10:33:57.167 [http-nio-8080-exec-1] INFO  c.p.c.loggingfilter.LoggingFilter - Response: Status=400, URI=/api/savePerson, Duration (Response Time)=575ms, Headers=[Content-Type, Transfer-Encoding, Date, Connection], Payload = org.apache.catalina.connector.ResponseFacade@25a6b53a
10:34:09.340 [http-nio-8080-exec-4] INFO  c.p.c.f.HeadersLoggingFilter - Header content-type=0:0:0:0:0:0:0:1, IP = content-type
10:34:09.340 [http-nio-8080-exec-4] INFO  c.p.c.f.HeadersLoggingFilter - Header user-agent=0:0:0:0:0:0:0:1, IP = user-agent
10:34:09.340 [http-nio-8080-exec-4] INFO  c.p.c.f.HeadersLoggingFilter - Header accept=0:0:0:0:0:0:0:1, IP = accept
10:34:09.340 [http-nio-8080-exec-4] INFO  c.p.c.f.HeadersLoggingFilter - Header postman-token=0:0:0:0:0:0:0:1, IP = postman-token
10:34:09.341 [http-nio-8080-exec-4] INFO  c.p.c.f.HeadersLoggingFilter - Header host=0:0:0:0:0:0:0:1, IP = host
10:34:09.341 [http-nio-8080-exec-4] INFO  c.p.c.f.HeadersLoggingFilter - Header accept-encoding=0:0:0:0:0:0:0:1, IP = accept-encoding
10:34:09.341 [http-nio-8080-exec-4] INFO  c.p.c.f.HeadersLoggingFilter - Header connection=0:0:0:0:0:0:0:1, IP = connection
10:34:09.341 [http-nio-8080-exec-4] INFO  c.p.c.f.HeadersLoggingFilter - Header content-length=0:0:0:0:0:0:0:1, IP = content-length
10:34:09.341 [http-nio-8080-exec-4] INFO  c.p.c.loggingfilter.LoggingFilter - Request: Method=POST, URI=/api/savePerson, Headers=content-type=application/json; user-agent=PostmanRuntime/7.43.0; accept=*/*; postman-token=5288137e-bc7f-44e4-9841-7398c36406b4; host=localhost:8080; accept-encoding=gzip, deflate, br; connection=keep-alive; content-length=219; , Request ID: 847f4184-4180-49b4-b487-6159125a994f, Request IP  =0:0:0:0:0:0:0:1
10:34:09.341 [http-nio-8080-exec-4] INFO  c.p.c.l.LoggingInterceptor - Request: POST /api/savePerson
10:34:09.344 [http-nio-8080-exec-4] INFO  c.p.c.l.LoggingInterceptor - Respone 400 /api/savePerson
10:34:09.344 [http-nio-8080-exec-4] INFO  c.p.c.loggingfilter.LoggingFilter - Response: Status=400, URI=/api/savePerson, Duration (Response Time)=3ms, Headers=[Content-Type, Transfer-Encoding, Date, Connection], Payload = org.apache.catalina.connector.ResponseFacade@65e0365c
10:34:24.038 [http-nio-8080-exec-6] INFO  c.p.c.f.HeadersLoggingFilter - Header content-type=0:0:0:0:0:0:0:1, IP = content-type
10:34:24.038 [http-nio-8080-exec-6] INFO  c.p.c.f.HeadersLoggingFilter - Header user-agent=0:0:0:0:0:0:0:1, IP = user-agent
10:34:24.038 [http-nio-8080-exec-6] INFO  c.p.c.f.HeadersLoggingFilter - Header accept=0:0:0:0:0:0:0:1, IP = accept
10:34:24.038 [http-nio-8080-exec-6] INFO  c.p.c.f.HeadersLoggingFilter - Header postman-token=0:0:0:0:0:0:0:1, IP = postman-token
10:34:24.038 [http-nio-8080-exec-6] INFO  c.p.c.f.HeadersLoggingFilter - Header host=0:0:0:0:0:0:0:1, IP = host
10:34:24.038 [http-nio-8080-exec-6] INFO  c.p.c.f.HeadersLoggingFilter - Header accept-encoding=0:0:0:0:0:0:0:1, IP = accept-encoding
10:34:24.038 [http-nio-8080-exec-6] INFO  c.p.c.f.HeadersLoggingFilter - Header connection=0:0:0:0:0:0:0:1, IP = connection
10:34:24.038 [http-nio-8080-exec-6] INFO  c.p.c.f.HeadersLoggingFilter - Header content-length=0:0:0:0:0:0:0:1, IP = content-length
10:34:24.039 [http-nio-8080-exec-6] INFO  c.p.c.loggingfilter.LoggingFilter - Request: Method=POST, URI=/api/savePerson, Headers=content-type=application/json; user-agent=PostmanRuntime/7.43.0; accept=*/*; postman-token=1e9c6056-fc74-4f4e-879e-22dc11446bd6; host=localhost:8080; accept-encoding=gzip, deflate, br; connection=keep-alive; content-length=219; , Request ID: 4949c11e-fe25-4d72-815e-fa51ce736733, Request IP  =0:0:0:0:0:0:0:1
10:34:24.039 [http-nio-8080-exec-6] INFO  c.p.c.l.LoggingInterceptor - Request: POST /api/savePerson
10:34:35.308 [http-nio-8080-exec-6] INFO  c.p.c.l.LoggingInterceptor - Respone 201 /api/savePerson
10:34:35.308 [http-nio-8080-exec-6] INFO  c.p.c.loggingfilter.LoggingFilter - Response: Status=201, URI=/api/savePerson, Duration (Response Time)=11269ms, Headers=[Content-Type, Transfer-Encoding, Date, Keep-Alive, Connection], Payload = org.apache.catalina.connector.ResponseFacade@28c157e6
10:46:27.782 [http-nio-8080-exec-9] INFO  c.p.c.f.HeadersLoggingFilter - Header user-agent=0:0:0:0:0:0:0:1, IP = user-agent
10:46:27.782 [http-nio-8080-exec-9] INFO  c.p.c.f.HeadersLoggingFilter - Header accept=0:0:0:0:0:0:0:1, IP = accept
10:46:27.782 [http-nio-8080-exec-9] INFO  c.p.c.f.HeadersLoggingFilter - Header postman-token=0:0:0:0:0:0:0:1, IP = postman-token
10:46:27.782 [http-nio-8080-exec-9] INFO  c.p.c.f.HeadersLoggingFilter - Header host=0:0:0:0:0:0:0:1, IP = host
10:46:27.782 [http-nio-8080-exec-9] INFO  c.p.c.f.HeadersLoggingFilter - Header accept-encoding=0:0:0:0:0:0:0:1, IP = accept-encoding
10:46:27.782 [http-nio-8080-exec-9] INFO  c.p.c.f.HeadersLoggingFilter - Header connection=0:0:0:0:0:0:0:1, IP = connection
10:46:27.783 [http-nio-8080-exec-9] INFO  c.p.c.f.HeadersLoggingFilter - Header content-length=0:0:0:0:0:0:0:1, IP = content-length
10:46:27.783 [http-nio-8080-exec-9] INFO  c.p.c.loggingfilter.LoggingFilter - Request: Method=PUT, URI=/api/deleteContact/2, Headers=user-agent=PostmanRuntime/7.43.0; accept=*/*; postman-token=2d441899-6b9c-439e-b3aa-a8b0749da5c4; host=localhost:8080; accept-encoding=gzip, deflate, br; connection=keep-alive; content-length=0; , Request ID: 60558942-4127-4f26-9bb2-e834bcf27002, Request IP  =0:0:0:0:0:0:0:1
10:46:27.784 [http-nio-8080-exec-9] INFO  c.p.c.l.LoggingInterceptor - Request: PUT /api/deleteContact/2
10:47:20.549 [http-nio-8080-exec-9] INFO  c.p.c.l.LoggingInterceptor - Respone 200 /api/deleteContact/2
10:47:20.550 [http-nio-8080-exec-9] INFO  c.p.c.loggingfilter.LoggingFilter - Response: Status=200, URI=/api/deleteContact/2, Duration (Response Time)=52767ms, Headers=[], Payload = org.apache.catalina.connector.ResponseFacade@41a5a0fb
10:49:02.125 [SpringApplicationShutdownHook] INFO  o.s.o.j.LocalContainerEntityManagerFactoryBean - Closing JPA EntityManagerFactory for persistence unit 'default'
10:49:02.127 [SpringApplicationShutdownHook] INFO  com.zaxxer.hikari.HikariDataSource - HikariPool-1 - Shutdown initiated...
10:49:02.131 [SpringApplicationShutdownHook] INFO  com.zaxxer.hikari.HikariDataSource - HikariPool-1 - Shutdown completed.
10:49:11.641 [background-preinit] INFO  o.h.validator.internal.util.Version - HV000001: Hibernate Validator 8.0.1.Final
10:49:11.693 [main] INFO  c.p.c.ContactsdemoApplication - Starting ContactsdemoApplication using Java 17.0.12 with PID 32036 (C:\Ayse Ceren - crud projects\contactsdemo\build\classes\java\main started by 16381136672 in C:\Ayse Ceren - crud projects\contactsdemo)
10:49:11.694 [main] INFO  c.p.c.ContactsdemoApplication - No active profile set, falling back to 1 default profile: "default"
10:49:12.637 [main] INFO  o.s.d.r.c.RepositoryConfigurationDelegate - Bootstrapping Spring Data JPA repositories in DEFAULT mode.
10:49:12.717 [main] INFO  o.s.d.r.c.RepositoryConfigurationDelegate - Finished Spring Data repository scanning in 71 ms. Found 2 JPA repository interfaces.
10:49:13.288 [main] INFO  o.s.b.w.e.tomcat.TomcatWebServer - Tomcat initialized with port 8080 (http)
10:49:13.301 [main] INFO  o.a.coyote.http11.Http11NioProtocol - Initializing ProtocolHandler ["http-nio-8080"]
10:49:13.304 [main] INFO  o.a.catalina.core.StandardService - Starting service [Tomcat]
10:49:13.304 [main] INFO  o.a.catalina.core.StandardEngine - Starting Servlet engine: [Apache Tomcat/10.1.25]
10:49:13.396 [main] INFO  o.a.c.c.C.[Tomcat].[localhost].[/] - Initializing Spring embedded WebApplicationContext
10:49:13.397 [main] INFO  o.s.b.w.s.c.ServletWebServerApplicationContext - Root WebApplicationContext: initialization completed in 1650 ms
10:49:13.567 [main] INFO  o.h.jpa.internal.util.LogHelper - HHH000204: Processing PersistenceUnitInfo [name: default]
10:49:13.636 [main] INFO  org.hibernate.Version - HHH000412: Hibernate ORM core version 6.4.9.Final
10:49:13.683 [main] INFO  o.h.c.i.RegionFactoryInitiator - HHH000026: Second-level cache disabled
10:49:13.957 [main] INFO  o.s.o.j.p.SpringPersistenceUnitInfo - No LoadTimeWeaver setup: ignoring JPA class transformer
10:49:13.996 [main] INFO  com.zaxxer.hikari.HikariDataSource - HikariPool-1 - Starting...
10:49:14.169 [main] INFO  com.zaxxer.hikari.pool.HikariPool - HikariPool-1 - Added connection org.postgresql.jdbc.PgConnection@22899683
10:49:14.170 [main] INFO  com.zaxxer.hikari.HikariDataSource - HikariPool-1 - Start completed.
10:49:14.210 [main] WARN  org.hibernate.orm.deprecation - HHH90000025: PostgreSQLDialect does not need to be specified explicitly using 'hibernate.dialect' (remove the property setting and it will be selected by default)
10:49:15.534 [main] INFO  o.s.o.j.LocalContainerEntityManagerFactoryBean - Initialized JPA EntityManagerFactory for persistence unit 'default'
10:49:16.911 [main] WARN  o.s.b.a.o.j.JpaBaseConfiguration$JpaWebConfiguration - spring.jpa.open-in-view is enabled by default. Therefore, database queries may be performed during view rendering. Explicitly configure spring.jpa.open-in-view to disable this warning
10:49:18.352 [main] INFO  o.s.d.j.r.query.QueryEnhancerFactory - Hibernate is in classpath; If applicable, HQL parser will be used.
10:49:19.275 [main] INFO  o.a.coyote.http11.Http11NioProtocol - Starting ProtocolHandler ["http-nio-8080"]
10:49:19.372 [main] INFO  o.s.b.w.e.tomcat.TomcatWebServer - Tomcat started on port 8080 (http) with context path ''
10:49:19.392 [main] INFO  c.p.c.ContactsdemoApplication - Started ContactsdemoApplication in 8.265 seconds (process running for 9.878)
10:49:23.850 [http-nio-8080-exec-2] INFO  o.a.c.c.C.[Tomcat].[localhost].[/] - Initializing Spring DispatcherServlet 'dispatcherServlet'
10:49:23.850 [http-nio-8080-exec-2] INFO  o.s.web.servlet.DispatcherServlet - Initializing Servlet 'dispatcherServlet'
10:49:23.851 [http-nio-8080-exec-2] INFO  o.s.web.servlet.DispatcherServlet - Completed initialization in 1 ms
10:49:23.869 [http-nio-8080-exec-2] INFO  c.p.c.f.HeadersLoggingFilter - Header user-agent=0:0:0:0:0:0:0:1, IP = user-agent
10:49:23.869 [http-nio-8080-exec-2] INFO  c.p.c.f.HeadersLoggingFilter - Header accept=0:0:0:0:0:0:0:1, IP = accept
10:49:23.869 [http-nio-8080-exec-2] INFO  c.p.c.f.HeadersLoggingFilter - Header postman-token=0:0:0:0:0:0:0:1, IP = postman-token
10:49:23.869 [http-nio-8080-exec-2] INFO  c.p.c.f.HeadersLoggingFilter - Header host=0:0:0:0:0:0:0:1, IP = host
10:49:23.869 [http-nio-8080-exec-2] INFO  c.p.c.f.HeadersLoggingFilter - Header accept-encoding=0:0:0:0:0:0:0:1, IP = accept-encoding
10:49:23.869 [http-nio-8080-exec-2] INFO  c.p.c.f.HeadersLoggingFilter - Header connection=0:0:0:0:0:0:0:1, IP = connection
10:49:23.869 [http-nio-8080-exec-2] INFO  c.p.c.f.HeadersLoggingFilter - Header content-length=0:0:0:0:0:0:0:1, IP = content-length
10:49:23.872 [http-nio-8080-exec-2] INFO  c.p.c.loggingfilter.LoggingFilter - Request: Method=PUT, URI=/api/deleteContact/2, Headers=user-agent=PostmanRuntime/7.43.0; accept=*/*; postman-token=cedf806b-1d80-45f6-befb-a02bfaba198a; host=localhost:8080; accept-encoding=gzip, deflate, br; connection=keep-alive; content-length=0; , Request ID: 5e8d2095-2389-426a-9f9d-2ad548e5d2c2, Request IP  =0:0:0:0:0:0:0:1
10:49:23.926 [http-nio-8080-exec-2] INFO  c.p.c.l.LoggingInterceptor - Request: PUT /api/deleteContact/2
10:50:24.873 [http-nio-8080-exec-2] INFO  c.p.c.l.LoggingInterceptor - Respone 200 /api/deleteContact/2
10:50:24.874 [http-nio-8080-exec-2] INFO  c.p.c.loggingfilter.LoggingFilter - Response: Status=200, URI=/api/deleteContact/2, Duration (Response Time)=61002ms, Headers=[Content-Type, Transfer-Encoding, Date, Keep-Alive, Connection], Payload = org.apache.catalina.connector.ResponseFacade@3dbcaaa6
10:51:56.880 [SpringApplicationShutdownHook] INFO  o.s.o.j.LocalContainerEntityManagerFactoryBean - Closing JPA EntityManagerFactory for persistence unit 'default'
10:51:56.882 [SpringApplicationShutdownHook] INFO  com.zaxxer.hikari.HikariDataSource - HikariPool-1 - Shutdown initiated...
10:51:56.885 [SpringApplicationShutdownHook] INFO  com.zaxxer.hikari.HikariDataSource - HikariPool-1 - Shutdown completed.
10:52:05.863 [background-preinit] INFO  o.h.validator.internal.util.Version - HV000001: Hibernate Validator 8.0.1.Final
10:52:05.916 [main] INFO  c.p.c.ContactsdemoApplication - Starting ContactsdemoApplication using Java 17.0.12 with PID 32024 (C:\Ayse Ceren - crud projects\contactsdemo\build\classes\java\main started by 16381136672 in C:\Ayse Ceren - crud projects\contactsdemo)
10:52:05.917 [main] INFO  c.p.c.ContactsdemoApplication - No active profile set, falling back to 1 default profile: "default"
10:52:06.840 [main] INFO  o.s.d.r.c.RepositoryConfigurationDelegate - Bootstrapping Spring Data JPA repositories in DEFAULT mode.
10:52:06.924 [main] INFO  o.s.d.r.c.RepositoryConfigurationDelegate - Finished Spring Data repository scanning in 76 ms. Found 2 JPA repository interfaces.
10:52:07.507 [main] INFO  o.s.b.w.e.tomcat.TomcatWebServer - Tomcat initialized with port 8080 (http)
10:52:07.518 [main] INFO  o.a.coyote.http11.Http11NioProtocol - Initializing ProtocolHandler ["http-nio-8080"]
10:52:07.519 [main] INFO  o.a.catalina.core.StandardService - Starting service [Tomcat]
10:52:07.520 [main] INFO  o.a.catalina.core.StandardEngine - Starting Servlet engine: [Apache Tomcat/10.1.25]
10:52:07.614 [main] INFO  o.a.c.c.C.[Tomcat].[localhost].[/] - Initializing Spring embedded WebApplicationContext
10:52:07.614 [main] INFO  o.s.b.w.s.c.ServletWebServerApplicationContext - Root WebApplicationContext: initialization completed in 1610 ms
10:52:07.790 [main] INFO  o.h.jpa.internal.util.LogHelper - HHH000204: Processing PersistenceUnitInfo [name: default]
10:52:07.857 [main] INFO  org.hibernate.Version - HHH000412: Hibernate ORM core version 6.4.9.Final
10:52:07.895 [main] INFO  o.h.c.i.RegionFactoryInitiator - HHH000026: Second-level cache disabled
10:52:08.190 [main] INFO  o.s.o.j.p.SpringPersistenceUnitInfo - No LoadTimeWeaver setup: ignoring JPA class transformer
10:52:08.220 [main] INFO  com.zaxxer.hikari.HikariDataSource - HikariPool-1 - Starting...
10:52:08.371 [main] INFO  com.zaxxer.hikari.pool.HikariPool - HikariPool-1 - Added connection org.postgresql.jdbc.PgConnection@30c8c6ab
10:52:08.373 [main] INFO  com.zaxxer.hikari.HikariDataSource - HikariPool-1 - Start completed.
10:52:08.411 [main] WARN  org.hibernate.orm.deprecation - HHH90000025: PostgreSQLDialect does not need to be specified explicitly using 'hibernate.dialect' (remove the property setting and it will be selected by default)
10:52:09.661 [main] INFO  o.s.o.j.LocalContainerEntityManagerFactoryBean - Initialized JPA EntityManagerFactory for persistence unit 'default'
10:52:10.928 [main] WARN  o.s.b.a.o.j.JpaBaseConfiguration$JpaWebConfiguration - spring.jpa.open-in-view is enabled by default. Therefore, database queries may be performed during view rendering. Explicitly configure spring.jpa.open-in-view to disable this warning
10:52:12.285 [main] INFO  o.s.d.j.r.query.QueryEnhancerFactory - Hibernate is in classpath; If applicable, HQL parser will be used.
10:52:13.172 [main] INFO  o.a.coyote.http11.Http11NioProtocol - Starting ProtocolHandler ["http-nio-8080"]
10:52:13.253 [main] INFO  o.s.b.w.e.tomcat.TomcatWebServer - Tomcat started on port 8080 (http) with context path ''
10:52:13.272 [main] INFO  c.p.c.ContactsdemoApplication - Started ContactsdemoApplication in 7.894 seconds (process running for 9.456)
10:52:16.096 [http-nio-8080-exec-2] INFO  o.a.c.c.C.[Tomcat].[localhost].[/] - Initializing Spring DispatcherServlet 'dispatcherServlet'
10:52:16.096 [http-nio-8080-exec-2] INFO  o.s.web.servlet.DispatcherServlet - Initializing Servlet 'dispatcherServlet'
10:52:16.096 [http-nio-8080-exec-2] INFO  o.s.web.servlet.DispatcherServlet - Completed initialization in 0 ms
10:52:16.115 [http-nio-8080-exec-2] INFO  c.p.c.f.HeadersLoggingFilter - Header user-agent=0:0:0:0:0:0:0:1, IP = user-agent
10:52:16.115 [http-nio-8080-exec-2] INFO  c.p.c.f.HeadersLoggingFilter - Header accept=0:0:0:0:0:0:0:1, IP = accept
10:52:16.115 [http-nio-8080-exec-2] INFO  c.p.c.f.HeadersLoggingFilter - Header postman-token=0:0:0:0:0:0:0:1, IP = postman-token
10:52:16.115 [http-nio-8080-exec-2] INFO  c.p.c.f.HeadersLoggingFilter - Header host=0:0:0:0:0:0:0:1, IP = host
10:52:16.115 [http-nio-8080-exec-2] INFO  c.p.c.f.HeadersLoggingFilter - Header accept-encoding=0:0:0:0:0:0:0:1, IP = accept-encoding
10:52:16.116 [http-nio-8080-exec-2] INFO  c.p.c.f.HeadersLoggingFilter - Header connection=0:0:0:0:0:0:0:1, IP = connection
10:52:16.116 [http-nio-8080-exec-2] INFO  c.p.c.f.HeadersLoggingFilter - Header content-length=0:0:0:0:0:0:0:1, IP = content-length
10:52:16.117 [http-nio-8080-exec-2] INFO  c.p.c.loggingfilter.LoggingFilter - Request: Method=PUT, URI=/api/deleteContact/2, Headers=user-agent=PostmanRuntime/7.43.0; accept=*/*; postman-token=2c5a2424-2601-4d3e-b5a6-4dcc7d804ed3; host=localhost:8080; accept-encoding=gzip, deflate, br; connection=keep-alive; content-length=0; , Request ID: cfa99def-64d6-4897-8057-4faafa6ece54, Request IP  =0:0:0:0:0:0:0:1
10:52:16.172 [http-nio-8080-exec-2] INFO  c.p.c.l.LoggingInterceptor - Request: PUT /api/deleteContact/2
10:52:22.623 [http-nio-8080-exec-2] INFO  c.p.c.l.LoggingInterceptor - Respone 400 /api/deleteContact/2
10:52:22.626 [http-nio-8080-exec-2] INFO  c.p.c.loggingfilter.LoggingFilter - Response: Status=400, URI=/api/deleteContact/2, Duration (Response Time)=6509ms, Headers=[Content-Type, Transfer-Encoding, Date, Connection], Payload = org.apache.catalina.connector.ResponseFacade@3eb59c19
10:52:47.504 [http-nio-8080-exec-4] INFO  c.p.c.f.HeadersLoggingFilter - Header user-agent=0:0:0:0:0:0:0:1, IP = user-agent
10:52:47.505 [http-nio-8080-exec-4] INFO  c.p.c.f.HeadersLoggingFilter - Header accept=0:0:0:0:0:0:0:1, IP = accept
10:52:47.506 [http-nio-8080-exec-4] INFO  c.p.c.f.HeadersLoggingFilter - Header postman-token=0:0:0:0:0:0:0:1, IP = postman-token
10:52:47.506 [http-nio-8080-exec-4] INFO  c.p.c.f.HeadersLoggingFilter - Header host=0:0:0:0:0:0:0:1, IP = host
10:52:47.506 [http-nio-8080-exec-4] INFO  c.p.c.f.HeadersLoggingFilter - Header accept-encoding=0:0:0:0:0:0:0:1, IP = accept-encoding
10:52:47.506 [http-nio-8080-exec-4] INFO  c.p.c.f.HeadersLoggingFilter - Header connection=0:0:0:0:0:0:0:1, IP = connection
10:52:47.506 [http-nio-8080-exec-4] INFO  c.p.c.f.HeadersLoggingFilter - Header content-length=0:0:0:0:0:0:0:1, IP = content-length
10:52:47.506 [http-nio-8080-exec-4] INFO  c.p.c.loggingfilter.LoggingFilter - Request: Method=PUT, URI=/api/deleteContact/4, Headers=user-agent=PostmanRuntime/7.43.0; accept=*/*; postman-token=8533ab58-a187-4b2e-aee3-e49101926f87; host=localhost:8080; accept-encoding=gzip, deflate, br; connection=keep-alive; content-length=0; , Request ID: 1e790fa2-10fa-4387-8025-c329fef56260, Request IP  =0:0:0:0:0:0:0:1
10:52:47.507 [http-nio-8080-exec-4] INFO  c.p.c.l.LoggingInterceptor - Request: PUT /api/deleteContact/4
10:53:42.990 [http-nio-8080-exec-4] INFO  c.p.c.l.LoggingInterceptor - Respone 200 /api/deleteContact/4
10:53:42.990 [http-nio-8080-exec-4] INFO  c.p.c.loggingfilter.LoggingFilter - Response: Status=200, URI=/api/deleteContact/4, Duration (Response Time)=55484ms, Headers=[Content-Type, Transfer-Encoding, Date, Keep-Alive, Connection], Payload = org.apache.catalina.connector.ResponseFacade@455a3f1c
11:10:46.327 [SpringApplicationShutdownHook] INFO  o.s.o.j.LocalContainerEntityManagerFactoryBean - Closing JPA EntityManagerFactory for persistence unit 'default'
11:10:46.329 [SpringApplicationShutdownHook] INFO  com.zaxxer.hikari.HikariDataSource - HikariPool-1 - Shutdown initiated...
11:10:46.333 [SpringApplicationShutdownHook] INFO  com.zaxxer.hikari.HikariDataSource - HikariPool-1 - Shutdown completed.
11:10:58.552 [background-preinit] INFO  o.h.validator.internal.util.Version - HV000001: Hibernate Validator 8.0.1.Final
11:10:58.631 [main] INFO  c.p.c.ContactsdemoApplication - Starting ContactsdemoApplication using Java 17.0.12 with PID 30684 (C:\Ayse Ceren - crud projects\contactsdemo\build\classes\java\main started by 16381136672 in C:\Ayse Ceren - crud projects\contactsdemo)
11:10:58.632 [main] INFO  c.p.c.ContactsdemoApplication - No active profile set, falling back to 1 default profile: "default"
11:10:59.590 [main] INFO  o.s.d.r.c.RepositoryConfigurationDelegate - Bootstrapping Spring Data JPA repositories in DEFAULT mode.
11:10:59.671 [main] INFO  o.s.d.r.c.RepositoryConfigurationDelegate - Finished Spring Data repository scanning in 72 ms. Found 2 JPA repository interfaces.
11:11:00.311 [main] INFO  o.s.b.w.e.tomcat.TomcatWebServer - Tomcat initialized with port 8080 (http)
11:11:00.320 [main] INFO  o.a.coyote.http11.Http11NioProtocol - Initializing ProtocolHandler ["http-nio-8080"]
11:11:00.322 [main] INFO  o.a.catalina.core.StandardService - Starting service [Tomcat]
11:11:00.323 [main] INFO  o.a.catalina.core.StandardEngine - Starting Servlet engine: [Apache Tomcat/10.1.25]
11:11:00.398 [main] INFO  o.a.c.c.C.[Tomcat].[localhost].[/] - Initializing Spring embedded WebApplicationContext
11:11:00.398 [main] INFO  o.s.b.w.s.c.ServletWebServerApplicationContext - Root WebApplicationContext: initialization completed in 1703 ms
11:11:00.550 [main] INFO  o.h.jpa.internal.util.LogHelper - HHH000204: Processing PersistenceUnitInfo [name: default]
11:11:00.614 [main] INFO  org.hibernate.Version - HHH000412: Hibernate ORM core version 6.4.9.Final
11:11:00.648 [main] INFO  o.h.c.i.RegionFactoryInitiator - HHH000026: Second-level cache disabled
11:11:00.889 [main] INFO  o.s.o.j.p.SpringPersistenceUnitInfo - No LoadTimeWeaver setup: ignoring JPA class transformer
11:11:00.918 [main] INFO  com.zaxxer.hikari.HikariDataSource - HikariPool-1 - Starting...
11:11:01.091 [main] INFO  com.zaxxer.hikari.pool.HikariPool - HikariPool-1 - Added connection org.postgresql.jdbc.PgConnection@45b96e4c
11:11:01.093 [main] INFO  com.zaxxer.hikari.HikariDataSource - HikariPool-1 - Start completed.
11:11:01.122 [main] WARN  org.hibernate.orm.deprecation - HHH90000025: PostgreSQLDialect does not need to be specified explicitly using 'hibernate.dialect' (remove the property setting and it will be selected by default)
11:11:02.292 [main] INFO  o.s.o.j.LocalContainerEntityManagerFactoryBean - Initialized JPA EntityManagerFactory for persistence unit 'default'
11:11:02.500 [main] WARN  o.s.b.a.o.j.JpaBaseConfiguration$JpaWebConfiguration - spring.jpa.open-in-view is enabled by default. Therefore, database queries may be performed during view rendering. Explicitly configure spring.jpa.open-in-view to disable this warning
11:11:03.093 [main] INFO  o.s.d.j.r.query.QueryEnhancerFactory - Hibernate is in classpath; If applicable, HQL parser will be used.
11:11:03.532 [main] INFO  o.a.coyote.http11.Http11NioProtocol - Starting ProtocolHandler ["http-nio-8080"]
11:11:03.577 [main] INFO  o.s.b.w.e.tomcat.TomcatWebServer - Tomcat started on port 8080 (http) with context path ''
11:11:03.592 [main] INFO  c.p.c.ContactsdemoApplication - Started ContactsdemoApplication in 5.518 seconds (process running for 6.872)
11:11:37.289 [http-nio-8080-exec-1] INFO  o.a.c.c.C.[Tomcat].[localhost].[/] - Initializing Spring DispatcherServlet 'dispatcherServlet'
11:11:37.289 [http-nio-8080-exec-1] INFO  o.s.web.servlet.DispatcherServlet - Initializing Servlet 'dispatcherServlet'
11:11:37.290 [http-nio-8080-exec-1] INFO  o.s.web.servlet.DispatcherServlet - Completed initialization in 1 ms
11:11:37.294 [http-nio-8080-exec-1] INFO  c.p.c.f.HeadersLoggingFilter - Header user-agent=0:0:0:0:0:0:0:1, IP = user-agent
11:11:37.294 [http-nio-8080-exec-1] INFO  c.p.c.f.HeadersLoggingFilter - Header accept=0:0:0:0:0:0:0:1, IP = accept
11:11:37.295 [http-nio-8080-exec-1] INFO  c.p.c.f.HeadersLoggingFilter - Header postman-token=0:0:0:0:0:0:0:1, IP = postman-token
11:11:37.295 [http-nio-8080-exec-1] INFO  c.p.c.f.HeadersLoggingFilter - Header host=0:0:0:0:0:0:0:1, IP = host
11:11:37.295 [http-nio-8080-exec-1] INFO  c.p.c.f.HeadersLoggingFilter - Header accept-encoding=0:0:0:0:0:0:0:1, IP = accept-encoding
11:11:37.295 [http-nio-8080-exec-1] INFO  c.p.c.f.HeadersLoggingFilter - Header connection=0:0:0:0:0:0:0:1, IP = connection
11:11:37.295 [http-nio-8080-exec-1] INFO  c.p.c.loggingfilter.LoggingFilter - Request: Method=GET, URI=/api/getAllPersonWithContacts, Headers=user-agent=PostmanRuntime/7.43.0; accept=*/*; postman-token=64b54663-1982-47bf-97f2-5321872e0483; host=localhost:8080; accept-encoding=gzip, deflate, br; connection=keep-alive; , Request ID: 645c459a-8212-4857-80b8-37f4ec0762f6, Request IP  =0:0:0:0:0:0:0:1
11:11:37.309 [http-nio-8080-exec-1] INFO  c.p.c.l.LoggingInterceptor - Request: GET /api/getAllPersonWithContacts
11:11:37.497 [http-nio-8080-exec-1] INFO  c.p.c.l.LoggingInterceptor - Respone 200 /api/getAllPersonWithContacts
11:11:37.497 [http-nio-8080-exec-1] INFO  c.p.c.loggingfilter.LoggingFilter - Response: Status=200, URI=/api/getAllPersonWithContacts, Duration (Response Time)=202ms, Headers=[Content-Type, Transfer-Encoding, Date, Keep-Alive, Connection], Payload = org.apache.catalina.connector.ResponseFacade@4ed065fe
11:12:37.028 [http-nio-8080-exec-3] INFO  c.p.c.f.HeadersLoggingFilter - Header user-agent=0:0:0:0:0:0:0:1, IP = user-agent
11:12:37.028 [http-nio-8080-exec-3] INFO  c.p.c.f.HeadersLoggingFilter - Header accept=0:0:0:0:0:0:0:1, IP = accept
11:12:37.028 [http-nio-8080-exec-3] INFO  c.p.c.f.HeadersLoggingFilter - Header postman-token=0:0:0:0:0:0:0:1, IP = postman-token
11:12:37.029 [http-nio-8080-exec-3] INFO  c.p.c.f.HeadersLoggingFilter - Header host=0:0:0:0:0:0:0:1, IP = host
11:12:37.029 [http-nio-8080-exec-3] INFO  c.p.c.f.HeadersLoggingFilter - Header accept-encoding=0:0:0:0:0:0:0:1, IP = accept-encoding
11:12:37.029 [http-nio-8080-exec-3] INFO  c.p.c.f.HeadersLoggingFilter - Header connection=0:0:0:0:0:0:0:1, IP = connection
11:12:37.029 [http-nio-8080-exec-3] INFO  c.p.c.loggingfilter.LoggingFilter - Request: Method=GET, URI=/api/getAllContactsOfPerson/100000, Headers=user-agent=PostmanRuntime/7.43.0; accept=*/*; postman-token=9bdee6ff-a756-4579-b46d-cd9973f3c901; host=localhost:8080; accept-encoding=gzip, deflate, br; connection=keep-alive; , Request ID: 2caaca6d-3dcc-46cb-a08f-be93c560e731, Request IP  =0:0:0:0:0:0:0:1
11:12:37.030 [http-nio-8080-exec-3] INFO  c.p.c.l.LoggingInterceptor - Request: GET /api/getAllContactsOfPerson/100000
11:12:37.080 [http-nio-8080-exec-3] INFO  c.p.c.l.LoggingInterceptor - Respone 400 /api/getAllContactsOfPerson/100000
11:12:37.081 [http-nio-8080-exec-3] INFO  c.p.c.loggingfilter.LoggingFilter - Response: Status=400, URI=/api/getAllContactsOfPerson/100000, Duration (Response Time)=52ms, Headers=[Content-Type, Transfer-Encoding, Date, Connection], Payload = org.apache.catalina.connector.ResponseFacade@61ba69a4
11:12:43.858 [http-nio-8080-exec-5] INFO  c.p.c.f.HeadersLoggingFilter - Header user-agent=0:0:0:0:0:0:0:1, IP = user-agent
11:12:43.858 [http-nio-8080-exec-5] INFO  c.p.c.f.HeadersLoggingFilter - Header accept=0:0:0:0:0:0:0:1, IP = accept
11:12:43.858 [http-nio-8080-exec-5] INFO  c.p.c.f.HeadersLoggingFilter - Header postman-token=0:0:0:0:0:0:0:1, IP = postman-token
11:12:43.858 [http-nio-8080-exec-5] INFO  c.p.c.f.HeadersLoggingFilter - Header host=0:0:0:0:0:0:0:1, IP = host
11:12:43.858 [http-nio-8080-exec-5] INFO  c.p.c.f.HeadersLoggingFilter - Header accept-encoding=0:0:0:0:0:0:0:1, IP = accept-encoding
11:12:43.858 [http-nio-8080-exec-5] INFO  c.p.c.f.HeadersLoggingFilter - Header connection=0:0:0:0:0:0:0:1, IP = connection
11:12:43.859 [http-nio-8080-exec-5] INFO  c.p.c.loggingfilter.LoggingFilter - Request: Method=GET, URI=/api/getAllContactsOfPerson/1, Headers=user-agent=PostmanRuntime/7.43.0; accept=*/*; postman-token=4298062b-e1a4-4154-9247-e184f6dc2793; host=localhost:8080; accept-encoding=gzip, deflate, br; connection=keep-alive; , Request ID: 044a62cc-c0ed-4e47-b761-0dedcc6b2348, Request IP  =0:0:0:0:0:0:0:1
11:12:43.859 [http-nio-8080-exec-5] INFO  c.p.c.l.LoggingInterceptor - Request: GET /api/getAllContactsOfPerson/1
11:12:43.878 [http-nio-8080-exec-5] INFO  c.p.c.l.LoggingInterceptor - Respone 200 /api/getAllContactsOfPerson/1
11:12:43.878 [http-nio-8080-exec-5] INFO  c.p.c.loggingfilter.LoggingFilter - Response: Status=200, URI=/api/getAllContactsOfPerson/1, Duration (Response Time)=19ms, Headers=[Content-Type, Transfer-Encoding, Date, Keep-Alive, Connection], Payload = org.apache.catalina.connector.ResponseFacade@5ed9f4ec
11:30:07.202 [SpringApplicationShutdownHook] INFO  o.s.o.j.LocalContainerEntityManagerFactoryBean - Closing JPA EntityManagerFactory for persistence unit 'default'
11:30:07.203 [SpringApplicationShutdownHook] INFO  com.zaxxer.hikari.HikariDataSource - HikariPool-1 - Shutdown initiated...
11:30:07.207 [SpringApplicationShutdownHook] INFO  com.zaxxer.hikari.HikariDataSource - HikariPool-1 - Shutdown completed.
11:30:15.751 [background-preinit] INFO  o.h.validator.internal.util.Version - HV000001: Hibernate Validator 8.0.1.Final
11:30:15.807 [main] INFO  c.p.c.ContactsdemoApplication - Starting ContactsdemoApplication using Java 17.0.12 with PID 29128 (C:\Ayse Ceren - crud projects\contactsdemo\build\classes\java\main started by 16381136672 in C:\Ayse Ceren - crud projects\contactsdemo)
11:30:15.808 [main] INFO  c.p.c.ContactsdemoApplication - No active profile set, falling back to 1 default profile: "default"
11:30:16.745 [main] INFO  o.s.d.r.c.RepositoryConfigurationDelegate - Bootstrapping Spring Data JPA repositories in DEFAULT mode.
11:30:16.824 [main] INFO  o.s.d.r.c.RepositoryConfigurationDelegate - Finished Spring Data repository scanning in 71 ms. Found 2 JPA repository interfaces.
11:30:17.390 [main] INFO  o.s.b.w.e.tomcat.TomcatWebServer - Tomcat initialized with port 8080 (http)
11:30:17.400 [main] INFO  o.a.coyote.http11.Http11NioProtocol - Initializing ProtocolHandler ["http-nio-8080"]
11:30:17.402 [main] INFO  o.a.catalina.core.StandardService - Starting service [Tomcat]
11:30:17.402 [main] INFO  o.a.catalina.core.StandardEngine - Starting Servlet engine: [Apache Tomcat/10.1.25]
11:30:17.487 [main] INFO  o.a.c.c.C.[Tomcat].[localhost].[/] - Initializing Spring embedded WebApplicationContext
11:30:17.489 [main] INFO  o.s.b.w.s.c.ServletWebServerApplicationContext - Root WebApplicationContext: initialization completed in 1629 ms
11:30:17.647 [main] INFO  o.h.jpa.internal.util.LogHelper - HHH000204: Processing PersistenceUnitInfo [name: default]
11:30:17.710 [main] INFO  org.hibernate.Version - HHH000412: Hibernate ORM core version 6.4.9.Final
11:30:17.750 [main] INFO  o.h.c.i.RegionFactoryInitiator - HHH000026: Second-level cache disabled
11:30:18.052 [main] INFO  o.s.o.j.p.SpringPersistenceUnitInfo - No LoadTimeWeaver setup: ignoring JPA class transformer
11:30:18.084 [main] INFO  com.zaxxer.hikari.HikariDataSource - HikariPool-1 - Starting...
11:30:18.256 [main] INFO  com.zaxxer.hikari.pool.HikariPool - HikariPool-1 - Added connection org.postgresql.jdbc.PgConnection@2fa879ed
11:30:18.257 [main] INFO  com.zaxxer.hikari.HikariDataSource - HikariPool-1 - Start completed.
11:30:18.295 [main] WARN  org.hibernate.orm.deprecation - HHH90000025: PostgreSQLDialect does not need to be specified explicitly using 'hibernate.dialect' (remove the property setting and it will be selected by default)
11:30:19.499 [main] INFO  o.s.o.j.LocalContainerEntityManagerFactoryBean - Initialized JPA EntityManagerFactory for persistence unit 'default'
11:30:20.749 [main] WARN  o.s.b.a.o.j.JpaBaseConfiguration$JpaWebConfiguration - spring.jpa.open-in-view is enabled by default. Therefore, database queries may be performed during view rendering. Explicitly configure spring.jpa.open-in-view to disable this warning
11:30:22.145 [main] INFO  o.s.d.j.r.query.QueryEnhancerFactory - Hibernate is in classpath; If applicable, HQL parser will be used.
11:30:23.024 [main] INFO  o.a.coyote.http11.Http11NioProtocol - Starting ProtocolHandler ["http-nio-8080"]
11:30:23.111 [main] INFO  o.s.b.w.e.tomcat.TomcatWebServer - Tomcat started on port 8080 (http) with context path ''
11:30:23.133 [main] INFO  c.p.c.ContactsdemoApplication - Started ContactsdemoApplication in 7.85 seconds (process running for 9.566)
11:30:50.863 [http-nio-8080-exec-2] INFO  o.a.c.c.C.[Tomcat].[localhost].[/] - Initializing Spring DispatcherServlet 'dispatcherServlet'
11:30:50.864 [http-nio-8080-exec-2] INFO  o.s.web.servlet.DispatcherServlet - Initializing Servlet 'dispatcherServlet'
11:30:50.865 [http-nio-8080-exec-2] INFO  o.s.web.servlet.DispatcherServlet - Completed initialization in 1 ms
11:30:50.883 [http-nio-8080-exec-2] INFO  c.p.c.f.HeadersLoggingFilter - Header content-type=0:0:0:0:0:0:0:1, IP = content-type
11:30:50.883 [http-nio-8080-exec-2] INFO  c.p.c.f.HeadersLoggingFilter - Header user-agent=0:0:0:0:0:0:0:1, IP = user-agent
11:30:50.883 [http-nio-8080-exec-2] INFO  c.p.c.f.HeadersLoggingFilter - Header accept=0:0:0:0:0:0:0:1, IP = accept
11:30:50.883 [http-nio-8080-exec-2] INFO  c.p.c.f.HeadersLoggingFilter - Header postman-token=0:0:0:0:0:0:0:1, IP = postman-token
11:30:50.883 [http-nio-8080-exec-2] INFO  c.p.c.f.HeadersLoggingFilter - Header host=0:0:0:0:0:0:0:1, IP = host
11:30:50.883 [http-nio-8080-exec-2] INFO  c.p.c.f.HeadersLoggingFilter - Header accept-encoding=0:0:0:0:0:0:0:1, IP = accept-encoding
11:30:50.883 [http-nio-8080-exec-2] INFO  c.p.c.f.HeadersLoggingFilter - Header connection=0:0:0:0:0:0:0:1, IP = connection
11:30:50.884 [http-nio-8080-exec-2] INFO  c.p.c.f.HeadersLoggingFilter - Header content-length=0:0:0:0:0:0:0:1, IP = content-length
11:30:50.886 [http-nio-8080-exec-2] INFO  c.p.c.loggingfilter.LoggingFilter - Request: Method=POST, URI=/api/savePerson, Headers=content-type=application/json; user-agent=PostmanRuntime/7.43.0; accept=*/*; postman-token=0ca0992d-5ef6-4e58-b1d0-29831774cbfb; host=localhost:8080; accept-encoding=gzip, deflate, br; connection=keep-alive; content-length=212; , Request ID: 8a1a7f96-ca90-4a7a-b25a-885dcb6c89c2, Request IP  =0:0:0:0:0:0:0:1
11:30:50.949 [http-nio-8080-exec-2] INFO  c.p.c.l.LoggingInterceptor - Request: POST /api/savePerson
11:31:47.158 [HikariPool-1 housekeeper] WARN  com.zaxxer.hikari.pool.HikariPool - HikariPool-1 - Thread starvation or clock leap detected (housekeeper delta=58s783ms201µs400ns).
11:31:47.202 [http-nio-8080-exec-2] INFO  c.p.c.l.LoggingInterceptor - Respone 400 /api/savePerson
11:31:47.203 [http-nio-8080-exec-2] INFO  c.p.c.loggingfilter.LoggingFilter - Response: Status=400, URI=/api/savePerson, Duration (Response Time)=56316ms, Headers=[Content-Type, Transfer-Encoding, Date, Connection], Payload = org.apache.catalina.connector.ResponseFacade@54cebbd5
11:31:47.353 [SpringApplicationShutdownHook] INFO  o.s.o.j.LocalContainerEntityManagerFactoryBean - Closing JPA EntityManagerFactory for persistence unit 'default'
11:31:47.355 [SpringApplicationShutdownHook] INFO  com.zaxxer.hikari.HikariDataSource - HikariPool-1 - Shutdown initiated...
11:31:47.360 [SpringApplicationShutdownHook] INFO  com.zaxxer.hikari.HikariDataSource - HikariPool-1 - Shutdown completed.
11:31:51.627 [background-preinit] INFO  o.h.validator.internal.util.Version - HV000001: Hibernate Validator 8.0.1.Final
11:31:51.691 [main] INFO  c.p.c.ContactsdemoApplication - Starting ContactsdemoApplication using Java 17.0.12 with PID 32040 (C:\Ayse Ceren - crud projects\contactsdemo\build\classes\java\main started by 16381136672 in C:\Ayse Ceren - crud projects\contactsdemo)
11:31:51.692 [main] INFO  c.p.c.ContactsdemoApplication - No active profile set, falling back to 1 default profile: "default"
11:31:52.900 [main] INFO  o.s.d.r.c.RepositoryConfigurationDelegate - Bootstrapping Spring Data JPA repositories in DEFAULT mode.
11:31:53.013 [main] INFO  o.s.d.r.c.RepositoryConfigurationDelegate - Finished Spring Data repository scanning in 102 ms. Found 2 JPA repository interfaces.
11:31:53.654 [main] INFO  o.s.b.w.e.tomcat.TomcatWebServer - Tomcat initialized with port 8080 (http)
11:31:53.667 [main] INFO  o.a.coyote.http11.Http11NioProtocol - Initializing ProtocolHandler ["http-nio-8080"]
11:31:53.669 [main] INFO  o.a.catalina.core.StandardService - Starting service [Tomcat]
11:31:53.670 [main] INFO  o.a.catalina.core.StandardEngine - Starting Servlet engine: [Apache Tomcat/10.1.25]
11:31:53.767 [main] INFO  o.a.c.c.C.[Tomcat].[localhost].[/] - Initializing Spring embedded WebApplicationContext
11:31:53.769 [main] INFO  o.s.b.w.s.c.ServletWebServerApplicationContext - Root WebApplicationContext: initialization completed in 2019 ms
11:31:53.933 [main] INFO  o.h.jpa.internal.util.LogHelper - HHH000204: Processing PersistenceUnitInfo [name: default]
11:31:53.997 [main] INFO  org.hibernate.Version - HHH000412: Hibernate ORM core version 6.4.9.Final
11:31:54.038 [main] INFO  o.h.c.i.RegionFactoryInitiator - HHH000026: Second-level cache disabled
11:31:54.376 [main] INFO  o.s.o.j.p.SpringPersistenceUnitInfo - No LoadTimeWeaver setup: ignoring JPA class transformer
11:31:54.411 [main] INFO  com.zaxxer.hikari.HikariDataSource - HikariPool-1 - Starting...
11:31:54.602 [main] INFO  com.zaxxer.hikari.pool.HikariPool - HikariPool-1 - Added connection org.postgresql.jdbc.PgConnection@7b332b23
11:31:54.605 [main] INFO  com.zaxxer.hikari.HikariDataSource - HikariPool-1 - Start completed.
11:31:54.643 [main] WARN  org.hibernate.orm.deprecation - HHH90000025: PostgreSQLDialect does not need to be specified explicitly using 'hibernate.dialect' (remove the property setting and it will be selected by default)
11:31:56.039 [main] INFO  o.s.o.j.LocalContainerEntityManagerFactoryBean - Initialized JPA EntityManagerFactory for persistence unit 'default'
11:31:57.341 [main] WARN  o.s.b.a.o.j.JpaBaseConfiguration$JpaWebConfiguration - spring.jpa.open-in-view is enabled by default. Therefore, database queries may be performed during view rendering. Explicitly configure spring.jpa.open-in-view to disable this warning
11:31:58.724 [main] INFO  o.s.d.j.r.query.QueryEnhancerFactory - Hibernate is in classpath; If applicable, HQL parser will be used.
11:31:59.563 [main] INFO  o.a.coyote.http11.Http11NioProtocol - Starting ProtocolHandler ["http-nio-8080"]
11:31:59.655 [main] INFO  o.s.b.w.e.tomcat.TomcatWebServer - Tomcat started on port 8080 (http) with context path ''
11:31:59.676 [main] INFO  c.p.c.ContactsdemoApplication - Started ContactsdemoApplication in 8.568 seconds (process running for 10.227)
11:31:59.947 [http-nio-8080-exec-1] INFO  o.a.c.c.C.[Tomcat].[localhost].[/] - Initializing Spring DispatcherServlet 'dispatcherServlet'
11:31:59.947 [http-nio-8080-exec-1] INFO  o.s.web.servlet.DispatcherServlet - Initializing Servlet 'dispatcherServlet'
11:31:59.949 [http-nio-8080-exec-1] INFO  o.s.web.servlet.DispatcherServlet - Completed initialization in 2 ms
11:31:59.981 [http-nio-8080-exec-1] INFO  c.p.c.f.HeadersLoggingFilter - Header content-type=0:0:0:0:0:0:0:1, IP = content-type
11:31:59.982 [http-nio-8080-exec-1] INFO  c.p.c.f.HeadersLoggingFilter - Header user-agent=0:0:0:0:0:0:0:1, IP = user-agent
11:31:59.982 [http-nio-8080-exec-1] INFO  c.p.c.f.HeadersLoggingFilter - Header accept=0:0:0:0:0:0:0:1, IP = accept
11:31:59.982 [http-nio-8080-exec-1] INFO  c.p.c.f.HeadersLoggingFilter - Header postman-token=0:0:0:0:0:0:0:1, IP = postman-token
11:31:59.982 [http-nio-8080-exec-1] INFO  c.p.c.f.HeadersLoggingFilter - Header host=0:0:0:0:0:0:0:1, IP = host
11:31:59.983 [http-nio-8080-exec-1] INFO  c.p.c.f.HeadersLoggingFilter - Header accept-encoding=0:0:0:0:0:0:0:1, IP = accept-encoding
11:31:59.983 [http-nio-8080-exec-1] INFO  c.p.c.f.HeadersLoggingFilter - Header connection=0:0:0:0:0:0:0:1, IP = connection
11:31:59.983 [http-nio-8080-exec-1] INFO  c.p.c.f.HeadersLoggingFilter - Header content-length=0:0:0:0:0:0:0:1, IP = content-length
11:31:59.986 [http-nio-8080-exec-1] INFO  c.p.c.loggingfilter.LoggingFilter - Request: Method=POST, URI=/api/savePerson, Headers=content-type=application/json; user-agent=PostmanRuntime/7.43.0; accept=*/*; postman-token=12c08875-e712-4609-a9e1-b8c46437a037; host=localhost:8080; accept-encoding=gzip, deflate, br; connection=keep-alive; content-length=214; , Request ID: 2f26248e-4e93-419d-90d4-e727ea861e68, Request IP  =0:0:0:0:0:0:0:1
11:32:00.105 [http-nio-8080-exec-1] INFO  c.p.c.l.LoggingInterceptor - Request: POST /api/savePerson
11:38:45.750 [HikariPool-1 housekeeper] WARN  com.zaxxer.hikari.pool.HikariPool - HikariPool-1 - Thread starvation or clock leap detected (housekeeper delta=6m51s42ms64µs900ns).
11:38:45.795 [http-nio-8080-exec-1] INFO  c.p.c.l.LoggingInterceptor - Respone 400 /api/savePerson
11:38:45.796 [http-nio-8080-exec-1] INFO  c.p.c.loggingfilter.LoggingFilter - Response: Status=400, URI=/api/savePerson, Duration (Response Time)=405810ms, Headers=[Content-Type, Transfer-Encoding, Date, Connection], Payload = org.apache.catalina.connector.ResponseFacade@661d5bf
11:38:45.954 [SpringApplicationShutdownHook] INFO  o.s.o.j.LocalContainerEntityManagerFactoryBean - Closing JPA EntityManagerFactory for persistence unit 'default'
11:38:45.957 [SpringApplicationShutdownHook] INFO  com.zaxxer.hikari.HikariDataSource - HikariPool-1 - Shutdown initiated...
11:38:45.962 [SpringApplicationShutdownHook] INFO  com.zaxxer.hikari.HikariDataSource - HikariPool-1 - Shutdown completed.
11:38:54.586 [background-preinit] INFO  o.h.validator.internal.util.Version - HV000001: Hibernate Validator 8.0.1.Final
11:38:54.663 [main] INFO  c.p.c.ContactsdemoApplication - Starting ContactsdemoApplication using Java 17.0.12 with PID 20636 (C:\Ayse Ceren - crud projects\contactsdemo\build\classes\java\main started by 16381136672 in C:\Ayse Ceren - crud projects\contactsdemo)
11:38:54.664 [main] INFO  c.p.c.ContactsdemoApplication - No active profile set, falling back to 1 default profile: "default"
11:38:56.118 [main] INFO  o.s.d.r.c.RepositoryConfigurationDelegate - Bootstrapping Spring Data JPA repositories in DEFAULT mode.
11:38:56.264 [main] INFO  o.s.d.r.c.RepositoryConfigurationDelegate - Finished Spring Data repository scanning in 136 ms. Found 2 JPA repository interfaces.
11:38:56.980 [main] INFO  o.s.b.w.e.tomcat.TomcatWebServer - Tomcat initialized with port 8080 (http)
11:38:56.993 [main] INFO  o.a.coyote.http11.Http11NioProtocol - Initializing ProtocolHandler ["http-nio-8080"]
11:38:56.995 [main] INFO  o.a.catalina.core.StandardService - Starting service [Tomcat]
11:38:56.996 [main] INFO  o.a.catalina.core.StandardEngine - Starting Servlet engine: [Apache Tomcat/10.1.25]
11:38:57.092 [main] INFO  o.a.c.c.C.[Tomcat].[localhost].[/] - Initializing Spring embedded WebApplicationContext
11:38:57.094 [main] INFO  o.s.b.w.s.c.ServletWebServerApplicationContext - Root WebApplicationContext: initialization completed in 2345 ms
11:38:57.295 [main] INFO  o.h.jpa.internal.util.LogHelper - HHH000204: Processing PersistenceUnitInfo [name: default]
11:38:57.379 [main] INFO  org.hibernate.Version - HHH000412: Hibernate ORM core version 6.4.9.Final
11:38:57.421 [main] INFO  o.h.c.i.RegionFactoryInitiator - HHH000026: Second-level cache disabled
11:38:57.783 [main] INFO  o.s.o.j.p.SpringPersistenceUnitInfo - No LoadTimeWeaver setup: ignoring JPA class transformer
11:38:57.828 [main] INFO  com.zaxxer.hikari.HikariDataSource - HikariPool-1 - Starting...
11:38:58.029 [main] INFO  com.zaxxer.hikari.pool.HikariPool - HikariPool-1 - Added connection org.postgresql.jdbc.PgConnection@106459d9
11:38:58.033 [main] INFO  com.zaxxer.hikari.HikariDataSource - HikariPool-1 - Start completed.
11:38:58.080 [main] WARN  org.hibernate.orm.deprecation - HHH90000025: PostgreSQLDialect does not need to be specified explicitly using 'hibernate.dialect' (remove the property setting and it will be selected by default)
11:38:59.608 [main] INFO  o.s.o.j.LocalContainerEntityManagerFactoryBean - Initialized JPA EntityManagerFactory for persistence unit 'default'
11:39:01.667 [main] WARN  o.s.b.a.o.j.JpaBaseConfiguration$JpaWebConfiguration - spring.jpa.open-in-view is enabled by default. Therefore, database queries may be performed during view rendering. Explicitly configure spring.jpa.open-in-view to disable this warning
11:39:03.141 [main] INFO  o.s.d.j.r.query.QueryEnhancerFactory - Hibernate is in classpath; If applicable, HQL parser will be used.
11:39:03.953 [main] INFO  o.a.coyote.http11.Http11NioProtocol - Starting ProtocolHandler ["http-nio-8080"]
11:39:04.034 [main] INFO  o.s.b.w.e.tomcat.TomcatWebServer - Tomcat started on port 8080 (http) with context path ''
11:39:04.054 [main] INFO  c.p.c.ContactsdemoApplication - Started ContactsdemoApplication in 10.21 seconds (process running for 12.127)
11:39:06.862 [http-nio-8080-exec-2] INFO  o.a.c.c.C.[Tomcat].[localhost].[/] - Initializing Spring DispatcherServlet 'dispatcherServlet'
11:39:06.863 [http-nio-8080-exec-2] INFO  o.s.web.servlet.DispatcherServlet - Initializing Servlet 'dispatcherServlet'
11:39:06.864 [http-nio-8080-exec-2] INFO  o.s.web.servlet.DispatcherServlet - Completed initialization in 1 ms
11:39:06.880 [http-nio-8080-exec-2] INFO  c.p.c.f.HeadersLoggingFilter - Header content-type=0:0:0:0:0:0:0:1, IP = content-type
11:39:06.880 [http-nio-8080-exec-2] INFO  c.p.c.f.HeadersLoggingFilter - Header user-agent=0:0:0:0:0:0:0:1, IP = user-agent
11:39:06.881 [http-nio-8080-exec-2] INFO  c.p.c.f.HeadersLoggingFilter - Header accept=0:0:0:0:0:0:0:1, IP = accept
11:39:06.881 [http-nio-8080-exec-2] INFO  c.p.c.f.HeadersLoggingFilter - Header postman-token=0:0:0:0:0:0:0:1, IP = postman-token
11:39:06.881 [http-nio-8080-exec-2] INFO  c.p.c.f.HeadersLoggingFilter - Header host=0:0:0:0:0:0:0:1, IP = host
11:39:06.881 [http-nio-8080-exec-2] INFO  c.p.c.f.HeadersLoggingFilter - Header accept-encoding=0:0:0:0:0:0:0:1, IP = accept-encoding
11:39:06.882 [http-nio-8080-exec-2] INFO  c.p.c.f.HeadersLoggingFilter - Header connection=0:0:0:0:0:0:0:1, IP = connection
11:39:06.882 [http-nio-8080-exec-2] INFO  c.p.c.f.HeadersLoggingFilter - Header content-length=0:0:0:0:0:0:0:1, IP = content-length
11:39:06.884 [http-nio-8080-exec-2] INFO  c.p.c.loggingfilter.LoggingFilter - Request: Method=POST, URI=/api/savePerson, Headers=content-type=application/json; user-agent=PostmanRuntime/7.43.0; accept=*/*; postman-token=e43176ac-3968-47d6-9410-5ec12490c39c; host=localhost:8080; accept-encoding=gzip, deflate, br; connection=keep-alive; content-length=214; , Request ID: 468f68f4-2921-4c35-84d6-c70140a4ed79, Request IP  =0:0:0:0:0:0:0:1
11:39:06.932 [http-nio-8080-exec-2] INFO  c.p.c.l.LoggingInterceptor - Request: POST /api/savePerson
11:42:11.687 [HikariPool-1 housekeeper] WARN  com.zaxxer.hikari.pool.HikariPool - HikariPool-1 - Thread starvation or clock leap detected (housekeeper delta=2m1s232ms953µs).
11:42:17.112 [SpringApplicationShutdownHook] INFO  o.s.o.j.LocalContainerEntityManagerFactoryBean - Closing JPA EntityManagerFactory for persistence unit 'default'
11:42:17.114 [SpringApplicationShutdownHook] INFO  com.zaxxer.hikari.HikariDataSource - HikariPool-1 - Shutdown initiated...
11:42:17.195 [SpringApplicationShutdownHook] INFO  com.zaxxer.hikari.HikariDataSource - HikariPool-1 - Shutdown completed.
11:42:29.411 [background-preinit] INFO  o.h.validator.internal.util.Version - HV000001: Hibernate Validator 8.0.1.Final
11:42:29.457 [main] INFO  c.p.c.ContactsdemoApplication - Starting ContactsdemoApplication using Java 17.0.12 with PID 28460 (C:\Ayse Ceren - crud projects\contactsdemo\build\classes\java\main started by 16381136672 in C:\Ayse Ceren - crud projects\contactsdemo)
11:42:29.458 [main] INFO  c.p.c.ContactsdemoApplication - No active profile set, falling back to 1 default profile: "default"
11:42:30.285 [main] INFO  o.s.d.r.c.RepositoryConfigurationDelegate - Bootstrapping Spring Data JPA repositories in DEFAULT mode.
11:42:30.360 [main] INFO  o.s.d.r.c.RepositoryConfigurationDelegate - Finished Spring Data repository scanning in 67 ms. Found 2 JPA repository interfaces.
11:42:30.868 [main] INFO  o.s.b.w.e.tomcat.TomcatWebServer - Tomcat initialized with port 8080 (http)
11:42:30.878 [main] INFO  o.a.coyote.http11.Http11NioProtocol - Initializing ProtocolHandler ["http-nio-8080"]
11:42:30.880 [main] INFO  o.a.catalina.core.StandardService - Starting service [Tomcat]
11:42:30.880 [main] INFO  o.a.catalina.core.StandardEngine - Starting Servlet engine: [Apache Tomcat/10.1.25]
11:42:30.961 [main] INFO  o.a.c.c.C.[Tomcat].[localhost].[/] - Initializing Spring embedded WebApplicationContext
11:42:30.962 [main] INFO  o.s.b.w.s.c.ServletWebServerApplicationContext - Root WebApplicationContext: initialization completed in 1444 ms
11:42:31.115 [main] INFO  o.h.jpa.internal.util.LogHelper - HHH000204: Processing PersistenceUnitInfo [name: default]
11:42:31.175 [main] INFO  org.hibernate.Version - HHH000412: Hibernate ORM core version 6.4.9.Final
11:42:31.212 [main] INFO  o.h.c.i.RegionFactoryInitiator - HHH000026: Second-level cache disabled
11:42:31.483 [main] INFO  o.s.o.j.p.SpringPersistenceUnitInfo - No LoadTimeWeaver setup: ignoring JPA class transformer
11:42:31.512 [main] INFO  com.zaxxer.hikari.HikariDataSource - HikariPool-1 - Starting...
11:42:31.666 [main] INFO  com.zaxxer.hikari.pool.HikariPool - HikariPool-1 - Added connection org.postgresql.jdbc.PgConnection@16b7e04a
11:42:31.668 [main] INFO  com.zaxxer.hikari.HikariDataSource - HikariPool-1 - Start completed.
11:42:31.699 [main] WARN  org.hibernate.orm.deprecation - HHH90000025: PostgreSQLDialect does not need to be specified explicitly using 'hibernate.dialect' (remove the property setting and it will be selected by default)
11:42:32.850 [main] INFO  o.s.o.j.LocalContainerEntityManagerFactoryBean - Initialized JPA EntityManagerFactory for persistence unit 'default'
11:42:34.037 [main] WARN  o.s.b.a.o.j.JpaBaseConfiguration$JpaWebConfiguration - spring.jpa.open-in-view is enabled by default. Therefore, database queries may be performed during view rendering. Explicitly configure spring.jpa.open-in-view to disable this warning
11:42:35.205 [main] INFO  o.s.d.j.r.query.QueryEnhancerFactory - Hibernate is in classpath; If applicable, HQL parser will be used.
11:42:35.947 [main] INFO  o.a.coyote.http11.Http11NioProtocol - Starting ProtocolHandler ["http-nio-8080"]
11:42:36.021 [main] INFO  o.s.b.w.e.tomcat.TomcatWebServer - Tomcat started on port 8080 (http) with context path ''
11:42:36.039 [main] INFO  c.p.c.ContactsdemoApplication - Started ContactsdemoApplication in 7.011 seconds (process running for 8.231)
11:43:10.042 [http-nio-8080-exec-1] INFO  o.a.c.c.C.[Tomcat].[localhost].[/] - Initializing Spring DispatcherServlet 'dispatcherServlet'
11:43:10.042 [http-nio-8080-exec-1] INFO  o.s.web.servlet.DispatcherServlet - Initializing Servlet 'dispatcherServlet'
11:43:10.043 [http-nio-8080-exec-1] INFO  o.s.web.servlet.DispatcherServlet - Completed initialization in 1 ms
11:43:10.056 [http-nio-8080-exec-1] INFO  c.p.c.f.HeadersLoggingFilter - Header content-type=0:0:0:0:0:0:0:1, IP = content-type
11:43:10.056 [http-nio-8080-exec-1] INFO  c.p.c.f.HeadersLoggingFilter - Header user-agent=0:0:0:0:0:0:0:1, IP = user-agent
11:43:10.056 [http-nio-8080-exec-1] INFO  c.p.c.f.HeadersLoggingFilter - Header accept=0:0:0:0:0:0:0:1, IP = accept
11:43:10.056 [http-nio-8080-exec-1] INFO  c.p.c.f.HeadersLoggingFilter - Header postman-token=0:0:0:0:0:0:0:1, IP = postman-token
11:43:10.057 [http-nio-8080-exec-1] INFO  c.p.c.f.HeadersLoggingFilter - Header host=0:0:0:0:0:0:0:1, IP = host
11:43:10.057 [http-nio-8080-exec-1] INFO  c.p.c.f.HeadersLoggingFilter - Header accept-encoding=0:0:0:0:0:0:0:1, IP = accept-encoding
11:43:10.057 [http-nio-8080-exec-1] INFO  c.p.c.f.HeadersLoggingFilter - Header connection=0:0:0:0:0:0:0:1, IP = connection
11:43:10.057 [http-nio-8080-exec-1] INFO  c.p.c.f.HeadersLoggingFilter - Header content-length=0:0:0:0:0:0:0:1, IP = content-length
11:43:10.058 [http-nio-8080-exec-1] INFO  c.p.c.loggingfilter.LoggingFilter - Request: Method=POST, URI=/api/savePerson, Headers=content-type=application/json; user-agent=PostmanRuntime/7.43.0; accept=*/*; postman-token=374ae47b-0a88-4df7-94bb-32acda93e0db; host=localhost:8080; accept-encoding=gzip, deflate, br; connection=keep-alive; content-length=214; , Request ID: c1eaf0a5-6c14-4f99-9bd7-069a5de066ce, Request IP  =0:0:0:0:0:0:0:1
11:43:10.107 [http-nio-8080-exec-1] INFO  c.p.c.l.LoggingInterceptor - Request: POST /api/savePerson
11:43:21.640 [http-nio-8080-exec-1] INFO  c.p.c.l.LoggingInterceptor - Request: POST /api/api/savePerson
11:43:21.646 [http-nio-8080-exec-1] INFO  c.p.c.l.LoggingInterceptor - Respone 404 /api/api/savePerson
11:43:21.648 [http-nio-8080-exec-1] INFO  c.p.c.l.LoggingInterceptor - Respone 404 /api/savePerson
11:43:21.648 [http-nio-8080-exec-1] INFO  c.p.c.loggingfilter.LoggingFilter - Response: Status=404, URI=/api/savePerson, Duration (Response Time)=11589ms, Headers=[Vary, Vary, Vary], Payload = org.apache.catalina.connector.ResponseFacade@255e81cb
11:43:21.650 [http-nio-8080-exec-1] INFO  c.p.c.l.LoggingInterceptor - Request: POST /error
11:43:21.718 [http-nio-8080-exec-1] INFO  c.p.c.l.LoggingInterceptor - Respone 404 /error
11:44:20.986 [http-nio-8080-exec-4] INFO  c.p.c.f.HeadersLoggingFilter - Header content-type=0:0:0:0:0:0:0:1, IP = content-type
11:44:20.986 [http-nio-8080-exec-4] INFO  c.p.c.f.HeadersLoggingFilter - Header user-agent=0:0:0:0:0:0:0:1, IP = user-agent
11:44:20.986 [http-nio-8080-exec-4] INFO  c.p.c.f.HeadersLoggingFilter - Header accept=0:0:0:0:0:0:0:1, IP = accept
11:44:20.986 [http-nio-8080-exec-4] INFO  c.p.c.f.HeadersLoggingFilter - Header postman-token=0:0:0:0:0:0:0:1, IP = postman-token
11:44:20.986 [http-nio-8080-exec-4] INFO  c.p.c.f.HeadersLoggingFilter - Header host=0:0:0:0:0:0:0:1, IP = host
11:44:20.986 [http-nio-8080-exec-4] INFO  c.p.c.f.HeadersLoggingFilter - Header accept-encoding=0:0:0:0:0:0:0:1, IP = accept-encoding
11:44:20.986 [http-nio-8080-exec-4] INFO  c.p.c.f.HeadersLoggingFilter - Header connection=0:0:0:0:0:0:0:1, IP = connection
11:44:20.986 [http-nio-8080-exec-4] INFO  c.p.c.f.HeadersLoggingFilter - Header content-length=0:0:0:0:0:0:0:1, IP = content-length
11:44:20.986 [http-nio-8080-exec-4] INFO  c.p.c.loggingfilter.LoggingFilter - Request: Method=POST, URI=/api/savePerson, Headers=content-type=application/json; user-agent=PostmanRuntime/7.43.0; accept=*/*; postman-token=656284e8-54bf-44e8-ba8f-cf14ea5e3588; host=localhost:8080; accept-encoding=gzip, deflate, br; connection=keep-alive; content-length=214; , Request ID: 637454b7-2b45-4103-8c6a-691fe5255629, Request IP  =0:0:0:0:0:0:0:1
11:44:20.987 [http-nio-8080-exec-4] INFO  c.p.c.l.LoggingInterceptor - Request: POST /api/savePerson
11:45:42.346 [http-nio-8080-exec-4] INFO  c.p.c.l.LoggingInterceptor - Request: POST /api/api/savePerson
11:45:42.350 [http-nio-8080-exec-4] INFO  c.p.c.l.LoggingInterceptor - Respone 404 /api/api/savePerson
11:45:42.350 [http-nio-8080-exec-4] INFO  c.p.c.l.LoggingInterceptor - Respone 404 /api/savePerson
11:45:42.350 [http-nio-8080-exec-4] INFO  c.p.c.loggingfilter.LoggingFilter - Response: Status=404, URI=/api/savePerson, Duration (Response Time)=81363ms, Headers=[Vary, Vary, Vary], Payload = org.apache.catalina.connector.ResponseFacade@47a881e4
11:45:42.351 [http-nio-8080-exec-4] INFO  c.p.c.l.LoggingInterceptor - Request: POST /error
11:45:42.354 [http-nio-8080-exec-4] INFO  c.p.c.l.LoggingInterceptor - Respone 404 /error
11:46:38.353 [SpringApplicationShutdownHook] INFO  o.s.o.j.LocalContainerEntityManagerFactoryBean - Closing JPA EntityManagerFactory for persistence unit 'default'
11:46:38.355 [SpringApplicationShutdownHook] INFO  com.zaxxer.hikari.HikariDataSource - HikariPool-1 - Shutdown initiated...
11:46:38.358 [SpringApplicationShutdownHook] INFO  com.zaxxer.hikari.HikariDataSource - HikariPool-1 - Shutdown completed.
11:46:45.440 [background-preinit] INFO  o.h.validator.internal.util.Version - HV000001: Hibernate Validator 8.0.1.Final
11:46:45.489 [main] INFO  c.p.c.ContactsdemoApplication - Starting ContactsdemoApplication using Java 17.0.12 with PID 27556 (C:\Ayse Ceren - crud projects\contactsdemo\build\classes\java\main started by 16381136672 in C:\Ayse Ceren - crud projects\contactsdemo)
11:46:45.490 [main] INFO  c.p.c.ContactsdemoApplication - No active profile set, falling back to 1 default profile: "default"
11:46:46.383 [main] INFO  o.s.d.r.c.RepositoryConfigurationDelegate - Bootstrapping Spring Data JPA repositories in DEFAULT mode.
11:46:46.479 [main] INFO  o.s.d.r.c.RepositoryConfigurationDelegate - Finished Spring Data repository scanning in 85 ms. Found 2 JPA repository interfaces.
11:46:47.036 [main] INFO  o.s.b.w.e.tomcat.TomcatWebServer - Tomcat initialized with port 8080 (http)
11:46:47.046 [main] INFO  o.a.coyote.http11.Http11NioProtocol - Initializing ProtocolHandler ["http-nio-8080"]
11:46:47.048 [main] INFO  o.a.catalina.core.StandardService - Starting service [Tomcat]
11:46:47.049 [main] INFO  o.a.catalina.core.StandardEngine - Starting Servlet engine: [Apache Tomcat/10.1.25]
11:46:47.125 [main] INFO  o.a.c.c.C.[Tomcat].[localhost].[/] - Initializing Spring embedded WebApplicationContext
11:46:47.125 [main] INFO  o.s.b.w.s.c.ServletWebServerApplicationContext - Root WebApplicationContext: initialization completed in 1557 ms
11:46:47.284 [main] INFO  o.h.jpa.internal.util.LogHelper - HHH000204: Processing PersistenceUnitInfo [name: default]
11:46:47.344 [main] INFO  org.hibernate.Version - HHH000412: Hibernate ORM core version 6.4.9.Final
11:46:47.380 [main] INFO  o.h.c.i.RegionFactoryInitiator - HHH000026: Second-level cache disabled
11:46:47.666 [main] INFO  o.s.o.j.p.SpringPersistenceUnitInfo - No LoadTimeWeaver setup: ignoring JPA class transformer
11:46:47.697 [main] INFO  com.zaxxer.hikari.HikariDataSource - HikariPool-1 - Starting...
11:46:47.859 [main] INFO  com.zaxxer.hikari.pool.HikariPool - HikariPool-1 - Added connection org.postgresql.jdbc.PgConnection@5f3f57ff
11:46:47.861 [main] INFO  com.zaxxer.hikari.HikariDataSource - HikariPool-1 - Start completed.
11:46:47.895 [main] WARN  org.hibernate.orm.deprecation - HHH90000025: PostgreSQLDialect does not need to be specified explicitly using 'hibernate.dialect' (remove the property setting and it will be selected by default)
11:46:49.103 [main] INFO  o.s.o.j.LocalContainerEntityManagerFactoryBean - Initialized JPA EntityManagerFactory for persistence unit 'default'
11:46:50.052 [main] WARN  o.s.b.a.o.j.JpaBaseConfiguration$JpaWebConfiguration - spring.jpa.open-in-view is enabled by default. Therefore, database queries may be performed during view rendering. Explicitly configure spring.jpa.open-in-view to disable this warning
11:46:51.400 [main] INFO  o.s.d.j.r.query.QueryEnhancerFactory - Hibernate is in classpath; If applicable, HQL parser will be used.
11:46:52.228 [main] INFO  o.a.coyote.http11.Http11NioProtocol - Starting ProtocolHandler ["http-nio-8080"]
11:46:52.319 [main] INFO  o.s.b.w.e.tomcat.TomcatWebServer - Tomcat started on port 8080 (http) with context path ''
11:46:52.340 [main] INFO  c.p.c.ContactsdemoApplication - Started ContactsdemoApplication in 7.323 seconds (process running for 8.649)
11:49:17.436 [SpringApplicationShutdownHook] INFO  o.s.o.j.LocalContainerEntityManagerFactoryBean - Closing JPA EntityManagerFactory for persistence unit 'default'
11:49:17.439 [SpringApplicationShutdownHook] INFO  com.zaxxer.hikari.HikariDataSource - HikariPool-1 - Shutdown initiated...
11:49:17.443 [SpringApplicationShutdownHook] INFO  com.zaxxer.hikari.HikariDataSource - HikariPool-1 - Shutdown completed.
11:49:24.971 [background-preinit] INFO  o.h.validator.internal.util.Version - HV000001: Hibernate Validator 8.0.1.Final
11:49:25.048 [main] INFO  c.p.c.ContactsdemoApplication - Starting ContactsdemoApplication using Java 17.0.12 with PID 10552 (C:\Ayse Ceren - crud projects\contactsdemo\build\classes\java\main started by 16381136672 in C:\Ayse Ceren - crud projects\contactsdemo)
11:49:25.050 [main] INFO  c.p.c.ContactsdemoApplication - No active profile set, falling back to 1 default profile: "default"
11:49:26.149 [main] INFO  o.s.d.r.c.RepositoryConfigurationDelegate - Bootstrapping Spring Data JPA repositories in DEFAULT mode.
11:49:26.232 [main] INFO  o.s.d.r.c.RepositoryConfigurationDelegate - Finished Spring Data repository scanning in 74 ms. Found 2 JPA repository interfaces.
11:49:26.780 [main] INFO  o.s.b.w.e.tomcat.TomcatWebServer - Tomcat initialized with port 8080 (http)
11:49:26.790 [main] INFO  o.a.coyote.http11.Http11NioProtocol - Initializing ProtocolHandler ["http-nio-8080"]
11:49:26.791 [main] INFO  o.a.catalina.core.StandardService - Starting service [Tomcat]
11:49:26.792 [main] INFO  o.a.catalina.core.StandardEngine - Starting Servlet engine: [Apache Tomcat/10.1.25]
11:49:26.873 [main] INFO  o.a.c.c.C.[Tomcat].[localhost].[/] - Initializing Spring embedded WebApplicationContext
11:49:26.875 [main] INFO  o.s.b.w.s.c.ServletWebServerApplicationContext - Root WebApplicationContext: initialization completed in 1765 ms
11:49:27.036 [main] INFO  o.h.jpa.internal.util.LogHelper - HHH000204: Processing PersistenceUnitInfo [name: default]
11:49:27.097 [main] INFO  org.hibernate.Version - HHH000412: Hibernate ORM core version 6.4.9.Final
11:49:27.138 [main] INFO  o.h.c.i.RegionFactoryInitiator - HHH000026: Second-level cache disabled
11:49:27.418 [main] INFO  o.s.o.j.p.SpringPersistenceUnitInfo - No LoadTimeWeaver setup: ignoring JPA class transformer
11:49:27.456 [main] INFO  com.zaxxer.hikari.HikariDataSource - HikariPool-1 - Starting...
11:49:27.620 [main] INFO  com.zaxxer.hikari.pool.HikariPool - HikariPool-1 - Added connection org.postgresql.jdbc.PgConnection@11f3400c
11:49:27.621 [main] INFO  com.zaxxer.hikari.HikariDataSource - HikariPool-1 - Start completed.
11:49:27.657 [main] WARN  org.hibernate.orm.deprecation - HHH90000025: PostgreSQLDialect does not need to be specified explicitly using 'hibernate.dialect' (remove the property setting and it will be selected by default)
11:49:28.842 [main] INFO  o.s.o.j.LocalContainerEntityManagerFactoryBean - Initialized JPA EntityManagerFactory for persistence unit 'default'
11:49:29.831 [main] WARN  o.s.b.a.o.j.JpaBaseConfiguration$JpaWebConfiguration - spring.jpa.open-in-view is enabled by default. Therefore, database queries may be performed during view rendering. Explicitly configure spring.jpa.open-in-view to disable this warning
11:49:31.139 [main] INFO  o.s.d.j.r.query.QueryEnhancerFactory - Hibernate is in classpath; If applicable, HQL parser will be used.
11:49:31.993 [main] INFO  o.a.coyote.http11.Http11NioProtocol - Starting ProtocolHandler ["http-nio-8080"]
11:49:32.088 [main] INFO  o.s.b.w.e.tomcat.TomcatWebServer - Tomcat started on port 8080 (http) with context path ''
11:49:32.110 [main] INFO  c.p.c.ContactsdemoApplication - Started ContactsdemoApplication in 7.648 seconds (process running for 9.19)
11:49:36.410 [http-nio-8080-exec-1] INFO  o.a.c.c.C.[Tomcat].[localhost].[/] - Initializing Spring DispatcherServlet 'dispatcherServlet'
11:49:36.410 [http-nio-8080-exec-1] INFO  o.s.web.servlet.DispatcherServlet - Initializing Servlet 'dispatcherServlet'
11:49:36.411 [http-nio-8080-exec-1] INFO  o.s.web.servlet.DispatcherServlet - Completed initialization in 1 ms
11:49:36.427 [http-nio-8080-exec-1] INFO  c.p.c.f.HeadersLoggingFilter - Header content-type=0:0:0:0:0:0:0:1, IP = content-type
11:49:36.428 [http-nio-8080-exec-1] INFO  c.p.c.f.HeadersLoggingFilter - Header user-agent=0:0:0:0:0:0:0:1, IP = user-agent
11:49:36.428 [http-nio-8080-exec-1] INFO  c.p.c.f.HeadersLoggingFilter - Header accept=0:0:0:0:0:0:0:1, IP = accept
11:49:36.428 [http-nio-8080-exec-1] INFO  c.p.c.f.HeadersLoggingFilter - Header postman-token=0:0:0:0:0:0:0:1, IP = postman-token
11:49:36.428 [http-nio-8080-exec-1] INFO  c.p.c.f.HeadersLoggingFilter - Header host=0:0:0:0:0:0:0:1, IP = host
11:49:36.428 [http-nio-8080-exec-1] INFO  c.p.c.f.HeadersLoggingFilter - Header accept-encoding=0:0:0:0:0:0:0:1, IP = accept-encoding
11:49:36.428 [http-nio-8080-exec-1] INFO  c.p.c.f.HeadersLoggingFilter - Header connection=0:0:0:0:0:0:0:1, IP = connection
11:49:36.428 [http-nio-8080-exec-1] INFO  c.p.c.f.HeadersLoggingFilter - Header content-length=0:0:0:0:0:0:0:1, IP = content-length
11:49:36.430 [http-nio-8080-exec-1] INFO  c.p.c.loggingfilter.LoggingFilter - Request: Method=POST, URI=/api/savePerson, Headers=content-type=application/json; user-agent=PostmanRuntime/7.43.0; accept=*/*; postman-token=7615c9ff-482b-4d25-aa1b-3e26bdd06bcc; host=localhost:8080; accept-encoding=gzip, deflate, br; connection=keep-alive; content-length=214; , Request ID: 24508524-0c70-4bb8-8065-5b18cd2e33fe, Request IP  =0:0:0:0:0:0:0:1
11:49:36.480 [http-nio-8080-exec-1] INFO  c.p.c.l.LoggingInterceptor - Request: POST /api/savePerson
11:49:52.592 [http-nio-8080-exec-1] INFO  c.p.c.l.LoggingInterceptor - Respone 400 /api/savePerson
11:49:52.595 [http-nio-8080-exec-1] INFO  c.p.c.loggingfilter.LoggingFilter - Response: Status=400, URI=/api/savePerson, Duration (Response Time)=16165ms, Headers=[Content-Type, Transfer-Encoding, Date, Connection], Payload = org.apache.catalina.connector.ResponseFacade@57ec0e28
11:50:02.445 [http-nio-8080-exec-4] INFO  c.p.c.f.HeadersLoggingFilter - Header content-type=0:0:0:0:0:0:0:1, IP = content-type
11:50:02.445 [http-nio-8080-exec-4] INFO  c.p.c.f.HeadersLoggingFilter - Header user-agent=0:0:0:0:0:0:0:1, IP = user-agent
11:50:02.445 [http-nio-8080-exec-4] INFO  c.p.c.f.HeadersLoggingFilter - Header accept=0:0:0:0:0:0:0:1, IP = accept
11:50:02.445 [http-nio-8080-exec-4] INFO  c.p.c.f.HeadersLoggingFilter - Header postman-token=0:0:0:0:0:0:0:1, IP = postman-token
11:50:02.445 [http-nio-8080-exec-4] INFO  c.p.c.f.HeadersLoggingFilter - Header host=0:0:0:0:0:0:0:1, IP = host
11:50:02.445 [http-nio-8080-exec-4] INFO  c.p.c.f.HeadersLoggingFilter - Header accept-encoding=0:0:0:0:0:0:0:1, IP = accept-encoding
11:50:02.445 [http-nio-8080-exec-4] INFO  c.p.c.f.HeadersLoggingFilter - Header connection=0:0:0:0:0:0:0:1, IP = connection
11:50:02.445 [http-nio-8080-exec-4] INFO  c.p.c.f.HeadersLoggingFilter - Header content-length=0:0:0:0:0:0:0:1, IP = content-length
11:50:02.446 [http-nio-8080-exec-4] INFO  c.p.c.loggingfilter.LoggingFilter - Request: Method=POST, URI=/api/savePerson, Headers=content-type=application/json; user-agent=PostmanRuntime/7.43.0; accept=*/*; postman-token=522a6e2c-ac73-4e44-b0b0-8f9e0463457f; host=localhost:8080; accept-encoding=gzip, deflate, br; connection=keep-alive; content-length=214; , Request ID: af67e99e-4564-4877-ab7b-483efd7176d1, Request IP  =0:0:0:0:0:0:0:1
11:50:02.446 [http-nio-8080-exec-4] INFO  c.p.c.l.LoggingInterceptor - Request: POST /api/savePerson
11:51:38.039 [HikariPool-1 housekeeper] WARN  com.zaxxer.hikari.pool.HikariPool - HikariPool-1 - Thread starvation or clock leap detected (housekeeper delta=1m40s312ms467µs800ns).
11:51:38.047 [http-nio-8080-exec-4] INFO  c.p.c.l.LoggingInterceptor - Respone 400 /api/savePerson
11:51:38.048 [http-nio-8080-exec-4] INFO  c.p.c.loggingfilter.LoggingFilter - Response: Status=400, URI=/api/savePerson, Duration (Response Time)=95602ms, Headers=[Content-Type, Transfer-Encoding, Date, Connection], Payload = org.apache.catalina.connector.ResponseFacade@7ba2dc2e
11:51:38.221 [SpringApplicationShutdownHook] INFO  o.s.o.j.LocalContainerEntityManagerFactoryBean - Closing JPA EntityManagerFactory for persistence unit 'default'
11:51:38.223 [SpringApplicationShutdownHook] INFO  com.zaxxer.hikari.HikariDataSource - HikariPool-1 - Shutdown initiated...
11:51:38.228 [SpringApplicationShutdownHook] INFO  com.zaxxer.hikari.HikariDataSource - HikariPool-1 - Shutdown completed.
11:51:45.315 [background-preinit] INFO  o.h.validator.internal.util.Version - HV000001: Hibernate Validator 8.0.1.Final
11:51:45.373 [main] INFO  c.p.c.ContactsdemoApplication - Starting ContactsdemoApplication using Java 17.0.12 with PID 4660 (C:\Ayse Ceren - crud projects\contactsdemo\build\classes\java\main started by 16381136672 in C:\Ayse Ceren - crud projects\contactsdemo)
11:51:45.374 [main] INFO  c.p.c.ContactsdemoApplication - No active profile set, falling back to 1 default profile: "default"
11:51:46.409 [main] INFO  o.s.d.r.c.RepositoryConfigurationDelegate - Bootstrapping Spring Data JPA repositories in DEFAULT mode.
11:51:46.493 [main] INFO  o.s.d.r.c.RepositoryConfigurationDelegate - Finished Spring Data repository scanning in 77 ms. Found 2 JPA repository interfaces.
11:51:47.077 [main] INFO  o.s.b.w.e.tomcat.TomcatWebServer - Tomcat initialized with port 8080 (http)
11:51:47.088 [main] INFO  o.a.coyote.http11.Http11NioProtocol - Initializing ProtocolHandler ["http-nio-8080"]
11:51:47.091 [main] INFO  o.a.catalina.core.StandardService - Starting service [Tomcat]
11:51:47.091 [main] INFO  o.a.catalina.core.StandardEngine - Starting Servlet engine: [Apache Tomcat/10.1.25]
11:51:47.167 [main] INFO  o.a.c.c.C.[Tomcat].[localhost].[/] - Initializing Spring embedded WebApplicationContext
11:51:47.168 [main] INFO  o.s.b.w.s.c.ServletWebServerApplicationContext - Root WebApplicationContext: initialization completed in 1732 ms
11:51:47.325 [main] INFO  o.h.jpa.internal.util.LogHelper - HHH000204: Processing PersistenceUnitInfo [name: default]
11:51:47.386 [main] INFO  org.hibernate.Version - HHH000412: Hibernate ORM core version 6.4.9.Final
11:51:47.421 [main] INFO  o.h.c.i.RegionFactoryInitiator - HHH000026: Second-level cache disabled
11:51:47.698 [main] INFO  o.s.o.j.p.SpringPersistenceUnitInfo - No LoadTimeWeaver setup: ignoring JPA class transformer
11:51:47.729 [main] INFO  com.zaxxer.hikari.HikariDataSource - HikariPool-1 - Starting...
11:51:47.888 [main] INFO  com.zaxxer.hikari.pool.HikariPool - HikariPool-1 - Added connection org.postgresql.jdbc.PgConnection@7b8b07ae
11:51:47.890 [main] INFO  com.zaxxer.hikari.HikariDataSource - HikariPool-1 - Start completed.
11:51:47.927 [main] WARN  org.hibernate.orm.deprecation - HHH90000025: PostgreSQLDialect does not need to be specified explicitly using 'hibernate.dialect' (remove the property setting and it will be selected by default)
11:51:49.112 [main] INFO  o.s.o.j.LocalContainerEntityManagerFactoryBean - Initialized JPA EntityManagerFactory for persistence unit 'default'
11:51:50.483 [main] WARN  o.s.b.a.o.j.JpaBaseConfiguration$JpaWebConfiguration - spring.jpa.open-in-view is enabled by default. Therefore, database queries may be performed during view rendering. Explicitly configure spring.jpa.open-in-view to disable this warning
11:51:51.851 [main] INFO  o.s.d.j.r.query.QueryEnhancerFactory - Hibernate is in classpath; If applicable, HQL parser will be used.
11:51:52.713 [main] INFO  o.a.coyote.http11.Http11NioProtocol - Starting ProtocolHandler ["http-nio-8080"]
11:51:52.808 [main] INFO  o.s.b.w.e.tomcat.TomcatWebServer - Tomcat started on port 8080 (http) with context path ''
11:51:52.831 [main] INFO  c.p.c.ContactsdemoApplication - Started ContactsdemoApplication in 7.991 seconds (process running for 9.392)
11:51:59.939 [http-nio-8080-exec-1] INFO  o.a.c.c.C.[Tomcat].[localhost].[/] - Initializing Spring DispatcherServlet 'dispatcherServlet'
11:51:59.940 [http-nio-8080-exec-1] INFO  o.s.web.servlet.DispatcherServlet - Initializing Servlet 'dispatcherServlet'
11:51:59.941 [http-nio-8080-exec-1] INFO  o.s.web.servlet.DispatcherServlet - Completed initialization in 1 ms
11:51:59.959 [http-nio-8080-exec-1] INFO  c.p.c.f.HeadersLoggingFilter - Header content-type=0:0:0:0:0:0:0:1, IP = content-type
11:51:59.959 [http-nio-8080-exec-1] INFO  c.p.c.f.HeadersLoggingFilter - Header user-agent=0:0:0:0:0:0:0:1, IP = user-agent
11:51:59.960 [http-nio-8080-exec-1] INFO  c.p.c.f.HeadersLoggingFilter - Header accept=0:0:0:0:0:0:0:1, IP = accept
11:51:59.960 [http-nio-8080-exec-1] INFO  c.p.c.f.HeadersLoggingFilter - Header postman-token=0:0:0:0:0:0:0:1, IP = postman-token
11:51:59.960 [http-nio-8080-exec-1] INFO  c.p.c.f.HeadersLoggingFilter - Header host=0:0:0:0:0:0:0:1, IP = host
11:51:59.960 [http-nio-8080-exec-1] INFO  c.p.c.f.HeadersLoggingFilter - Header accept-encoding=0:0:0:0:0:0:0:1, IP = accept-encoding
11:51:59.960 [http-nio-8080-exec-1] INFO  c.p.c.f.HeadersLoggingFilter - Header connection=0:0:0:0:0:0:0:1, IP = connection
11:51:59.960 [http-nio-8080-exec-1] INFO  c.p.c.f.HeadersLoggingFilter - Header content-length=0:0:0:0:0:0:0:1, IP = content-length
11:51:59.962 [http-nio-8080-exec-1] INFO  c.p.c.loggingfilter.LoggingFilter - Request: Method=POST, URI=/api/savePerson, Headers=content-type=application/json; user-agent=PostmanRuntime/7.43.0; accept=*/*; postman-token=92474f8b-e3e5-4be7-90b9-d230a47201dc; host=localhost:8080; accept-encoding=gzip, deflate, br; connection=keep-alive; content-length=214; , Request ID: 7b349968-86f9-4060-94cf-4ededcf2ae95, Request IP  =0:0:0:0:0:0:0:1
11:52:00.080 [http-nio-8080-exec-1] INFO  c.p.c.l.LoggingInterceptor - Request: POST /api/savePerson
11:53:16.822 [HikariPool-1 housekeeper] WARN  com.zaxxer.hikari.pool.HikariPool - HikariPool-1 - Thread starvation or clock leap detected (housekeeper delta=58s118ms394µs).
11:53:23.311 [http-nio-8080-exec-1] INFO  c.p.c.l.LoggingInterceptor - Respone 400 /api/savePerson
11:53:23.314 [http-nio-8080-exec-1] INFO  c.p.c.loggingfilter.LoggingFilter - Response: Status=400, URI=/api/savePerson, Duration (Response Time)=83352ms, Headers=[Content-Type, Transfer-Encoding, Date, Connection], Payload = org.apache.catalina.connector.ResponseFacade@1021c08d
11:53:27.221 [http-nio-8080-exec-4] INFO  c.p.c.f.HeadersLoggingFilter - Header content-type=0:0:0:0:0:0:0:1, IP = content-type
11:53:27.222 [http-nio-8080-exec-4] INFO  c.p.c.f.HeadersLoggingFilter - Header user-agent=0:0:0:0:0:0:0:1, IP = user-agent
11:53:27.222 [http-nio-8080-exec-4] INFO  c.p.c.f.HeadersLoggingFilter - Header accept=0:0:0:0:0:0:0:1, IP = accept
11:53:27.222 [http-nio-8080-exec-4] INFO  c.p.c.f.HeadersLoggingFilter - Header postman-token=0:0:0:0:0:0:0:1, IP = postman-token
11:53:27.222 [http-nio-8080-exec-4] INFO  c.p.c.f.HeadersLoggingFilter - Header host=0:0:0:0:0:0:0:1, IP = host
11:53:27.222 [http-nio-8080-exec-4] INFO  c.p.c.f.HeadersLoggingFilter - Header accept-encoding=0:0:0:0:0:0:0:1, IP = accept-encoding
11:53:27.222 [http-nio-8080-exec-4] INFO  c.p.c.f.HeadersLoggingFilter - Header connection=0:0:0:0:0:0:0:1, IP = connection
11:53:27.222 [http-nio-8080-exec-4] INFO  c.p.c.f.HeadersLoggingFilter - Header content-length=0:0:0:0:0:0:0:1, IP = content-length
11:53:27.222 [http-nio-8080-exec-4] INFO  c.p.c.loggingfilter.LoggingFilter - Request: Method=POST, URI=/api/savePerson, Headers=content-type=application/json; user-agent=PostmanRuntime/7.43.0; accept=*/*; postman-token=c8dfed18-6b5e-48e7-a67f-e2f148adabbb; host=localhost:8080; accept-encoding=gzip, deflate, br; connection=keep-alive; content-length=214; , Request ID: e7ee3ae0-5b69-475d-b49d-e41f90f35223, Request IP  =0:0:0:0:0:0:0:1
11:53:27.223 [http-nio-8080-exec-4] INFO  c.p.c.l.LoggingInterceptor - Request: POST /api/savePerson
11:54:12.965 [http-nio-8080-exec-4] INFO  c.p.c.l.LoggingInterceptor - Respone 400 /api/savePerson
11:54:12.966 [http-nio-8080-exec-4] INFO  c.p.c.loggingfilter.LoggingFilter - Response: Status=400, URI=/api/savePerson, Duration (Response Time)=45744ms, Headers=[Content-Type, Transfer-Encoding, Date, Connection], Payload = org.apache.catalina.connector.ResponseFacade@130f097f
12:00:35.615 [http-nio-8080-exec-6] INFO  c.p.c.f.HeadersLoggingFilter - Header content-type=0:0:0:0:0:0:0:1, IP = content-type
12:00:35.616 [http-nio-8080-exec-6] INFO  c.p.c.f.HeadersLoggingFilter - Header user-agent=0:0:0:0:0:0:0:1, IP = user-agent
12:00:35.616 [http-nio-8080-exec-6] INFO  c.p.c.f.HeadersLoggingFilter - Header accept=0:0:0:0:0:0:0:1, IP = accept
12:00:35.616 [http-nio-8080-exec-6] INFO  c.p.c.f.HeadersLoggingFilter - Header postman-token=0:0:0:0:0:0:0:1, IP = postman-token
12:00:35.616 [http-nio-8080-exec-6] INFO  c.p.c.f.HeadersLoggingFilter - Header host=0:0:0:0:0:0:0:1, IP = host
12:00:35.616 [http-nio-8080-exec-6] INFO  c.p.c.f.HeadersLoggingFilter - Header accept-encoding=0:0:0:0:0:0:0:1, IP = accept-encoding
12:00:35.616 [http-nio-8080-exec-6] INFO  c.p.c.f.HeadersLoggingFilter - Header connection=0:0:0:0:0:0:0:1, IP = connection
12:00:35.616 [http-nio-8080-exec-6] INFO  c.p.c.f.HeadersLoggingFilter - Header content-length=0:0:0:0:0:0:0:1, IP = content-length
12:00:35.616 [http-nio-8080-exec-6] INFO  c.p.c.loggingfilter.LoggingFilter - Request: Method=POST, URI=/api/savePerson, Headers=content-type=application/json; user-agent=PostmanRuntime/7.43.0; accept=*/*; postman-token=18144bbb-ab77-4445-a6c0-f21c39f34856; host=localhost:8080; accept-encoding=gzip, deflate, br; connection=keep-alive; content-length=214; , Request ID: c4de4a96-d636-4fbc-90b2-1a44c58473a7, Request IP  =0:0:0:0:0:0:0:1
12:00:35.617 [http-nio-8080-exec-6] INFO  c.p.c.l.LoggingInterceptor - Request: POST /api/savePerson
12:00:37.666 [http-nio-8080-exec-6] INFO  c.p.c.l.LoggingInterceptor - Respone 400 /api/savePerson
12:00:37.668 [http-nio-8080-exec-6] INFO  c.p.c.loggingfilter.LoggingFilter - Response: Status=400, URI=/api/savePerson, Duration (Response Time)=2052ms, Headers=[Content-Type, Transfer-Encoding, Date, Connection], Payload = org.apache.catalina.connector.ResponseFacade@61e3bdbb
12:01:07.205 [SpringApplicationShutdownHook] INFO  o.s.o.j.LocalContainerEntityManagerFactoryBean - Closing JPA EntityManagerFactory for persistence unit 'default'
12:01:07.207 [SpringApplicationShutdownHook] INFO  com.zaxxer.hikari.HikariDataSource - HikariPool-1 - Shutdown initiated...
12:01:07.212 [SpringApplicationShutdownHook] INFO  com.zaxxer.hikari.HikariDataSource - HikariPool-1 - Shutdown completed.
12:01:20.685 [background-preinit] INFO  o.h.validator.internal.util.Version - HV000001: Hibernate Validator 8.0.1.Final
12:01:20.733 [main] INFO  c.p.c.ContactsdemoApplication - Starting ContactsdemoApplication using Java 17.0.12 with PID 29120 (C:\Ayse Ceren - crud projects\contactsdemo\build\classes\java\main started by 16381136672 in C:\Ayse Ceren - crud projects\contactsdemo)
12:01:20.734 [main] INFO  c.p.c.ContactsdemoApplication - No active profile set, falling back to 1 default profile: "default"
12:01:21.562 [main] INFO  o.s.d.r.c.RepositoryConfigurationDelegate - Bootstrapping Spring Data JPA repositories in DEFAULT mode.
12:01:21.640 [main] INFO  o.s.d.r.c.RepositoryConfigurationDelegate - Finished Spring Data repository scanning in 69 ms. Found 2 JPA repository interfaces.
12:01:22.190 [main] INFO  o.s.b.w.e.tomcat.TomcatWebServer - Tomcat initialized with port 8080 (http)
12:01:22.199 [main] INFO  o.a.coyote.http11.Http11NioProtocol - Initializing ProtocolHandler ["http-nio-8080"]
12:01:22.201 [main] INFO  o.a.catalina.core.StandardService - Starting service [Tomcat]
12:01:22.201 [main] INFO  o.a.catalina.core.StandardEngine - Starting Servlet engine: [Apache Tomcat/10.1.25]
12:01:22.278 [main] INFO  o.a.c.c.C.[Tomcat].[localhost].[/] - Initializing Spring embedded WebApplicationContext
12:01:22.278 [main] INFO  o.s.b.w.s.c.ServletWebServerApplicationContext - Root WebApplicationContext: initialization completed in 1489 ms
12:01:22.434 [main] INFO  o.h.jpa.internal.util.LogHelper - HHH000204: Processing PersistenceUnitInfo [name: default]
12:01:22.493 [main] INFO  org.hibernate.Version - HHH000412: Hibernate ORM core version 6.4.9.Final
12:01:22.529 [main] INFO  o.h.c.i.RegionFactoryInitiator - HHH000026: Second-level cache disabled
12:01:22.831 [main] INFO  o.s.o.j.p.SpringPersistenceUnitInfo - No LoadTimeWeaver setup: ignoring JPA class transformer
12:01:22.859 [main] INFO  com.zaxxer.hikari.HikariDataSource - HikariPool-1 - Starting...
12:01:23.007 [main] INFO  com.zaxxer.hikari.pool.HikariPool - HikariPool-1 - Added connection org.postgresql.jdbc.PgConnection@d7055be
12:01:23.008 [main] INFO  com.zaxxer.hikari.HikariDataSource - HikariPool-1 - Start completed.
12:01:23.042 [main] WARN  org.hibernate.orm.deprecation - HHH90000025: PostgreSQLDialect does not need to be specified explicitly using 'hibernate.dialect' (remove the property setting and it will be selected by default)
12:01:24.376 [main] INFO  o.s.o.j.LocalContainerEntityManagerFactoryBean - Initialized JPA EntityManagerFactory for persistence unit 'default'
12:01:25.839 [main] WARN  o.s.b.a.o.j.JpaBaseConfiguration$JpaWebConfiguration - spring.jpa.open-in-view is enabled by default. Therefore, database queries may be performed during view rendering. Explicitly configure spring.jpa.open-in-view to disable this warning
12:01:27.221 [main] INFO  o.s.d.j.r.query.QueryEnhancerFactory - Hibernate is in classpath; If applicable, HQL parser will be used.
12:01:28.071 [main] INFO  o.a.coyote.http11.Http11NioProtocol - Starting ProtocolHandler ["http-nio-8080"]
12:01:28.154 [main] INFO  o.s.b.w.e.tomcat.TomcatWebServer - Tomcat started on port 8080 (http) with context path ''
12:01:28.174 [main] INFO  c.p.c.ContactsdemoApplication - Started ContactsdemoApplication in 7.905 seconds (process running for 9.362)
12:01:31.374 [http-nio-8080-exec-2] INFO  o.a.c.c.C.[Tomcat].[localhost].[/] - Initializing Spring DispatcherServlet 'dispatcherServlet'
12:01:31.374 [http-nio-8080-exec-2] INFO  o.s.web.servlet.DispatcherServlet - Initializing Servlet 'dispatcherServlet'
12:01:31.375 [http-nio-8080-exec-2] INFO  o.s.web.servlet.DispatcherServlet - Completed initialization in 1 ms
12:01:31.391 [http-nio-8080-exec-2] INFO  c.p.c.f.HeadersLoggingFilter - Header content-type=0:0:0:0:0:0:0:1, IP = content-type
12:01:31.392 [http-nio-8080-exec-2] INFO  c.p.c.f.HeadersLoggingFilter - Header user-agent=0:0:0:0:0:0:0:1, IP = user-agent
12:01:31.392 [http-nio-8080-exec-2] INFO  c.p.c.f.HeadersLoggingFilter - Header accept=0:0:0:0:0:0:0:1, IP = accept
12:01:31.392 [http-nio-8080-exec-2] INFO  c.p.c.f.HeadersLoggingFilter - Header postman-token=0:0:0:0:0:0:0:1, IP = postman-token
12:01:31.392 [http-nio-8080-exec-2] INFO  c.p.c.f.HeadersLoggingFilter - Header host=0:0:0:0:0:0:0:1, IP = host
12:01:31.392 [http-nio-8080-exec-2] INFO  c.p.c.f.HeadersLoggingFilter - Header accept-encoding=0:0:0:0:0:0:0:1, IP = accept-encoding
12:01:31.392 [http-nio-8080-exec-2] INFO  c.p.c.f.HeadersLoggingFilter - Header connection=0:0:0:0:0:0:0:1, IP = connection
12:01:31.392 [http-nio-8080-exec-2] INFO  c.p.c.f.HeadersLoggingFilter - Header content-length=0:0:0:0:0:0:0:1, IP = content-length
12:01:31.394 [http-nio-8080-exec-2] INFO  c.p.c.loggingfilter.LoggingFilter - Request: Method=POST, URI=/api/savePerson, Headers=content-type=application/json; user-agent=PostmanRuntime/7.43.0; accept=*/*; postman-token=17a29175-bda6-497a-85ff-c38841c953a4; host=localhost:8080; accept-encoding=gzip, deflate, br; connection=keep-alive; content-length=214; , Request ID: 36ca094e-ea40-4a3d-bac5-5ae99e5e85fa, Request IP  =0:0:0:0:0:0:0:1
12:01:31.447 [http-nio-8080-exec-2] INFO  c.p.c.l.LoggingInterceptor - Request: POST /api/savePerson
12:02:45.406 [http-nio-8080-exec-2] INFO  c.p.c.l.LoggingInterceptor - Respone 400 /api/savePerson
12:02:45.408 [http-nio-8080-exec-2] INFO  c.p.c.loggingfilter.LoggingFilter - Response: Status=400, URI=/api/savePerson, Duration (Response Time)=74014ms, Headers=[Content-Type, Transfer-Encoding, Date, Connection], Payload = org.apache.catalina.connector.ResponseFacade@4955a615
12:03:05.453 [http-nio-8080-exec-4] INFO  c.p.c.f.HeadersLoggingFilter - Header content-type=0:0:0:0:0:0:0:1, IP = content-type
12:03:05.453 [http-nio-8080-exec-4] INFO  c.p.c.f.HeadersLoggingFilter - Header user-agent=0:0:0:0:0:0:0:1, IP = user-agent
12:03:05.453 [http-nio-8080-exec-4] INFO  c.p.c.f.HeadersLoggingFilter - Header accept=0:0:0:0:0:0:0:1, IP = accept
12:03:05.454 [http-nio-8080-exec-4] INFO  c.p.c.f.HeadersLoggingFilter - Header postman-token=0:0:0:0:0:0:0:1, IP = postman-token
12:03:05.454 [http-nio-8080-exec-4] INFO  c.p.c.f.HeadersLoggingFilter - Header host=0:0:0:0:0:0:0:1, IP = host
12:03:05.454 [http-nio-8080-exec-4] INFO  c.p.c.f.HeadersLoggingFilter - Header accept-encoding=0:0:0:0:0:0:0:1, IP = accept-encoding
12:03:05.454 [http-nio-8080-exec-4] INFO  c.p.c.f.HeadersLoggingFilter - Header connection=0:0:0:0:0:0:0:1, IP = connection
12:03:05.454 [http-nio-8080-exec-4] INFO  c.p.c.f.HeadersLoggingFilter - Header content-length=0:0:0:0:0:0:0:1, IP = content-length
12:03:05.454 [http-nio-8080-exec-4] INFO  c.p.c.loggingfilter.LoggingFilter - Request: Method=POST, URI=/api/savePerson, Headers=content-type=application/json; user-agent=PostmanRuntime/7.43.0; accept=*/*; postman-token=fff63cb4-7cda-4d26-b17a-f40a7e21596b; host=localhost:8080; accept-encoding=gzip, deflate, br; connection=keep-alive; content-length=214; , Request ID: 14101c78-29d6-4cad-8f82-c2c307ea3929, Request IP  =0:0:0:0:0:0:0:1
12:03:05.454 [http-nio-8080-exec-4] INFO  c.p.c.l.LoggingInterceptor - Request: POST /api/savePerson
12:03:34.735 [HikariPool-1 housekeeper] WARN  com.zaxxer.hikari.pool.HikariPool - HikariPool-1 - Thread starvation or clock leap detected (housekeeper delta=51s763ms538µs500ns).
12:04:07.602 [http-nio-8080-exec-4] INFO  c.p.c.l.LoggingInterceptor - Respone 400 /api/savePerson
12:04:07.603 [http-nio-8080-exec-4] INFO  c.p.c.loggingfilter.LoggingFilter - Response: Status=400, URI=/api/savePerson, Duration (Response Time)=62149ms, Headers=[Content-Type, Transfer-Encoding, Date, Connection], Payload = org.apache.catalina.connector.ResponseFacade@569fc1f9
12:04:22.907 [http-nio-8080-exec-6] INFO  c.p.c.f.HeadersLoggingFilter - Header content-type=0:0:0:0:0:0:0:1, IP = content-type
12:04:22.908 [http-nio-8080-exec-6] INFO  c.p.c.f.HeadersLoggingFilter - Header user-agent=0:0:0:0:0:0:0:1, IP = user-agent
12:04:22.908 [http-nio-8080-exec-6] INFO  c.p.c.f.HeadersLoggingFilter - Header accept=0:0:0:0:0:0:0:1, IP = accept
12:04:22.908 [http-nio-8080-exec-6] INFO  c.p.c.f.HeadersLoggingFilter - Header postman-token=0:0:0:0:0:0:0:1, IP = postman-token
12:04:22.908 [http-nio-8080-exec-6] INFO  c.p.c.f.HeadersLoggingFilter - Header host=0:0:0:0:0:0:0:1, IP = host
12:04:22.908 [http-nio-8080-exec-6] INFO  c.p.c.f.HeadersLoggingFilter - Header accept-encoding=0:0:0:0:0:0:0:1, IP = accept-encoding
12:04:22.908 [http-nio-8080-exec-6] INFO  c.p.c.f.HeadersLoggingFilter - Header connection=0:0:0:0:0:0:0:1, IP = connection
12:04:22.908 [http-nio-8080-exec-6] INFO  c.p.c.f.HeadersLoggingFilter - Header content-length=0:0:0:0:0:0:0:1, IP = content-length
12:04:22.908 [http-nio-8080-exec-6] INFO  c.p.c.loggingfilter.LoggingFilter - Request: Method=POST, URI=/api/savePerson, Headers=content-type=application/json; user-agent=PostmanRuntime/7.43.0; accept=*/*; postman-token=d121a1e2-1196-4dda-8b55-ccf43e59adac; host=localhost:8080; accept-encoding=gzip, deflate, br; connection=keep-alive; content-length=214; , Request ID: 14a44e08-e5df-46e2-af26-16e604f20852, Request IP  =0:0:0:0:0:0:0:1
12:04:22.908 [http-nio-8080-exec-6] INFO  c.p.c.l.LoggingInterceptor - Request: POST /api/savePerson
12:04:53.031 [HikariPool-1 housekeeper] WARN  com.zaxxer.hikari.pool.HikariPool - HikariPool-1 - Thread starvation or clock leap detected (housekeeper delta=47s514ms635µs200ns).
12:05:49.027 [HikariPool-1 housekeeper] WARN  com.zaxxer.hikari.pool.HikariPool - HikariPool-1 - Thread starvation or clock leap detected (housekeeper delta=55s995ms715µs600ns).
12:05:49.035 [http-nio-8080-exec-6] INFO  c.p.c.l.LoggingInterceptor - Respone 400 /api/savePerson
12:05:49.035 [http-nio-8080-exec-6] INFO  c.p.c.loggingfilter.LoggingFilter - Response: Status=400, URI=/api/savePerson, Duration (Response Time)=86127ms, Headers=[Content-Type, Transfer-Encoding, Date, Connection], Payload = org.apache.catalina.connector.ResponseFacade@62e07105
12:05:49.219 [SpringApplicationShutdownHook] INFO  o.s.o.j.LocalContainerEntityManagerFactoryBean - Closing JPA EntityManagerFactory for persistence unit 'default'
12:05:49.221 [SpringApplicationShutdownHook] INFO  com.zaxxer.hikari.HikariDataSource - HikariPool-1 - Shutdown initiated...
12:05:49.225 [SpringApplicationShutdownHook] INFO  com.zaxxer.hikari.HikariDataSource - HikariPool-1 - Shutdown completed.
12:05:56.159 [background-preinit] INFO  o.h.validator.internal.util.Version - HV000001: Hibernate Validator 8.0.1.Final
12:05:56.206 [main] INFO  c.p.c.ContactsdemoApplication - Starting ContactsdemoApplication using Java 17.0.12 with PID 29792 (C:\Ayse Ceren - crud projects\contactsdemo\build\classes\java\main started by 16381136672 in C:\Ayse Ceren - crud projects\contactsdemo)
12:05:56.207 [main] INFO  c.p.c.ContactsdemoApplication - No active profile set, falling back to 1 default profile: "default"
12:05:57.181 [main] INFO  o.s.d.r.c.RepositoryConfigurationDelegate - Bootstrapping Spring Data JPA repositories in DEFAULT mode.
12:05:57.271 [main] INFO  o.s.d.r.c.RepositoryConfigurationDelegate - Finished Spring Data repository scanning in 82 ms. Found 2 JPA repository interfaces.
12:05:57.813 [main] INFO  o.s.b.w.e.tomcat.TomcatWebServer - Tomcat initialized with port 8080 (http)
12:05:57.823 [main] INFO  o.a.coyote.http11.Http11NioProtocol - Initializing ProtocolHandler ["http-nio-8080"]
12:05:57.825 [main] INFO  o.a.catalina.core.StandardService - Starting service [Tomcat]
12:05:57.825 [main] INFO  o.a.catalina.core.StandardEngine - Starting Servlet engine: [Apache Tomcat/10.1.25]
12:05:57.905 [main] INFO  o.a.c.c.C.[Tomcat].[localhost].[/] - Initializing Spring embedded WebApplicationContext
12:05:57.905 [main] INFO  o.s.b.w.s.c.ServletWebServerApplicationContext - Root WebApplicationContext: initialization completed in 1635 ms
12:05:58.057 [main] INFO  o.h.jpa.internal.util.LogHelper - HHH000204: Processing PersistenceUnitInfo [name: default]
12:05:58.118 [main] INFO  org.hibernate.Version - HHH000412: Hibernate ORM core version 6.4.9.Final
12:05:58.159 [main] INFO  o.h.c.i.RegionFactoryInitiator - HHH000026: Second-level cache disabled
12:05:58.434 [main] INFO  o.s.o.j.p.SpringPersistenceUnitInfo - No LoadTimeWeaver setup: ignoring JPA class transformer
12:05:58.464 [main] INFO  com.zaxxer.hikari.HikariDataSource - HikariPool-1 - Starting...
12:05:58.625 [main] INFO  com.zaxxer.hikari.pool.HikariPool - HikariPool-1 - Added connection org.postgresql.jdbc.PgConnection@6c66ddab
12:05:58.627 [main] INFO  com.zaxxer.hikari.HikariDataSource - HikariPool-1 - Start completed.
12:05:58.669 [main] WARN  org.hibernate.orm.deprecation - HHH90000025: PostgreSQLDialect does not need to be specified explicitly using 'hibernate.dialect' (remove the property setting and it will be selected by default)
12:05:59.901 [main] INFO  o.s.o.j.LocalContainerEntityManagerFactoryBean - Initialized JPA EntityManagerFactory for persistence unit 'default'
12:06:01.529 [main] WARN  o.s.b.a.o.j.JpaBaseConfiguration$JpaWebConfiguration - spring.jpa.open-in-view is enabled by default. Therefore, database queries may be performed during view rendering. Explicitly configure spring.jpa.open-in-view to disable this warning
12:06:02.953 [main] INFO  o.s.d.j.r.query.QueryEnhancerFactory - Hibernate is in classpath; If applicable, HQL parser will be used.
12:06:03.874 [main] INFO  o.a.coyote.http11.Http11NioProtocol - Starting ProtocolHandler ["http-nio-8080"]
12:06:03.965 [main] INFO  o.s.b.w.e.tomcat.TomcatWebServer - Tomcat started on port 8080 (http) with context path ''
12:06:03.987 [main] INFO  c.p.c.ContactsdemoApplication - Started ContactsdemoApplication in 8.274 seconds (process running for 9.562)
12:07:41.516 [http-nio-8080-exec-2] INFO  o.a.c.c.C.[Tomcat].[localhost].[/] - Initializing Spring DispatcherServlet 'dispatcherServlet'
12:07:41.516 [http-nio-8080-exec-2] INFO  o.s.web.servlet.DispatcherServlet - Initializing Servlet 'dispatcherServlet'
12:07:41.518 [http-nio-8080-exec-2] INFO  o.s.web.servlet.DispatcherServlet - Completed initialization in 2 ms
12:07:41.535 [http-nio-8080-exec-2] INFO  c.p.c.f.HeadersLoggingFilter - Header content-type=0:0:0:0:0:0:0:1, IP = content-type
12:07:41.535 [http-nio-8080-exec-2] INFO  c.p.c.f.HeadersLoggingFilter - Header user-agent=0:0:0:0:0:0:0:1, IP = user-agent
12:07:41.535 [http-nio-8080-exec-2] INFO  c.p.c.f.HeadersLoggingFilter - Header accept=0:0:0:0:0:0:0:1, IP = accept
12:07:41.535 [http-nio-8080-exec-2] INFO  c.p.c.f.HeadersLoggingFilter - Header postman-token=0:0:0:0:0:0:0:1, IP = postman-token
12:07:41.535 [http-nio-8080-exec-2] INFO  c.p.c.f.HeadersLoggingFilter - Header host=0:0:0:0:0:0:0:1, IP = host
12:07:41.535 [http-nio-8080-exec-2] INFO  c.p.c.f.HeadersLoggingFilter - Header accept-encoding=0:0:0:0:0:0:0:1, IP = accept-encoding
12:07:41.535 [http-nio-8080-exec-2] INFO  c.p.c.f.HeadersLoggingFilter - Header connection=0:0:0:0:0:0:0:1, IP = connection
12:07:41.535 [http-nio-8080-exec-2] INFO  c.p.c.f.HeadersLoggingFilter - Header content-length=0:0:0:0:0:0:0:1, IP = content-length
12:07:41.537 [http-nio-8080-exec-2] INFO  c.p.c.loggingfilter.LoggingFilter - Request: Method=POST, URI=/api/savePerson, Headers=content-type=application/json; user-agent=PostmanRuntime/7.43.0; accept=*/*; postman-token=11093e24-a139-406e-a21b-5ae727675f7a; host=localhost:8080; accept-encoding=gzip, deflate, br; connection=keep-alive; content-length=214; , Request ID: 269d05be-9d85-4f75-a631-44a241e03783, Request IP  =0:0:0:0:0:0:0:1
12:07:41.594 [http-nio-8080-exec-2] INFO  c.p.c.l.LoggingInterceptor - Request: POST /api/savePerson
12:08:07.585 [http-nio-8080-exec-2] INFO  c.p.c.l.LoggingInterceptor - Respone 400 /api/savePerson
12:08:07.589 [http-nio-8080-exec-2] INFO  c.p.c.loggingfilter.LoggingFilter - Response: Status=400, URI=/api/savePerson, Duration (Response Time)=26051ms, Headers=[Content-Type, Transfer-Encoding, Date, Connection], Payload = org.apache.catalina.connector.ResponseFacade@5ad62c86
12:08:24.937 [SpringApplicationShutdownHook] INFO  o.s.o.j.LocalContainerEntityManagerFactoryBean - Closing JPA EntityManagerFactory for persistence unit 'default'
12:08:24.939 [SpringApplicationShutdownHook] INFO  com.zaxxer.hikari.HikariDataSource - HikariPool-1 - Shutdown initiated...
12:08:24.942 [SpringApplicationShutdownHook] INFO  com.zaxxer.hikari.HikariDataSource - HikariPool-1 - Shutdown completed.
16:50:56.131 [background-preinit] INFO  o.h.validator.internal.util.Version - HV000001: Hibernate Validator 8.0.1.Final
16:50:56.182 [main] INFO  c.p.c.ContactsdemoApplication - Starting ContactsdemoApplication using Java 17.0.12 with PID 31760 (C:\Ayse Ceren - crud projects\contactsdemo\build\classes\java\main started by 16381136672 in C:\Ayse Ceren - crud projects\contactsdemo)
16:50:56.183 [main] INFO  c.p.c.ContactsdemoApplication - No active profile set, falling back to 1 default profile: "default"
16:50:57.250 [main] INFO  o.s.d.r.c.RepositoryConfigurationDelegate - Bootstrapping Spring Data JPA repositories in DEFAULT mode.
16:50:57.340 [main] INFO  o.s.d.r.c.RepositoryConfigurationDelegate - Finished Spring Data repository scanning in 81 ms. Found 2 JPA repository interfaces.
16:50:57.883 [main] INFO  o.s.b.w.e.tomcat.TomcatWebServer - Tomcat initialized with port 8080 (http)
16:50:57.893 [main] INFO  o.a.coyote.http11.Http11NioProtocol - Initializing ProtocolHandler ["http-nio-8080"]
16:50:57.895 [main] INFO  o.a.catalina.core.StandardService - Starting service [Tomcat]
16:50:57.895 [main] INFO  o.a.catalina.core.StandardEngine - Starting Servlet engine: [Apache Tomcat/10.1.25]
16:50:57.979 [main] INFO  o.a.c.c.C.[Tomcat].[localhost].[/] - Initializing Spring embedded WebApplicationContext
16:50:57.979 [main] INFO  o.s.b.w.s.c.ServletWebServerApplicationContext - Root WebApplicationContext: initialization completed in 1732 ms
16:50:58.137 [main] INFO  o.h.jpa.internal.util.LogHelper - HHH000204: Processing PersistenceUnitInfo [name: default]
16:50:58.196 [main] INFO  org.hibernate.Version - HHH000412: Hibernate ORM core version 6.4.9.Final
16:50:58.238 [main] INFO  o.h.c.i.RegionFactoryInitiator - HHH000026: Second-level cache disabled
16:50:58.502 [main] INFO  o.s.o.j.p.SpringPersistenceUnitInfo - No LoadTimeWeaver setup: ignoring JPA class transformer
16:50:58.531 [main] INFO  com.zaxxer.hikari.HikariDataSource - HikariPool-1 - Starting...
16:50:58.709 [main] INFO  com.zaxxer.hikari.pool.HikariPool - HikariPool-1 - Added connection org.postgresql.jdbc.PgConnection@7b451bf4
16:50:58.711 [main] INFO  com.zaxxer.hikari.HikariDataSource - HikariPool-1 - Start completed.
16:50:58.754 [main] WARN  org.hibernate.orm.deprecation - HHH90000025: PostgreSQLDialect does not need to be specified explicitly using 'hibernate.dialect' (remove the property setting and it will be selected by default)
16:51:00.194 [main] INFO  o.s.o.j.LocalContainerEntityManagerFactoryBean - Initialized JPA EntityManagerFactory for persistence unit 'default'
16:51:00.499 [main] WARN  o.s.b.a.o.j.JpaBaseConfiguration$JpaWebConfiguration - spring.jpa.open-in-view is enabled by default. Therefore, database queries may be performed during view rendering. Explicitly configure spring.jpa.open-in-view to disable this warning
16:51:01.114 [main] INFO  o.s.d.j.r.query.QueryEnhancerFactory - Hibernate is in classpath; If applicable, HQL parser will be used.
16:51:01.705 [main] INFO  o.a.coyote.http11.Http11NioProtocol - Starting ProtocolHandler ["http-nio-8080"]
16:51:01.758 [main] INFO  o.s.b.w.e.tomcat.TomcatWebServer - Tomcat started on port 8080 (http) with context path ''
16:51:01.776 [main] INFO  c.p.c.ContactsdemoApplication - Started ContactsdemoApplication in 6.136 seconds (process running for 7.677)
16:51:16.502 [SpringApplicationShutdownHook] INFO  o.s.o.j.LocalContainerEntityManagerFactoryBean - Closing JPA EntityManagerFactory for persistence unit 'default'
16:51:16.504 [SpringApplicationShutdownHook] INFO  com.zaxxer.hikari.HikariDataSource - HikariPool-1 - Shutdown initiated...
16:51:16.508 [SpringApplicationShutdownHook] INFO  com.zaxxer.hikari.HikariDataSource - HikariPool-1 - Shutdown completed.
16:51:20.902 [background-preinit] INFO  o.h.validator.internal.util.Version - HV000001: Hibernate Validator 8.0.1.Final
16:51:20.940 [main] INFO  c.p.c.ContactsdemoApplication - Starting ContactsdemoApplication using Java 17.0.12 with PID 32764 (C:\Ayse Ceren - crud projects\contactsdemo\build\classes\java\main started by 16381136672 in C:\Ayse Ceren - crud projects\contactsdemo)
16:51:20.941 [main] INFO  c.p.c.ContactsdemoApplication - No active profile set, falling back to 1 default profile: "default"
16:51:21.850 [main] INFO  o.s.d.r.c.RepositoryConfigurationDelegate - Bootstrapping Spring Data JPA repositories in DEFAULT mode.
16:51:21.934 [main] INFO  o.s.d.r.c.RepositoryConfigurationDelegate - Finished Spring Data repository scanning in 75 ms. Found 2 JPA repository interfaces.
16:51:22.524 [main] INFO  o.s.b.w.e.tomcat.TomcatWebServer - Tomcat initialized with port 8080 (http)
16:51:22.534 [main] INFO  o.a.coyote.http11.Http11NioProtocol - Initializing ProtocolHandler ["http-nio-8080"]
16:51:22.537 [main] INFO  o.a.catalina.core.StandardService - Starting service [Tomcat]
16:51:22.537 [main] INFO  o.a.catalina.core.StandardEngine - Starting Servlet engine: [Apache Tomcat/10.1.25]
16:51:22.621 [main] INFO  o.a.c.c.C.[Tomcat].[localhost].[/] - Initializing Spring embedded WebApplicationContext
16:51:22.621 [main] INFO  o.s.b.w.s.c.ServletWebServerApplicationContext - Root WebApplicationContext: initialization completed in 1632 ms
16:51:22.773 [main] INFO  o.h.jpa.internal.util.LogHelper - HHH000204: Processing PersistenceUnitInfo [name: default]
16:51:22.829 [main] INFO  org.hibernate.Version - HHH000412: Hibernate ORM core version 6.4.9.Final
16:51:22.863 [main] INFO  o.h.c.i.RegionFactoryInitiator - HHH000026: Second-level cache disabled
16:51:23.117 [main] INFO  o.s.o.j.p.SpringPersistenceUnitInfo - No LoadTimeWeaver setup: ignoring JPA class transformer
16:51:23.147 [main] INFO  com.zaxxer.hikari.HikariDataSource - HikariPool-1 - Starting...
16:51:23.296 [main] INFO  com.zaxxer.hikari.pool.HikariPool - HikariPool-1 - Added connection org.postgresql.jdbc.PgConnection@4d065e1a
16:51:23.299 [main] INFO  com.zaxxer.hikari.HikariDataSource - HikariPool-1 - Start completed.
16:51:23.331 [main] WARN  org.hibernate.orm.deprecation - HHH90000025: PostgreSQLDialect does not need to be specified explicitly using 'hibernate.dialect' (remove the property setting and it will be selected by default)
16:51:24.458 [main] INFO  o.s.o.j.LocalContainerEntityManagerFactoryBean - Initialized JPA EntityManagerFactory for persistence unit 'default'
16:51:25.978 [main] WARN  o.s.b.a.o.j.JpaBaseConfiguration$JpaWebConfiguration - spring.jpa.open-in-view is enabled by default. Therefore, database queries may be performed during view rendering. Explicitly configure spring.jpa.open-in-view to disable this warning
16:51:27.310 [main] INFO  o.s.d.j.r.query.QueryEnhancerFactory - Hibernate is in classpath; If applicable, HQL parser will be used.
16:51:28.081 [main] INFO  o.a.coyote.http11.Http11NioProtocol - Starting ProtocolHandler ["http-nio-8080"]
16:51:28.155 [main] INFO  o.s.b.w.e.tomcat.TomcatWebServer - Tomcat started on port 8080 (http) with context path ''
16:51:28.173 [main] INFO  c.p.c.ContactsdemoApplication - Started ContactsdemoApplication in 7.703 seconds (process running for 9.155)
16:54:40.824 [http-nio-8080-exec-1] INFO  o.a.c.c.C.[Tomcat].[localhost].[/] - Initializing Spring DispatcherServlet 'dispatcherServlet'
16:54:40.825 [http-nio-8080-exec-1] INFO  o.s.web.servlet.DispatcherServlet - Initializing Servlet 'dispatcherServlet'
16:54:40.826 [http-nio-8080-exec-1] INFO  o.s.web.servlet.DispatcherServlet - Completed initialization in 1 ms
16:54:40.844 [http-nio-8080-exec-1] INFO  c.p.c.f.HeadersLoggingFilter - Header content-type=0:0:0:0:0:0:0:1, IP = content-type
16:54:40.844 [http-nio-8080-exec-1] INFO  c.p.c.f.HeadersLoggingFilter - Header user-agent=0:0:0:0:0:0:0:1, IP = user-agent
16:54:40.844 [http-nio-8080-exec-1] INFO  c.p.c.f.HeadersLoggingFilter - Header accept=0:0:0:0:0:0:0:1, IP = accept
16:54:40.844 [http-nio-8080-exec-1] INFO  c.p.c.f.HeadersLoggingFilter - Header postman-token=0:0:0:0:0:0:0:1, IP = postman-token
16:54:40.845 [http-nio-8080-exec-1] INFO  c.p.c.f.HeadersLoggingFilter - Header host=0:0:0:0:0:0:0:1, IP = host
16:54:40.845 [http-nio-8080-exec-1] INFO  c.p.c.f.HeadersLoggingFilter - Header accept-encoding=0:0:0:0:0:0:0:1, IP = accept-encoding
16:54:40.845 [http-nio-8080-exec-1] INFO  c.p.c.f.HeadersLoggingFilter - Header connection=0:0:0:0:0:0:0:1, IP = connection
16:54:40.845 [http-nio-8080-exec-1] INFO  c.p.c.f.HeadersLoggingFilter - Header content-length=0:0:0:0:0:0:0:1, IP = content-length
16:54:40.847 [http-nio-8080-exec-1] INFO  c.p.c.loggingfilter.LoggingFilter - Request: Method=POST, URI=/api/savePerson, Headers=content-type=application/json; user-agent=PostmanRuntime/7.43.0; accept=*/*; postman-token=b26aef90-2bc2-4b82-993b-3042010b8cce; host=localhost:8080; accept-encoding=gzip, deflate, br; connection=keep-alive; content-length=214; , Request ID: 141373f8-3fcf-4cb5-ac1c-13ca44aa2aee, Request IP  =0:0:0:0:0:0:0:1
16:54:40.887 [http-nio-8080-exec-1] INFO  c.p.c.l.LoggingInterceptor - Request: POST /api/savePerson
16:54:41.332 [http-nio-8080-exec-1] WARN  o.s.w.s.m.m.a.ExceptionHandlerExceptionResolver - Failure in @ExceptionHandler com.project.contactsdemo.exception.GlobalExceptionHandler#handleValidationErrors(ValidationException)
java.lang.IllegalStateException: Could not resolve parameter [0] in public org.springframework.http.ResponseEntity<?> com.project.contactsdemo.exception.GlobalExceptionHandler.handleValidationErrors(jakarta.validation.ValidationException): No suitable resolver
	at org.springframework.web.method.support.InvocableHandlerMethod.getMethodArgumentValues(InvocableHandlerMethod.java:221)
	at org.springframework.web.method.support.InvocableHandlerMethod.invokeForRequest(InvocableHandlerMethod.java:178)
	at org.springframework.web.servlet.mvc.method.annotation.ServletInvocableHandlerMethod.invokeAndHandle(ServletInvocableHandlerMethod.java:118)
	at org.springframework.web.servlet.mvc.method.annotation.ExceptionHandlerExceptionResolver.doResolveHandlerMethodException(ExceptionHandlerExceptionResolver.java:432)
	at org.springframework.web.servlet.handler.AbstractHandlerMethodExceptionResolver.doResolveException(AbstractHandlerMethodExceptionResolver.java:74)
	at org.springframework.web.servlet.handler.AbstractHandlerExceptionResolver.resolveException(AbstractHandlerExceptionResolver.java:175)
	at org.springframework.web.servlet.handler.HandlerExceptionResolverComposite.resolveException(HandlerExceptionResolverComposite.java:80)
	at org.springframework.web.servlet.DispatcherServlet.processHandlerException(DispatcherServlet.java:1357)
	at org.springframework.web.servlet.DispatcherServlet.processDispatchResult(DispatcherServlet.java:1160)
	at org.springframework.web.servlet.DispatcherServlet.doDispatch(DispatcherServlet.java:1106)
	at org.springframework.web.servlet.DispatcherServlet.doService(DispatcherServlet.java:979)
	at org.springframework.web.servlet.FrameworkServlet.processRequest(FrameworkServlet.java:1014)
	at org.springframework.web.servlet.FrameworkServlet.doPost(FrameworkServlet.java:914)
	at jakarta.servlet.http.HttpServlet.service(HttpServlet.java:590)
	at org.springframework.web.servlet.FrameworkServlet.service(FrameworkServlet.java:885)
	at jakarta.servlet.http.HttpServlet.service(HttpServlet.java:658)
	at org.apache.catalina.core.ApplicationFilterChain.internalDoFilter(ApplicationFilterChain.java:195)
	at org.apache.catalina.core.ApplicationFilterChain.doFilter(ApplicationFilterChain.java:140)
	at org.apache.tomcat.websocket.server.WsFilter.doFilter(WsFilter.java:51)
	at org.apache.catalina.core.ApplicationFilterChain.internalDoFilter(ApplicationFilterChain.java:164)
	at org.apache.catalina.core.ApplicationFilterChain.doFilter(ApplicationFilterChain.java:140)
	at com.project.contactsdemo.loggingfilter.LoggingFilter.doFilterInternal(LoggingFilter.java:45)
	at org.springframework.web.filter.OncePerRequestFilter.doFilter(OncePerRequestFilter.java:116)
	at org.apache.catalina.core.ApplicationFilterChain.internalDoFilter(ApplicationFilterChain.java:164)
	at org.apache.catalina.core.ApplicationFilterChain.doFilter(ApplicationFilterChain.java:140)
	at com.project.contactsdemo.filterdeneme.HeadersLoggingFilter.doFilter(HeadersLoggingFilter.java:28)
	at org.apache.catalina.core.ApplicationFilterChain.internalDoFilter(ApplicationFilterChain.java:164)
	at org.apache.catalina.core.ApplicationFilterChain.doFilter(ApplicationFilterChain.java:140)
	at org.springframework.web.filter.RequestContextFilter.doFilterInternal(RequestContextFilter.java:100)
	at org.springframework.web.filter.OncePerRequestFilter.doFilter(OncePerRequestFilter.java:116)
	at org.apache.catalina.core.ApplicationFilterChain.internalDoFilter(ApplicationFilterChain.java:164)
	at org.apache.catalina.core.ApplicationFilterChain.doFilter(ApplicationFilterChain.java:140)
	at org.springframework.web.filter.FormContentFilter.doFilterInternal(FormContentFilter.java:93)
	at org.springframework.web.filter.OncePerRequestFilter.doFilter(OncePerRequestFilter.java:116)
	at org.apache.catalina.core.ApplicationFilterChain.internalDoFilter(ApplicationFilterChain.java:164)
	at org.apache.catalina.core.ApplicationFilterChain.doFilter(ApplicationFilterChain.java:140)
	at org.springframework.web.filter.CharacterEncodingFilter.doFilterInternal(CharacterEncodingFilter.java:201)
	at org.springframework.web.filter.OncePerRequestFilter.doFilter(OncePerRequestFilter.java:116)
	at org.apache.catalina.core.ApplicationFilterChain.internalDoFilter(ApplicationFilterChain.java:164)
	at org.apache.catalina.core.ApplicationFilterChain.doFilter(ApplicationFilterChain.java:140)
	at org.apache.catalina.core.StandardWrapperValve.invoke(StandardWrapperValve.java:167)
	at org.apache.catalina.core.StandardContextValve.invoke(StandardContextValve.java:90)
	at org.apache.catalina.authenticator.AuthenticatorBase.invoke(AuthenticatorBase.java:482)
	at org.apache.catalina.core.StandardHostValve.invoke(StandardHostValve.java:115)
	at org.apache.catalina.valves.ErrorReportValve.invoke(ErrorReportValve.java:93)
	at org.apache.catalina.core.StandardEngineValve.invoke(StandardEngineValve.java:74)
	at org.apache.catalina.connector.CoyoteAdapter.service(CoyoteAdapter.java:344)
	at org.apache.coyote.http11.Http11Processor.service(Http11Processor.java:389)
	at org.apache.coyote.AbstractProcessorLight.process(AbstractProcessorLight.java:63)
	at org.apache.coyote.AbstractProtocol$ConnectionHandler.process(AbstractProtocol.java:904)
	at org.apache.tomcat.util.net.NioEndpoint$SocketProcessor.doRun(NioEndpoint.java:1741)
	at org.apache.tomcat.util.net.SocketProcessorBase.run(SocketProcessorBase.java:52)
	at org.apache.tomcat.util.threads.ThreadPoolExecutor.runWorker(ThreadPoolExecutor.java:1190)
	at org.apache.tomcat.util.threads.ThreadPoolExecutor$Worker.run(ThreadPoolExecutor.java:659)
	at org.apache.tomcat.util.threads.TaskThread$WrappingRunnable.run(TaskThread.java:63)
	at java.base/java.lang.Thread.run(Thread.java:842)
16:54:41.340 [http-nio-8080-exec-1] WARN  o.s.w.s.m.s.DefaultHandlerExceptionResolver - Resolved [org.springframework.web.bind.MethodArgumentNotValidException: Validation failed for argument [0] in public org.springframework.http.ResponseEntity<com.project.contactsdemo.dto.GenericDTO<com.project.contactsdemo.dto.PersonResponseDTO>> com.project.contactsdemo.controller.PersonContactController.savePerson(com.project.contactsdemo.dto.PersonRequestDTO) with 2 errors: [Field error in object 'personRequestDTO' on field 'phoneNumber': rejected value [+90588888888888]; codes [ValidPhoneNumber.personRequestDTO.phoneNumber,ValidPhoneNumber.phoneNumber,ValidPhoneNumber.java.lang.String,ValidPhoneNumber]; arguments [org.springframework.context.support.DefaultMessageSourceResolvable: codes [personRequestDTO.phoneNumber,phoneNumber]; arguments []; default message [phoneNumber]]; default message [Invalid phone number.]] [Field error in object 'personRequestDTO' on field 'birthDate': rejected value [20-02-2020]; codes [ValidBirthdate.personRequestDTO.birthDate,ValidBirthdate.birthDate,ValidBirthdate.java.lang.String,ValidBirthdate]; arguments [org.springframework.context.support.DefaultMessageSourceResolvable: codes [personRequestDTO.birthDate,birthDate]; arguments []; default message [birthDate]]; default message [Invalid birthdate. Date must be in the past, and the person must be at least 18 years old.]] ]
16:54:41.340 [http-nio-8080-exec-1] INFO  c.p.c.l.LoggingInterceptor - Respone 400 /api/savePerson
16:54:41.342 [http-nio-8080-exec-1] INFO  c.p.c.loggingfilter.LoggingFilter - Response: Status=400, URI=/api/savePerson, Duration (Response Time)=495ms, Headers=[], Payload = org.apache.catalina.connector.ResponseFacade@421329b3
16:54:41.363 [http-nio-8080-exec-1] INFO  c.p.c.l.LoggingInterceptor - Request: POST /error
16:54:41.440 [http-nio-8080-exec-1] INFO  c.p.c.l.LoggingInterceptor - Respone 400 /error
16:55:03.469 [http-nio-8080-exec-4] INFO  c.p.c.f.HeadersLoggingFilter - Header content-type=0:0:0:0:0:0:0:1, IP = content-type
16:55:03.470 [http-nio-8080-exec-4] INFO  c.p.c.f.HeadersLoggingFilter - Header user-agent=0:0:0:0:0:0:0:1, IP = user-agent
16:55:03.470 [http-nio-8080-exec-4] INFO  c.p.c.f.HeadersLoggingFilter - Header accept=0:0:0:0:0:0:0:1, IP = accept
16:55:03.470 [http-nio-8080-exec-4] INFO  c.p.c.f.HeadersLoggingFilter - Header postman-token=0:0:0:0:0:0:0:1, IP = postman-token
16:55:03.470 [http-nio-8080-exec-4] INFO  c.p.c.f.HeadersLoggingFilter - Header host=0:0:0:0:0:0:0:1, IP = host
16:55:03.470 [http-nio-8080-exec-4] INFO  c.p.c.f.HeadersLoggingFilter - Header accept-encoding=0:0:0:0:0:0:0:1, IP = accept-encoding
16:55:03.470 [http-nio-8080-exec-4] INFO  c.p.c.f.HeadersLoggingFilter - Header connection=0:0:0:0:0:0:0:1, IP = connection
16:55:03.470 [http-nio-8080-exec-4] INFO  c.p.c.f.HeadersLoggingFilter - Header content-length=0:0:0:0:0:0:0:1, IP = content-length
16:55:03.470 [http-nio-8080-exec-4] INFO  c.p.c.loggingfilter.LoggingFilter - Request: Method=POST, URI=/api/savePerson, Headers=content-type=application/json; user-agent=PostmanRuntime/7.43.0; accept=*/*; postman-token=554224c7-ca6d-4cfa-9a58-31b06a5bb884; host=localhost:8080; accept-encoding=gzip, deflate, br; connection=keep-alive; content-length=214; , Request ID: 1f5954c6-86a1-46a6-ae31-e53b93e63454, Request IP  =0:0:0:0:0:0:0:1
16:55:03.470 [http-nio-8080-exec-4] INFO  c.p.c.l.LoggingInterceptor - Request: POST /api/savePerson
16:55:03.472 [http-nio-8080-exec-4] WARN  o.s.w.s.m.m.a.ExceptionHandlerExceptionResolver - Failure in @ExceptionHandler com.project.contactsdemo.exception.GlobalExceptionHandler#handleValidationErrors(ValidationException)
java.lang.IllegalStateException: Could not resolve parameter [0] in public org.springframework.http.ResponseEntity<?> com.project.contactsdemo.exception.GlobalExceptionHandler.handleValidationErrors(jakarta.validation.ValidationException): No suitable resolver
	at org.springframework.web.method.support.InvocableHandlerMethod.getMethodArgumentValues(InvocableHandlerMethod.java:221)
	at org.springframework.web.method.support.InvocableHandlerMethod.invokeForRequest(InvocableHandlerMethod.java:178)
	at org.springframework.web.servlet.mvc.method.annotation.ServletInvocableHandlerMethod.invokeAndHandle(ServletInvocableHandlerMethod.java:118)
	at org.springframework.web.servlet.mvc.method.annotation.ExceptionHandlerExceptionResolver.doResolveHandlerMethodException(ExceptionHandlerExceptionResolver.java:432)
	at org.springframework.web.servlet.handler.AbstractHandlerMethodExceptionResolver.doResolveException(AbstractHandlerMethodExceptionResolver.java:74)
	at org.springframework.web.servlet.handler.AbstractHandlerExceptionResolver.resolveException(AbstractHandlerExceptionResolver.java:175)
	at org.springframework.web.servlet.handler.HandlerExceptionResolverComposite.resolveException(HandlerExceptionResolverComposite.java:80)
	at org.springframework.web.servlet.DispatcherServlet.processHandlerException(DispatcherServlet.java:1357)
	at org.springframework.web.servlet.DispatcherServlet.processDispatchResult(DispatcherServlet.java:1160)
	at org.springframework.web.servlet.DispatcherServlet.doDispatch(DispatcherServlet.java:1106)
	at org.springframework.web.servlet.DispatcherServlet.doService(DispatcherServlet.java:979)
	at org.springframework.web.servlet.FrameworkServlet.processRequest(FrameworkServlet.java:1014)
	at org.springframework.web.servlet.FrameworkServlet.doPost(FrameworkServlet.java:914)
	at jakarta.servlet.http.HttpServlet.service(HttpServlet.java:590)
	at org.springframework.web.servlet.FrameworkServlet.service(FrameworkServlet.java:885)
	at jakarta.servlet.http.HttpServlet.service(HttpServlet.java:658)
	at org.apache.catalina.core.ApplicationFilterChain.internalDoFilter(ApplicationFilterChain.java:195)
	at org.apache.catalina.core.ApplicationFilterChain.doFilter(ApplicationFilterChain.java:140)
	at org.apache.tomcat.websocket.server.WsFilter.doFilter(WsFilter.java:51)
	at org.apache.catalina.core.ApplicationFilterChain.internalDoFilter(ApplicationFilterChain.java:164)
	at org.apache.catalina.core.ApplicationFilterChain.doFilter(ApplicationFilterChain.java:140)
	at com.project.contactsdemo.loggingfilter.LoggingFilter.doFilterInternal(LoggingFilter.java:45)
	at org.springframework.web.filter.OncePerRequestFilter.doFilter(OncePerRequestFilter.java:116)
	at org.apache.catalina.core.ApplicationFilterChain.internalDoFilter(ApplicationFilterChain.java:164)
	at org.apache.catalina.core.ApplicationFilterChain.doFilter(ApplicationFilterChain.java:140)
	at com.project.contactsdemo.filterdeneme.HeadersLoggingFilter.doFilter(HeadersLoggingFilter.java:28)
	at org.apache.catalina.core.ApplicationFilterChain.internalDoFilter(ApplicationFilterChain.java:164)
	at org.apache.catalina.core.ApplicationFilterChain.doFilter(ApplicationFilterChain.java:140)
	at org.springframework.web.filter.RequestContextFilter.doFilterInternal(RequestContextFilter.java:100)
	at org.springframework.web.filter.OncePerRequestFilter.doFilter(OncePerRequestFilter.java:116)
	at org.apache.catalina.core.ApplicationFilterChain.internalDoFilter(ApplicationFilterChain.java:164)
	at org.apache.catalina.core.ApplicationFilterChain.doFilter(ApplicationFilterChain.java:140)
	at org.springframework.web.filter.FormContentFilter.doFilterInternal(FormContentFilter.java:93)
	at org.springframework.web.filter.OncePerRequestFilter.doFilter(OncePerRequestFilter.java:116)
	at org.apache.catalina.core.ApplicationFilterChain.internalDoFilter(ApplicationFilterChain.java:164)
	at org.apache.catalina.core.ApplicationFilterChain.doFilter(ApplicationFilterChain.java:140)
	at org.springframework.web.filter.CharacterEncodingFilter.doFilterInternal(CharacterEncodingFilter.java:201)
	at org.springframework.web.filter.OncePerRequestFilter.doFilter(OncePerRequestFilter.java:116)
	at org.apache.catalina.core.ApplicationFilterChain.internalDoFilter(ApplicationFilterChain.java:164)
	at org.apache.catalina.core.ApplicationFilterChain.doFilter(ApplicationFilterChain.java:140)
	at org.apache.catalina.core.StandardWrapperValve.invoke(StandardWrapperValve.java:167)
	at org.apache.catalina.core.StandardContextValve.invoke(StandardContextValve.java:90)
	at org.apache.catalina.authenticator.AuthenticatorBase.invoke(AuthenticatorBase.java:482)
	at org.apache.catalina.core.StandardHostValve.invoke(StandardHostValve.java:115)
	at org.apache.catalina.valves.ErrorReportValve.invoke(ErrorReportValve.java:93)
	at org.apache.catalina.core.StandardEngineValve.invoke(StandardEngineValve.java:74)
	at org.apache.catalina.connector.CoyoteAdapter.service(CoyoteAdapter.java:344)
	at org.apache.coyote.http11.Http11Processor.service(Http11Processor.java:389)
	at org.apache.coyote.AbstractProcessorLight.process(AbstractProcessorLight.java:63)
	at org.apache.coyote.AbstractProtocol$ConnectionHandler.process(AbstractProtocol.java:904)
	at org.apache.tomcat.util.net.NioEndpoint$SocketProcessor.doRun(NioEndpoint.java:1741)
	at org.apache.tomcat.util.net.SocketProcessorBase.run(SocketProcessorBase.java:52)
	at org.apache.tomcat.util.threads.ThreadPoolExecutor.runWorker(ThreadPoolExecutor.java:1190)
	at org.apache.tomcat.util.threads.ThreadPoolExecutor$Worker.run(ThreadPoolExecutor.java:659)
	at org.apache.tomcat.util.threads.TaskThread$WrappingRunnable.run(TaskThread.java:63)
	at java.base/java.lang.Thread.run(Thread.java:842)
16:55:03.473 [http-nio-8080-exec-4] WARN  o.s.w.s.m.s.DefaultHandlerExceptionResolver - Resolved [org.springframework.web.bind.MethodArgumentNotValidException: Validation failed for argument [0] in public org.springframework.http.ResponseEntity<com.project.contactsdemo.dto.GenericDTO<com.project.contactsdemo.dto.PersonResponseDTO>> com.project.contactsdemo.controller.PersonContactController.savePerson(com.project.contactsdemo.dto.PersonRequestDTO) with 2 errors: [Field error in object 'personRequestDTO' on field 'phoneNumber': rejected value [+90588888888888]; codes [ValidPhoneNumber.personRequestDTO.phoneNumber,ValidPhoneNumber.phoneNumber,ValidPhoneNumber.java.lang.String,ValidPhoneNumber]; arguments [org.springframework.context.support.DefaultMessageSourceResolvable: codes [personRequestDTO.phoneNumber,phoneNumber]; arguments []; default message [phoneNumber]]; default message [Invalid phone number.]] [Field error in object 'personRequestDTO' on field 'birthDate': rejected value [20-02-2020]; codes [ValidBirthdate.personRequestDTO.birthDate,ValidBirthdate.birthDate,ValidBirthdate.java.lang.String,ValidBirthdate]; arguments [org.springframework.context.support.DefaultMessageSourceResolvable: codes [personRequestDTO.birthDate,birthDate]; arguments []; default message [birthDate]]; default message [Invalid birthdate. Date must be in the past, and the person must be at least 18 years old.]] ]
16:55:03.473 [http-nio-8080-exec-4] INFO  c.p.c.l.LoggingInterceptor - Respone 400 /api/savePerson
16:55:03.473 [http-nio-8080-exec-4] INFO  c.p.c.loggingfilter.LoggingFilter - Response: Status=400, URI=/api/savePerson, Duration (Response Time)=3ms, Headers=[], Payload = org.apache.catalina.connector.ResponseFacade@2b15f135
16:55:03.473 [http-nio-8080-exec-4] INFO  c.p.c.l.LoggingInterceptor - Request: POST /error
16:55:03.477 [http-nio-8080-exec-4] INFO  c.p.c.l.LoggingInterceptor - Respone 400 /error
16:56:10.036 [SpringApplicationShutdownHook] INFO  o.s.o.j.LocalContainerEntityManagerFactoryBean - Closing JPA EntityManagerFactory for persistence unit 'default'
16:56:10.038 [SpringApplicationShutdownHook] INFO  com.zaxxer.hikari.HikariDataSource - HikariPool-1 - Shutdown initiated...
16:56:10.045 [SpringApplicationShutdownHook] INFO  com.zaxxer.hikari.HikariDataSource - HikariPool-1 - Shutdown completed.
16:56:21.167 [background-preinit] INFO  o.h.validator.internal.util.Version - HV000001: Hibernate Validator 8.0.1.Final
16:56:21.220 [main] INFO  c.p.c.ContactsdemoApplication - Starting ContactsdemoApplication using Java 17.0.12 with PID 14712 (C:\Ayse Ceren - crud projects\contactsdemo\build\classes\java\main started by 16381136672 in C:\Ayse Ceren - crud projects\contactsdemo)
16:56:21.221 [main] INFO  c.p.c.ContactsdemoApplication - No active profile set, falling back to 1 default profile: "default"
16:56:22.200 [main] INFO  o.s.d.r.c.RepositoryConfigurationDelegate - Bootstrapping Spring Data JPA repositories in DEFAULT mode.
16:56:22.295 [main] INFO  o.s.d.r.c.RepositoryConfigurationDelegate - Finished Spring Data repository scanning in 86 ms. Found 2 JPA repository interfaces.
16:56:22.891 [main] INFO  o.s.b.w.e.tomcat.TomcatWebServer - Tomcat initialized with port 8080 (http)
16:56:22.901 [main] INFO  o.a.coyote.http11.Http11NioProtocol - Initializing ProtocolHandler ["http-nio-8080"]
16:56:22.903 [main] INFO  o.a.catalina.core.StandardService - Starting service [Tomcat]
16:56:22.903 [main] INFO  o.a.catalina.core.StandardEngine - Starting Servlet engine: [Apache Tomcat/10.1.25]
16:56:22.982 [main] INFO  o.a.c.c.C.[Tomcat].[localhost].[/] - Initializing Spring embedded WebApplicationContext
16:56:22.982 [main] INFO  o.s.b.w.s.c.ServletWebServerApplicationContext - Root WebApplicationContext: initialization completed in 1694 ms
16:56:23.136 [main] INFO  o.h.jpa.internal.util.LogHelper - HHH000204: Processing PersistenceUnitInfo [name: default]
16:56:23.201 [main] INFO  org.hibernate.Version - HHH000412: Hibernate ORM core version 6.4.9.Final
16:56:23.239 [main] INFO  o.h.c.i.RegionFactoryInitiator - HHH000026: Second-level cache disabled
16:56:23.511 [main] INFO  o.s.o.j.p.SpringPersistenceUnitInfo - No LoadTimeWeaver setup: ignoring JPA class transformer
16:56:23.540 [main] INFO  com.zaxxer.hikari.HikariDataSource - HikariPool-1 - Starting...
16:56:23.693 [main] INFO  com.zaxxer.hikari.pool.HikariPool - HikariPool-1 - Added connection org.postgresql.jdbc.PgConnection@5cf2f5d6
16:56:23.695 [main] INFO  com.zaxxer.hikari.HikariDataSource - HikariPool-1 - Start completed.
16:56:23.728 [main] WARN  org.hibernate.orm.deprecation - HHH90000025: PostgreSQLDialect does not need to be specified explicitly using 'hibernate.dialect' (remove the property setting and it will be selected by default)
16:56:24.916 [main] INFO  o.s.o.j.LocalContainerEntityManagerFactoryBean - Initialized JPA EntityManagerFactory for persistence unit 'default'
16:56:25.991 [main] WARN  o.s.b.a.o.j.JpaBaseConfiguration$JpaWebConfiguration - spring.jpa.open-in-view is enabled by default. Therefore, database queries may be performed during view rendering. Explicitly configure spring.jpa.open-in-view to disable this warning
16:56:27.468 [main] INFO  o.s.d.j.r.query.QueryEnhancerFactory - Hibernate is in classpath; If applicable, HQL parser will be used.
16:56:28.274 [main] INFO  o.a.coyote.http11.Http11NioProtocol - Starting ProtocolHandler ["http-nio-8080"]
16:56:28.361 [main] INFO  o.s.b.w.e.tomcat.TomcatWebServer - Tomcat started on port 8080 (http) with context path ''
16:56:28.379 [main] INFO  c.p.c.ContactsdemoApplication - Started ContactsdemoApplication in 7.753 seconds (process running for 9.162)
16:56:46.615 [http-nio-8080-exec-2] INFO  o.a.c.c.C.[Tomcat].[localhost].[/] - Initializing Spring DispatcherServlet 'dispatcherServlet'
16:56:46.615 [http-nio-8080-exec-2] INFO  o.s.web.servlet.DispatcherServlet - Initializing Servlet 'dispatcherServlet'
16:56:46.617 [http-nio-8080-exec-2] INFO  o.s.web.servlet.DispatcherServlet - Completed initialization in 2 ms
16:56:46.646 [http-nio-8080-exec-2] INFO  c.p.c.f.HeadersLoggingFilter - Header content-type=0:0:0:0:0:0:0:1, IP = content-type
16:56:46.647 [http-nio-8080-exec-2] INFO  c.p.c.f.HeadersLoggingFilter - Header user-agent=0:0:0:0:0:0:0:1, IP = user-agent
16:56:46.647 [http-nio-8080-exec-2] INFO  c.p.c.f.HeadersLoggingFilter - Header accept=0:0:0:0:0:0:0:1, IP = accept
16:56:46.647 [http-nio-8080-exec-2] INFO  c.p.c.f.HeadersLoggingFilter - Header postman-token=0:0:0:0:0:0:0:1, IP = postman-token
16:56:46.647 [http-nio-8080-exec-2] INFO  c.p.c.f.HeadersLoggingFilter - Header host=0:0:0:0:0:0:0:1, IP = host
16:56:46.647 [http-nio-8080-exec-2] INFO  c.p.c.f.HeadersLoggingFilter - Header accept-encoding=0:0:0:0:0:0:0:1, IP = accept-encoding
16:56:46.647 [http-nio-8080-exec-2] INFO  c.p.c.f.HeadersLoggingFilter - Header connection=0:0:0:0:0:0:0:1, IP = connection
16:56:46.647 [http-nio-8080-exec-2] INFO  c.p.c.f.HeadersLoggingFilter - Header content-length=0:0:0:0:0:0:0:1, IP = content-length
16:56:46.652 [http-nio-8080-exec-2] INFO  c.p.c.loggingfilter.LoggingFilter - Request: Method=POST, URI=/api/savePerson, Headers=content-type=application/json; user-agent=PostmanRuntime/7.43.0; accept=*/*; postman-token=49fd7bfb-32b6-4a64-88fd-9dfc370cb5e8; host=localhost:8080; accept-encoding=gzip, deflate, br; connection=keep-alive; content-length=214; , Request ID: 18dad5ec-145e-4d54-b906-3635e38014c9, Request IP  =0:0:0:0:0:0:0:1
16:56:46.705 [http-nio-8080-exec-2] INFO  c.p.c.l.LoggingInterceptor - Request: POST /api/savePerson
16:56:47.231 [http-nio-8080-exec-2] WARN  o.s.w.s.m.m.a.ExceptionHandlerExceptionResolver - Failure in @ExceptionHandler com.project.contactsdemo.exception.GlobalExceptionHandler#handleValidationErrors(ValidationException)
java.lang.IllegalStateException: Could not resolve parameter [0] in public org.springframework.http.ResponseEntity<com.project.contactsdemo.dto.GenericDTO<java.lang.Void>> com.project.contactsdemo.exception.GlobalExceptionHandler.handleValidationErrors(jakarta.validation.ValidationException): No suitable resolver
	at org.springframework.web.method.support.InvocableHandlerMethod.getMethodArgumentValues(InvocableHandlerMethod.java:221)
	at org.springframework.web.method.support.InvocableHandlerMethod.invokeForRequest(InvocableHandlerMethod.java:178)
	at org.springframework.web.servlet.mvc.method.annotation.ServletInvocableHandlerMethod.invokeAndHandle(ServletInvocableHandlerMethod.java:118)
	at org.springframework.web.servlet.mvc.method.annotation.ExceptionHandlerExceptionResolver.doResolveHandlerMethodException(ExceptionHandlerExceptionResolver.java:432)
	at org.springframework.web.servlet.handler.AbstractHandlerMethodExceptionResolver.doResolveException(AbstractHandlerMethodExceptionResolver.java:74)
	at org.springframework.web.servlet.handler.AbstractHandlerExceptionResolver.resolveException(AbstractHandlerExceptionResolver.java:175)
	at org.springframework.web.servlet.handler.HandlerExceptionResolverComposite.resolveException(HandlerExceptionResolverComposite.java:80)
	at org.springframework.web.servlet.DispatcherServlet.processHandlerException(DispatcherServlet.java:1357)
	at org.springframework.web.servlet.DispatcherServlet.processDispatchResult(DispatcherServlet.java:1160)
	at org.springframework.web.servlet.DispatcherServlet.doDispatch(DispatcherServlet.java:1106)
	at org.springframework.web.servlet.DispatcherServlet.doService(DispatcherServlet.java:979)
	at org.springframework.web.servlet.FrameworkServlet.processRequest(FrameworkServlet.java:1014)
	at org.springframework.web.servlet.FrameworkServlet.doPost(FrameworkServlet.java:914)
	at jakarta.servlet.http.HttpServlet.service(HttpServlet.java:590)
	at org.springframework.web.servlet.FrameworkServlet.service(FrameworkServlet.java:885)
	at jakarta.servlet.http.HttpServlet.service(HttpServlet.java:658)
	at org.apache.catalina.core.ApplicationFilterChain.internalDoFilter(ApplicationFilterChain.java:195)
	at org.apache.catalina.core.ApplicationFilterChain.doFilter(ApplicationFilterChain.java:140)
	at org.apache.tomcat.websocket.server.WsFilter.doFilter(WsFilter.java:51)
	at org.apache.catalina.core.ApplicationFilterChain.internalDoFilter(ApplicationFilterChain.java:164)
	at org.apache.catalina.core.ApplicationFilterChain.doFilter(ApplicationFilterChain.java:140)
	at com.project.contactsdemo.loggingfilter.LoggingFilter.doFilterInternal(LoggingFilter.java:45)
	at org.springframework.web.filter.OncePerRequestFilter.doFilter(OncePerRequestFilter.java:116)
	at org.apache.catalina.core.ApplicationFilterChain.internalDoFilter(ApplicationFilterChain.java:164)
	at org.apache.catalina.core.ApplicationFilterChain.doFilter(ApplicationFilterChain.java:140)
	at com.project.contactsdemo.filterdeneme.HeadersLoggingFilter.doFilter(HeadersLoggingFilter.java:28)
	at org.apache.catalina.core.ApplicationFilterChain.internalDoFilter(ApplicationFilterChain.java:164)
	at org.apache.catalina.core.ApplicationFilterChain.doFilter(ApplicationFilterChain.java:140)
	at org.springframework.web.filter.RequestContextFilter.doFilterInternal(RequestContextFilter.java:100)
	at org.springframework.web.filter.OncePerRequestFilter.doFilter(OncePerRequestFilter.java:116)
	at org.apache.catalina.core.ApplicationFilterChain.internalDoFilter(ApplicationFilterChain.java:164)
	at org.apache.catalina.core.ApplicationFilterChain.doFilter(ApplicationFilterChain.java:140)
	at org.springframework.web.filter.FormContentFilter.doFilterInternal(FormContentFilter.java:93)
	at org.springframework.web.filter.OncePerRequestFilter.doFilter(OncePerRequestFilter.java:116)
	at org.apache.catalina.core.ApplicationFilterChain.internalDoFilter(ApplicationFilterChain.java:164)
	at org.apache.catalina.core.ApplicationFilterChain.doFilter(ApplicationFilterChain.java:140)
	at org.springframework.web.filter.CharacterEncodingFilter.doFilterInternal(CharacterEncodingFilter.java:201)
	at org.springframework.web.filter.OncePerRequestFilter.doFilter(OncePerRequestFilter.java:116)
	at org.apache.catalina.core.ApplicationFilterChain.internalDoFilter(ApplicationFilterChain.java:164)
	at org.apache.catalina.core.ApplicationFilterChain.doFilter(ApplicationFilterChain.java:140)
	at org.apache.catalina.core.StandardWrapperValve.invoke(StandardWrapperValve.java:167)
	at org.apache.catalina.core.StandardContextValve.invoke(StandardContextValve.java:90)
	at org.apache.catalina.authenticator.AuthenticatorBase.invoke(AuthenticatorBase.java:482)
	at org.apache.catalina.core.StandardHostValve.invoke(StandardHostValve.java:115)
	at org.apache.catalina.valves.ErrorReportValve.invoke(ErrorReportValve.java:93)
	at org.apache.catalina.core.StandardEngineValve.invoke(StandardEngineValve.java:74)
	at org.apache.catalina.connector.CoyoteAdapter.service(CoyoteAdapter.java:344)
	at org.apache.coyote.http11.Http11Processor.service(Http11Processor.java:389)
	at org.apache.coyote.AbstractProcessorLight.process(AbstractProcessorLight.java:63)
	at org.apache.coyote.AbstractProtocol$ConnectionHandler.process(AbstractProtocol.java:904)
	at org.apache.tomcat.util.net.NioEndpoint$SocketProcessor.doRun(NioEndpoint.java:1741)
	at org.apache.tomcat.util.net.SocketProcessorBase.run(SocketProcessorBase.java:52)
	at org.apache.tomcat.util.threads.ThreadPoolExecutor.runWorker(ThreadPoolExecutor.java:1190)
	at org.apache.tomcat.util.threads.ThreadPoolExecutor$Worker.run(ThreadPoolExecutor.java:659)
	at org.apache.tomcat.util.threads.TaskThread$WrappingRunnable.run(TaskThread.java:63)
	at java.base/java.lang.Thread.run(Thread.java:842)
16:56:47.241 [http-nio-8080-exec-2] WARN  o.s.w.s.m.s.DefaultHandlerExceptionResolver - Resolved [org.springframework.web.bind.MethodArgumentNotValidException: Validation failed for argument [0] in public org.springframework.http.ResponseEntity<com.project.contactsdemo.dto.GenericDTO<com.project.contactsdemo.dto.PersonResponseDTO>> com.project.contactsdemo.controller.PersonContactController.savePerson(com.project.contactsdemo.dto.PersonRequestDTO) with 2 errors: [Field error in object 'personRequestDTO' on field 'phoneNumber': rejected value [+90588888888888]; codes [ValidPhoneNumber.personRequestDTO.phoneNumber,ValidPhoneNumber.phoneNumber,ValidPhoneNumber.java.lang.String,ValidPhoneNumber]; arguments [org.springframework.context.support.DefaultMessageSourceResolvable: codes [personRequestDTO.phoneNumber,phoneNumber]; arguments []; default message [phoneNumber]]; default message [Invalid phone number.]] [Field error in object 'personRequestDTO' on field 'birthDate': rejected value [20-02-2020]; codes [ValidBirthdate.personRequestDTO.birthDate,ValidBirthdate.birthDate,ValidBirthdate.java.lang.String,ValidBirthdate]; arguments [org.springframework.context.support.DefaultMessageSourceResolvable: codes [personRequestDTO.birthDate,birthDate]; arguments []; default message [birthDate]]; default message [Invalid birthdate. Date must be in the past, and the person must be at least 18 years old.]] ]
16:56:47.241 [http-nio-8080-exec-2] INFO  c.p.c.l.LoggingInterceptor - Respone 400 /api/savePerson
16:56:47.243 [http-nio-8080-exec-2] INFO  c.p.c.loggingfilter.LoggingFilter - Response: Status=400, URI=/api/savePerson, Duration (Response Time)=590ms, Headers=[], Payload = org.apache.catalina.connector.ResponseFacade@5dd73b3e
16:56:47.265 [http-nio-8080-exec-2] INFO  c.p.c.l.LoggingInterceptor - Request: POST /error
16:56:47.351 [http-nio-8080-exec-2] INFO  c.p.c.l.LoggingInterceptor - Respone 400 /error
16:57:21.705 [http-nio-8080-exec-4] INFO  c.p.c.f.HeadersLoggingFilter - Header content-type=0:0:0:0:0:0:0:1, IP = content-type
16:57:21.705 [http-nio-8080-exec-4] INFO  c.p.c.f.HeadersLoggingFilter - Header user-agent=0:0:0:0:0:0:0:1, IP = user-agent
16:57:21.705 [http-nio-8080-exec-4] INFO  c.p.c.f.HeadersLoggingFilter - Header accept=0:0:0:0:0:0:0:1, IP = accept
16:57:21.705 [http-nio-8080-exec-4] INFO  c.p.c.f.HeadersLoggingFilter - Header postman-token=0:0:0:0:0:0:0:1, IP = postman-token
16:57:21.705 [http-nio-8080-exec-4] INFO  c.p.c.f.HeadersLoggingFilter - Header host=0:0:0:0:0:0:0:1, IP = host
16:57:21.705 [http-nio-8080-exec-4] INFO  c.p.c.f.HeadersLoggingFilter - Header accept-encoding=0:0:0:0:0:0:0:1, IP = accept-encoding
16:57:21.705 [http-nio-8080-exec-4] INFO  c.p.c.f.HeadersLoggingFilter - Header connection=0:0:0:0:0:0:0:1, IP = connection
16:57:21.705 [http-nio-8080-exec-4] INFO  c.p.c.f.HeadersLoggingFilter - Header content-length=0:0:0:0:0:0:0:1, IP = content-length
16:57:21.705 [http-nio-8080-exec-4] INFO  c.p.c.loggingfilter.LoggingFilter - Request: Method=POST, URI=/api/savePerson, Headers=content-type=application/json; user-agent=PostmanRuntime/7.43.0; accept=*/*; postman-token=aaa7a194-ddfd-4c5d-a5db-742207594353; host=localhost:8080; accept-encoding=gzip, deflate, br; connection=keep-alive; content-length=214; , Request ID: a514e44f-f896-44a7-ac88-1609754f49be, Request IP  =0:0:0:0:0:0:0:1
16:57:21.705 [http-nio-8080-exec-4] INFO  c.p.c.l.LoggingInterceptor - Request: POST /api/savePerson
16:57:21.709 [http-nio-8080-exec-4] WARN  o.s.w.s.m.m.a.ExceptionHandlerExceptionResolver - Failure in @ExceptionHandler com.project.contactsdemo.exception.GlobalExceptionHandler#handleValidationErrors(ValidationException)
java.lang.IllegalStateException: Could not resolve parameter [0] in public org.springframework.http.ResponseEntity<com.project.contactsdemo.dto.GenericDTO<java.lang.Void>> com.project.contactsdemo.exception.GlobalExceptionHandler.handleValidationErrors(jakarta.validation.ValidationException): No suitable resolver
	at org.springframework.web.method.support.InvocableHandlerMethod.getMethodArgumentValues(InvocableHandlerMethod.java:221)
	at org.springframework.web.method.support.InvocableHandlerMethod.invokeForRequest(InvocableHandlerMethod.java:178)
	at org.springframework.web.servlet.mvc.method.annotation.ServletInvocableHandlerMethod.invokeAndHandle(ServletInvocableHandlerMethod.java:118)
	at org.springframework.web.servlet.mvc.method.annotation.ExceptionHandlerExceptionResolver.doResolveHandlerMethodException(ExceptionHandlerExceptionResolver.java:432)
	at org.springframework.web.servlet.handler.AbstractHandlerMethodExceptionResolver.doResolveException(AbstractHandlerMethodExceptionResolver.java:74)
	at org.springframework.web.servlet.handler.AbstractHandlerExceptionResolver.resolveException(AbstractHandlerExceptionResolver.java:175)
	at org.springframework.web.servlet.handler.HandlerExceptionResolverComposite.resolveException(HandlerExceptionResolverComposite.java:80)
	at org.springframework.web.servlet.DispatcherServlet.processHandlerException(DispatcherServlet.java:1357)
	at org.springframework.web.servlet.DispatcherServlet.processDispatchResult(DispatcherServlet.java:1160)
	at org.springframework.web.servlet.DispatcherServlet.doDispatch(DispatcherServlet.java:1106)
	at org.springframework.web.servlet.DispatcherServlet.doService(DispatcherServlet.java:979)
	at org.springframework.web.servlet.FrameworkServlet.processRequest(FrameworkServlet.java:1014)
	at org.springframework.web.servlet.FrameworkServlet.doPost(FrameworkServlet.java:914)
	at jakarta.servlet.http.HttpServlet.service(HttpServlet.java:590)
	at org.springframework.web.servlet.FrameworkServlet.service(FrameworkServlet.java:885)
	at jakarta.servlet.http.HttpServlet.service(HttpServlet.java:658)
	at org.apache.catalina.core.ApplicationFilterChain.internalDoFilter(ApplicationFilterChain.java:195)
	at org.apache.catalina.core.ApplicationFilterChain.doFilter(ApplicationFilterChain.java:140)
	at org.apache.tomcat.websocket.server.WsFilter.doFilter(WsFilter.java:51)
	at org.apache.catalina.core.ApplicationFilterChain.internalDoFilter(ApplicationFilterChain.java:164)
	at org.apache.catalina.core.ApplicationFilterChain.doFilter(ApplicationFilterChain.java:140)
	at com.project.contactsdemo.loggingfilter.LoggingFilter.doFilterInternal(LoggingFilter.java:45)
	at org.springframework.web.filter.OncePerRequestFilter.doFilter(OncePerRequestFilter.java:116)
	at org.apache.catalina.core.ApplicationFilterChain.internalDoFilter(ApplicationFilterChain.java:164)
	at org.apache.catalina.core.ApplicationFilterChain.doFilter(ApplicationFilterChain.java:140)
	at com.project.contactsdemo.filterdeneme.HeadersLoggingFilter.doFilter(HeadersLoggingFilter.java:28)
	at org.apache.catalina.core.ApplicationFilterChain.internalDoFilter(ApplicationFilterChain.java:164)
	at org.apache.catalina.core.ApplicationFilterChain.doFilter(ApplicationFilterChain.java:140)
	at org.springframework.web.filter.RequestContextFilter.doFilterInternal(RequestContextFilter.java:100)
	at org.springframework.web.filter.OncePerRequestFilter.doFilter(OncePerRequestFilter.java:116)
	at org.apache.catalina.core.ApplicationFilterChain.internalDoFilter(ApplicationFilterChain.java:164)
	at org.apache.catalina.core.ApplicationFilterChain.doFilter(ApplicationFilterChain.java:140)
	at org.springframework.web.filter.FormContentFilter.doFilterInternal(FormContentFilter.java:93)
	at org.springframework.web.filter.OncePerRequestFilter.doFilter(OncePerRequestFilter.java:116)
	at org.apache.catalina.core.ApplicationFilterChain.internalDoFilter(ApplicationFilterChain.java:164)
	at org.apache.catalina.core.ApplicationFilterChain.doFilter(ApplicationFilterChain.java:140)
	at org.springframework.web.filter.CharacterEncodingFilter.doFilterInternal(CharacterEncodingFilter.java:201)
	at org.springframework.web.filter.OncePerRequestFilter.doFilter(OncePerRequestFilter.java:116)
	at org.apache.catalina.core.ApplicationFilterChain.internalDoFilter(ApplicationFilterChain.java:164)
	at org.apache.catalina.core.ApplicationFilterChain.doFilter(ApplicationFilterChain.java:140)
	at org.apache.catalina.core.StandardWrapperValve.invoke(StandardWrapperValve.java:167)
	at org.apache.catalina.core.StandardContextValve.invoke(StandardContextValve.java:90)
	at org.apache.catalina.authenticator.AuthenticatorBase.invoke(AuthenticatorBase.java:482)
	at org.apache.catalina.core.StandardHostValve.invoke(StandardHostValve.java:115)
	at org.apache.catalina.valves.ErrorReportValve.invoke(ErrorReportValve.java:93)
	at org.apache.catalina.core.StandardEngineValve.invoke(StandardEngineValve.java:74)
	at org.apache.catalina.connector.CoyoteAdapter.service(CoyoteAdapter.java:344)
	at org.apache.coyote.http11.Http11Processor.service(Http11Processor.java:389)
	at org.apache.coyote.AbstractProcessorLight.process(AbstractProcessorLight.java:63)
	at org.apache.coyote.AbstractProtocol$ConnectionHandler.process(AbstractProtocol.java:904)
	at org.apache.tomcat.util.net.NioEndpoint$SocketProcessor.doRun(NioEndpoint.java:1741)
	at org.apache.tomcat.util.net.SocketProcessorBase.run(SocketProcessorBase.java:52)
	at org.apache.tomcat.util.threads.ThreadPoolExecutor.runWorker(ThreadPoolExecutor.java:1190)
	at org.apache.tomcat.util.threads.ThreadPoolExecutor$Worker.run(ThreadPoolExecutor.java:659)
	at org.apache.tomcat.util.threads.TaskThread$WrappingRunnable.run(TaskThread.java:63)
	at java.base/java.lang.Thread.run(Thread.java:842)
16:57:21.710 [http-nio-8080-exec-4] WARN  o.s.w.s.m.s.DefaultHandlerExceptionResolver - Resolved [org.springframework.web.bind.MethodArgumentNotValidException: Validation failed for argument [0] in public org.springframework.http.ResponseEntity<com.project.contactsdemo.dto.GenericDTO<com.project.contactsdemo.dto.PersonResponseDTO>> com.project.contactsdemo.controller.PersonContactController.savePerson(com.project.contactsdemo.dto.PersonRequestDTO) with 2 errors: [Field error in object 'personRequestDTO' on field 'phoneNumber': rejected value [+90588888888888]; codes [ValidPhoneNumber.personRequestDTO.phoneNumber,ValidPhoneNumber.phoneNumber,ValidPhoneNumber.java.lang.String,ValidPhoneNumber]; arguments [org.springframework.context.support.DefaultMessageSourceResolvable: codes [personRequestDTO.phoneNumber,phoneNumber]; arguments []; default message [phoneNumber]]; default message [Invalid phone number.]] [Field error in object 'personRequestDTO' on field 'birthDate': rejected value [20-02-2020]; codes [ValidBirthdate.personRequestDTO.birthDate,ValidBirthdate.birthDate,ValidBirthdate.java.lang.String,ValidBirthdate]; arguments [org.springframework.context.support.DefaultMessageSourceResolvable: codes [personRequestDTO.birthDate,birthDate]; arguments []; default message [birthDate]]; default message [Invalid birthdate. Date must be in the past, and the person must be at least 18 years old.]] ]
16:57:21.710 [http-nio-8080-exec-4] INFO  c.p.c.l.LoggingInterceptor - Respone 400 /api/savePerson
16:57:21.710 [http-nio-8080-exec-4] INFO  c.p.c.loggingfilter.LoggingFilter - Response: Status=400, URI=/api/savePerson, Duration (Response Time)=5ms, Headers=[], Payload = org.apache.catalina.connector.ResponseFacade@2263a03e
16:57:21.711 [http-nio-8080-exec-4] INFO  c.p.c.l.LoggingInterceptor - Request: POST /error
16:57:21.714 [http-nio-8080-exec-4] INFO  c.p.c.l.LoggingInterceptor - Respone 400 /error
16:57:23.686 [http-nio-8080-exec-6] INFO  c.p.c.f.HeadersLoggingFilter - Header content-type=0:0:0:0:0:0:0:1, IP = content-type
16:57:23.686 [http-nio-8080-exec-6] INFO  c.p.c.f.HeadersLoggingFilter - Header user-agent=0:0:0:0:0:0:0:1, IP = user-agent
16:57:23.686 [http-nio-8080-exec-6] INFO  c.p.c.f.HeadersLoggingFilter - Header accept=0:0:0:0:0:0:0:1, IP = accept
16:57:23.686 [http-nio-8080-exec-6] INFO  c.p.c.f.HeadersLoggingFilter - Header postman-token=0:0:0:0:0:0:0:1, IP = postman-token
16:57:23.686 [http-nio-8080-exec-6] INFO  c.p.c.f.HeadersLoggingFilter - Header host=0:0:0:0:0:0:0:1, IP = host
16:57:23.686 [http-nio-8080-exec-6] INFO  c.p.c.f.HeadersLoggingFilter - Header accept-encoding=0:0:0:0:0:0:0:1, IP = accept-encoding
16:57:23.687 [http-nio-8080-exec-6] INFO  c.p.c.f.HeadersLoggingFilter - Header connection=0:0:0:0:0:0:0:1, IP = connection
16:57:23.687 [http-nio-8080-exec-6] INFO  c.p.c.f.HeadersLoggingFilter - Header content-length=0:0:0:0:0:0:0:1, IP = content-length
16:57:23.687 [http-nio-8080-exec-6] INFO  c.p.c.loggingfilter.LoggingFilter - Request: Method=POST, URI=/api/savePerson, Headers=content-type=application/json; user-agent=PostmanRuntime/7.43.0; accept=*/*; postman-token=a708d325-a35c-44b2-85f7-1b823ff4d98f; host=localhost:8080; accept-encoding=gzip, deflate, br; connection=keep-alive; content-length=214; , Request ID: 06c9a009-8894-4b34-ad29-66ea40551d53, Request IP  =0:0:0:0:0:0:0:1
16:57:23.687 [http-nio-8080-exec-6] INFO  c.p.c.l.LoggingInterceptor - Request: POST /api/savePerson
16:57:23.690 [http-nio-8080-exec-6] WARN  o.s.w.s.m.m.a.ExceptionHandlerExceptionResolver - Failure in @ExceptionHandler com.project.contactsdemo.exception.GlobalExceptionHandler#handleValidationErrors(ValidationException)
java.lang.IllegalStateException: Could not resolve parameter [0] in public org.springframework.http.ResponseEntity<com.project.contactsdemo.dto.GenericDTO<java.lang.Void>> com.project.contactsdemo.exception.GlobalExceptionHandler.handleValidationErrors(jakarta.validation.ValidationException): No suitable resolver
	at org.springframework.web.method.support.InvocableHandlerMethod.getMethodArgumentValues(InvocableHandlerMethod.java:221)
	at org.springframework.web.method.support.InvocableHandlerMethod.invokeForRequest(InvocableHandlerMethod.java:178)
	at org.springframework.web.servlet.mvc.method.annotation.ServletInvocableHandlerMethod.invokeAndHandle(ServletInvocableHandlerMethod.java:118)
	at org.springframework.web.servlet.mvc.method.annotation.ExceptionHandlerExceptionResolver.doResolveHandlerMethodException(ExceptionHandlerExceptionResolver.java:432)
	at org.springframework.web.servlet.handler.AbstractHandlerMethodExceptionResolver.doResolveException(AbstractHandlerMethodExceptionResolver.java:74)
	at org.springframework.web.servlet.handler.AbstractHandlerExceptionResolver.resolveException(AbstractHandlerExceptionResolver.java:175)
	at org.springframework.web.servlet.handler.HandlerExceptionResolverComposite.resolveException(HandlerExceptionResolverComposite.java:80)
	at org.springframework.web.servlet.DispatcherServlet.processHandlerException(DispatcherServlet.java:1357)
	at org.springframework.web.servlet.DispatcherServlet.processDispatchResult(DispatcherServlet.java:1160)
	at org.springframework.web.servlet.DispatcherServlet.doDispatch(DispatcherServlet.java:1106)
	at org.springframework.web.servlet.DispatcherServlet.doService(DispatcherServlet.java:979)
	at org.springframework.web.servlet.FrameworkServlet.processRequest(FrameworkServlet.java:1014)
	at org.springframework.web.servlet.FrameworkServlet.doPost(FrameworkServlet.java:914)
	at jakarta.servlet.http.HttpServlet.service(HttpServlet.java:590)
	at org.springframework.web.servlet.FrameworkServlet.service(FrameworkServlet.java:885)
	at jakarta.servlet.http.HttpServlet.service(HttpServlet.java:658)
	at org.apache.catalina.core.ApplicationFilterChain.internalDoFilter(ApplicationFilterChain.java:195)
	at org.apache.catalina.core.ApplicationFilterChain.doFilter(ApplicationFilterChain.java:140)
	at org.apache.tomcat.websocket.server.WsFilter.doFilter(WsFilter.java:51)
	at org.apache.catalina.core.ApplicationFilterChain.internalDoFilter(ApplicationFilterChain.java:164)
	at org.apache.catalina.core.ApplicationFilterChain.doFilter(ApplicationFilterChain.java:140)
	at com.project.contactsdemo.loggingfilter.LoggingFilter.doFilterInternal(LoggingFilter.java:45)
	at org.springframework.web.filter.OncePerRequestFilter.doFilter(OncePerRequestFilter.java:116)
	at org.apache.catalina.core.ApplicationFilterChain.internalDoFilter(ApplicationFilterChain.java:164)
	at org.apache.catalina.core.ApplicationFilterChain.doFilter(ApplicationFilterChain.java:140)
	at com.project.contactsdemo.filterdeneme.HeadersLoggingFilter.doFilter(HeadersLoggingFilter.java:28)
	at org.apache.catalina.core.ApplicationFilterChain.internalDoFilter(ApplicationFilterChain.java:164)
	at org.apache.catalina.core.ApplicationFilterChain.doFilter(ApplicationFilterChain.java:140)
	at org.springframework.web.filter.RequestContextFilter.doFilterInternal(RequestContextFilter.java:100)
	at org.springframework.web.filter.OncePerRequestFilter.doFilter(OncePerRequestFilter.java:116)
	at org.apache.catalina.core.ApplicationFilterChain.internalDoFilter(ApplicationFilterChain.java:164)
	at org.apache.catalina.core.ApplicationFilterChain.doFilter(ApplicationFilterChain.java:140)
	at org.springframework.web.filter.FormContentFilter.doFilterInternal(FormContentFilter.java:93)
	at org.springframework.web.filter.OncePerRequestFilter.doFilter(OncePerRequestFilter.java:116)
	at org.apache.catalina.core.ApplicationFilterChain.internalDoFilter(ApplicationFilterChain.java:164)
	at org.apache.catalina.core.ApplicationFilterChain.doFilter(ApplicationFilterChain.java:140)
	at org.springframework.web.filter.CharacterEncodingFilter.doFilterInternal(CharacterEncodingFilter.java:201)
	at org.springframework.web.filter.OncePerRequestFilter.doFilter(OncePerRequestFilter.java:116)
	at org.apache.catalina.core.ApplicationFilterChain.internalDoFilter(ApplicationFilterChain.java:164)
	at org.apache.catalina.core.ApplicationFilterChain.doFilter(ApplicationFilterChain.java:140)
	at org.apache.catalina.core.StandardWrapperValve.invoke(StandardWrapperValve.java:167)
	at org.apache.catalina.core.StandardContextValve.invoke(StandardContextValve.java:90)
	at org.apache.catalina.authenticator.AuthenticatorBase.invoke(AuthenticatorBase.java:482)
	at org.apache.catalina.core.StandardHostValve.invoke(StandardHostValve.java:115)
	at org.apache.catalina.valves.ErrorReportValve.invoke(ErrorReportValve.java:93)
	at org.apache.catalina.core.StandardEngineValve.invoke(StandardEngineValve.java:74)
	at org.apache.catalina.connector.CoyoteAdapter.service(CoyoteAdapter.java:344)
	at org.apache.coyote.http11.Http11Processor.service(Http11Processor.java:389)
	at org.apache.coyote.AbstractProcessorLight.process(AbstractProcessorLight.java:63)
	at org.apache.coyote.AbstractProtocol$ConnectionHandler.process(AbstractProtocol.java:904)
	at org.apache.tomcat.util.net.NioEndpoint$SocketProcessor.doRun(NioEndpoint.java:1741)
	at org.apache.tomcat.util.net.SocketProcessorBase.run(SocketProcessorBase.java:52)
	at org.apache.tomcat.util.threads.ThreadPoolExecutor.runWorker(ThreadPoolExecutor.java:1190)
	at org.apache.tomcat.util.threads.ThreadPoolExecutor$Worker.run(ThreadPoolExecutor.java:659)
	at org.apache.tomcat.util.threads.TaskThread$WrappingRunnable.run(TaskThread.java:63)
	at java.base/java.lang.Thread.run(Thread.java:842)
16:57:23.691 [http-nio-8080-exec-6] WARN  o.s.w.s.m.s.DefaultHandlerExceptionResolver - Resolved [org.springframework.web.bind.MethodArgumentNotValidException: Validation failed for argument [0] in public org.springframework.http.ResponseEntity<com.project.contactsdemo.dto.GenericDTO<com.project.contactsdemo.dto.PersonResponseDTO>> com.project.contactsdemo.controller.PersonContactController.savePerson(com.project.contactsdemo.dto.PersonRequestDTO) with 2 errors: [Field error in object 'personRequestDTO' on field 'birthDate': rejected value [20-02-2020]; codes [ValidBirthdate.personRequestDTO.birthDate,ValidBirthdate.birthDate,ValidBirthdate.java.lang.String,ValidBirthdate]; arguments [org.springframework.context.support.DefaultMessageSourceResolvable: codes [personRequestDTO.birthDate,birthDate]; arguments []; default message [birthDate]]; default message [Invalid birthdate. Date must be in the past, and the person must be at least 18 years old.]] [Field error in object 'personRequestDTO' on field 'phoneNumber': rejected value [+90588888888888]; codes [ValidPhoneNumber.personRequestDTO.phoneNumber,ValidPhoneNumber.phoneNumber,ValidPhoneNumber.java.lang.String,ValidPhoneNumber]; arguments [org.springframework.context.support.DefaultMessageSourceResolvable: codes [personRequestDTO.phoneNumber,phoneNumber]; arguments []; default message [phoneNumber]]; default message [Invalid phone number.]] ]
16:57:23.692 [http-nio-8080-exec-6] INFO  c.p.c.l.LoggingInterceptor - Respone 400 /api/savePerson
16:57:23.693 [http-nio-8080-exec-6] INFO  c.p.c.loggingfilter.LoggingFilter - Response: Status=400, URI=/api/savePerson, Duration (Response Time)=6ms, Headers=[], Payload = org.apache.catalina.connector.ResponseFacade@6c33b843
16:57:23.693 [http-nio-8080-exec-6] INFO  c.p.c.l.LoggingInterceptor - Request: POST /error
16:57:23.694 [http-nio-8080-exec-6] INFO  c.p.c.l.LoggingInterceptor - Respone 400 /error
16:57:26.252 [SpringApplicationShutdownHook] INFO  o.s.o.j.LocalContainerEntityManagerFactoryBean - Closing JPA EntityManagerFactory for persistence unit 'default'
16:57:26.255 [SpringApplicationShutdownHook] INFO  com.zaxxer.hikari.HikariDataSource - HikariPool-1 - Shutdown initiated...
16:57:26.259 [SpringApplicationShutdownHook] INFO  com.zaxxer.hikari.HikariDataSource - HikariPool-1 - Shutdown completed.
16:57:30.103 [background-preinit] INFO  o.h.validator.internal.util.Version - HV000001: Hibernate Validator 8.0.1.Final
16:57:30.150 [main] INFO  c.p.c.ContactsdemoApplication - Starting ContactsdemoApplication using Java 17.0.12 with PID 31492 (C:\Ayse Ceren - crud projects\contactsdemo\build\classes\java\main started by 16381136672 in C:\Ayse Ceren - crud projects\contactsdemo)
16:57:30.151 [main] INFO  c.p.c.ContactsdemoApplication - No active profile set, falling back to 1 default profile: "default"
16:57:31.027 [main] INFO  o.s.d.r.c.RepositoryConfigurationDelegate - Bootstrapping Spring Data JPA repositories in DEFAULT mode.
16:57:31.112 [main] INFO  o.s.d.r.c.RepositoryConfigurationDelegate - Finished Spring Data repository scanning in 77 ms. Found 2 JPA repository interfaces.
16:57:31.677 [main] INFO  o.s.b.w.e.tomcat.TomcatWebServer - Tomcat initialized with port 8080 (http)
16:57:31.688 [main] INFO  o.a.coyote.http11.Http11NioProtocol - Initializing ProtocolHandler ["http-nio-8080"]
16:57:31.690 [main] INFO  o.a.catalina.core.StandardService - Starting service [Tomcat]
16:57:31.690 [main] INFO  o.a.catalina.core.StandardEngine - Starting Servlet engine: [Apache Tomcat/10.1.25]
16:57:31.789 [main] INFO  o.a.c.c.C.[Tomcat].[localhost].[/] - Initializing Spring embedded WebApplicationContext
16:57:31.789 [main] INFO  o.s.b.w.s.c.ServletWebServerApplicationContext - Root WebApplicationContext: initialization completed in 1581 ms
16:57:31.950 [main] INFO  o.h.jpa.internal.util.LogHelper - HHH000204: Processing PersistenceUnitInfo [name: default]
16:57:32.012 [main] INFO  org.hibernate.Version - HHH000412: Hibernate ORM core version 6.4.9.Final
16:57:32.049 [main] INFO  o.h.c.i.RegionFactoryInitiator - HHH000026: Second-level cache disabled
16:57:32.313 [main] INFO  o.s.o.j.p.SpringPersistenceUnitInfo - No LoadTimeWeaver setup: ignoring JPA class transformer
16:57:32.342 [main] INFO  com.zaxxer.hikari.HikariDataSource - HikariPool-1 - Starting...
16:57:32.495 [main] INFO  com.zaxxer.hikari.pool.HikariPool - HikariPool-1 - Added connection org.postgresql.jdbc.PgConnection@66a472b9
16:57:32.497 [main] INFO  com.zaxxer.hikari.HikariDataSource - HikariPool-1 - Start completed.
16:57:32.528 [main] WARN  org.hibernate.orm.deprecation - HHH90000025: PostgreSQLDialect does not need to be specified explicitly using 'hibernate.dialect' (remove the property setting and it will be selected by default)
16:57:33.701 [main] INFO  o.s.o.j.LocalContainerEntityManagerFactoryBean - Initialized JPA EntityManagerFactory for persistence unit 'default'
16:57:35.154 [main] WARN  o.s.b.a.o.j.JpaBaseConfiguration$JpaWebConfiguration - spring.jpa.open-in-view is enabled by default. Therefore, database queries may be performed during view rendering. Explicitly configure spring.jpa.open-in-view to disable this warning
16:57:36.502 [main] INFO  o.s.d.j.r.query.QueryEnhancerFactory - Hibernate is in classpath; If applicable, HQL parser will be used.
16:57:37.343 [main] INFO  o.a.coyote.http11.Http11NioProtocol - Starting ProtocolHandler ["http-nio-8080"]
16:57:37.433 [main] INFO  o.s.b.w.e.tomcat.TomcatWebServer - Tomcat started on port 8080 (http) with context path ''
16:57:37.453 [main] INFO  c.p.c.ContactsdemoApplication - Started ContactsdemoApplication in 7.826 seconds (process running for 9.17)
16:57:40.933 [http-nio-8080-exec-1] INFO  o.a.c.c.C.[Tomcat].[localhost].[/] - Initializing Spring DispatcherServlet 'dispatcherServlet'
16:57:40.934 [http-nio-8080-exec-1] INFO  o.s.web.servlet.DispatcherServlet - Initializing Servlet 'dispatcherServlet'
16:57:40.935 [http-nio-8080-exec-1] INFO  o.s.web.servlet.DispatcherServlet - Completed initialization in 1 ms
16:57:40.952 [http-nio-8080-exec-1] INFO  c.p.c.f.HeadersLoggingFilter - Header content-type=0:0:0:0:0:0:0:1, IP = content-type
16:57:40.952 [http-nio-8080-exec-1] INFO  c.p.c.f.HeadersLoggingFilter - Header user-agent=0:0:0:0:0:0:0:1, IP = user-agent
16:57:40.952 [http-nio-8080-exec-1] INFO  c.p.c.f.HeadersLoggingFilter - Header accept=0:0:0:0:0:0:0:1, IP = accept
16:57:40.952 [http-nio-8080-exec-1] INFO  c.p.c.f.HeadersLoggingFilter - Header postman-token=0:0:0:0:0:0:0:1, IP = postman-token
16:57:40.952 [http-nio-8080-exec-1] INFO  c.p.c.f.HeadersLoggingFilter - Header host=0:0:0:0:0:0:0:1, IP = host
16:57:40.952 [http-nio-8080-exec-1] INFO  c.p.c.f.HeadersLoggingFilter - Header accept-encoding=0:0:0:0:0:0:0:1, IP = accept-encoding
16:57:40.953 [http-nio-8080-exec-1] INFO  c.p.c.f.HeadersLoggingFilter - Header connection=0:0:0:0:0:0:0:1, IP = connection
16:57:40.953 [http-nio-8080-exec-1] INFO  c.p.c.f.HeadersLoggingFilter - Header content-length=0:0:0:0:0:0:0:1, IP = content-length
16:57:40.955 [http-nio-8080-exec-1] INFO  c.p.c.loggingfilter.LoggingFilter - Request: Method=POST, URI=/api/savePerson, Headers=content-type=application/json; user-agent=PostmanRuntime/7.43.0; accept=*/*; postman-token=f2c38bad-8b92-4c18-a064-591fe7346c36; host=localhost:8080; accept-encoding=gzip, deflate, br; connection=keep-alive; content-length=214; , Request ID: 2c59ea93-7d2e-4f63-b915-0836d145e7eb, Request IP  =0:0:0:0:0:0:0:1
16:57:40.998 [http-nio-8080-exec-1] INFO  c.p.c.l.LoggingInterceptor - Request: POST /api/savePerson
16:57:41.482 [http-nio-8080-exec-1] WARN  o.s.w.s.m.m.a.ExceptionHandlerExceptionResolver - Failure in @ExceptionHandler com.project.contactsdemo.exception.GlobalExceptionHandler#handleValidationErrors(ValidationException)
java.lang.IllegalStateException: Could not resolve parameter [0] in public org.springframework.http.ResponseEntity<com.project.contactsdemo.dto.GenericDTO<java.lang.Void>> com.project.contactsdemo.exception.GlobalExceptionHandler.handleValidationErrors(jakarta.validation.ValidationException): No suitable resolver
	at org.springframework.web.method.support.InvocableHandlerMethod.getMethodArgumentValues(InvocableHandlerMethod.java:221)
	at org.springframework.web.method.support.InvocableHandlerMethod.invokeForRequest(InvocableHandlerMethod.java:178)
	at org.springframework.web.servlet.mvc.method.annotation.ServletInvocableHandlerMethod.invokeAndHandle(ServletInvocableHandlerMethod.java:118)
	at org.springframework.web.servlet.mvc.method.annotation.ExceptionHandlerExceptionResolver.doResolveHandlerMethodException(ExceptionHandlerExceptionResolver.java:432)
	at org.springframework.web.servlet.handler.AbstractHandlerMethodExceptionResolver.doResolveException(AbstractHandlerMethodExceptionResolver.java:74)
	at org.springframework.web.servlet.handler.AbstractHandlerExceptionResolver.resolveException(AbstractHandlerExceptionResolver.java:175)
	at org.springframework.web.servlet.handler.HandlerExceptionResolverComposite.resolveException(HandlerExceptionResolverComposite.java:80)
	at org.springframework.web.servlet.DispatcherServlet.processHandlerException(DispatcherServlet.java:1357)
	at org.springframework.web.servlet.DispatcherServlet.processDispatchResult(DispatcherServlet.java:1160)
	at org.springframework.web.servlet.DispatcherServlet.doDispatch(DispatcherServlet.java:1106)
	at org.springframework.web.servlet.DispatcherServlet.doService(DispatcherServlet.java:979)
	at org.springframework.web.servlet.FrameworkServlet.processRequest(FrameworkServlet.java:1014)
	at org.springframework.web.servlet.FrameworkServlet.doPost(FrameworkServlet.java:914)
	at jakarta.servlet.http.HttpServlet.service(HttpServlet.java:590)
	at org.springframework.web.servlet.FrameworkServlet.service(FrameworkServlet.java:885)
	at jakarta.servlet.http.HttpServlet.service(HttpServlet.java:658)
	at org.apache.catalina.core.ApplicationFilterChain.internalDoFilter(ApplicationFilterChain.java:195)
	at org.apache.catalina.core.ApplicationFilterChain.doFilter(ApplicationFilterChain.java:140)
	at org.apache.tomcat.websocket.server.WsFilter.doFilter(WsFilter.java:51)
	at org.apache.catalina.core.ApplicationFilterChain.internalDoFilter(ApplicationFilterChain.java:164)
	at org.apache.catalina.core.ApplicationFilterChain.doFilter(ApplicationFilterChain.java:140)
	at com.project.contactsdemo.loggingfilter.LoggingFilter.doFilterInternal(LoggingFilter.java:45)
	at org.springframework.web.filter.OncePerRequestFilter.doFilter(OncePerRequestFilter.java:116)
	at org.apache.catalina.core.ApplicationFilterChain.internalDoFilter(ApplicationFilterChain.java:164)
	at org.apache.catalina.core.ApplicationFilterChain.doFilter(ApplicationFilterChain.java:140)
	at com.project.contactsdemo.filterdeneme.HeadersLoggingFilter.doFilter(HeadersLoggingFilter.java:28)
	at org.apache.catalina.core.ApplicationFilterChain.internalDoFilter(ApplicationFilterChain.java:164)
	at org.apache.catalina.core.ApplicationFilterChain.doFilter(ApplicationFilterChain.java:140)
	at org.springframework.web.filter.RequestContextFilter.doFilterInternal(RequestContextFilter.java:100)
	at org.springframework.web.filter.OncePerRequestFilter.doFilter(OncePerRequestFilter.java:116)
	at org.apache.catalina.core.ApplicationFilterChain.internalDoFilter(ApplicationFilterChain.java:164)
	at org.apache.catalina.core.ApplicationFilterChain.doFilter(ApplicationFilterChain.java:140)
	at org.springframework.web.filter.FormContentFilter.doFilterInternal(FormContentFilter.java:93)
	at org.springframework.web.filter.OncePerRequestFilter.doFilter(OncePerRequestFilter.java:116)
	at org.apache.catalina.core.ApplicationFilterChain.internalDoFilter(ApplicationFilterChain.java:164)
	at org.apache.catalina.core.ApplicationFilterChain.doFilter(ApplicationFilterChain.java:140)
	at org.springframework.web.filter.CharacterEncodingFilter.doFilterInternal(CharacterEncodingFilter.java:201)
	at org.springframework.web.filter.OncePerRequestFilter.doFilter(OncePerRequestFilter.java:116)
	at org.apache.catalina.core.ApplicationFilterChain.internalDoFilter(ApplicationFilterChain.java:164)
	at org.apache.catalina.core.ApplicationFilterChain.doFilter(ApplicationFilterChain.java:140)
	at org.apache.catalina.core.StandardWrapperValve.invoke(StandardWrapperValve.java:167)
	at org.apache.catalina.core.StandardContextValve.invoke(StandardContextValve.java:90)
	at org.apache.catalina.authenticator.AuthenticatorBase.invoke(AuthenticatorBase.java:482)
	at org.apache.catalina.core.StandardHostValve.invoke(StandardHostValve.java:115)
	at org.apache.catalina.valves.ErrorReportValve.invoke(ErrorReportValve.java:93)
	at org.apache.catalina.core.StandardEngineValve.invoke(StandardEngineValve.java:74)
	at org.apache.catalina.connector.CoyoteAdapter.service(CoyoteAdapter.java:344)
	at org.apache.coyote.http11.Http11Processor.service(Http11Processor.java:389)
	at org.apache.coyote.AbstractProcessorLight.process(AbstractProcessorLight.java:63)
	at org.apache.coyote.AbstractProtocol$ConnectionHandler.process(AbstractProtocol.java:904)
	at org.apache.tomcat.util.net.NioEndpoint$SocketProcessor.doRun(NioEndpoint.java:1741)
	at org.apache.tomcat.util.net.SocketProcessorBase.run(SocketProcessorBase.java:52)
	at org.apache.tomcat.util.threads.ThreadPoolExecutor.runWorker(ThreadPoolExecutor.java:1190)
	at org.apache.tomcat.util.threads.ThreadPoolExecutor$Worker.run(ThreadPoolExecutor.java:659)
	at org.apache.tomcat.util.threads.TaskThread$WrappingRunnable.run(TaskThread.java:63)
	at java.base/java.lang.Thread.run(Thread.java:842)
16:57:41.492 [http-nio-8080-exec-1] WARN  o.s.w.s.m.s.DefaultHandlerExceptionResolver - Resolved [org.springframework.web.bind.MethodArgumentNotValidException: Validation failed for argument [0] in public org.springframework.http.ResponseEntity<com.project.contactsdemo.dto.GenericDTO<com.project.contactsdemo.dto.PersonResponseDTO>> com.project.contactsdemo.controller.PersonContactController.savePerson(com.project.contactsdemo.dto.PersonRequestDTO) with 2 errors: [Field error in object 'personRequestDTO' on field 'birthDate': rejected value [20-02-2020]; codes [ValidBirthdate.personRequestDTO.birthDate,ValidBirthdate.birthDate,ValidBirthdate.java.lang.String,ValidBirthdate]; arguments [org.springframework.context.support.DefaultMessageSourceResolvable: codes [personRequestDTO.birthDate,birthDate]; arguments []; default message [birthDate]]; default message [Invalid birthdate. Date must be in the past, and the person must be at least 18 years old.]] [Field error in object 'personRequestDTO' on field 'phoneNumber': rejected value [+90588888888888]; codes [ValidPhoneNumber.personRequestDTO.phoneNumber,ValidPhoneNumber.phoneNumber,ValidPhoneNumber.java.lang.String,ValidPhoneNumber]; arguments [org.springframework.context.support.DefaultMessageSourceResolvable: codes [personRequestDTO.phoneNumber,phoneNumber]; arguments []; default message [phoneNumber]]; default message [Invalid phone number.]] ]
16:57:41.493 [http-nio-8080-exec-1] INFO  c.p.c.l.LoggingInterceptor - Respone 400 /api/savePerson
16:57:41.496 [http-nio-8080-exec-1] INFO  c.p.c.loggingfilter.LoggingFilter - Response: Status=400, URI=/api/savePerson, Duration (Response Time)=541ms, Headers=[], Payload = org.apache.catalina.connector.ResponseFacade@1f54103d
16:57:41.521 [http-nio-8080-exec-1] INFO  c.p.c.l.LoggingInterceptor - Request: POST /error
16:57:41.598 [http-nio-8080-exec-1] INFO  c.p.c.l.LoggingInterceptor - Respone 400 /error
16:58:38.680 [http-nio-8080-exec-4] INFO  c.p.c.f.HeadersLoggingFilter - Header user-agent=0:0:0:0:0:0:0:1, IP = user-agent
16:58:38.681 [http-nio-8080-exec-4] INFO  c.p.c.f.HeadersLoggingFilter - Header accept=0:0:0:0:0:0:0:1, IP = accept
16:58:38.681 [http-nio-8080-exec-4] INFO  c.p.c.f.HeadersLoggingFilter - Header postman-token=0:0:0:0:0:0:0:1, IP = postman-token
16:58:38.681 [http-nio-8080-exec-4] INFO  c.p.c.f.HeadersLoggingFilter - Header host=0:0:0:0:0:0:0:1, IP = host
16:58:38.681 [http-nio-8080-exec-4] INFO  c.p.c.f.HeadersLoggingFilter - Header accept-encoding=0:0:0:0:0:0:0:1, IP = accept-encoding
16:58:38.681 [http-nio-8080-exec-4] INFO  c.p.c.f.HeadersLoggingFilter - Header connection=0:0:0:0:0:0:0:1, IP = connection
16:58:38.681 [http-nio-8080-exec-4] INFO  c.p.c.f.HeadersLoggingFilter - Header content-length=0:0:0:0:0:0:0:1, IP = content-length
16:58:38.681 [http-nio-8080-exec-4] INFO  c.p.c.loggingfilter.LoggingFilter - Request: Method=PUT, URI=/api/deleteContact/1000000000, Headers=user-agent=PostmanRuntime/7.43.0; accept=*/*; postman-token=d9a671c1-dd89-4a02-bd3c-e270089ef0dd; host=localhost:8080; accept-encoding=gzip, deflate, br; connection=keep-alive; content-length=0; , Request ID: 2b71e3e4-07aa-4a9e-91cc-0f5ba29ebbe6, Request IP  =0:0:0:0:0:0:0:1
16:58:38.682 [http-nio-8080-exec-4] INFO  c.p.c.l.LoggingInterceptor - Request: PUT /api/deleteContact/1000000000
16:58:50.699 [http-nio-8080-exec-4] INFO  c.p.c.l.LoggingInterceptor - Respone 400 /api/deleteContact/1000000000
16:58:50.699 [http-nio-8080-exec-4] INFO  c.p.c.loggingfilter.LoggingFilter - Response: Status=400, URI=/api/deleteContact/1000000000, Duration (Response Time)=12017ms, Headers=[Content-Type, Transfer-Encoding, Date, Connection], Payload = org.apache.catalina.connector.ResponseFacade@51e1c95a
16:59:26.216 [SpringApplicationShutdownHook] INFO  o.s.o.j.LocalContainerEntityManagerFactoryBean - Closing JPA EntityManagerFactory for persistence unit 'default'
16:59:26.219 [SpringApplicationShutdownHook] INFO  com.zaxxer.hikari.HikariDataSource - HikariPool-1 - Shutdown initiated...
16:59:26.223 [SpringApplicationShutdownHook] INFO  com.zaxxer.hikari.HikariDataSource - HikariPool-1 - Shutdown completed.
16:59:35.259 [background-preinit] INFO  o.h.validator.internal.util.Version - HV000001: Hibernate Validator 8.0.1.Final
16:59:35.308 [main] INFO  c.p.c.ContactsdemoApplication - Starting ContactsdemoApplication using Java 17.0.12 with PID 32616 (C:\Ayse Ceren - crud projects\contactsdemo\build\classes\java\main started by 16381136672 in C:\Ayse Ceren - crud projects\contactsdemo)
16:59:35.309 [main] INFO  c.p.c.ContactsdemoApplication - No active profile set, falling back to 1 default profile: "default"
16:59:36.219 [main] INFO  o.s.d.r.c.RepositoryConfigurationDelegate - Bootstrapping Spring Data JPA repositories in DEFAULT mode.
16:59:36.308 [main] INFO  o.s.d.r.c.RepositoryConfigurationDelegate - Finished Spring Data repository scanning in 77 ms. Found 2 JPA repository interfaces.
16:59:36.908 [main] INFO  o.s.b.w.e.tomcat.TomcatWebServer - Tomcat initialized with port 8080 (http)
16:59:36.922 [main] INFO  o.a.coyote.http11.Http11NioProtocol - Initializing ProtocolHandler ["http-nio-8080"]
16:59:36.924 [main] INFO  o.a.catalina.core.StandardService - Starting service [Tomcat]
16:59:36.924 [main] INFO  o.a.catalina.core.StandardEngine - Starting Servlet engine: [Apache Tomcat/10.1.25]
16:59:37.008 [main] INFO  o.a.c.c.C.[Tomcat].[localhost].[/] - Initializing Spring embedded WebApplicationContext
16:59:37.009 [main] INFO  o.s.b.w.s.c.ServletWebServerApplicationContext - Root WebApplicationContext: initialization completed in 1648 ms
16:59:37.177 [main] INFO  o.h.jpa.internal.util.LogHelper - HHH000204: Processing PersistenceUnitInfo [name: default]
16:59:37.237 [main] INFO  org.hibernate.Version - HHH000412: Hibernate ORM core version 6.4.9.Final
16:59:37.277 [main] INFO  o.h.c.i.RegionFactoryInitiator - HHH000026: Second-level cache disabled
16:59:37.561 [main] INFO  o.s.o.j.p.SpringPersistenceUnitInfo - No LoadTimeWeaver setup: ignoring JPA class transformer
16:59:37.592 [main] INFO  com.zaxxer.hikari.HikariDataSource - HikariPool-1 - Starting...
16:59:37.754 [main] INFO  com.zaxxer.hikari.pool.HikariPool - HikariPool-1 - Added connection org.postgresql.jdbc.PgConnection@636fccb0
16:59:37.757 [main] INFO  com.zaxxer.hikari.HikariDataSource - HikariPool-1 - Start completed.
16:59:37.789 [main] WARN  org.hibernate.orm.deprecation - HHH90000025: PostgreSQLDialect does not need to be specified explicitly using 'hibernate.dialect' (remove the property setting and it will be selected by default)
16:59:38.968 [main] INFO  o.s.o.j.LocalContainerEntityManagerFactoryBean - Initialized JPA EntityManagerFactory for persistence unit 'default'
16:59:40.254 [main] WARN  o.s.b.a.o.j.JpaBaseConfiguration$JpaWebConfiguration - spring.jpa.open-in-view is enabled by default. Therefore, database queries may be performed during view rendering. Explicitly configure spring.jpa.open-in-view to disable this warning
16:59:41.708 [main] INFO  o.s.d.j.r.query.QueryEnhancerFactory - Hibernate is in classpath; If applicable, HQL parser will be used.
16:59:42.665 [main] INFO  o.a.coyote.http11.Http11NioProtocol - Starting ProtocolHandler ["http-nio-8080"]
16:59:42.777 [main] INFO  o.s.b.w.e.tomcat.TomcatWebServer - Tomcat started on port 8080 (http) with context path ''
16:59:42.798 [main] INFO  c.p.c.ContactsdemoApplication - Started ContactsdemoApplication in 7.972 seconds (process running for 9.326)
16:59:50.891 [http-nio-8080-exec-2] INFO  o.a.c.c.C.[Tomcat].[localhost].[/] - Initializing Spring DispatcherServlet 'dispatcherServlet'
16:59:50.892 [http-nio-8080-exec-2] INFO  o.s.web.servlet.DispatcherServlet - Initializing Servlet 'dispatcherServlet'
16:59:50.893 [http-nio-8080-exec-2] INFO  o.s.web.servlet.DispatcherServlet - Completed initialization in 1 ms
16:59:50.911 [http-nio-8080-exec-2] INFO  c.p.c.f.HeadersLoggingFilter - Header user-agent=0:0:0:0:0:0:0:1, IP = user-agent
16:59:50.911 [http-nio-8080-exec-2] INFO  c.p.c.f.HeadersLoggingFilter - Header accept=0:0:0:0:0:0:0:1, IP = accept
16:59:50.911 [http-nio-8080-exec-2] INFO  c.p.c.f.HeadersLoggingFilter - Header postman-token=0:0:0:0:0:0:0:1, IP = postman-token
16:59:50.911 [http-nio-8080-exec-2] INFO  c.p.c.f.HeadersLoggingFilter - Header host=0:0:0:0:0:0:0:1, IP = host
16:59:50.912 [http-nio-8080-exec-2] INFO  c.p.c.f.HeadersLoggingFilter - Header accept-encoding=0:0:0:0:0:0:0:1, IP = accept-encoding
16:59:50.912 [http-nio-8080-exec-2] INFO  c.p.c.f.HeadersLoggingFilter - Header connection=0:0:0:0:0:0:0:1, IP = connection
16:59:50.912 [http-nio-8080-exec-2] INFO  c.p.c.f.HeadersLoggingFilter - Header content-length=0:0:0:0:0:0:0:1, IP = content-length
16:59:50.914 [http-nio-8080-exec-2] INFO  c.p.c.loggingfilter.LoggingFilter - Request: Method=PUT, URI=/api/deleteContact/1000000000, Headers=user-agent=PostmanRuntime/7.43.0; accept=*/*; postman-token=3f14d7fe-2950-4327-8b7a-505b06eaca6b; host=localhost:8080; accept-encoding=gzip, deflate, br; connection=keep-alive; content-length=0; , Request ID: 67c27b95-da2b-4e8b-9b85-f8e9452715c5, Request IP  =0:0:0:0:0:0:0:1
16:59:50.974 [http-nio-8080-exec-2] INFO  c.p.c.l.LoggingInterceptor - Request: PUT /api/deleteContact/1000000000
17:00:29.861 [HikariPool-1 housekeeper] WARN  com.zaxxer.hikari.pool.HikariPool - HikariPool-1 - Thread starvation or clock leap detected (housekeeper delta=51s999ms260µs800ns).
17:00:29.863 [http-nio-8080-exec-4] INFO  c.p.c.f.HeadersLoggingFilter - Header content-type=0:0:0:0:0:0:0:1, IP = content-type
17:00:29.863 [http-nio-8080-exec-4] INFO  c.p.c.f.HeadersLoggingFilter - Header user-agent=0:0:0:0:0:0:0:1, IP = user-agent
17:00:29.863 [http-nio-8080-exec-4] INFO  c.p.c.f.HeadersLoggingFilter - Header accept=0:0:0:0:0:0:0:1, IP = accept
17:00:29.864 [http-nio-8080-exec-4] INFO  c.p.c.f.HeadersLoggingFilter - Header postman-token=0:0:0:0:0:0:0:1, IP = postman-token
17:00:29.864 [http-nio-8080-exec-4] INFO  c.p.c.f.HeadersLoggingFilter - Header host=0:0:0:0:0:0:0:1, IP = host
17:00:29.864 [http-nio-8080-exec-4] INFO  c.p.c.f.HeadersLoggingFilter - Header accept-encoding=0:0:0:0:0:0:0:1, IP = accept-encoding
17:00:29.865 [http-nio-8080-exec-4] INFO  c.p.c.f.HeadersLoggingFilter - Header connection=0:0:0:0:0:0:0:1, IP = connection
17:00:29.865 [http-nio-8080-exec-4] INFO  c.p.c.f.HeadersLoggingFilter - Header content-length=0:0:0:0:0:0:0:1, IP = content-length
17:00:29.866 [http-nio-8080-exec-4] INFO  c.p.c.loggingfilter.LoggingFilter - Request: Method=POST, URI=/api/savePerson, Headers=content-type=application/json; user-agent=PostmanRuntime/7.43.0; accept=*/*; postman-token=59c9e93d-f700-404c-b4bf-2a98bd1f730f; host=localhost:8080; accept-encoding=gzip, deflate, br; connection=keep-alive; content-length=214; , Request ID: c038b82e-ec85-4ce6-8f02-b7e5d4adf749, Request IP  =0:0:0:0:0:0:0:1
17:00:29.868 [http-nio-8080-exec-4] INFO  c.p.c.l.LoggingInterceptor - Request: POST /api/savePerson
17:00:29.924 [http-nio-8080-exec-2] INFO  c.p.c.l.LoggingInterceptor - Respone 400 /api/deleteContact/1000000000
17:00:29.925 [http-nio-8080-exec-2] INFO  c.p.c.loggingfilter.LoggingFilter - Response: Status=400, URI=/api/deleteContact/1000000000, Duration (Response Time)=39011ms, Headers=[Content-Type, Transfer-Encoding, Date, Connection], Payload = org.apache.catalina.connector.ResponseFacade@4da1310e
17:00:29.993 [http-nio-8080-exec-4] WARN  o.s.w.s.m.m.a.ExceptionHandlerExceptionResolver - Failure in @ExceptionHandler com.project.contactsdemo.exception.GlobalExceptionHandler#handleValidationErrors(ValidationException)
java.lang.IllegalStateException: Could not resolve parameter [0] in public org.springframework.http.ResponseEntity<?> com.project.contactsdemo.exception.GlobalExceptionHandler.handleValidationErrors(jakarta.validation.ValidationException): No suitable resolver
	at org.springframework.web.method.support.InvocableHandlerMethod.getMethodArgumentValues(InvocableHandlerMethod.java:221)
	at org.springframework.web.method.support.InvocableHandlerMethod.invokeForRequest(InvocableHandlerMethod.java:178)
	at org.springframework.web.servlet.mvc.method.annotation.ServletInvocableHandlerMethod.invokeAndHandle(ServletInvocableHandlerMethod.java:118)
	at org.springframework.web.servlet.mvc.method.annotation.ExceptionHandlerExceptionResolver.doResolveHandlerMethodException(ExceptionHandlerExceptionResolver.java:432)
	at org.springframework.web.servlet.handler.AbstractHandlerMethodExceptionResolver.doResolveException(AbstractHandlerMethodExceptionResolver.java:74)
	at org.springframework.web.servlet.handler.AbstractHandlerExceptionResolver.resolveException(AbstractHandlerExceptionResolver.java:175)
	at org.springframework.web.servlet.handler.HandlerExceptionResolverComposite.resolveException(HandlerExceptionResolverComposite.java:80)
	at org.springframework.web.servlet.DispatcherServlet.processHandlerException(DispatcherServlet.java:1357)
	at org.springframework.web.servlet.DispatcherServlet.processDispatchResult(DispatcherServlet.java:1160)
	at org.springframework.web.servlet.DispatcherServlet.doDispatch(DispatcherServlet.java:1106)
	at org.springframework.web.servlet.DispatcherServlet.doService(DispatcherServlet.java:979)
	at org.springframework.web.servlet.FrameworkServlet.processRequest(FrameworkServlet.java:1014)
	at org.springframework.web.servlet.FrameworkServlet.doPost(FrameworkServlet.java:914)
	at jakarta.servlet.http.HttpServlet.service(HttpServlet.java:590)
	at org.springframework.web.servlet.FrameworkServlet.service(FrameworkServlet.java:885)
	at jakarta.servlet.http.HttpServlet.service(HttpServlet.java:658)
	at org.apache.catalina.core.ApplicationFilterChain.internalDoFilter(ApplicationFilterChain.java:195)
	at org.apache.catalina.core.ApplicationFilterChain.doFilter(ApplicationFilterChain.java:140)
	at org.apache.tomcat.websocket.server.WsFilter.doFilter(WsFilter.java:51)
	at org.apache.catalina.core.ApplicationFilterChain.internalDoFilter(ApplicationFilterChain.java:164)
	at org.apache.catalina.core.ApplicationFilterChain.doFilter(ApplicationFilterChain.java:140)
	at com.project.contactsdemo.loggingfilter.LoggingFilter.doFilterInternal(LoggingFilter.java:45)
	at org.springframework.web.filter.OncePerRequestFilter.doFilter(OncePerRequestFilter.java:116)
	at org.apache.catalina.core.ApplicationFilterChain.internalDoFilter(ApplicationFilterChain.java:164)
	at org.apache.catalina.core.ApplicationFilterChain.doFilter(ApplicationFilterChain.java:140)
	at com.project.contactsdemo.filterdeneme.HeadersLoggingFilter.doFilter(HeadersLoggingFilter.java:28)
	at org.apache.catalina.core.ApplicationFilterChain.internalDoFilter(ApplicationFilterChain.java:164)
	at org.apache.catalina.core.ApplicationFilterChain.doFilter(ApplicationFilterChain.java:140)
	at org.springframework.web.filter.RequestContextFilter.doFilterInternal(RequestContextFilter.java:100)
	at org.springframework.web.filter.OncePerRequestFilter.doFilter(OncePerRequestFilter.java:116)
	at org.apache.catalina.core.ApplicationFilterChain.internalDoFilter(ApplicationFilterChain.java:164)
	at org.apache.catalina.core.ApplicationFilterChain.doFilter(ApplicationFilterChain.java:140)
	at org.springframework.web.filter.FormContentFilter.doFilterInternal(FormContentFilter.java:93)
	at org.springframework.web.filter.OncePerRequestFilter.doFilter(OncePerRequestFilter.java:116)
	at org.apache.catalina.core.ApplicationFilterChain.internalDoFilter(ApplicationFilterChain.java:164)
	at org.apache.catalina.core.ApplicationFilterChain.doFilter(ApplicationFilterChain.java:140)
	at org.springframework.web.filter.CharacterEncodingFilter.doFilterInternal(CharacterEncodingFilter.java:201)
	at org.springframework.web.filter.OncePerRequestFilter.doFilter(OncePerRequestFilter.java:116)
	at org.apache.catalina.core.ApplicationFilterChain.internalDoFilter(ApplicationFilterChain.java:164)
	at org.apache.catalina.core.ApplicationFilterChain.doFilter(ApplicationFilterChain.java:140)
	at org.apache.catalina.core.StandardWrapperValve.invoke(StandardWrapperValve.java:167)
	at org.apache.catalina.core.StandardContextValve.invoke(StandardContextValve.java:90)
	at org.apache.catalina.authenticator.AuthenticatorBase.invoke(AuthenticatorBase.java:482)
	at org.apache.catalina.core.StandardHostValve.invoke(StandardHostValve.java:115)
	at org.apache.catalina.valves.ErrorReportValve.invoke(ErrorReportValve.java:93)
	at org.apache.catalina.core.StandardEngineValve.invoke(StandardEngineValve.java:74)
	at org.apache.catalina.connector.CoyoteAdapter.service(CoyoteAdapter.java:344)
	at org.apache.coyote.http11.Http11Processor.service(Http11Processor.java:389)
	at org.apache.coyote.AbstractProcessorLight.process(AbstractProcessorLight.java:63)
	at org.apache.coyote.AbstractProtocol$ConnectionHandler.process(AbstractProtocol.java:904)
	at org.apache.tomcat.util.net.NioEndpoint$SocketProcessor.doRun(NioEndpoint.java:1741)
	at org.apache.tomcat.util.net.SocketProcessorBase.run(SocketProcessorBase.java:52)
	at org.apache.tomcat.util.threads.ThreadPoolExecutor.runWorker(ThreadPoolExecutor.java:1190)
	at org.apache.tomcat.util.threads.ThreadPoolExecutor$Worker.run(ThreadPoolExecutor.java:659)
	at org.apache.tomcat.util.threads.TaskThread$WrappingRunnable.run(TaskThread.java:63)
	at java.base/java.lang.Thread.run(Thread.java:842)
17:00:29.996 [http-nio-8080-exec-4] WARN  o.s.w.s.m.s.DefaultHandlerExceptionResolver - Resolved [org.springframework.web.bind.MethodArgumentNotValidException: Validation failed for argument [0] in public org.springframework.http.ResponseEntity<com.project.contactsdemo.dto.GenericDTO<com.project.contactsdemo.dto.PersonResponseDTO>> com.project.contactsdemo.controller.PersonContactController.savePerson(com.project.contactsdemo.dto.PersonRequestDTO) with 2 errors: [Field error in object 'personRequestDTO' on field 'phoneNumber': rejected value [+90588888888888]; codes [ValidPhoneNumber.personRequestDTO.phoneNumber,ValidPhoneNumber.phoneNumber,ValidPhoneNumber.java.lang.String,ValidPhoneNumber]; arguments [org.springframework.context.support.DefaultMessageSourceResolvable: codes [personRequestDTO.phoneNumber,phoneNumber]; arguments []; default message [phoneNumber]]; default message [Invalid phone number.]] [Field error in object 'personRequestDTO' on field 'birthDate': rejected value [20-02-2020]; codes [ValidBirthdate.personRequestDTO.birthDate,ValidBirthdate.birthDate,ValidBirthdate.java.lang.String,ValidBirthdate]; arguments [org.springframework.context.support.DefaultMessageSourceResolvable: codes [personRequestDTO.birthDate,birthDate]; arguments []; default message [birthDate]]; default message [Invalid birthdate. Date must be in the past, and the person must be at least 18 years old.]] ]
17:00:29.997 [http-nio-8080-exec-4] INFO  c.p.c.l.LoggingInterceptor - Respone 400 /api/savePerson
17:00:29.997 [http-nio-8080-exec-4] INFO  c.p.c.loggingfilter.LoggingFilter - Response: Status=400, URI=/api/savePerson, Duration (Response Time)=130ms, Headers=[], Payload = org.apache.catalina.connector.ResponseFacade@3c7358f3
17:00:30.003 [http-nio-8080-exec-4] INFO  c.p.c.l.LoggingInterceptor - Request: POST /error
17:00:30.014 [http-nio-8080-exec-4] INFO  c.p.c.l.LoggingInterceptor - Respone 400 /error
17:00:30.055 [SpringApplicationShutdownHook] INFO  o.s.o.j.LocalContainerEntityManagerFactoryBean - Closing JPA EntityManagerFactory for persistence unit 'default'
17:00:30.057 [SpringApplicationShutdownHook] INFO  com.zaxxer.hikari.HikariDataSource - HikariPool-1 - Shutdown initiated...
17:00:30.061 [SpringApplicationShutdownHook] INFO  com.zaxxer.hikari.HikariDataSource - HikariPool-1 - Shutdown completed.
17:00:33.840 [background-preinit] INFO  o.h.validator.internal.util.Version - HV000001: Hibernate Validator 8.0.1.Final
17:00:33.883 [main] INFO  c.p.c.ContactsdemoApplication - Starting ContactsdemoApplication using Java 17.0.12 with PID 30092 (C:\Ayse Ceren - crud projects\contactsdemo\build\classes\java\main started by 16381136672 in C:\Ayse Ceren - crud projects\contactsdemo)
17:00:33.884 [main] INFO  c.p.c.ContactsdemoApplication - No active profile set, falling back to 1 default profile: "default"
17:00:34.789 [main] INFO  o.s.d.r.c.RepositoryConfigurationDelegate - Bootstrapping Spring Data JPA repositories in DEFAULT mode.
17:00:34.873 [main] INFO  o.s.d.r.c.RepositoryConfigurationDelegate - Finished Spring Data repository scanning in 76 ms. Found 2 JPA repository interfaces.
17:00:35.440 [main] INFO  o.s.b.w.e.tomcat.TomcatWebServer - Tomcat initialized with port 8080 (http)
17:00:35.452 [main] INFO  o.a.coyote.http11.Http11NioProtocol - Initializing ProtocolHandler ["http-nio-8080"]
17:00:35.453 [main] INFO  o.a.catalina.core.StandardService - Starting service [Tomcat]
17:00:35.453 [main] INFO  o.a.catalina.core.StandardEngine - Starting Servlet engine: [Apache Tomcat/10.1.25]
17:00:35.555 [main] INFO  o.a.c.c.C.[Tomcat].[localhost].[/] - Initializing Spring embedded WebApplicationContext
17:00:35.555 [main] INFO  o.s.b.w.s.c.ServletWebServerApplicationContext - Root WebApplicationContext: initialization completed in 1618 ms
17:00:35.747 [main] INFO  o.h.jpa.internal.util.LogHelper - HHH000204: Processing PersistenceUnitInfo [name: default]
17:00:35.810 [main] INFO  org.hibernate.Version - HHH000412: Hibernate ORM core version 6.4.9.Final
17:00:35.847 [main] INFO  o.h.c.i.RegionFactoryInitiator - HHH000026: Second-level cache disabled
17:00:36.115 [main] INFO  o.s.o.j.p.SpringPersistenceUnitInfo - No LoadTimeWeaver setup: ignoring JPA class transformer
17:00:36.145 [main] INFO  com.zaxxer.hikari.HikariDataSource - HikariPool-1 - Starting...
17:00:36.299 [main] INFO  com.zaxxer.hikari.pool.HikariPool - HikariPool-1 - Added connection org.postgresql.jdbc.PgConnection@628b503a
17:00:36.301 [main] INFO  com.zaxxer.hikari.HikariDataSource - HikariPool-1 - Start completed.
17:00:36.333 [main] WARN  org.hibernate.orm.deprecation - HHH90000025: PostgreSQLDialect does not need to be specified explicitly using 'hibernate.dialect' (remove the property setting and it will be selected by default)
17:00:37.498 [main] INFO  o.s.o.j.LocalContainerEntityManagerFactoryBean - Initialized JPA EntityManagerFactory for persistence unit 'default'
17:00:38.444 [main] WARN  o.s.b.a.o.j.JpaBaseConfiguration$JpaWebConfiguration - spring.jpa.open-in-view is enabled by default. Therefore, database queries may be performed during view rendering. Explicitly configure spring.jpa.open-in-view to disable this warning
17:00:39.764 [main] INFO  o.s.d.j.r.query.QueryEnhancerFactory - Hibernate is in classpath; If applicable, HQL parser will be used.
17:00:40.604 [main] INFO  o.a.coyote.http11.Http11NioProtocol - Starting ProtocolHandler ["http-nio-8080"]
17:00:40.699 [main] INFO  o.s.b.w.e.tomcat.TomcatWebServer - Tomcat started on port 8080 (http) with context path ''
17:00:40.724 [main] INFO  c.p.c.ContactsdemoApplication - Started ContactsdemoApplication in 7.311 seconds (process running for 8.651)
17:00:54.505 [http-nio-8080-exec-1] INFO  o.a.c.c.C.[Tomcat].[localhost].[/] - Initializing Spring DispatcherServlet 'dispatcherServlet'
17:00:54.506 [http-nio-8080-exec-1] INFO  o.s.web.servlet.DispatcherServlet - Initializing Servlet 'dispatcherServlet'
17:00:54.507 [http-nio-8080-exec-1] INFO  o.s.web.servlet.DispatcherServlet - Completed initialization in 1 ms
17:00:54.524 [http-nio-8080-exec-1] INFO  c.p.c.f.HeadersLoggingFilter - Header content-type=0:0:0:0:0:0:0:1, IP = content-type
17:00:54.524 [http-nio-8080-exec-1] INFO  c.p.c.f.HeadersLoggingFilter - Header user-agent=0:0:0:0:0:0:0:1, IP = user-agent
17:00:54.524 [http-nio-8080-exec-1] INFO  c.p.c.f.HeadersLoggingFilter - Header accept=0:0:0:0:0:0:0:1, IP = accept
17:00:54.524 [http-nio-8080-exec-1] INFO  c.p.c.f.HeadersLoggingFilter - Header postman-token=0:0:0:0:0:0:0:1, IP = postman-token
17:00:54.524 [http-nio-8080-exec-1] INFO  c.p.c.f.HeadersLoggingFilter - Header host=0:0:0:0:0:0:0:1, IP = host
17:00:54.524 [http-nio-8080-exec-1] INFO  c.p.c.f.HeadersLoggingFilter - Header accept-encoding=0:0:0:0:0:0:0:1, IP = accept-encoding
17:00:54.524 [http-nio-8080-exec-1] INFO  c.p.c.f.HeadersLoggingFilter - Header connection=0:0:0:0:0:0:0:1, IP = connection
17:00:54.524 [http-nio-8080-exec-1] INFO  c.p.c.f.HeadersLoggingFilter - Header content-length=0:0:0:0:0:0:0:1, IP = content-length
17:00:54.526 [http-nio-8080-exec-1] INFO  c.p.c.loggingfilter.LoggingFilter - Request: Method=POST, URI=/api/savePerson, Headers=content-type=application/json; user-agent=PostmanRuntime/7.43.0; accept=*/*; postman-token=03ec5de2-cf44-4360-b038-dddc85ae3445; host=localhost:8080; accept-encoding=gzip, deflate, br; connection=keep-alive; content-length=214; , Request ID: c984f38b-1760-4412-8863-dc5cdcc93069, Request IP  =0:0:0:0:0:0:0:1
17:00:54.575 [http-nio-8080-exec-1] INFO  c.p.c.l.LoggingInterceptor - Request: POST /api/savePerson
17:00:55.111 [http-nio-8080-exec-1] WARN  o.s.w.s.m.m.a.ExceptionHandlerExceptionResolver - Failure in @ExceptionHandler com.project.contactsdemo.exception.GlobalExceptionHandler#handleValidationErrors(ValidationException)
java.lang.IllegalStateException: Could not resolve parameter [0] in public org.springframework.http.ResponseEntity<?> com.project.contactsdemo.exception.GlobalExceptionHandler.handleValidationErrors(jakarta.validation.ValidationException): No suitable resolver
	at org.springframework.web.method.support.InvocableHandlerMethod.getMethodArgumentValues(InvocableHandlerMethod.java:221)
	at org.springframework.web.method.support.InvocableHandlerMethod.invokeForRequest(InvocableHandlerMethod.java:178)
	at org.springframework.web.servlet.mvc.method.annotation.ServletInvocableHandlerMethod.invokeAndHandle(ServletInvocableHandlerMethod.java:118)
	at org.springframework.web.servlet.mvc.method.annotation.ExceptionHandlerExceptionResolver.doResolveHandlerMethodException(ExceptionHandlerExceptionResolver.java:432)
	at org.springframework.web.servlet.handler.AbstractHandlerMethodExceptionResolver.doResolveException(AbstractHandlerMethodExceptionResolver.java:74)
	at org.springframework.web.servlet.handler.AbstractHandlerExceptionResolver.resolveException(AbstractHandlerExceptionResolver.java:175)
	at org.springframework.web.servlet.handler.HandlerExceptionResolverComposite.resolveException(HandlerExceptionResolverComposite.java:80)
	at org.springframework.web.servlet.DispatcherServlet.processHandlerException(DispatcherServlet.java:1357)
	at org.springframework.web.servlet.DispatcherServlet.processDispatchResult(DispatcherServlet.java:1160)
	at org.springframework.web.servlet.DispatcherServlet.doDispatch(DispatcherServlet.java:1106)
	at org.springframework.web.servlet.DispatcherServlet.doService(DispatcherServlet.java:979)
	at org.springframework.web.servlet.FrameworkServlet.processRequest(FrameworkServlet.java:1014)
	at org.springframework.web.servlet.FrameworkServlet.doPost(FrameworkServlet.java:914)
	at jakarta.servlet.http.HttpServlet.service(HttpServlet.java:590)
	at org.springframework.web.servlet.FrameworkServlet.service(FrameworkServlet.java:885)
	at jakarta.servlet.http.HttpServlet.service(HttpServlet.java:658)
	at org.apache.catalina.core.ApplicationFilterChain.internalDoFilter(ApplicationFilterChain.java:195)
	at org.apache.catalina.core.ApplicationFilterChain.doFilter(ApplicationFilterChain.java:140)
	at org.apache.tomcat.websocket.server.WsFilter.doFilter(WsFilter.java:51)
	at org.apache.catalina.core.ApplicationFilterChain.internalDoFilter(ApplicationFilterChain.java:164)
	at org.apache.catalina.core.ApplicationFilterChain.doFilter(ApplicationFilterChain.java:140)
	at com.project.contactsdemo.loggingfilter.LoggingFilter.doFilterInternal(LoggingFilter.java:45)
	at org.springframework.web.filter.OncePerRequestFilter.doFilter(OncePerRequestFilter.java:116)
	at org.apache.catalina.core.ApplicationFilterChain.internalDoFilter(ApplicationFilterChain.java:164)
	at org.apache.catalina.core.ApplicationFilterChain.doFilter(ApplicationFilterChain.java:140)
	at com.project.contactsdemo.filterdeneme.HeadersLoggingFilter.doFilter(HeadersLoggingFilter.java:28)
	at org.apache.catalina.core.ApplicationFilterChain.internalDoFilter(ApplicationFilterChain.java:164)
	at org.apache.catalina.core.ApplicationFilterChain.doFilter(ApplicationFilterChain.java:140)
	at org.springframework.web.filter.RequestContextFilter.doFilterInternal(RequestContextFilter.java:100)
	at org.springframework.web.filter.OncePerRequestFilter.doFilter(OncePerRequestFilter.java:116)
	at org.apache.catalina.core.ApplicationFilterChain.internalDoFilter(ApplicationFilterChain.java:164)
	at org.apache.catalina.core.ApplicationFilterChain.doFilter(ApplicationFilterChain.java:140)
	at org.springframework.web.filter.FormContentFilter.doFilterInternal(FormContentFilter.java:93)
	at org.springframework.web.filter.OncePerRequestFilter.doFilter(OncePerRequestFilter.java:116)
	at org.apache.catalina.core.ApplicationFilterChain.internalDoFilter(ApplicationFilterChain.java:164)
	at org.apache.catalina.core.ApplicationFilterChain.doFilter(ApplicationFilterChain.java:140)
	at org.springframework.web.filter.CharacterEncodingFilter.doFilterInternal(CharacterEncodingFilter.java:201)
	at org.springframework.web.filter.OncePerRequestFilter.doFilter(OncePerRequestFilter.java:116)
	at org.apache.catalina.core.ApplicationFilterChain.internalDoFilter(ApplicationFilterChain.java:164)
	at org.apache.catalina.core.ApplicationFilterChain.doFilter(ApplicationFilterChain.java:140)
	at org.apache.catalina.core.StandardWrapperValve.invoke(StandardWrapperValve.java:167)
	at org.apache.catalina.core.StandardContextValve.invoke(StandardContextValve.java:90)
	at org.apache.catalina.authenticator.AuthenticatorBase.invoke(AuthenticatorBase.java:482)
	at org.apache.catalina.core.StandardHostValve.invoke(StandardHostValve.java:115)
	at org.apache.catalina.valves.ErrorReportValve.invoke(ErrorReportValve.java:93)
	at org.apache.catalina.core.StandardEngineValve.invoke(StandardEngineValve.java:74)
	at org.apache.catalina.connector.CoyoteAdapter.service(CoyoteAdapter.java:344)
	at org.apache.coyote.http11.Http11Processor.service(Http11Processor.java:389)
	at org.apache.coyote.AbstractProcessorLight.process(AbstractProcessorLight.java:63)
	at org.apache.coyote.AbstractProtocol$ConnectionHandler.process(AbstractProtocol.java:904)
	at org.apache.tomcat.util.net.NioEndpoint$SocketProcessor.doRun(NioEndpoint.java:1741)
	at org.apache.tomcat.util.net.SocketProcessorBase.run(SocketProcessorBase.java:52)
	at org.apache.tomcat.util.threads.ThreadPoolExecutor.runWorker(ThreadPoolExecutor.java:1190)
	at org.apache.tomcat.util.threads.ThreadPoolExecutor$Worker.run(ThreadPoolExecutor.java:659)
	at org.apache.tomcat.util.threads.TaskThread$WrappingRunnable.run(TaskThread.java:63)
	at java.base/java.lang.Thread.run(Thread.java:842)
17:00:55.125 [http-nio-8080-exec-1] WARN  o.s.w.s.m.s.DefaultHandlerExceptionResolver - Resolved [org.springframework.web.bind.MethodArgumentNotValidException: Validation failed for argument [0] in public org.springframework.http.ResponseEntity<com.project.contactsdemo.dto.GenericDTO<com.project.contactsdemo.dto.PersonResponseDTO>> com.project.contactsdemo.controller.PersonContactController.savePerson(com.project.contactsdemo.dto.PersonRequestDTO) with 2 errors: [Field error in object 'personRequestDTO' on field 'phoneNumber': rejected value [+90588888888888]; codes [ValidPhoneNumber.personRequestDTO.phoneNumber,ValidPhoneNumber.phoneNumber,ValidPhoneNumber.java.lang.String,ValidPhoneNumber]; arguments [org.springframework.context.support.DefaultMessageSourceResolvable: codes [personRequestDTO.phoneNumber,phoneNumber]; arguments []; default message [phoneNumber]]; default message [Invalid phone number.]] [Field error in object 'personRequestDTO' on field 'birthDate': rejected value [20-02-2020]; codes [ValidBirthdate.personRequestDTO.birthDate,ValidBirthdate.birthDate,ValidBirthdate.java.lang.String,ValidBirthdate]; arguments [org.springframework.context.support.DefaultMessageSourceResolvable: codes [personRequestDTO.birthDate,birthDate]; arguments []; default message [birthDate]]; default message [Invalid birthdate. Date must be in the past, and the person must be at least 18 years old.]] ]
17:00:55.125 [http-nio-8080-exec-1] INFO  c.p.c.l.LoggingInterceptor - Respone 400 /api/savePerson
17:00:55.128 [http-nio-8080-exec-1] INFO  c.p.c.loggingfilter.LoggingFilter - Response: Status=400, URI=/api/savePerson, Duration (Response Time)=601ms, Headers=[], Payload = org.apache.catalina.connector.ResponseFacade@433ac3b7
17:00:55.162 [http-nio-8080-exec-1] INFO  c.p.c.l.LoggingInterceptor - Request: POST /error
17:00:55.249 [http-nio-8080-exec-1] INFO  c.p.c.l.LoggingInterceptor - Respone 400 /error
17:23:55.698 [SpringApplicationShutdownHook] INFO  o.s.o.j.LocalContainerEntityManagerFactoryBean - Closing JPA EntityManagerFactory for persistence unit 'default'
17:23:55.698 [SpringApplicationShutdownHook] INFO  com.zaxxer.hikari.HikariDataSource - HikariPool-1 - Shutdown initiated...
17:23:55.714 [SpringApplicationShutdownHook] INFO  com.zaxxer.hikari.HikariDataSource - HikariPool-1 - Shutdown completed.
