10:50:51.776 [background-preinit] INFO  o.h.validator.internal.util.Version - HV000001: Hibernate Validator 8.0.1.Final
10:50:51.850 [main] INFO  c.p.c.ContactsdemoApplication - Starting ContactsdemoApplication using Java 17.0.12 with PID 22192 (C:\Ayse Ceren - crud projects\contactsdemo\build\classes\java\main started by 16381136672 in C:\Ayse Ceren - crud projects\contactsdemo)
10:50:51.851 [main] INFO  c.p.c.ContactsdemoApplication - No active profile set, falling back to 1 default profile: "default"
10:50:53.290 [main] INFO  o.s.d.r.c.RepositoryConfigurationDelegate - Bootstrapping Spring Data JPA repositories in DEFAULT mode.
10:50:53.387 [main] INFO  o.s.d.r.c.RepositoryConfigurationDelegate - Finished Spring Data repository scanning in 87 ms. Found 2 JPA repository interfaces.
10:50:54.357 [main] INFO  o.s.b.w.e.tomcat.TomcatWebServer - Tomcat initialized with port 8080 (http)
10:50:54.371 [main] INFO  o.a.coyote.http11.Http11NioProtocol - Initializing ProtocolHandler ["http-nio-8080"]
10:50:54.373 [main] INFO  o.a.catalina.core.StandardService - Starting service [Tomcat]
10:50:54.373 [main] INFO  o.a.catalina.core.StandardEngine - Starting Servlet engine: [Apache Tomcat/10.1.25]
10:50:54.512 [main] INFO  o.a.c.c.C.[Tomcat].[localhost].[/] - Initializing Spring embedded WebApplicationContext
10:50:54.514 [main] INFO  o.s.b.w.s.c.ServletWebServerApplicationContext - Root WebApplicationContext: initialization completed in 2599 ms
10:50:54.824 [main] INFO  com.zaxxer.hikari.HikariDataSource - HikariPool-1 - Starting...
10:50:55.035 [main] INFO  com.zaxxer.hikari.pool.HikariPool - HikariPool-1 - Added connection org.postgresql.jdbc.PgConnection@27d98bef
10:50:55.037 [main] INFO  com.zaxxer.hikari.HikariDataSource - HikariPool-1 - Start completed.
10:50:55.218 [main] INFO  liquibase.database - Set default schema name to public
10:50:55.388 [main] INFO  liquibase.command - Command execution complete
10:50:55.396 [main] WARN  o.s.b.w.s.c.AnnotationConfigServletWebServerApplicationContext - Exception encountered during context initialization - cancelling refresh attempt: org.springframework.beans.factory.BeanCreationException: Error creating bean with name 'entityManagerFactory' defined in class path resource [org/springframework/boot/autoconfigure/orm/jpa/HibernateJpaConfiguration.class]: Failed to initialize dependency 'liquibase' of LoadTimeWeaverAware bean 'entityManagerFactory': Error creating bean with name 'liquibase' defined in class path resource [org/springframework/boot/autoconfigure/liquibase/LiquibaseAutoConfiguration$LiquibaseConfiguration.class]: liquibase.exception.ChangeLogParseException: classpath:/db/changelog/db.changelog-master.yaml does not exist
10:50:55.396 [main] INFO  com.zaxxer.hikari.HikariDataSource - HikariPool-1 - Shutdown initiated...
10:50:55.424 [main] INFO  com.zaxxer.hikari.HikariDataSource - HikariPool-1 - Shutdown completed.
10:50:55.438 [main] INFO  o.a.catalina.core.StandardService - Stopping service [Tomcat]
10:50:55.462 [main] INFO  o.s.b.a.l.ConditionEvaluationReportLogger - 

Error starting ApplicationContext. To display the condition evaluation report re-run your application with 'debug' enabled.
10:50:55.503 [main] ERROR o.s.b.d.LoggingFailureAnalysisReporter - 

***************************
APPLICATION FAILED TO START
***************************

Description:

Liquibase failed to start because no changelog could be found at 'classpath:/db/changelog/db.changelog-master.yaml'.

Action:

Make sure a Liquibase changelog is present at the configured path.

12:52:50.038 [background-preinit] INFO  o.h.validator.internal.util.Version - HV000001: Hibernate Validator 8.0.1.Final
12:52:50.092 [main] INFO  c.p.c.ContactsdemoApplication - Starting ContactsdemoApplication using Java 17.0.12 with PID 15304 (C:\Ayse Ceren - crud projects\contactsdemo\build\classes\java\main started by 16381136672 in C:\Ayse Ceren - crud projects\contactsdemo)
12:52:50.093 [main] INFO  c.p.c.ContactsdemoApplication - No active profile set, falling back to 1 default profile: "default"
12:52:51.427 [main] INFO  o.s.d.r.c.RepositoryConfigurationDelegate - Bootstrapping Spring Data JPA repositories in DEFAULT mode.
12:52:51.512 [main] INFO  o.s.d.r.c.RepositoryConfigurationDelegate - Finished Spring Data repository scanning in 76 ms. Found 2 JPA repository interfaces.
12:52:52.351 [main] INFO  o.s.b.w.e.tomcat.TomcatWebServer - Tomcat initialized with port 8080 (http)
12:52:52.372 [main] INFO  o.a.coyote.http11.Http11NioProtocol - Initializing ProtocolHandler ["http-nio-8080"]
12:52:52.374 [main] INFO  o.a.catalina.core.StandardService - Starting service [Tomcat]
12:52:52.375 [main] INFO  o.a.catalina.core.StandardEngine - Starting Servlet engine: [Apache Tomcat/10.1.25]
12:52:52.484 [main] INFO  o.a.c.c.C.[Tomcat].[localhost].[/] - Initializing Spring embedded WebApplicationContext
12:52:52.485 [main] INFO  o.s.b.w.s.c.ServletWebServerApplicationContext - Root WebApplicationContext: initialization completed in 2292 ms
12:52:52.714 [main] INFO  com.zaxxer.hikari.HikariDataSource - HikariPool-1 - Starting...
12:52:52.885 [main] INFO  com.zaxxer.hikari.pool.HikariPool - HikariPool-1 - Added connection org.postgresql.jdbc.PgConnection@28ce75ec
12:52:52.886 [main] INFO  com.zaxxer.hikari.HikariDataSource - HikariPool-1 - Start completed.
12:52:53.040 [main] INFO  liquibase.database - Set default schema name to public
12:52:53.152 [main] INFO  liquibase.command - Command execution complete
12:52:53.155 [main] WARN  o.s.b.w.s.c.AnnotationConfigServletWebServerApplicationContext - Exception encountered during context initialization - cancelling refresh attempt: org.springframework.beans.factory.BeanCreationException: Error creating bean with name 'entityManagerFactory' defined in class path resource [org/springframework/boot/autoconfigure/orm/jpa/HibernateJpaConfiguration.class]: Failed to initialize dependency 'liquibase' of LoadTimeWeaverAware bean 'entityManagerFactory': Error creating bean with name 'liquibase' defined in class path resource [org/springframework/boot/autoconfigure/liquibase/LiquibaseAutoConfiguration$LiquibaseConfiguration.class]: liquibase.exception.ChangeLogParseException: classpath:/db/changelog/db.changelog-master.yaml does not exist
12:52:53.155 [main] INFO  com.zaxxer.hikari.HikariDataSource - HikariPool-1 - Shutdown initiated...
12:52:53.188 [main] INFO  com.zaxxer.hikari.HikariDataSource - HikariPool-1 - Shutdown completed.
12:52:53.193 [main] INFO  o.a.catalina.core.StandardService - Stopping service [Tomcat]
12:52:53.212 [main] INFO  o.s.b.a.l.ConditionEvaluationReportLogger - 

Error starting ApplicationContext. To display the condition evaluation report re-run your application with 'debug' enabled.
12:52:53.235 [main] ERROR o.s.b.d.LoggingFailureAnalysisReporter - 

***************************
APPLICATION FAILED TO START
***************************

Description:

Liquibase failed to start because no changelog could be found at 'classpath:/db/changelog/db.changelog-master.yaml'.

Action:

Make sure a Liquibase changelog is present at the configured path.

13:44:57.080 [background-preinit] INFO  o.h.validator.internal.util.Version - HV000001: Hibernate Validator 8.0.1.Final
13:44:57.134 [main] INFO  c.p.c.ContactsdemoApplication - Starting ContactsdemoApplication using Java 17.0.12 with PID 12456 (C:\Ayse Ceren - crud projects\contactsdemo\build\classes\java\main started by 16381136672 in C:\Ayse Ceren - crud projects\contactsdemo)
13:44:57.135 [main] INFO  c.p.c.ContactsdemoApplication - No active profile set, falling back to 1 default profile: "default"
13:44:58.467 [main] INFO  o.s.d.r.c.RepositoryConfigurationDelegate - Bootstrapping Spring Data JPA repositories in DEFAULT mode.
13:44:58.544 [main] INFO  o.s.d.r.c.RepositoryConfigurationDelegate - Finished Spring Data repository scanning in 70 ms. Found 2 JPA repository interfaces.
13:44:59.322 [main] INFO  o.s.b.w.e.tomcat.TomcatWebServer - Tomcat initialized with port 8080 (http)
13:44:59.335 [main] INFO  o.a.coyote.http11.Http11NioProtocol - Initializing ProtocolHandler ["http-nio-8080"]
13:44:59.337 [main] INFO  o.a.catalina.core.StandardService - Starting service [Tomcat]
13:44:59.338 [main] INFO  o.a.catalina.core.StandardEngine - Starting Servlet engine: [Apache Tomcat/10.1.25]
13:44:59.444 [main] INFO  o.a.c.c.C.[Tomcat].[localhost].[/] - Initializing Spring embedded WebApplicationContext
13:44:59.444 [main] INFO  o.s.b.w.s.c.ServletWebServerApplicationContext - Root WebApplicationContext: initialization completed in 2245 ms
13:44:59.653 [main] INFO  com.zaxxer.hikari.HikariDataSource - HikariPool-1 - Starting...
13:44:59.813 [main] INFO  com.zaxxer.hikari.pool.HikariPool - HikariPool-1 - Added connection org.postgresql.jdbc.PgConnection@4a2e1e52
13:44:59.815 [main] INFO  com.zaxxer.hikari.HikariDataSource - HikariPool-1 - Start completed.
13:44:59.952 [main] INFO  liquibase.database - Set default schema name to public
13:45:00.060 [main] INFO  liquibase.command - Command execution complete
13:45:00.063 [main] WARN  o.s.b.w.s.c.AnnotationConfigServletWebServerApplicationContext - Exception encountered during context initialization - cancelling refresh attempt: org.springframework.beans.factory.BeanCreationException: Error creating bean with name 'entityManagerFactory' defined in class path resource [org/springframework/boot/autoconfigure/orm/jpa/HibernateJpaConfiguration.class]: Failed to initialize dependency 'liquibase' of LoadTimeWeaverAware bean 'entityManagerFactory': Error creating bean with name 'liquibase' defined in class path resource [org/springframework/boot/autoconfigure/liquibase/LiquibaseAutoConfiguration$LiquibaseConfiguration.class]: liquibase.exception.ChangeLogParseException: classpath:/db/changelog/db.changelog-master.yaml does not exist
13:45:00.064 [main] INFO  com.zaxxer.hikari.HikariDataSource - HikariPool-1 - Shutdown initiated...
13:45:00.089 [main] INFO  com.zaxxer.hikari.HikariDataSource - HikariPool-1 - Shutdown completed.
13:45:00.093 [main] INFO  o.a.catalina.core.StandardService - Stopping service [Tomcat]
13:45:00.119 [main] INFO  o.s.b.a.l.ConditionEvaluationReportLogger - 

Error starting ApplicationContext. To display the condition evaluation report re-run your application with 'debug' enabled.
13:45:00.144 [main] ERROR o.s.b.d.LoggingFailureAnalysisReporter - 

***************************
APPLICATION FAILED TO START
***************************

Description:

Liquibase failed to start because no changelog could be found at 'classpath:/db/changelog/db.changelog-master.yaml'.

Action:

Make sure a Liquibase changelog is present at the configured path.

13:50:45.138 [background-preinit] INFO  o.h.validator.internal.util.Version - HV000001: Hibernate Validator 8.0.1.Final
13:50:45.201 [main] INFO  c.p.c.ContactsdemoApplication - Starting ContactsdemoApplication using Java 17.0.12 with PID 22644 (C:\Ayse Ceren - crud projects\contactsdemo\build\classes\java\main started by 16381136672 in C:\Ayse Ceren - crud projects\contactsdemo)
13:50:45.202 [main] INFO  c.p.c.ContactsdemoApplication - No active profile set, falling back to 1 default profile: "default"
13:50:46.569 [main] INFO  o.s.d.r.c.RepositoryConfigurationDelegate - Bootstrapping Spring Data JPA repositories in DEFAULT mode.
13:50:46.649 [main] INFO  o.s.d.r.c.RepositoryConfigurationDelegate - Finished Spring Data repository scanning in 71 ms. Found 2 JPA repository interfaces.
13:50:47.467 [main] INFO  o.s.b.w.e.tomcat.TomcatWebServer - Tomcat initialized with port 8080 (http)
13:50:47.478 [main] INFO  o.a.coyote.http11.Http11NioProtocol - Initializing ProtocolHandler ["http-nio-8080"]
13:50:47.480 [main] INFO  o.a.catalina.core.StandardService - Starting service [Tomcat]
13:50:47.480 [main] INFO  o.a.catalina.core.StandardEngine - Starting Servlet engine: [Apache Tomcat/10.1.25]
13:50:47.571 [main] INFO  o.a.c.c.C.[Tomcat].[localhost].[/] - Initializing Spring embedded WebApplicationContext
13:50:47.571 [main] INFO  o.s.b.w.s.c.ServletWebServerApplicationContext - Root WebApplicationContext: initialization completed in 2309 ms
13:50:47.803 [main] INFO  com.zaxxer.hikari.HikariDataSource - HikariPool-1 - Starting...
13:50:47.955 [main] INFO  com.zaxxer.hikari.pool.HikariPool - HikariPool-1 - Added connection org.postgresql.jdbc.PgConnection@c94bd18
13:50:47.957 [main] INFO  com.zaxxer.hikari.HikariDataSource - HikariPool-1 - Start completed.
13:50:48.095 [main] INFO  liquibase.database - Set default schema name to public
13:50:48.204 [main] INFO  liquibase.command - Command execution complete
13:50:48.207 [main] WARN  o.s.b.w.s.c.AnnotationConfigServletWebServerApplicationContext - Exception encountered during context initialization - cancelling refresh attempt: org.springframework.beans.factory.BeanCreationException: Error creating bean with name 'entityManagerFactory' defined in class path resource [org/springframework/boot/autoconfigure/orm/jpa/HibernateJpaConfiguration.class]: Failed to initialize dependency 'liquibase' of LoadTimeWeaverAware bean 'entityManagerFactory': Error creating bean with name 'liquibase' defined in class path resource [org/springframework/boot/autoconfigure/liquibase/LiquibaseAutoConfiguration$LiquibaseConfiguration.class]: liquibase.exception.ChangeLogParseException: classpath:/db/changelog/db.changelog-master.yaml does not exist
13:50:48.207 [main] INFO  com.zaxxer.hikari.HikariDataSource - HikariPool-1 - Shutdown initiated...
13:50:48.211 [main] INFO  com.zaxxer.hikari.HikariDataSource - HikariPool-1 - Shutdown completed.
13:50:48.214 [main] INFO  o.a.catalina.core.StandardService - Stopping service [Tomcat]
13:50:48.231 [main] INFO  o.s.b.a.l.ConditionEvaluationReportLogger - 

Error starting ApplicationContext. To display the condition evaluation report re-run your application with 'debug' enabled.
13:50:48.251 [main] ERROR o.s.b.d.LoggingFailureAnalysisReporter - 

***************************
APPLICATION FAILED TO START
***************************

Description:

Liquibase failed to start because no changelog could be found at 'classpath:/db/changelog/db.changelog-master.yaml'.

Action:

Make sure a Liquibase changelog is present at the configured path.

16:20:42.289 [background-preinit] INFO  o.h.validator.internal.util.Version - HV000001: Hibernate Validator 8.0.1.Final
16:20:42.344 [main] INFO  c.p.c.ContactsdemoApplication - Starting ContactsdemoApplication using Java 17.0.12 with PID 12932 (C:\Ayse Ceren - crud projects\contactsdemo\build\classes\java\main started by 16381136672 in C:\Ayse Ceren - crud projects\contactsdemo)
16:20:42.345 [main] INFO  c.p.c.ContactsdemoApplication - No active profile set, falling back to 1 default profile: "default"
16:20:43.744 [main] INFO  o.s.d.r.c.RepositoryConfigurationDelegate - Bootstrapping Spring Data JPA repositories in DEFAULT mode.
16:20:43.830 [main] INFO  o.s.d.r.c.RepositoryConfigurationDelegate - Finished Spring Data repository scanning in 76 ms. Found 2 JPA repository interfaces.
16:20:44.736 [main] INFO  o.s.b.w.e.tomcat.TomcatWebServer - Tomcat initialized with port 8080 (http)
16:20:44.748 [main] INFO  o.a.coyote.http11.Http11NioProtocol - Initializing ProtocolHandler ["http-nio-8080"]
16:20:44.750 [main] INFO  o.a.catalina.core.StandardService - Starting service [Tomcat]
16:20:44.750 [main] INFO  o.a.catalina.core.StandardEngine - Starting Servlet engine: [Apache Tomcat/10.1.25]
16:20:44.851 [main] INFO  o.a.c.c.C.[Tomcat].[localhost].[/] - Initializing Spring embedded WebApplicationContext
16:20:44.851 [main] INFO  o.s.b.w.s.c.ServletWebServerApplicationContext - Root WebApplicationContext: initialization completed in 2423 ms
16:20:45.084 [main] INFO  com.zaxxer.hikari.HikariDataSource - HikariPool-1 - Starting...
16:20:45.267 [main] INFO  com.zaxxer.hikari.pool.HikariPool - HikariPool-1 - Added connection org.postgresql.jdbc.PgConnection@674184d
16:20:45.269 [main] INFO  com.zaxxer.hikari.HikariDataSource - HikariPool-1 - Start completed.
16:20:45.421 [main] INFO  liquibase.database - Set default schema name to public
16:20:45.572 [main] INFO  liquibase.command - Command execution complete
16:20:45.576 [main] WARN  o.s.b.w.s.c.AnnotationConfigServletWebServerApplicationContext - Exception encountered during context initialization - cancelling refresh attempt: org.springframework.beans.factory.BeanCreationException: Error creating bean with name 'entityManagerFactory' defined in class path resource [org/springframework/boot/autoconfigure/orm/jpa/HibernateJpaConfiguration.class]: Failed to initialize dependency 'liquibase' of LoadTimeWeaverAware bean 'entityManagerFactory': Error creating bean with name 'liquibase' defined in class path resource [org/springframework/boot/autoconfigure/liquibase/LiquibaseAutoConfiguration$LiquibaseConfiguration.class]: liquibase.exception.ChangeLogParseException: classpath:/db/changelog/db.changelog-master.yaml does not exist
16:20:45.577 [main] INFO  com.zaxxer.hikari.HikariDataSource - HikariPool-1 - Shutdown initiated...
16:20:45.629 [main] INFO  com.zaxxer.hikari.HikariDataSource - HikariPool-1 - Shutdown completed.
16:20:45.635 [main] INFO  o.a.catalina.core.StandardService - Stopping service [Tomcat]
16:20:45.662 [main] INFO  o.s.b.a.l.ConditionEvaluationReportLogger - 

Error starting ApplicationContext. To display the condition evaluation report re-run your application with 'debug' enabled.
16:20:45.684 [main] ERROR o.s.b.d.LoggingFailureAnalysisReporter - 

***************************
APPLICATION FAILED TO START
***************************

Description:

Liquibase failed to start because no changelog could be found at 'classpath:/db/changelog/db.changelog-master.yaml'.

Action:

Make sure a Liquibase changelog is present at the configured path.

16:52:33.651 [background-preinit] INFO  o.h.validator.internal.util.Version - HV000001: Hibernate Validator 8.0.1.Final
16:52:33.706 [main] INFO  c.p.c.ContactsdemoApplication - Starting ContactsdemoApplication using Java 17.0.12 with PID 18744 (C:\Ayse Ceren - crud projects\contactsdemo\build\classes\java\main started by 16381136672 in C:\Ayse Ceren - crud projects\contactsdemo)
16:52:33.707 [main] INFO  c.p.c.ContactsdemoApplication - No active profile set, falling back to 1 default profile: "default"
16:52:35.192 [main] INFO  o.s.d.r.c.RepositoryConfigurationDelegate - Bootstrapping Spring Data JPA repositories in DEFAULT mode.
16:52:35.286 [main] INFO  o.s.d.r.c.RepositoryConfigurationDelegate - Finished Spring Data repository scanning in 86 ms. Found 2 JPA repository interfaces.
16:52:36.182 [main] INFO  o.s.b.w.e.tomcat.TomcatWebServer - Tomcat initialized with port 8080 (http)
16:52:36.202 [main] INFO  o.a.coyote.http11.Http11NioProtocol - Initializing ProtocolHandler ["http-nio-8080"]
16:52:36.204 [main] INFO  o.a.catalina.core.StandardService - Starting service [Tomcat]
16:52:36.204 [main] INFO  o.a.catalina.core.StandardEngine - Starting Servlet engine: [Apache Tomcat/10.1.25]
16:52:36.302 [main] INFO  o.a.c.c.C.[Tomcat].[localhost].[/] - Initializing Spring embedded WebApplicationContext
16:52:36.303 [main] INFO  o.s.b.w.s.c.ServletWebServerApplicationContext - Root WebApplicationContext: initialization completed in 2521 ms
16:52:36.546 [main] INFO  com.zaxxer.hikari.HikariDataSource - HikariPool-1 - Starting...
16:52:36.725 [main] INFO  com.zaxxer.hikari.pool.HikariPool - HikariPool-1 - Added connection org.postgresql.jdbc.PgConnection@3611153f
16:52:36.727 [main] INFO  com.zaxxer.hikari.HikariDataSource - HikariPool-1 - Start completed.
16:52:36.893 [main] INFO  liquibase.database - Set default schema name to public
16:52:37.011 [main] INFO  liquibase.command - Command execution complete
16:52:37.016 [main] WARN  o.s.b.w.s.c.AnnotationConfigServletWebServerApplicationContext - Exception encountered during context initialization - cancelling refresh attempt: org.springframework.beans.factory.BeanCreationException: Error creating bean with name 'entityManagerFactory' defined in class path resource [org/springframework/boot/autoconfigure/orm/jpa/HibernateJpaConfiguration.class]: Failed to initialize dependency 'liquibase' of LoadTimeWeaverAware bean 'entityManagerFactory': Error creating bean with name 'liquibase' defined in class path resource [org/springframework/boot/autoconfigure/liquibase/LiquibaseAutoConfiguration$LiquibaseConfiguration.class]: liquibase.exception.ChangeLogParseException: classpath:/db/changelog/db.changelog-master.yaml does not exist
16:52:37.016 [main] INFO  com.zaxxer.hikari.HikariDataSource - HikariPool-1 - Shutdown initiated...
16:52:37.021 [main] INFO  com.zaxxer.hikari.HikariDataSource - HikariPool-1 - Shutdown completed.
16:52:37.027 [main] INFO  o.a.catalina.core.StandardService - Stopping service [Tomcat]
16:52:37.050 [main] INFO  o.s.b.a.l.ConditionEvaluationReportLogger - 

Error starting ApplicationContext. To display the condition evaluation report re-run your application with 'debug' enabled.
16:52:37.071 [main] ERROR o.s.b.d.LoggingFailureAnalysisReporter - 

***************************
APPLICATION FAILED TO START
***************************

Description:

Liquibase failed to start because no changelog could be found at 'classpath:/db/changelog/db.changelog-master.yaml'.

Action:

Make sure a Liquibase changelog is present at the configured path.

16:54:35.329 [background-preinit] INFO  o.h.validator.internal.util.Version - HV000001: Hibernate Validator 8.0.1.Final
16:54:35.386 [main] INFO  c.p.c.ContactsdemoApplication - Starting ContactsdemoApplication using Java 17.0.12 with PID 18428 (C:\Ayse Ceren - crud projects\contactsdemo\build\classes\java\main started by 16381136672 in C:\Ayse Ceren - crud projects\contactsdemo)
16:54:35.388 [main] INFO  c.p.c.ContactsdemoApplication - No active profile set, falling back to 1 default profile: "default"
16:54:36.892 [main] INFO  o.s.d.r.c.RepositoryConfigurationDelegate - Bootstrapping Spring Data JPA repositories in DEFAULT mode.
16:54:36.984 [main] INFO  o.s.d.r.c.RepositoryConfigurationDelegate - Finished Spring Data repository scanning in 82 ms. Found 2 JPA repository interfaces.
16:54:37.828 [main] INFO  o.s.b.w.e.tomcat.TomcatWebServer - Tomcat initialized with port 8080 (http)
16:54:37.838 [main] INFO  o.a.coyote.http11.Http11NioProtocol - Initializing ProtocolHandler ["http-nio-8080"]
16:54:37.841 [main] INFO  o.a.catalina.core.StandardService - Starting service [Tomcat]
16:54:37.841 [main] INFO  o.a.catalina.core.StandardEngine - Starting Servlet engine: [Apache Tomcat/10.1.25]
16:54:37.935 [main] INFO  o.a.c.c.C.[Tomcat].[localhost].[/] - Initializing Spring embedded WebApplicationContext
16:54:37.936 [main] INFO  o.s.b.w.s.c.ServletWebServerApplicationContext - Root WebApplicationContext: initialization completed in 2479 ms
16:54:38.165 [main] INFO  com.zaxxer.hikari.HikariDataSource - HikariPool-1 - Starting...
16:54:38.334 [main] INFO  com.zaxxer.hikari.pool.HikariPool - HikariPool-1 - Added connection org.postgresql.jdbc.PgConnection@2712e8f4
16:54:38.336 [main] INFO  com.zaxxer.hikari.HikariDataSource - HikariPool-1 - Start completed.
16:54:38.496 [main] INFO  liquibase.database - Set default schema name to public
16:54:39.038 [main] INFO  liquibase.changelog - Creating database history table with name: public.databasechangelog
16:54:39.098 [main] INFO  liquibase.changelog - Reading from public.databasechangelog
16:54:39.213 [main] INFO  liquibase.lockservice - Successfully acquired change log lock
16:54:39.217 [main] INFO  liquibase.command - Using deploymentId: 2478879217
16:54:39.220 [main] INFO  liquibase.changelog - Reading from public.databasechangelog
16:54:39.273 [main] INFO  liquibase.changelog - Table person created
16:54:39.280 [main] INFO  liquibase.changelog - ChangeSet db/script/person.xml::202503201251::16381136672 ran successfully in 24ms
16:54:39.303 [main] ERROR liquibase.changelog - ChangeSet db/script/contact.xml::202503201156::ayse.ceren.coban encountered an exception.
16:54:39.310 [main] INFO  liquibase.command - Update command encountered an exception.
16:54:39.318 [main] INFO  liquibase.lockservice - Successfully released change log lock
16:54:39.320 [main] INFO  liquibase.command - Command execution complete
16:54:39.324 [main] WARN  o.s.b.w.s.c.AnnotationConfigServletWebServerApplicationContext - Exception encountered during context initialization - cancelling refresh attempt: org.springframework.beans.factory.BeanCreationException: Error creating bean with name 'entityManagerFactory' defined in class path resource [org/springframework/boot/autoconfigure/orm/jpa/HibernateJpaConfiguration.class]: Failed to initialize dependency 'liquibase' of LoadTimeWeaverAware bean 'entityManagerFactory': Error creating bean with name 'liquibase' defined in class path resource [org/springframework/boot/autoconfigure/liquibase/LiquibaseAutoConfiguration$LiquibaseConfiguration.class]: liquibase.exception.LiquibaseException: liquibase.exception.MigrationFailedException: Migration failed for changeset db/script/contact.xml::202503201156::ayse.ceren.coban:
     Reason: liquibase.exception.DatabaseException: ERROR: relation "contacts" already exists [Failed SQL: (0) CREATE TABLE public.contacts (id BIGINT GENERATED BY DEFAULT AS IDENTITY NOT NULL, contact_name VARCHAR(100) NOT NULL, contact_phone VARCHAR(20), contact_status INTEGER DEFAULT 1 NOT NULL, person_id BIGINT NOT NULL, CONSTRAINT contacts_pkey PRIMARY KEY (id), CONSTRAINT fk_contacts_person FOREIGN KEY (person_id) REFERENCES public.person(id), UNIQUE (contact_phone))]
16:54:39.324 [main] INFO  com.zaxxer.hikari.HikariDataSource - HikariPool-1 - Shutdown initiated...
16:54:39.331 [main] INFO  com.zaxxer.hikari.HikariDataSource - HikariPool-1 - Shutdown completed.
16:54:39.336 [main] INFO  o.a.catalina.core.StandardService - Stopping service [Tomcat]
16:54:39.355 [main] INFO  o.s.b.a.l.ConditionEvaluationReportLogger - 

Error starting ApplicationContext. To display the condition evaluation report re-run your application with 'debug' enabled.
16:54:39.374 [main] ERROR o.s.boot.SpringApplication - Application run failed
org.springframework.beans.factory.BeanCreationException: Error creating bean with name 'entityManagerFactory' defined in class path resource [org/springframework/boot/autoconfigure/orm/jpa/HibernateJpaConfiguration.class]: Failed to initialize dependency 'liquibase' of LoadTimeWeaverAware bean 'entityManagerFactory': Error creating bean with name 'liquibase' defined in class path resource [org/springframework/boot/autoconfigure/liquibase/LiquibaseAutoConfiguration$LiquibaseConfiguration.class]: liquibase.exception.LiquibaseException: liquibase.exception.MigrationFailedException: Migration failed for changeset db/script/contact.xml::202503201156::ayse.ceren.coban:
     Reason: liquibase.exception.DatabaseException: ERROR: relation "contacts" already exists [Failed SQL: (0) CREATE TABLE public.contacts (id BIGINT GENERATED BY DEFAULT AS IDENTITY NOT NULL, contact_name VARCHAR(100) NOT NULL, contact_phone VARCHAR(20), contact_status INTEGER DEFAULT 1 NOT NULL, person_id BIGINT NOT NULL, CONSTRAINT contacts_pkey PRIMARY KEY (id), CONSTRAINT fk_contacts_person FOREIGN KEY (person_id) REFERENCES public.person(id), UNIQUE (contact_phone))]
	at org.springframework.beans.factory.support.AbstractBeanFactory.doGetBean(AbstractBeanFactory.java:326)
	at org.springframework.beans.factory.support.AbstractBeanFactory.getBean(AbstractBeanFactory.java:205)
	at org.springframework.context.support.AbstractApplicationContext.finishBeanFactoryInitialization(AbstractApplicationContext.java:952)
	at org.springframework.context.support.AbstractApplicationContext.refresh(AbstractApplicationContext.java:624)
	at org.springframework.boot.web.servlet.context.ServletWebServerApplicationContext.refresh(ServletWebServerApplicationContext.java:146)
	at org.springframework.boot.SpringApplication.refresh(SpringApplication.java:754)
	at org.springframework.boot.SpringApplication.refreshContext(SpringApplication.java:456)
	at org.springframework.boot.SpringApplication.run(SpringApplication.java:335)
	at org.springframework.boot.SpringApplication.run(SpringApplication.java:1363)
	at org.springframework.boot.SpringApplication.run(SpringApplication.java:1352)
	at com.project.contactsdemo.ContactsdemoApplication.main(ContactsdemoApplication.java:10)
Caused by: org.springframework.beans.factory.BeanCreationException: Error creating bean with name 'liquibase' defined in class path resource [org/springframework/boot/autoconfigure/liquibase/LiquibaseAutoConfiguration$LiquibaseConfiguration.class]: liquibase.exception.LiquibaseException: liquibase.exception.MigrationFailedException: Migration failed for changeset db/script/contact.xml::202503201156::ayse.ceren.coban:
     Reason: liquibase.exception.DatabaseException: ERROR: relation "contacts" already exists [Failed SQL: (0) CREATE TABLE public.contacts (id BIGINT GENERATED BY DEFAULT AS IDENTITY NOT NULL, contact_name VARCHAR(100) NOT NULL, contact_phone VARCHAR(20), contact_status INTEGER DEFAULT 1 NOT NULL, person_id BIGINT NOT NULL, CONSTRAINT contacts_pkey PRIMARY KEY (id), CONSTRAINT fk_contacts_person FOREIGN KEY (person_id) REFERENCES public.person(id), UNIQUE (contact_phone))]
	at org.springframework.beans.factory.support.AbstractAutowireCapableBeanFactory.initializeBean(AbstractAutowireCapableBeanFactory.java:1788)
	at org.springframework.beans.factory.support.AbstractAutowireCapableBeanFactory.doCreateBean(AbstractAutowireCapableBeanFactory.java:600)
	at org.springframework.beans.factory.support.AbstractAutowireCapableBeanFactory.createBean(AbstractAutowireCapableBeanFactory.java:522)
	at org.springframework.beans.factory.support.AbstractBeanFactory.lambda$doGetBean$0(AbstractBeanFactory.java:337)
	at org.springframework.beans.factory.support.DefaultSingletonBeanRegistry.getSingleton(DefaultSingletonBeanRegistry.java:234)
	at org.springframework.beans.factory.support.AbstractBeanFactory.doGetBean(AbstractBeanFactory.java:335)
	at org.springframework.beans.factory.support.AbstractBeanFactory.getBean(AbstractBeanFactory.java:200)
	at org.springframework.beans.factory.support.AbstractBeanFactory.doGetBean(AbstractBeanFactory.java:313)
	... 10 common frames omitted
Caused by: liquibase.exception.CommandExecutionException: liquibase.exception.LiquibaseException: liquibase.exception.MigrationFailedException: Migration failed for changeset db/script/contact.xml::202503201156::ayse.ceren.coban:
     Reason: liquibase.exception.DatabaseException: ERROR: relation "contacts" already exists [Failed SQL: (0) CREATE TABLE public.contacts (id BIGINT GENERATED BY DEFAULT AS IDENTITY NOT NULL, contact_name VARCHAR(100) NOT NULL, contact_phone VARCHAR(20), contact_status INTEGER DEFAULT 1 NOT NULL, person_id BIGINT NOT NULL, CONSTRAINT contacts_pkey PRIMARY KEY (id), CONSTRAINT fk_contacts_person FOREIGN KEY (person_id) REFERENCES public.person(id), UNIQUE (contact_phone))]
	at liquibase.command.CommandScope.execute(CommandScope.java:237)
	at liquibase.Liquibase.lambda$update$0(Liquibase.java:222)
	at liquibase.Scope.lambda$child$0(Scope.java:184)
	at liquibase.Scope.child(Scope.java:193)
	at liquibase.Scope.child(Scope.java:183)
	at liquibase.Scope.child(Scope.java:162)
	at liquibase.Liquibase.runInScope(Liquibase.java:1371)
	at liquibase.Liquibase.update(Liquibase.java:211)
	at liquibase.Liquibase.update(Liquibase.java:193)
	at liquibase.integration.spring.SpringLiquibase.performUpdate(SpringLiquibase.java:331)
	at liquibase.integration.spring.SpringLiquibase.afterPropertiesSet(SpringLiquibase.java:286)
	at org.springframework.beans.factory.support.AbstractAutowireCapableBeanFactory.invokeInitMethods(AbstractAutowireCapableBeanFactory.java:1835)
	at org.springframework.beans.factory.support.AbstractAutowireCapableBeanFactory.initializeBean(AbstractAutowireCapableBeanFactory.java:1784)
	... 17 common frames omitted
Caused by: liquibase.exception.LiquibaseException: liquibase.exception.MigrationFailedException: Migration failed for changeset db/script/contact.xml::202503201156::ayse.ceren.coban:
     Reason: liquibase.exception.DatabaseException: ERROR: relation "contacts" already exists [Failed SQL: (0) CREATE TABLE public.contacts (id BIGINT GENERATED BY DEFAULT AS IDENTITY NOT NULL, contact_name VARCHAR(100) NOT NULL, contact_phone VARCHAR(20), contact_status INTEGER DEFAULT 1 NOT NULL, person_id BIGINT NOT NULL, CONSTRAINT contacts_pkey PRIMARY KEY (id), CONSTRAINT fk_contacts_person FOREIGN KEY (person_id) REFERENCES public.person(id), UNIQUE (contact_phone))]
	at liquibase.changelog.ChangeLogIterator.run(ChangeLogIterator.java:122)
	at liquibase.command.core.AbstractUpdateCommandStep.lambda$doRun$1(AbstractUpdateCommandStep.java:105)
	at liquibase.Scope.lambda$child$0(Scope.java:184)
	at liquibase.Scope.child(Scope.java:193)
	at liquibase.Scope.child(Scope.java:183)
	at liquibase.Scope.child(Scope.java:162)
	at liquibase.command.core.AbstractUpdateCommandStep.doRun(AbstractUpdateCommandStep.java:104)
	at liquibase.command.core.AbstractUpdateCommandStep.lambda$run$0(AbstractUpdateCommandStep.java:63)
	at liquibase.Scope.lambda$child$0(Scope.java:184)
	at liquibase.Scope.child(Scope.java:193)
	at liquibase.Scope.child(Scope.java:183)
	at liquibase.Scope.child(Scope.java:162)
	at liquibase.command.core.AbstractUpdateCommandStep.run(AbstractUpdateCommandStep.java:62)
	at liquibase.command.core.UpdateCommandStep.run(UpdateCommandStep.java:106)
	at liquibase.command.CommandScope.execute(CommandScope.java:214)
	... 29 common frames omitted
Caused by: liquibase.exception.MigrationFailedException: Migration failed for changeset db/script/contact.xml::202503201156::ayse.ceren.coban:
     Reason: liquibase.exception.DatabaseException: ERROR: relation "contacts" already exists [Failed SQL: (0) CREATE TABLE public.contacts (id BIGINT GENERATED BY DEFAULT AS IDENTITY NOT NULL, contact_name VARCHAR(100) NOT NULL, contact_phone VARCHAR(20), contact_status INTEGER DEFAULT 1 NOT NULL, person_id BIGINT NOT NULL, CONSTRAINT contacts_pkey PRIMARY KEY (id), CONSTRAINT fk_contacts_person FOREIGN KEY (person_id) REFERENCES public.person(id), UNIQUE (contact_phone))]
	at liquibase.changelog.ChangeSet.execute(ChangeSet.java:785)
	at liquibase.changelog.visitor.UpdateVisitor.executeAcceptedChange(UpdateVisitor.java:118)
	at liquibase.changelog.visitor.UpdateVisitor.visit(UpdateVisitor.java:68)
	at liquibase.changelog.ChangeLogIterator$2.lambda$run$0(ChangeLogIterator.java:110)
	at liquibase.Scope.lambda$child$0(Scope.java:184)
	at liquibase.Scope.child(Scope.java:193)
	at liquibase.Scope.child(Scope.java:183)
	at liquibase.Scope.child(Scope.java:162)
	at liquibase.Scope.child(Scope.java:250)
	at liquibase.changelog.ChangeLogIterator$2.run(ChangeLogIterator.java:100)
	at liquibase.Scope.lambda$child$0(Scope.java:184)
	at liquibase.Scope.child(Scope.java:193)
	at liquibase.Scope.child(Scope.java:183)
	at liquibase.Scope.child(Scope.java:162)
	at liquibase.Scope.child(Scope.java:250)
	at liquibase.Scope.child(Scope.java:254)
	at liquibase.changelog.ChangeLogIterator.run(ChangeLogIterator.java:74)
	... 43 common frames omitted
Caused by: liquibase.exception.DatabaseException: ERROR: relation "contacts" already exists [Failed SQL: (0) CREATE TABLE public.contacts (id BIGINT GENERATED BY DEFAULT AS IDENTITY NOT NULL, contact_name VARCHAR(100) NOT NULL, contact_phone VARCHAR(20), contact_status INTEGER DEFAULT 1 NOT NULL, person_id BIGINT NOT NULL, CONSTRAINT contacts_pkey PRIMARY KEY (id), CONSTRAINT fk_contacts_person FOREIGN KEY (person_id) REFERENCES public.person(id), UNIQUE (contact_phone))]
	at liquibase.executor.jvm.JdbcExecutor$ExecuteStatementCallback.doInStatement(JdbcExecutor.java:468)
	at liquibase.executor.jvm.JdbcExecutor.execute(JdbcExecutor.java:77)
	at liquibase.executor.jvm.JdbcExecutor.execute(JdbcExecutor.java:177)
	at liquibase.database.AbstractJdbcDatabase.execute(AbstractJdbcDatabase.java:1291)
	at liquibase.database.AbstractJdbcDatabase.executeStatements(AbstractJdbcDatabase.java:1273)
	at liquibase.changelog.ChangeSet.execute(ChangeSet.java:744)
	... 59 common frames omitted
Caused by: org.postgresql.util.PSQLException: ERROR: relation "contacts" already exists
	at org.postgresql.core.v3.QueryExecutorImpl.receiveErrorResponse(QueryExecutorImpl.java:2713)
	at org.postgresql.core.v3.QueryExecutorImpl.processResults(QueryExecutorImpl.java:2401)
	at org.postgresql.core.v3.QueryExecutorImpl.execute(QueryExecutorImpl.java:368)
	at org.postgresql.jdbc.PgStatement.executeInternal(PgStatement.java:498)
	at org.postgresql.jdbc.PgStatement.execute(PgStatement.java:415)
	at org.postgresql.jdbc.PgStatement.executeWithFlags(PgStatement.java:335)
	at org.postgresql.jdbc.PgStatement.executeCachedSql(PgStatement.java:321)
	at org.postgresql.jdbc.PgStatement.executeWithFlags(PgStatement.java:297)
	at org.postgresql.jdbc.PgStatement.execute(PgStatement.java:292)
	at com.zaxxer.hikari.pool.ProxyStatement.execute(ProxyStatement.java:94)
	at com.zaxxer.hikari.pool.HikariProxyStatement.execute(HikariProxyStatement.java)
	at liquibase.executor.jvm.JdbcExecutor$ExecuteStatementCallback.doInStatement(JdbcExecutor.java:462)
	... 64 common frames omitted
16:57:29.070 [background-preinit] INFO  o.h.validator.internal.util.Version - HV000001: Hibernate Validator 8.0.1.Final
16:57:29.132 [main] INFO  c.p.c.ContactsdemoApplication - Starting ContactsdemoApplication using Java 17.0.12 with PID 22748 (C:\Ayse Ceren - crud projects\contactsdemo\build\classes\java\main started by 16381136672 in C:\Ayse Ceren - crud projects\contactsdemo)
16:57:29.133 [main] INFO  c.p.c.ContactsdemoApplication - No active profile set, falling back to 1 default profile: "default"
16:57:30.621 [main] INFO  o.s.d.r.c.RepositoryConfigurationDelegate - Bootstrapping Spring Data JPA repositories in DEFAULT mode.
16:57:30.705 [main] INFO  o.s.d.r.c.RepositoryConfigurationDelegate - Finished Spring Data repository scanning in 75 ms. Found 2 JPA repository interfaces.
16:57:31.606 [main] INFO  o.s.b.w.e.tomcat.TomcatWebServer - Tomcat initialized with port 8080 (http)
16:57:31.626 [main] INFO  o.a.coyote.http11.Http11NioProtocol - Initializing ProtocolHandler ["http-nio-8080"]
16:57:31.628 [main] INFO  o.a.catalina.core.StandardService - Starting service [Tomcat]
16:57:31.628 [main] INFO  o.a.catalina.core.StandardEngine - Starting Servlet engine: [Apache Tomcat/10.1.25]
16:57:31.722 [main] INFO  o.a.c.c.C.[Tomcat].[localhost].[/] - Initializing Spring embedded WebApplicationContext
16:57:31.723 [main] INFO  o.s.b.w.s.c.ServletWebServerApplicationContext - Root WebApplicationContext: initialization completed in 2520 ms
16:57:31.962 [main] INFO  com.zaxxer.hikari.HikariDataSource - HikariPool-1 - Starting...
16:57:32.154 [main] INFO  com.zaxxer.hikari.pool.HikariPool - HikariPool-1 - Added connection org.postgresql.jdbc.PgConnection@3611153f
16:57:32.157 [main] INFO  com.zaxxer.hikari.HikariDataSource - HikariPool-1 - Start completed.
16:57:32.333 [main] INFO  liquibase.database - Set default schema name to public
16:57:32.994 [main] INFO  liquibase.changelog - Reading from public.databasechangelog
16:57:33.115 [main] INFO  liquibase.lockservice - Successfully acquired change log lock
16:57:33.118 [main] INFO  liquibase.command - Using deploymentId: 2479053118
16:57:33.123 [main] INFO  liquibase.changelog - Reading from public.databasechangelog
16:57:33.178 [main] ERROR liquibase.changelog - ChangeSet db/script/contact.xml::202503201156::ayse.ceren.coban encountered an exception.
16:57:33.185 [main] INFO  liquibase.command - Update command encountered an exception.
16:57:33.198 [main] INFO  liquibase.lockservice - Successfully released change log lock
16:57:33.201 [main] INFO  liquibase.command - Command execution complete
16:57:33.204 [main] WARN  o.s.b.w.s.c.AnnotationConfigServletWebServerApplicationContext - Exception encountered during context initialization - cancelling refresh attempt: org.springframework.beans.factory.BeanCreationException: Error creating bean with name 'entityManagerFactory' defined in class path resource [org/springframework/boot/autoconfigure/orm/jpa/HibernateJpaConfiguration.class]: Failed to initialize dependency 'liquibase' of LoadTimeWeaverAware bean 'entityManagerFactory': Error creating bean with name 'liquibase' defined in class path resource [org/springframework/boot/autoconfigure/liquibase/LiquibaseAutoConfiguration$LiquibaseConfiguration.class]: liquibase.exception.LiquibaseException: liquibase.exception.MigrationFailedException: Migration failed for changeset db/script/contact.xml::202503201156::ayse.ceren.coban:
     Reason: liquibase.exception.DatabaseException: ERROR: relation "public.person" does not exist [Failed SQL: (0) CREATE TABLE public.contacts (id BIGINT GENERATED BY DEFAULT AS IDENTITY NOT NULL, contact_name VARCHAR(100) NOT NULL, contact_phone VARCHAR(20), contact_status INTEGER DEFAULT 1 NOT NULL, person_id BIGINT NOT NULL, CONSTRAINT contacts_pkey PRIMARY KEY (id), CONSTRAINT fk_contacts_person FOREIGN KEY (person_id) REFERENCES public.person(id), UNIQUE (contact_phone))]
16:57:33.205 [main] INFO  com.zaxxer.hikari.HikariDataSource - HikariPool-1 - Shutdown initiated...
16:57:33.209 [main] INFO  com.zaxxer.hikari.HikariDataSource - HikariPool-1 - Shutdown completed.
16:57:33.214 [main] INFO  o.a.catalina.core.StandardService - Stopping service [Tomcat]
16:57:33.233 [main] INFO  o.s.b.a.l.ConditionEvaluationReportLogger - 

Error starting ApplicationContext. To display the condition evaluation report re-run your application with 'debug' enabled.
16:57:33.253 [main] ERROR o.s.boot.SpringApplication - Application run failed
org.springframework.beans.factory.BeanCreationException: Error creating bean with name 'entityManagerFactory' defined in class path resource [org/springframework/boot/autoconfigure/orm/jpa/HibernateJpaConfiguration.class]: Failed to initialize dependency 'liquibase' of LoadTimeWeaverAware bean 'entityManagerFactory': Error creating bean with name 'liquibase' defined in class path resource [org/springframework/boot/autoconfigure/liquibase/LiquibaseAutoConfiguration$LiquibaseConfiguration.class]: liquibase.exception.LiquibaseException: liquibase.exception.MigrationFailedException: Migration failed for changeset db/script/contact.xml::202503201156::ayse.ceren.coban:
     Reason: liquibase.exception.DatabaseException: ERROR: relation "public.person" does not exist [Failed SQL: (0) CREATE TABLE public.contacts (id BIGINT GENERATED BY DEFAULT AS IDENTITY NOT NULL, contact_name VARCHAR(100) NOT NULL, contact_phone VARCHAR(20), contact_status INTEGER DEFAULT 1 NOT NULL, person_id BIGINT NOT NULL, CONSTRAINT contacts_pkey PRIMARY KEY (id), CONSTRAINT fk_contacts_person FOREIGN KEY (person_id) REFERENCES public.person(id), UNIQUE (contact_phone))]
	at org.springframework.beans.factory.support.AbstractBeanFactory.doGetBean(AbstractBeanFactory.java:326)
	at org.springframework.beans.factory.support.AbstractBeanFactory.getBean(AbstractBeanFactory.java:205)
	at org.springframework.context.support.AbstractApplicationContext.finishBeanFactoryInitialization(AbstractApplicationContext.java:952)
	at org.springframework.context.support.AbstractApplicationContext.refresh(AbstractApplicationContext.java:624)
	at org.springframework.boot.web.servlet.context.ServletWebServerApplicationContext.refresh(ServletWebServerApplicationContext.java:146)
	at org.springframework.boot.SpringApplication.refresh(SpringApplication.java:754)
	at org.springframework.boot.SpringApplication.refreshContext(SpringApplication.java:456)
	at org.springframework.boot.SpringApplication.run(SpringApplication.java:335)
	at org.springframework.boot.SpringApplication.run(SpringApplication.java:1363)
	at org.springframework.boot.SpringApplication.run(SpringApplication.java:1352)
	at com.project.contactsdemo.ContactsdemoApplication.main(ContactsdemoApplication.java:10)
Caused by: org.springframework.beans.factory.BeanCreationException: Error creating bean with name 'liquibase' defined in class path resource [org/springframework/boot/autoconfigure/liquibase/LiquibaseAutoConfiguration$LiquibaseConfiguration.class]: liquibase.exception.LiquibaseException: liquibase.exception.MigrationFailedException: Migration failed for changeset db/script/contact.xml::202503201156::ayse.ceren.coban:
     Reason: liquibase.exception.DatabaseException: ERROR: relation "public.person" does not exist [Failed SQL: (0) CREATE TABLE public.contacts (id BIGINT GENERATED BY DEFAULT AS IDENTITY NOT NULL, contact_name VARCHAR(100) NOT NULL, contact_phone VARCHAR(20), contact_status INTEGER DEFAULT 1 NOT NULL, person_id BIGINT NOT NULL, CONSTRAINT contacts_pkey PRIMARY KEY (id), CONSTRAINT fk_contacts_person FOREIGN KEY (person_id) REFERENCES public.person(id), UNIQUE (contact_phone))]
	at org.springframework.beans.factory.support.AbstractAutowireCapableBeanFactory.initializeBean(AbstractAutowireCapableBeanFactory.java:1788)
	at org.springframework.beans.factory.support.AbstractAutowireCapableBeanFactory.doCreateBean(AbstractAutowireCapableBeanFactory.java:600)
	at org.springframework.beans.factory.support.AbstractAutowireCapableBeanFactory.createBean(AbstractAutowireCapableBeanFactory.java:522)
	at org.springframework.beans.factory.support.AbstractBeanFactory.lambda$doGetBean$0(AbstractBeanFactory.java:337)
	at org.springframework.beans.factory.support.DefaultSingletonBeanRegistry.getSingleton(DefaultSingletonBeanRegistry.java:234)
	at org.springframework.beans.factory.support.AbstractBeanFactory.doGetBean(AbstractBeanFactory.java:335)
	at org.springframework.beans.factory.support.AbstractBeanFactory.getBean(AbstractBeanFactory.java:200)
	at org.springframework.beans.factory.support.AbstractBeanFactory.doGetBean(AbstractBeanFactory.java:313)
	... 10 common frames omitted
Caused by: liquibase.exception.CommandExecutionException: liquibase.exception.LiquibaseException: liquibase.exception.MigrationFailedException: Migration failed for changeset db/script/contact.xml::202503201156::ayse.ceren.coban:
     Reason: liquibase.exception.DatabaseException: ERROR: relation "public.person" does not exist [Failed SQL: (0) CREATE TABLE public.contacts (id BIGINT GENERATED BY DEFAULT AS IDENTITY NOT NULL, contact_name VARCHAR(100) NOT NULL, contact_phone VARCHAR(20), contact_status INTEGER DEFAULT 1 NOT NULL, person_id BIGINT NOT NULL, CONSTRAINT contacts_pkey PRIMARY KEY (id), CONSTRAINT fk_contacts_person FOREIGN KEY (person_id) REFERENCES public.person(id), UNIQUE (contact_phone))]
	at liquibase.command.CommandScope.execute(CommandScope.java:237)
	at liquibase.Liquibase.lambda$update$0(Liquibase.java:222)
	at liquibase.Scope.lambda$child$0(Scope.java:184)
	at liquibase.Scope.child(Scope.java:193)
	at liquibase.Scope.child(Scope.java:183)
	at liquibase.Scope.child(Scope.java:162)
	at liquibase.Liquibase.runInScope(Liquibase.java:1371)
	at liquibase.Liquibase.update(Liquibase.java:211)
	at liquibase.Liquibase.update(Liquibase.java:193)
	at liquibase.integration.spring.SpringLiquibase.performUpdate(SpringLiquibase.java:331)
	at liquibase.integration.spring.SpringLiquibase.afterPropertiesSet(SpringLiquibase.java:286)
	at org.springframework.beans.factory.support.AbstractAutowireCapableBeanFactory.invokeInitMethods(AbstractAutowireCapableBeanFactory.java:1835)
	at org.springframework.beans.factory.support.AbstractAutowireCapableBeanFactory.initializeBean(AbstractAutowireCapableBeanFactory.java:1784)
	... 17 common frames omitted
Caused by: liquibase.exception.LiquibaseException: liquibase.exception.MigrationFailedException: Migration failed for changeset db/script/contact.xml::202503201156::ayse.ceren.coban:
     Reason: liquibase.exception.DatabaseException: ERROR: relation "public.person" does not exist [Failed SQL: (0) CREATE TABLE public.contacts (id BIGINT GENERATED BY DEFAULT AS IDENTITY NOT NULL, contact_name VARCHAR(100) NOT NULL, contact_phone VARCHAR(20), contact_status INTEGER DEFAULT 1 NOT NULL, person_id BIGINT NOT NULL, CONSTRAINT contacts_pkey PRIMARY KEY (id), CONSTRAINT fk_contacts_person FOREIGN KEY (person_id) REFERENCES public.person(id), UNIQUE (contact_phone))]
	at liquibase.changelog.ChangeLogIterator.run(ChangeLogIterator.java:122)
	at liquibase.command.core.AbstractUpdateCommandStep.lambda$doRun$1(AbstractUpdateCommandStep.java:105)
	at liquibase.Scope.lambda$child$0(Scope.java:184)
	at liquibase.Scope.child(Scope.java:193)
	at liquibase.Scope.child(Scope.java:183)
	at liquibase.Scope.child(Scope.java:162)
	at liquibase.command.core.AbstractUpdateCommandStep.doRun(AbstractUpdateCommandStep.java:104)
	at liquibase.command.core.AbstractUpdateCommandStep.lambda$run$0(AbstractUpdateCommandStep.java:63)
	at liquibase.Scope.lambda$child$0(Scope.java:184)
	at liquibase.Scope.child(Scope.java:193)
	at liquibase.Scope.child(Scope.java:183)
	at liquibase.Scope.child(Scope.java:162)
	at liquibase.command.core.AbstractUpdateCommandStep.run(AbstractUpdateCommandStep.java:62)
	at liquibase.command.core.UpdateCommandStep.run(UpdateCommandStep.java:106)
	at liquibase.command.CommandScope.execute(CommandScope.java:214)
	... 29 common frames omitted
Caused by: liquibase.exception.MigrationFailedException: Migration failed for changeset db/script/contact.xml::202503201156::ayse.ceren.coban:
     Reason: liquibase.exception.DatabaseException: ERROR: relation "public.person" does not exist [Failed SQL: (0) CREATE TABLE public.contacts (id BIGINT GENERATED BY DEFAULT AS IDENTITY NOT NULL, contact_name VARCHAR(100) NOT NULL, contact_phone VARCHAR(20), contact_status INTEGER DEFAULT 1 NOT NULL, person_id BIGINT NOT NULL, CONSTRAINT contacts_pkey PRIMARY KEY (id), CONSTRAINT fk_contacts_person FOREIGN KEY (person_id) REFERENCES public.person(id), UNIQUE (contact_phone))]
	at liquibase.changelog.ChangeSet.execute(ChangeSet.java:785)
	at liquibase.changelog.visitor.UpdateVisitor.executeAcceptedChange(UpdateVisitor.java:118)
	at liquibase.changelog.visitor.UpdateVisitor.visit(UpdateVisitor.java:68)
	at liquibase.changelog.ChangeLogIterator$2.lambda$run$0(ChangeLogIterator.java:110)
	at liquibase.Scope.lambda$child$0(Scope.java:184)
	at liquibase.Scope.child(Scope.java:193)
	at liquibase.Scope.child(Scope.java:183)
	at liquibase.Scope.child(Scope.java:162)
	at liquibase.Scope.child(Scope.java:250)
	at liquibase.changelog.ChangeLogIterator$2.run(ChangeLogIterator.java:100)
	at liquibase.Scope.lambda$child$0(Scope.java:184)
	at liquibase.Scope.child(Scope.java:193)
	at liquibase.Scope.child(Scope.java:183)
	at liquibase.Scope.child(Scope.java:162)
	at liquibase.Scope.child(Scope.java:250)
	at liquibase.Scope.child(Scope.java:254)
	at liquibase.changelog.ChangeLogIterator.run(ChangeLogIterator.java:74)
	... 43 common frames omitted
Caused by: liquibase.exception.DatabaseException: ERROR: relation "public.person" does not exist [Failed SQL: (0) CREATE TABLE public.contacts (id BIGINT GENERATED BY DEFAULT AS IDENTITY NOT NULL, contact_name VARCHAR(100) NOT NULL, contact_phone VARCHAR(20), contact_status INTEGER DEFAULT 1 NOT NULL, person_id BIGINT NOT NULL, CONSTRAINT contacts_pkey PRIMARY KEY (id), CONSTRAINT fk_contacts_person FOREIGN KEY (person_id) REFERENCES public.person(id), UNIQUE (contact_phone))]
	at liquibase.executor.jvm.JdbcExecutor$ExecuteStatementCallback.doInStatement(JdbcExecutor.java:468)
	at liquibase.executor.jvm.JdbcExecutor.execute(JdbcExecutor.java:77)
	at liquibase.executor.jvm.JdbcExecutor.execute(JdbcExecutor.java:177)
	at liquibase.database.AbstractJdbcDatabase.execute(AbstractJdbcDatabase.java:1291)
	at liquibase.database.AbstractJdbcDatabase.executeStatements(AbstractJdbcDatabase.java:1273)
	at liquibase.changelog.ChangeSet.execute(ChangeSet.java:744)
	... 59 common frames omitted
Caused by: org.postgresql.util.PSQLException: ERROR: relation "public.person" does not exist
	at org.postgresql.core.v3.QueryExecutorImpl.receiveErrorResponse(QueryExecutorImpl.java:2713)
	at org.postgresql.core.v3.QueryExecutorImpl.processResults(QueryExecutorImpl.java:2401)
	at org.postgresql.core.v3.QueryExecutorImpl.execute(QueryExecutorImpl.java:368)
	at org.postgresql.jdbc.PgStatement.executeInternal(PgStatement.java:498)
	at org.postgresql.jdbc.PgStatement.execute(PgStatement.java:415)
	at org.postgresql.jdbc.PgStatement.executeWithFlags(PgStatement.java:335)
	at org.postgresql.jdbc.PgStatement.executeCachedSql(PgStatement.java:321)
	at org.postgresql.jdbc.PgStatement.executeWithFlags(PgStatement.java:297)
	at org.postgresql.jdbc.PgStatement.execute(PgStatement.java:292)
	at com.zaxxer.hikari.pool.ProxyStatement.execute(ProxyStatement.java:94)
	at com.zaxxer.hikari.pool.HikariProxyStatement.execute(HikariProxyStatement.java)
	at liquibase.executor.jvm.JdbcExecutor$ExecuteStatementCallback.doInStatement(JdbcExecutor.java:462)
	... 64 common frames omitted
17:00:37.279 [background-preinit] INFO  o.h.validator.internal.util.Version - HV000001: Hibernate Validator 8.0.1.Final
17:00:37.341 [main] INFO  c.p.c.ContactsdemoApplication - Starting ContactsdemoApplication using Java 17.0.12 with PID 26844 (C:\Ayse Ceren - crud projects\contactsdemo\build\classes\java\main started by 16381136672 in C:\Ayse Ceren - crud projects\contactsdemo)
17:00:37.342 [main] INFO  c.p.c.ContactsdemoApplication - No active profile set, falling back to 1 default profile: "default"
17:00:38.740 [main] INFO  o.s.d.r.c.RepositoryConfigurationDelegate - Bootstrapping Spring Data JPA repositories in DEFAULT mode.
17:00:38.825 [main] INFO  o.s.d.r.c.RepositoryConfigurationDelegate - Finished Spring Data repository scanning in 76 ms. Found 2 JPA repository interfaces.
17:00:39.644 [main] INFO  o.s.b.w.e.tomcat.TomcatWebServer - Tomcat initialized with port 8080 (http)
17:00:39.655 [main] INFO  o.a.coyote.http11.Http11NioProtocol - Initializing ProtocolHandler ["http-nio-8080"]
17:00:39.657 [main] INFO  o.a.catalina.core.StandardService - Starting service [Tomcat]
17:00:39.657 [main] INFO  o.a.catalina.core.StandardEngine - Starting Servlet engine: [Apache Tomcat/10.1.25]
17:00:39.778 [main] INFO  o.a.c.c.C.[Tomcat].[localhost].[/] - Initializing Spring embedded WebApplicationContext
17:00:39.778 [main] INFO  o.s.b.w.s.c.ServletWebServerApplicationContext - Root WebApplicationContext: initialization completed in 2364 ms
17:00:39.985 [main] INFO  com.zaxxer.hikari.HikariDataSource - HikariPool-1 - Starting...
17:00:40.143 [main] INFO  com.zaxxer.hikari.pool.HikariPool - HikariPool-1 - Added connection org.postgresql.jdbc.PgConnection@1a10c47e
17:00:40.144 [main] INFO  com.zaxxer.hikari.HikariDataSource - HikariPool-1 - Start completed.
17:00:40.911 [main] INFO  liquibase.changelog - Reading from public.databasechangelog
17:00:41.027 [main] INFO  liquibase.lockservice - Successfully acquired change log lock
17:00:41.030 [main] INFO  liquibase.command - Using deploymentId: 2479241029
17:00:41.033 [main] INFO  liquibase.changelog - Reading from public.databasechangelog
17:00:41.065 [main] ERROR liquibase.changelog - ChangeSet db/script/contact.xml::202503201156::ayse.ceren.coban encountered an exception.
17:00:41.071 [main] INFO  liquibase.command - Update command encountered an exception.
17:00:41.083 [main] INFO  liquibase.lockservice - Successfully released change log lock
17:00:41.085 [main] INFO  liquibase.command - Command execution complete
17:00:41.089 [main] WARN  o.s.b.w.s.c.AnnotationConfigServletWebServerApplicationContext - Exception encountered during context initialization - cancelling refresh attempt: org.springframework.beans.factory.BeanCreationException: Error creating bean with name 'entityManagerFactory' defined in class path resource [org/springframework/boot/autoconfigure/orm/jpa/HibernateJpaConfiguration.class]: Failed to initialize dependency 'liquibase' of LoadTimeWeaverAware bean 'entityManagerFactory': Error creating bean with name 'liquibase' defined in class path resource [org/springframework/boot/autoconfigure/liquibase/LiquibaseAutoConfiguration$LiquibaseConfiguration.class]: liquibase.exception.LiquibaseException: liquibase.exception.MigrationFailedException: Migration failed for changeset db/script/contact.xml::202503201156::ayse.ceren.coban:
     Reason: liquibase.exception.DatabaseException: ERROR: relation "public.person" does not exist [Failed SQL: (0) CREATE TABLE public.contacts (id BIGINT GENERATED BY DEFAULT AS IDENTITY NOT NULL, contact_name VARCHAR(100) NOT NULL, contact_phone VARCHAR(20), contact_status INTEGER DEFAULT 1 NOT NULL, person_id BIGINT NOT NULL, CONSTRAINT contacts_pkey PRIMARY KEY (id), CONSTRAINT fk_contacts_person FOREIGN KEY (person_id) REFERENCES public.person(id), UNIQUE (contact_phone))]
17:00:41.089 [main] INFO  com.zaxxer.hikari.HikariDataSource - HikariPool-1 - Shutdown initiated...
17:00:41.095 [main] INFO  com.zaxxer.hikari.HikariDataSource - HikariPool-1 - Shutdown completed.
17:00:41.100 [main] INFO  o.a.catalina.core.StandardService - Stopping service [Tomcat]
17:00:41.121 [main] INFO  o.s.b.a.l.ConditionEvaluationReportLogger - 

Error starting ApplicationContext. To display the condition evaluation report re-run your application with 'debug' enabled.
17:00:41.141 [main] ERROR o.s.boot.SpringApplication - Application run failed
org.springframework.beans.factory.BeanCreationException: Error creating bean with name 'entityManagerFactory' defined in class path resource [org/springframework/boot/autoconfigure/orm/jpa/HibernateJpaConfiguration.class]: Failed to initialize dependency 'liquibase' of LoadTimeWeaverAware bean 'entityManagerFactory': Error creating bean with name 'liquibase' defined in class path resource [org/springframework/boot/autoconfigure/liquibase/LiquibaseAutoConfiguration$LiquibaseConfiguration.class]: liquibase.exception.LiquibaseException: liquibase.exception.MigrationFailedException: Migration failed for changeset db/script/contact.xml::202503201156::ayse.ceren.coban:
     Reason: liquibase.exception.DatabaseException: ERROR: relation "public.person" does not exist [Failed SQL: (0) CREATE TABLE public.contacts (id BIGINT GENERATED BY DEFAULT AS IDENTITY NOT NULL, contact_name VARCHAR(100) NOT NULL, contact_phone VARCHAR(20), contact_status INTEGER DEFAULT 1 NOT NULL, person_id BIGINT NOT NULL, CONSTRAINT contacts_pkey PRIMARY KEY (id), CONSTRAINT fk_contacts_person FOREIGN KEY (person_id) REFERENCES public.person(id), UNIQUE (contact_phone))]
	at org.springframework.beans.factory.support.AbstractBeanFactory.doGetBean(AbstractBeanFactory.java:326)
	at org.springframework.beans.factory.support.AbstractBeanFactory.getBean(AbstractBeanFactory.java:205)
	at org.springframework.context.support.AbstractApplicationContext.finishBeanFactoryInitialization(AbstractApplicationContext.java:952)
	at org.springframework.context.support.AbstractApplicationContext.refresh(AbstractApplicationContext.java:624)
	at org.springframework.boot.web.servlet.context.ServletWebServerApplicationContext.refresh(ServletWebServerApplicationContext.java:146)
	at org.springframework.boot.SpringApplication.refresh(SpringApplication.java:754)
	at org.springframework.boot.SpringApplication.refreshContext(SpringApplication.java:456)
	at org.springframework.boot.SpringApplication.run(SpringApplication.java:335)
	at org.springframework.boot.SpringApplication.run(SpringApplication.java:1363)
	at org.springframework.boot.SpringApplication.run(SpringApplication.java:1352)
	at com.project.contactsdemo.ContactsdemoApplication.main(ContactsdemoApplication.java:10)
Caused by: org.springframework.beans.factory.BeanCreationException: Error creating bean with name 'liquibase' defined in class path resource [org/springframework/boot/autoconfigure/liquibase/LiquibaseAutoConfiguration$LiquibaseConfiguration.class]: liquibase.exception.LiquibaseException: liquibase.exception.MigrationFailedException: Migration failed for changeset db/script/contact.xml::202503201156::ayse.ceren.coban:
     Reason: liquibase.exception.DatabaseException: ERROR: relation "public.person" does not exist [Failed SQL: (0) CREATE TABLE public.contacts (id BIGINT GENERATED BY DEFAULT AS IDENTITY NOT NULL, contact_name VARCHAR(100) NOT NULL, contact_phone VARCHAR(20), contact_status INTEGER DEFAULT 1 NOT NULL, person_id BIGINT NOT NULL, CONSTRAINT contacts_pkey PRIMARY KEY (id), CONSTRAINT fk_contacts_person FOREIGN KEY (person_id) REFERENCES public.person(id), UNIQUE (contact_phone))]
	at org.springframework.beans.factory.support.AbstractAutowireCapableBeanFactory.initializeBean(AbstractAutowireCapableBeanFactory.java:1788)
	at org.springframework.beans.factory.support.AbstractAutowireCapableBeanFactory.doCreateBean(AbstractAutowireCapableBeanFactory.java:600)
	at org.springframework.beans.factory.support.AbstractAutowireCapableBeanFactory.createBean(AbstractAutowireCapableBeanFactory.java:522)
	at org.springframework.beans.factory.support.AbstractBeanFactory.lambda$doGetBean$0(AbstractBeanFactory.java:337)
	at org.springframework.beans.factory.support.DefaultSingletonBeanRegistry.getSingleton(DefaultSingletonBeanRegistry.java:234)
	at org.springframework.beans.factory.support.AbstractBeanFactory.doGetBean(AbstractBeanFactory.java:335)
	at org.springframework.beans.factory.support.AbstractBeanFactory.getBean(AbstractBeanFactory.java:200)
	at org.springframework.beans.factory.support.AbstractBeanFactory.doGetBean(AbstractBeanFactory.java:313)
	... 10 common frames omitted
Caused by: liquibase.exception.CommandExecutionException: liquibase.exception.LiquibaseException: liquibase.exception.MigrationFailedException: Migration failed for changeset db/script/contact.xml::202503201156::ayse.ceren.coban:
     Reason: liquibase.exception.DatabaseException: ERROR: relation "public.person" does not exist [Failed SQL: (0) CREATE TABLE public.contacts (id BIGINT GENERATED BY DEFAULT AS IDENTITY NOT NULL, contact_name VARCHAR(100) NOT NULL, contact_phone VARCHAR(20), contact_status INTEGER DEFAULT 1 NOT NULL, person_id BIGINT NOT NULL, CONSTRAINT contacts_pkey PRIMARY KEY (id), CONSTRAINT fk_contacts_person FOREIGN KEY (person_id) REFERENCES public.person(id), UNIQUE (contact_phone))]
	at liquibase.command.CommandScope.execute(CommandScope.java:237)
	at liquibase.Liquibase.lambda$update$0(Liquibase.java:222)
	at liquibase.Scope.lambda$child$0(Scope.java:184)
	at liquibase.Scope.child(Scope.java:193)
	at liquibase.Scope.child(Scope.java:183)
	at liquibase.Scope.child(Scope.java:162)
	at liquibase.Liquibase.runInScope(Liquibase.java:1371)
	at liquibase.Liquibase.update(Liquibase.java:211)
	at liquibase.Liquibase.update(Liquibase.java:193)
	at liquibase.integration.spring.SpringLiquibase.performUpdate(SpringLiquibase.java:331)
	at liquibase.integration.spring.SpringLiquibase.afterPropertiesSet(SpringLiquibase.java:286)
	at org.springframework.beans.factory.support.AbstractAutowireCapableBeanFactory.invokeInitMethods(AbstractAutowireCapableBeanFactory.java:1835)
	at org.springframework.beans.factory.support.AbstractAutowireCapableBeanFactory.initializeBean(AbstractAutowireCapableBeanFactory.java:1784)
	... 17 common frames omitted
Caused by: liquibase.exception.LiquibaseException: liquibase.exception.MigrationFailedException: Migration failed for changeset db/script/contact.xml::202503201156::ayse.ceren.coban:
     Reason: liquibase.exception.DatabaseException: ERROR: relation "public.person" does not exist [Failed SQL: (0) CREATE TABLE public.contacts (id BIGINT GENERATED BY DEFAULT AS IDENTITY NOT NULL, contact_name VARCHAR(100) NOT NULL, contact_phone VARCHAR(20), contact_status INTEGER DEFAULT 1 NOT NULL, person_id BIGINT NOT NULL, CONSTRAINT contacts_pkey PRIMARY KEY (id), CONSTRAINT fk_contacts_person FOREIGN KEY (person_id) REFERENCES public.person(id), UNIQUE (contact_phone))]
	at liquibase.changelog.ChangeLogIterator.run(ChangeLogIterator.java:122)
	at liquibase.command.core.AbstractUpdateCommandStep.lambda$doRun$1(AbstractUpdateCommandStep.java:105)
	at liquibase.Scope.lambda$child$0(Scope.java:184)
	at liquibase.Scope.child(Scope.java:193)
	at liquibase.Scope.child(Scope.java:183)
	at liquibase.Scope.child(Scope.java:162)
	at liquibase.command.core.AbstractUpdateCommandStep.doRun(AbstractUpdateCommandStep.java:104)
	at liquibase.command.core.AbstractUpdateCommandStep.lambda$run$0(AbstractUpdateCommandStep.java:63)
	at liquibase.Scope.lambda$child$0(Scope.java:184)
	at liquibase.Scope.child(Scope.java:193)
	at liquibase.Scope.child(Scope.java:183)
	at liquibase.Scope.child(Scope.java:162)
	at liquibase.command.core.AbstractUpdateCommandStep.run(AbstractUpdateCommandStep.java:62)
	at liquibase.command.core.UpdateCommandStep.run(UpdateCommandStep.java:106)
	at liquibase.command.CommandScope.execute(CommandScope.java:214)
	... 29 common frames omitted
Caused by: liquibase.exception.MigrationFailedException: Migration failed for changeset db/script/contact.xml::202503201156::ayse.ceren.coban:
     Reason: liquibase.exception.DatabaseException: ERROR: relation "public.person" does not exist [Failed SQL: (0) CREATE TABLE public.contacts (id BIGINT GENERATED BY DEFAULT AS IDENTITY NOT NULL, contact_name VARCHAR(100) NOT NULL, contact_phone VARCHAR(20), contact_status INTEGER DEFAULT 1 NOT NULL, person_id BIGINT NOT NULL, CONSTRAINT contacts_pkey PRIMARY KEY (id), CONSTRAINT fk_contacts_person FOREIGN KEY (person_id) REFERENCES public.person(id), UNIQUE (contact_phone))]
	at liquibase.changelog.ChangeSet.execute(ChangeSet.java:785)
	at liquibase.changelog.visitor.UpdateVisitor.executeAcceptedChange(UpdateVisitor.java:118)
	at liquibase.changelog.visitor.UpdateVisitor.visit(UpdateVisitor.java:68)
	at liquibase.changelog.ChangeLogIterator$2.lambda$run$0(ChangeLogIterator.java:110)
	at liquibase.Scope.lambda$child$0(Scope.java:184)
	at liquibase.Scope.child(Scope.java:193)
	at liquibase.Scope.child(Scope.java:183)
	at liquibase.Scope.child(Scope.java:162)
	at liquibase.Scope.child(Scope.java:250)
	at liquibase.changelog.ChangeLogIterator$2.run(ChangeLogIterator.java:100)
	at liquibase.Scope.lambda$child$0(Scope.java:184)
	at liquibase.Scope.child(Scope.java:193)
	at liquibase.Scope.child(Scope.java:183)
	at liquibase.Scope.child(Scope.java:162)
	at liquibase.Scope.child(Scope.java:250)
	at liquibase.Scope.child(Scope.java:254)
	at liquibase.changelog.ChangeLogIterator.run(ChangeLogIterator.java:74)
	... 43 common frames omitted
Caused by: liquibase.exception.DatabaseException: ERROR: relation "public.person" does not exist [Failed SQL: (0) CREATE TABLE public.contacts (id BIGINT GENERATED BY DEFAULT AS IDENTITY NOT NULL, contact_name VARCHAR(100) NOT NULL, contact_phone VARCHAR(20), contact_status INTEGER DEFAULT 1 NOT NULL, person_id BIGINT NOT NULL, CONSTRAINT contacts_pkey PRIMARY KEY (id), CONSTRAINT fk_contacts_person FOREIGN KEY (person_id) REFERENCES public.person(id), UNIQUE (contact_phone))]
	at liquibase.executor.jvm.JdbcExecutor$ExecuteStatementCallback.doInStatement(JdbcExecutor.java:468)
	at liquibase.executor.jvm.JdbcExecutor.execute(JdbcExecutor.java:77)
	at liquibase.executor.jvm.JdbcExecutor.execute(JdbcExecutor.java:177)
	at liquibase.database.AbstractJdbcDatabase.execute(AbstractJdbcDatabase.java:1291)
	at liquibase.database.AbstractJdbcDatabase.executeStatements(AbstractJdbcDatabase.java:1273)
	at liquibase.changelog.ChangeSet.execute(ChangeSet.java:744)
	... 59 common frames omitted
Caused by: org.postgresql.util.PSQLException: ERROR: relation "public.person" does not exist
	at org.postgresql.core.v3.QueryExecutorImpl.receiveErrorResponse(QueryExecutorImpl.java:2713)
	at org.postgresql.core.v3.QueryExecutorImpl.processResults(QueryExecutorImpl.java:2401)
	at org.postgresql.core.v3.QueryExecutorImpl.execute(QueryExecutorImpl.java:368)
	at org.postgresql.jdbc.PgStatement.executeInternal(PgStatement.java:498)
	at org.postgresql.jdbc.PgStatement.execute(PgStatement.java:415)
	at org.postgresql.jdbc.PgStatement.executeWithFlags(PgStatement.java:335)
	at org.postgresql.jdbc.PgStatement.executeCachedSql(PgStatement.java:321)
	at org.postgresql.jdbc.PgStatement.executeWithFlags(PgStatement.java:297)
	at org.postgresql.jdbc.PgStatement.execute(PgStatement.java:292)
	at com.zaxxer.hikari.pool.ProxyStatement.execute(ProxyStatement.java:94)
	at com.zaxxer.hikari.pool.HikariProxyStatement.execute(HikariProxyStatement.java)
	at liquibase.executor.jvm.JdbcExecutor$ExecuteStatementCallback.doInStatement(JdbcExecutor.java:462)
	... 64 common frames omitted
17:02:01.872 [background-preinit] INFO  o.h.validator.internal.util.Version - HV000001: Hibernate Validator 8.0.1.Final
17:02:01.925 [main] INFO  c.p.c.ContactsdemoApplication - Starting ContactsdemoApplication using Java 17.0.12 with PID 24568 (C:\Ayse Ceren - crud projects\contactsdemo\build\classes\java\main started by 16381136672 in C:\Ayse Ceren - crud projects\contactsdemo)
17:02:01.926 [main] INFO  c.p.c.ContactsdemoApplication - No active profile set, falling back to 1 default profile: "default"
17:02:03.366 [main] INFO  o.s.d.r.c.RepositoryConfigurationDelegate - Bootstrapping Spring Data JPA repositories in DEFAULT mode.
17:02:03.451 [main] INFO  o.s.d.r.c.RepositoryConfigurationDelegate - Finished Spring Data repository scanning in 78 ms. Found 2 JPA repository interfaces.
17:02:04.339 [main] INFO  o.s.b.w.e.tomcat.TomcatWebServer - Tomcat initialized with port 8080 (http)
17:02:04.352 [main] INFO  o.a.coyote.http11.Http11NioProtocol - Initializing ProtocolHandler ["http-nio-8080"]
17:02:04.354 [main] INFO  o.a.catalina.core.StandardService - Starting service [Tomcat]
17:02:04.354 [main] INFO  o.a.catalina.core.StandardEngine - Starting Servlet engine: [Apache Tomcat/10.1.25]
17:02:04.453 [main] INFO  o.a.c.c.C.[Tomcat].[localhost].[/] - Initializing Spring embedded WebApplicationContext
17:02:04.454 [main] INFO  o.s.b.w.s.c.ServletWebServerApplicationContext - Root WebApplicationContext: initialization completed in 2472 ms
17:02:04.693 [main] INFO  com.zaxxer.hikari.HikariDataSource - HikariPool-1 - Starting...
17:02:04.897 [main] INFO  com.zaxxer.hikari.pool.HikariPool - HikariPool-1 - Added connection org.postgresql.jdbc.PgConnection@754de353
17:02:04.898 [main] INFO  com.zaxxer.hikari.HikariDataSource - HikariPool-1 - Start completed.
17:02:05.728 [main] INFO  liquibase.changelog - Reading from public.databasechangelog
17:02:05.848 [main] INFO  liquibase.lockservice - Successfully acquired change log lock
17:02:05.851 [main] INFO  liquibase.command - Using deploymentId: 2479325851
17:02:05.854 [main] INFO  liquibase.changelog - Reading from public.databasechangelog
17:02:05.905 [main] INFO  liquibase.changelog - Table person created
17:02:05.909 [main] INFO  liquibase.changelog - ChangeSet db/script/person.xml::202503201251::16381136672 ran successfully in 19ms
17:02:05.937 [main] INFO  liquibase.changelog - Table contacts created
17:02:05.942 [main] INFO  liquibase.changelog - ChangeSet db/script/contact.xml::202503201156::ayse.ceren.coban ran successfully in 16ms
17:02:05.956 [main] INFO  liquibase.util - UPDATE SUMMARY
17:02:05.956 [main] INFO  liquibase.util - Run:                          2
17:02:05.957 [main] INFO  liquibase.util - Previously run:               0
17:02:05.957 [main] INFO  liquibase.util - Filtered out:                 0
17:02:05.957 [main] INFO  liquibase.util - -------------------------------
17:02:05.957 [main] INFO  liquibase.util - Total change sets:            2
17:02:05.957 [main] INFO  liquibase.util - Update summary generated
17:02:05.959 [main] INFO  liquibase.command - Update command completed successfully.
17:02:05.967 [main] INFO  liquibase.lockservice - Successfully released change log lock
17:02:05.970 [main] INFO  liquibase.command - Command execution complete
17:02:06.062 [main] INFO  o.h.jpa.internal.util.LogHelper - HHH000204: Processing PersistenceUnitInfo [name: default]
17:02:06.131 [main] INFO  org.hibernate.Version - HHH000412: Hibernate ORM core version 6.4.9.Final
17:02:06.180 [main] INFO  o.h.c.i.RegionFactoryInitiator - HHH000026: Second-level cache disabled
17:02:06.453 [main] INFO  o.s.o.j.p.SpringPersistenceUnitInfo - No LoadTimeWeaver setup: ignoring JPA class transformer
17:02:06.514 [main] WARN  org.hibernate.orm.deprecation - HHH90000025: PostgreSQLDialect does not need to be specified explicitly using 'hibernate.dialect' (remove the property setting and it will be selected by default)
17:02:07.772 [main] INFO  o.s.o.j.LocalContainerEntityManagerFactoryBean - Initialized JPA EntityManagerFactory for persistence unit 'default'
17:02:07.936 [main] WARN  c.h.i.impl.HazelcastInstanceFactory - Hazelcast is starting in a Java modular environment (Java 9 and newer) but without proper access to required Java packages. Use additional Java arguments to provide Hazelcast access to Java internal API. The internal API access is used to get the best performance results. Arguments to be used:
 --add-modules java.se --add-exports java.base/jdk.internal.ref=ALL-UNNAMED --add-opens java.base/java.lang=ALL-UNNAMED --add-opens java.base/java.nio=ALL-UNNAMED --add-opens java.base/sun.nio.ch=ALL-UNNAMED --add-opens java.management/sun.management=ALL-UNNAMED --add-opens jdk.management/com.sun.management.internal=ALL-UNNAMED
17:02:07.939 [main] INFO  c.h.i.config.AbstractConfigLocator - Loading 'hazelcast-default.xml' from the classpath.
17:02:08.244 [main] INFO  c.hazelcast.instance.AddressPicker - [LOCAL] [dev] [4.1] Prefer IPv4 stack is true, prefer IPv6 addresses is false
17:02:08.269 [main] INFO  c.hazelcast.instance.AddressPicker - [LOCAL] [dev] [4.1] Picked [10.251.34.15]:5701, using socket ServerSocket[addr=/0:0:0:0:0:0:0:0,localport=5701], bind any local is true
17:02:08.296 [main] INFO  com.hazelcast.system - [10.251.34.15]:5701 [dev] [4.1] Hazelcast 4.0.1 (20200409 - e086b9c) starting at [10.251.34.15]:5701
17:02:08.297 [main] INFO  com.hazelcast.system - [10.251.34.15]:5701 [dev] [4.1] Copyright (c) 2008-2020, Hazelcast, Inc. All Rights Reserved.
17:02:08.498 [main] INFO  c.h.s.i.o.impl.BackpressureRegulator - [10.251.34.15]:5701 [dev] [4.1] Backpressure is disabled
17:02:08.795 [main] INFO  com.hazelcast.instance.impl.Node - [10.251.34.15]:5701 [dev] [4.1] Creating MulticastJoiner
17:02:08.800 [main] WARN  com.hazelcast.cp.CPSubsystem - [10.251.34.15]:5701 [dev] [4.1] CP Subsystem is not enabled. CP data structures will operate in UNSAFE mode! Please note that UNSAFE mode will not provide strong consistency guarantees.
17:02:09.056 [main] INFO  c.h.s.i.o.impl.OperationExecutorImpl - [10.251.34.15]:5701 [dev] [4.1] Starting 16 partition threads and 9 generic threads (1 dedicated for priority tasks)
17:02:09.073 [main] INFO  c.h.internal.diagnostics.Diagnostics - [10.251.34.15]:5701 [dev] [4.1] Diagnostics disabled. To enable add -Dhazelcast.diagnostics.enabled=true to the JVM arguments.
17:02:09.079 [main] INFO  com.hazelcast.core.LifecycleService - [10.251.34.15]:5701 [dev] [4.1] [10.251.34.15]:5701 is STARTING
17:02:11.921 [main] INFO  c.h.internal.cluster.ClusterService - [10.251.34.15]:5701 [dev] [4.1] 

Members {size:1, ver:1} [
	Member [10.251.34.15]:5701 - b0175154-e8fb-47d0-8b20-135bd669acad this
]

17:02:11.935 [main] INFO  com.hazelcast.core.LifecycleService - [10.251.34.15]:5701 [dev] [4.1] [10.251.34.15]:5701 is STARTED
17:02:11.999 [main] INFO  c.h.c.i.spi.ClientInvocationService - training-instance [dev] [4.1] [4.0.1] Running with 2 response threads, dynamic=true
17:02:12.050 [main] INFO  com.hazelcast.core.LifecycleService - training-instance [dev] [4.1] [4.0.1] HazelcastClient 4.0.1 (20200409 - e086b9c) is STARTING
17:02:12.053 [main] INFO  com.hazelcast.core.LifecycleService - training-instance [dev] [4.1] [4.0.1] HazelcastClient 4.0.1 (20200409 - e086b9c) is STARTED
17:02:12.084 [main] INFO  c.h.c.i.c.ClientConnectionManager - training-instance [dev] [4.1] [4.0.1] Trying to connect to cluster: dev
17:02:12.086 [main] INFO  c.h.c.i.c.ClientConnectionManager - training-instance [dev] [4.1] [4.0.1] Trying to connect to [127.0.0.1]:5701
17:02:12.113 [hz.admiring_goodall.priority-generic-operation.thread-0] INFO  c.h.c.i.p.t.AuthenticationMessageTask - [10.251.34.15]:5701 [dev] [4.1] Received auth from Connection[id=1, /127.0.0.1:5701->/127.0.0.1:55265, qualifier=null, endpoint=[127.0.0.1]:55265, alive=true, connectionType=JVM], successfully authenticated, clientUuid: b30d571a-1c59-46d0-aac0-566baeb01914, client version: 4.0.1
17:02:12.116 [main] INFO  com.hazelcast.core.LifecycleService - training-instance [dev] [4.1] [4.0.1] HazelcastClient 4.0.1 (20200409 - e086b9c) is CLIENT_CONNECTED
17:02:12.116 [main] INFO  c.h.c.i.c.ClientConnectionManager - training-instance [dev] [4.1] [4.0.1] Authenticated with server [10.251.34.15]:5701:b0175154-e8fb-47d0-8b20-135bd669acad, server version: 4.0.1, local address: /127.0.0.1:55265
17:02:12.120 [main] INFO  c.h.internal.diagnostics.Diagnostics - training-instance [dev] [4.1] [4.0.1] Diagnostics disabled. To enable add -Dhazelcast.diagnostics.enabled=true to the JVM arguments.
17:02:12.126 [training-instance.event-9] INFO  c.h.c.impl.spi.ClientClusterService - training-instance [dev] [4.1] [4.0.1] 

Members [1] {
	Member [10.251.34.15]:5701 - b0175154-e8fb-47d0-8b20-135bd669acad
}

17:02:12.165 [main] INFO  c.h.c.i.s.ClientStatisticsService - Client statistics is enabled with period 5 seconds.
17:02:12.367 [main] WARN  o.s.b.a.o.j.JpaBaseConfiguration$JpaWebConfiguration - spring.jpa.open-in-view is enabled by default. Therefore, database queries may be performed during view rendering. Explicitly configure spring.jpa.open-in-view to disable this warning
17:02:13.444 [main] INFO  o.s.d.j.r.query.QueryEnhancerFactory - Hibernate is in classpath; If applicable, HQL parser will be used.
17:02:13.751 [main] WARN  o.s.b.w.s.c.AnnotationConfigServletWebServerApplicationContext - Exception encountered during context initialization - cancelling refresh attempt: org.springframework.beans.factory.BeanCreationException: Error creating bean with name 'personRepository' defined in com.project.contactsdemo.repository.PersonRepository defined in @EnableJpaRepositories declared on JpaRepositoriesRegistrar.EnableJpaRepositoriesConfiguration: Could not create query for public abstract java.util.List com.project.contactsdemo.repository.PersonRepository.findAllWithContacts(); Reason: Validation failed for query for method public abstract java.util.List com.project.contactsdemo.repository.PersonRepository.findAllWithContacts()
17:02:13.754 [main] INFO  com.hazelcast.core.LifecycleService - training-instance [dev] [4.1] [4.0.1] HazelcastClient 4.0.1 (20200409 - e086b9c) is SHUTTING_DOWN
17:02:13.756 [main] INFO  c.h.c.i.c.ClientConnectionManager - training-instance [dev] [4.1] [4.0.1] Removed connection to endpoint: [10.251.34.15]:5701:b0175154-e8fb-47d0-8b20-135bd669acad, connection: ClientConnection{alive=false, connectionId=1, channel=NioChannel{/127.0.0.1:55265->/127.0.0.1:5701}, remoteEndpoint=[10.251.34.15]:5701, lastReadTime=2025-03-20 17:02:12.177, lastWriteTime=2025-03-20 17:02:12.173, closedTime=2025-03-20 17:02:13.755, connected server version=4.0.1}
17:02:13.756 [main] INFO  com.hazelcast.core.LifecycleService - training-instance [dev] [4.1] [4.0.1] HazelcastClient 4.0.1 (20200409 - e086b9c) is CLIENT_DISCONNECTED
17:02:13.756 [hz.admiring_goodall.IO.thread-in-0] INFO  c.h.internal.nio.tcp.TcpIpConnection - [10.251.34.15]:5701 [dev] [4.1] Connection[id=1, /127.0.0.1:5701->/127.0.0.1:55265, qualifier=null, endpoint=[127.0.0.1]:55265, alive=false, connectionType=JVM] closed. Reason: Connection closed by the other side
17:02:13.759 [main] INFO  com.hazelcast.core.LifecycleService - training-instance [dev] [4.1] [4.0.1] HazelcastClient 4.0.1 (20200409 - e086b9c) is SHUTDOWN
17:02:13.759 [main] INFO  o.s.o.j.LocalContainerEntityManagerFactoryBean - Closing JPA EntityManagerFactory for persistence unit 'default'
17:02:13.760 [hz.admiring_goodall.event-1] INFO  c.h.c.impl.ClientEndpointManager - [10.251.34.15]:5701 [dev] [4.1] Destroying ClientEndpoint{connection=Connection[id=1, /127.0.0.1:5701->/127.0.0.1:55265, qualifier=null, endpoint=[127.0.0.1]:55265, alive=false, connectionType=JVM], clientUuid='b30d571a-1c59-46d0-aac0-566baeb01914, authenticated=true, clientVersion=4.0.1, creationTime=1742479332110, latest clientAttributes=lastStatisticsCollectionTime=1742479332166,enterprise=false,clientType=JVM,clientVersion=4.0.1,clusterConnectionTimestamp=1742479332097,clientAddress=127.0.0.1,clientName=training-instance,credentials.principal=null,os.committedVirtualMemorySize=0,os.freePhysicalMemorySize=16815915008,os.freeSwapSpaceSize=0,os.maxFileDescriptorCount=0,os.openFileDescriptorCount=0,os.processCpuTime=0,os.systemLoadAverage=-1.0,os.totalPhysicalMemorySize=34358550528,os.totalSwapSpaceSize=0,runtime.availableProcessors=16,runtime.freeMemory=108524016,runtime.maxMemory=8589934592,runtime.totalMemory=167772160,runtime.uptime=12313,runtime.usedMemory=59248144,executionService.userExecutorQueueSize=0}
17:02:13.762 [main] INFO  com.zaxxer.hikari.HikariDataSource - HikariPool-1 - Shutdown initiated...
17:02:13.767 [main] INFO  com.zaxxer.hikari.HikariDataSource - HikariPool-1 - Shutdown completed.
17:02:13.770 [main] INFO  o.a.catalina.core.StandardService - Stopping service [Tomcat]
17:02:13.792 [main] INFO  o.s.b.a.l.ConditionEvaluationReportLogger - 

Error starting ApplicationContext. To display the condition evaluation report re-run your application with 'debug' enabled.
17:02:13.815 [main] ERROR o.s.boot.SpringApplication - Application run failed
org.springframework.beans.factory.BeanCreationException: Error creating bean with name 'personRepository' defined in com.project.contactsdemo.repository.PersonRepository defined in @EnableJpaRepositories declared on JpaRepositoriesRegistrar.EnableJpaRepositoriesConfiguration: Could not create query for public abstract java.util.List com.project.contactsdemo.repository.PersonRepository.findAllWithContacts(); Reason: Validation failed for query for method public abstract java.util.List com.project.contactsdemo.repository.PersonRepository.findAllWithContacts()
	at org.springframework.beans.factory.support.AbstractAutowireCapableBeanFactory.initializeBean(AbstractAutowireCapableBeanFactory.java:1788)
	at org.springframework.beans.factory.support.AbstractAutowireCapableBeanFactory.doCreateBean(AbstractAutowireCapableBeanFactory.java:600)
	at org.springframework.beans.factory.support.AbstractAutowireCapableBeanFactory.createBean(AbstractAutowireCapableBeanFactory.java:522)
	at org.springframework.beans.factory.support.AbstractBeanFactory.lambda$doGetBean$0(AbstractBeanFactory.java:337)
	at org.springframework.beans.factory.support.DefaultSingletonBeanRegistry.getSingleton(DefaultSingletonBeanRegistry.java:234)
	at org.springframework.beans.factory.support.AbstractBeanFactory.doGetBean(AbstractBeanFactory.java:335)
	at org.springframework.beans.factory.support.AbstractBeanFactory.getBean(AbstractBeanFactory.java:200)
	at org.springframework.beans.factory.support.DefaultListableBeanFactory.preInstantiateSingletons(DefaultListableBeanFactory.java:969)
	at org.springframework.context.support.AbstractApplicationContext.finishBeanFactoryInitialization(AbstractApplicationContext.java:962)
	at org.springframework.context.support.AbstractApplicationContext.refresh(AbstractApplicationContext.java:624)
	at org.springframework.boot.web.servlet.context.ServletWebServerApplicationContext.refresh(ServletWebServerApplicationContext.java:146)
	at org.springframework.boot.SpringApplication.refresh(SpringApplication.java:754)
	at org.springframework.boot.SpringApplication.refreshContext(SpringApplication.java:456)
	at org.springframework.boot.SpringApplication.run(SpringApplication.java:335)
	at org.springframework.boot.SpringApplication.run(SpringApplication.java:1363)
	at org.springframework.boot.SpringApplication.run(SpringApplication.java:1352)
	at com.project.contactsdemo.ContactsdemoApplication.main(ContactsdemoApplication.java:10)
Caused by: org.springframework.data.repository.query.QueryCreationException: Could not create query for public abstract java.util.List com.project.contactsdemo.repository.PersonRepository.findAllWithContacts(); Reason: Validation failed for query for method public abstract java.util.List com.project.contactsdemo.repository.PersonRepository.findAllWithContacts()
	at org.springframework.data.repository.query.QueryCreationException.create(QueryCreationException.java:101)
	at org.springframework.data.repository.core.support.QueryExecutorMethodInterceptor.lookupQuery(QueryExecutorMethodInterceptor.java:115)
	at org.springframework.data.repository.core.support.QueryExecutorMethodInterceptor.mapMethodsToQuery(QueryExecutorMethodInterceptor.java:99)
	at org.springframework.data.repository.core.support.QueryExecutorMethodInterceptor.lambda$new$0(QueryExecutorMethodInterceptor.java:88)
	at java.base/java.util.Optional.map(Optional.java:260)
	at org.springframework.data.repository.core.support.QueryExecutorMethodInterceptor.<init>(QueryExecutorMethodInterceptor.java:88)
	at org.springframework.data.repository.core.support.RepositoryFactorySupport.getRepository(RepositoryFactorySupport.java:357)
	at org.springframework.data.repository.core.support.RepositoryFactoryBeanSupport.lambda$afterPropertiesSet$5(RepositoryFactoryBeanSupport.java:286)
	at org.springframework.data.util.Lazy.getNullable(Lazy.java:135)
	at org.springframework.data.util.Lazy.get(Lazy.java:113)
	at org.springframework.data.repository.core.support.RepositoryFactoryBeanSupport.afterPropertiesSet(RepositoryFactoryBeanSupport.java:292)
	at org.springframework.data.jpa.repository.support.JpaRepositoryFactoryBean.afterPropertiesSet(JpaRepositoryFactoryBean.java:132)
	at org.springframework.beans.factory.support.AbstractAutowireCapableBeanFactory.invokeInitMethods(AbstractAutowireCapableBeanFactory.java:1835)
	at org.springframework.beans.factory.support.AbstractAutowireCapableBeanFactory.initializeBean(AbstractAutowireCapableBeanFactory.java:1784)
	... 16 common frames omitted
Caused by: java.lang.IllegalArgumentException: Validation failed for query for method public abstract java.util.List com.project.contactsdemo.repository.PersonRepository.findAllWithContacts()
	at org.springframework.data.jpa.repository.query.SimpleJpaQuery.validateQuery(SimpleJpaQuery.java:100)
	at org.springframework.data.jpa.repository.query.SimpleJpaQuery.<init>(SimpleJpaQuery.java:70)
	at org.springframework.data.jpa.repository.query.JpaQueryFactory.fromMethodWithQueryString(JpaQueryFactory.java:60)
	at org.springframework.data.jpa.repository.query.JpaQueryLookupStrategy$DeclaredQueryLookupStrategy.resolveQuery(JpaQueryLookupStrategy.java:170)
	at org.springframework.data.jpa.repository.query.JpaQueryLookupStrategy$CreateIfNotFoundQueryLookupStrategy.resolveQuery(JpaQueryLookupStrategy.java:252)
	at org.springframework.data.jpa.repository.query.JpaQueryLookupStrategy$AbstractQueryLookupStrategy.resolveQuery(JpaQueryLookupStrategy.java:95)
	at org.springframework.data.repository.core.support.QueryExecutorMethodInterceptor.lookupQuery(QueryExecutorMethodInterceptor.java:111)
	... 28 common frames omitted
Caused by: java.lang.IllegalArgumentException: org.hibernate.query.sqm.UnknownEntityException: Could not resolve root entity 'person'
	at org.hibernate.internal.ExceptionConverterImpl.convert(ExceptionConverterImpl.java:143)
	at org.hibernate.internal.ExceptionConverterImpl.convert(ExceptionConverterImpl.java:167)
	at org.hibernate.internal.ExceptionConverterImpl.convert(ExceptionConverterImpl.java:173)
	at org.hibernate.internal.AbstractSharedSessionContract.createQuery(AbstractSharedSessionContract.java:848)
	at org.hibernate.internal.AbstractSharedSessionContract.createQuery(AbstractSharedSessionContract.java:753)
	at org.hibernate.internal.AbstractSharedSessionContract.createQuery(AbstractSharedSessionContract.java:136)
	at java.base/jdk.internal.reflect.NativeMethodAccessorImpl.invoke0(Native Method)
	at java.base/jdk.internal.reflect.NativeMethodAccessorImpl.invoke(NativeMethodAccessorImpl.java:77)
	at java.base/jdk.internal.reflect.DelegatingMethodAccessorImpl.invoke(DelegatingMethodAccessorImpl.java:43)
	at java.base/java.lang.reflect.Method.invoke(Method.java:568)
	at org.springframework.orm.jpa.ExtendedEntityManagerCreator$ExtendedEntityManagerInvocationHandler.invoke(ExtendedEntityManagerCreator.java:364)
	at jdk.proxy2/jdk.proxy2.$Proxy175.createQuery(Unknown Source)
	at org.springframework.data.jpa.repository.query.SimpleJpaQuery.validateQuery(SimpleJpaQuery.java:94)
	... 34 common frames omitted
Caused by: org.hibernate.query.sqm.UnknownEntityException: Could not resolve root entity 'person'
	at org.hibernate.query.hql.internal.SemanticQueryBuilder.resolveRootEntity(SemanticQueryBuilder.java:2013)
	at org.hibernate.query.hql.internal.SemanticQueryBuilder.visitRootEntity(SemanticQueryBuilder.java:1944)
	at org.hibernate.query.hql.internal.SemanticQueryBuilder.visitRootEntity(SemanticQueryBuilder.java:269)
	at org.hibernate.grammars.hql.HqlParser$RootEntityContext.accept(HqlParser.java:2549)
	at org.hibernate.query.hql.internal.SemanticQueryBuilder.visitEntityWithJoins(SemanticQueryBuilder.java:1914)
	at org.hibernate.query.hql.internal.SemanticQueryBuilder.visitFromClause(SemanticQueryBuilder.java:1901)
	at org.hibernate.query.hql.internal.SemanticQueryBuilder.visitQuery(SemanticQueryBuilder.java:1148)
	at org.hibernate.query.hql.internal.SemanticQueryBuilder.visitQuerySpecExpression(SemanticQueryBuilder.java:941)
	at org.hibernate.query.hql.internal.SemanticQueryBuilder.visitQuerySpecExpression(SemanticQueryBuilder.java:269)
	at org.hibernate.grammars.hql.HqlParser$QuerySpecExpressionContext.accept(HqlParser.java:1869)
	at org.hibernate.query.hql.internal.SemanticQueryBuilder.visitSimpleQueryGroup(SemanticQueryBuilder.java:926)
	at org.hibernate.query.hql.internal.SemanticQueryBuilder.visitSimpleQueryGroup(SemanticQueryBuilder.java:269)
	at org.hibernate.grammars.hql.HqlParser$SimpleQueryGroupContext.accept(HqlParser.java:1740)
	at org.hibernate.query.hql.internal.SemanticQueryBuilder.visitSelectStatement(SemanticQueryBuilder.java:443)
	at org.hibernate.query.hql.internal.SemanticQueryBuilder.visitStatement(SemanticQueryBuilder.java:402)
	at org.hibernate.query.hql.internal.SemanticQueryBuilder.buildSemanticModel(SemanticQueryBuilder.java:311)
	at org.hibernate.query.hql.internal.StandardHqlTranslator.translate(StandardHqlTranslator.java:71)
	at org.hibernate.query.internal.QueryInterpretationCacheStandardImpl.createHqlInterpretation(QueryInterpretationCacheStandardImpl.java:165)
	at org.hibernate.query.internal.QueryInterpretationCacheStandardImpl.resolveHqlInterpretation(QueryInterpretationCacheStandardImpl.java:147)
	at org.hibernate.internal.AbstractSharedSessionContract.interpretHql(AbstractSharedSessionContract.java:790)
	at org.hibernate.internal.AbstractSharedSessionContract.createQuery(AbstractSharedSessionContract.java:840)
	... 43 common frames omitted
17:04:34.131 [background-preinit] INFO  o.h.validator.internal.util.Version - HV000001: Hibernate Validator 8.0.1.Final
17:04:34.197 [main] INFO  c.p.c.ContactsdemoApplication - Starting ContactsdemoApplication using Java 17.0.12 with PID 26912 (C:\Ayse Ceren - crud projects\contactsdemo\build\classes\java\main started by 16381136672 in C:\Ayse Ceren - crud projects\contactsdemo)
17:04:34.198 [main] INFO  c.p.c.ContactsdemoApplication - No active profile set, falling back to 1 default profile: "default"
17:04:35.551 [main] INFO  o.s.d.r.c.RepositoryConfigurationDelegate - Bootstrapping Spring Data JPA repositories in DEFAULT mode.
17:04:35.626 [main] INFO  o.s.d.r.c.RepositoryConfigurationDelegate - Finished Spring Data repository scanning in 66 ms. Found 2 JPA repository interfaces.
17:04:36.436 [main] INFO  o.s.b.w.e.tomcat.TomcatWebServer - Tomcat initialized with port 8080 (http)
17:04:36.447 [main] INFO  o.a.coyote.http11.Http11NioProtocol - Initializing ProtocolHandler ["http-nio-8080"]
17:04:36.449 [main] INFO  o.a.catalina.core.StandardService - Starting service [Tomcat]
17:04:36.449 [main] INFO  o.a.catalina.core.StandardEngine - Starting Servlet engine: [Apache Tomcat/10.1.25]
17:04:36.554 [main] INFO  o.a.c.c.C.[Tomcat].[localhost].[/] - Initializing Spring embedded WebApplicationContext
17:04:36.554 [main] INFO  o.s.b.w.s.c.ServletWebServerApplicationContext - Root WebApplicationContext: initialization completed in 2291 ms
17:04:36.760 [main] INFO  com.zaxxer.hikari.HikariDataSource - HikariPool-1 - Starting...
17:04:36.914 [main] INFO  com.zaxxer.hikari.pool.HikariPool - HikariPool-1 - Added connection org.postgresql.jdbc.PgConnection@47eaf55c
17:04:36.916 [main] INFO  com.zaxxer.hikari.HikariDataSource - HikariPool-1 - Start completed.
17:04:37.596 [main] INFO  liquibase.changelog - Reading from public.databasechangelog
17:04:37.654 [main] INFO  liquibase.changelog - Reading from public.databasechangelog
17:04:37.661 [main] INFO  liquibase.util - UPDATE SUMMARY
17:04:37.661 [main] INFO  liquibase.util - Run:                          0
17:04:37.661 [main] INFO  liquibase.util - Previously run:               2
17:04:37.661 [main] INFO  liquibase.util - Filtered out:                 0
17:04:37.661 [main] INFO  liquibase.util - -------------------------------
17:04:37.661 [main] INFO  liquibase.util - Total change sets:            2
17:04:37.662 [main] INFO  liquibase.util - Update summary generated
17:04:37.691 [main] INFO  liquibase.lockservice - Successfully released change log lock
17:04:37.694 [main] INFO  liquibase.command - Command execution complete
17:04:37.788 [main] INFO  o.h.jpa.internal.util.LogHelper - HHH000204: Processing PersistenceUnitInfo [name: default]
17:04:37.851 [main] INFO  org.hibernate.Version - HHH000412: Hibernate ORM core version 6.4.9.Final
17:04:37.886 [main] INFO  o.h.c.i.RegionFactoryInitiator - HHH000026: Second-level cache disabled
17:04:38.131 [main] INFO  o.s.o.j.p.SpringPersistenceUnitInfo - No LoadTimeWeaver setup: ignoring JPA class transformer
17:04:38.179 [main] WARN  org.hibernate.orm.deprecation - HHH90000025: PostgreSQLDialect does not need to be specified explicitly using 'hibernate.dialect' (remove the property setting and it will be selected by default)
17:04:39.254 [main] INFO  o.s.o.j.LocalContainerEntityManagerFactoryBean - Initialized JPA EntityManagerFactory for persistence unit 'default'
17:04:39.395 [main] WARN  c.h.i.impl.HazelcastInstanceFactory - Hazelcast is starting in a Java modular environment (Java 9 and newer) but without proper access to required Java packages. Use additional Java arguments to provide Hazelcast access to Java internal API. The internal API access is used to get the best performance results. Arguments to be used:
 --add-modules java.se --add-exports java.base/jdk.internal.ref=ALL-UNNAMED --add-opens java.base/java.lang=ALL-UNNAMED --add-opens java.base/java.nio=ALL-UNNAMED --add-opens java.base/sun.nio.ch=ALL-UNNAMED --add-opens java.management/sun.management=ALL-UNNAMED --add-opens jdk.management/com.sun.management.internal=ALL-UNNAMED
17:04:39.398 [main] INFO  c.h.i.config.AbstractConfigLocator - Loading 'hazelcast-default.xml' from the classpath.
17:04:39.696 [main] INFO  c.hazelcast.instance.AddressPicker - [LOCAL] [dev] [4.1] Prefer IPv4 stack is true, prefer IPv6 addresses is false
17:04:39.720 [main] INFO  c.hazelcast.instance.AddressPicker - [LOCAL] [dev] [4.1] Picked [10.251.34.15]:5701, using socket ServerSocket[addr=/0:0:0:0:0:0:0:0,localport=5701], bind any local is true
17:04:39.740 [main] INFO  com.hazelcast.system - [10.251.34.15]:5701 [dev] [4.1] Hazelcast 4.0.1 (20200409 - e086b9c) starting at [10.251.34.15]:5701
17:04:39.741 [main] INFO  com.hazelcast.system - [10.251.34.15]:5701 [dev] [4.1] Copyright (c) 2008-2020, Hazelcast, Inc. All Rights Reserved.
17:04:39.912 [main] INFO  c.h.s.i.o.impl.BackpressureRegulator - [10.251.34.15]:5701 [dev] [4.1] Backpressure is disabled
17:04:40.187 [main] INFO  com.hazelcast.instance.impl.Node - [10.251.34.15]:5701 [dev] [4.1] Creating MulticastJoiner
17:04:40.193 [main] WARN  com.hazelcast.cp.CPSubsystem - [10.251.34.15]:5701 [dev] [4.1] CP Subsystem is not enabled. CP data structures will operate in UNSAFE mode! Please note that UNSAFE mode will not provide strong consistency guarantees.
17:04:40.432 [main] INFO  c.h.s.i.o.impl.OperationExecutorImpl - [10.251.34.15]:5701 [dev] [4.1] Starting 16 partition threads and 9 generic threads (1 dedicated for priority tasks)
17:04:40.448 [main] INFO  c.h.internal.diagnostics.Diagnostics - [10.251.34.15]:5701 [dev] [4.1] Diagnostics disabled. To enable add -Dhazelcast.diagnostics.enabled=true to the JVM arguments.
17:04:40.454 [main] INFO  com.hazelcast.core.LifecycleService - [10.251.34.15]:5701 [dev] [4.1] [10.251.34.15]:5701 is STARTING
17:04:43.345 [main] INFO  c.h.internal.cluster.ClusterService - [10.251.34.15]:5701 [dev] [4.1] 

Members {size:1, ver:1} [
	Member [10.251.34.15]:5701 - 70bdb7ab-d6ff-487a-aad8-e4f918146950 this
]

17:04:43.358 [main] INFO  com.hazelcast.core.LifecycleService - [10.251.34.15]:5701 [dev] [4.1] [10.251.34.15]:5701 is STARTED
17:04:43.412 [main] INFO  c.h.c.i.spi.ClientInvocationService - training-instance [dev] [4.1] [4.0.1] Running with 2 response threads, dynamic=true
17:04:43.450 [main] INFO  com.hazelcast.core.LifecycleService - training-instance [dev] [4.1] [4.0.1] HazelcastClient 4.0.1 (20200409 - e086b9c) is STARTING
17:04:43.452 [main] INFO  com.hazelcast.core.LifecycleService - training-instance [dev] [4.1] [4.0.1] HazelcastClient 4.0.1 (20200409 - e086b9c) is STARTED
17:04:43.478 [main] INFO  c.h.c.i.c.ClientConnectionManager - training-instance [dev] [4.1] [4.0.1] Trying to connect to cluster: dev
17:04:43.481 [main] INFO  c.h.c.i.c.ClientConnectionManager - training-instance [dev] [4.1] [4.0.1] Trying to connect to [127.0.0.1]:5701
17:04:43.503 [hz.suspicious_elgamal.priority-generic-operation.thread-0] INFO  c.h.c.i.p.t.AuthenticationMessageTask - [10.251.34.15]:5701 [dev] [4.1] Received auth from Connection[id=1, /127.0.0.1:5701->/127.0.0.1:55609, qualifier=null, endpoint=[127.0.0.1]:55609, alive=true, connectionType=JVM], successfully authenticated, clientUuid: 40249f80-e2a5-4d66-a912-039a56bf13f5, client version: 4.0.1
17:04:43.507 [main] INFO  com.hazelcast.core.LifecycleService - training-instance [dev] [4.1] [4.0.1] HazelcastClient 4.0.1 (20200409 - e086b9c) is CLIENT_CONNECTED
17:04:43.507 [main] INFO  c.h.c.i.c.ClientConnectionManager - training-instance [dev] [4.1] [4.0.1] Authenticated with server [10.251.34.15]:5701:70bdb7ab-d6ff-487a-aad8-e4f918146950, server version: 4.0.1, local address: /127.0.0.1:55609
17:04:43.510 [main] INFO  c.h.internal.diagnostics.Diagnostics - training-instance [dev] [4.1] [4.0.1] Diagnostics disabled. To enable add -Dhazelcast.diagnostics.enabled=true to the JVM arguments.
17:04:43.515 [training-instance.event-9] INFO  c.h.c.impl.spi.ClientClusterService - training-instance [dev] [4.1] [4.0.1] 

Members [1] {
	Member [10.251.34.15]:5701 - 70bdb7ab-d6ff-487a-aad8-e4f918146950
}

17:04:43.542 [main] INFO  c.h.c.i.s.ClientStatisticsService - Client statistics is enabled with period 5 seconds.
17:04:43.749 [main] WARN  o.s.b.a.o.j.JpaBaseConfiguration$JpaWebConfiguration - spring.jpa.open-in-view is enabled by default. Therefore, database queries may be performed during view rendering. Explicitly configure spring.jpa.open-in-view to disable this warning
17:04:44.788 [main] INFO  o.s.d.j.r.query.QueryEnhancerFactory - Hibernate is in classpath; If applicable, HQL parser will be used.
17:04:45.115 [main] WARN  o.s.b.w.s.c.AnnotationConfigServletWebServerApplicationContext - Exception encountered during context initialization - cancelling refresh attempt: org.springframework.beans.factory.BeanCreationException: Error creating bean with name 'contactRepository' defined in com.project.contactsdemo.contact.repository.ContactRepository defined in @EnableJpaRepositories declared on JpaRepositoriesRegistrar.EnableJpaRepositoriesConfiguration: Could not create query for public abstract java.util.List com.project.contactsdemo.contact.repository.ContactRepository.findContactsByPersonId(java.lang.Long); Reason: Validation failed for query for method public abstract java.util.List com.project.contactsdemo.contact.repository.ContactRepository.findContactsByPersonId(java.lang.Long)
17:04:45.118 [main] INFO  com.hazelcast.core.LifecycleService - training-instance [dev] [4.1] [4.0.1] HazelcastClient 4.0.1 (20200409 - e086b9c) is SHUTTING_DOWN
17:04:45.121 [main] INFO  c.h.c.i.c.ClientConnectionManager - training-instance [dev] [4.1] [4.0.1] Removed connection to endpoint: [10.251.34.15]:5701:70bdb7ab-d6ff-487a-aad8-e4f918146950, connection: ClientConnection{alive=false, connectionId=1, channel=NioChannel{/127.0.0.1:55609->/127.0.0.1:5701}, remoteEndpoint=[10.251.34.15]:5701, lastReadTime=2025-03-20 17:04:43.553, lastWriteTime=2025-03-20 17:04:43.550, closedTime=2025-03-20 17:04:45.119, connected server version=4.0.1}
17:04:45.121 [hz.suspicious_elgamal.IO.thread-in-0] INFO  c.h.internal.nio.tcp.TcpIpConnection - [10.251.34.15]:5701 [dev] [4.1] Connection[id=1, /127.0.0.1:5701->/127.0.0.1:55609, qualifier=null, endpoint=[127.0.0.1]:55609, alive=false, connectionType=JVM] closed. Reason: Connection closed by the other side
17:04:45.121 [main] INFO  com.hazelcast.core.LifecycleService - training-instance [dev] [4.1] [4.0.1] HazelcastClient 4.0.1 (20200409 - e086b9c) is CLIENT_DISCONNECTED
17:04:45.124 [hz.suspicious_elgamal.event-5] INFO  c.h.c.impl.ClientEndpointManager - [10.251.34.15]:5701 [dev] [4.1] Destroying ClientEndpoint{connection=Connection[id=1, /127.0.0.1:5701->/127.0.0.1:55609, qualifier=null, endpoint=[127.0.0.1]:55609, alive=false, connectionType=JVM], clientUuid='40249f80-e2a5-4d66-a912-039a56bf13f5, authenticated=true, clientVersion=4.0.1, creationTime=1742479483501, latest clientAttributes=lastStatisticsCollectionTime=1742479483541,enterprise=false,clientType=JVM,clientVersion=4.0.1,clusterConnectionTimestamp=1742479483489,clientAddress=127.0.0.1,clientName=training-instance,credentials.principal=null,os.committedVirtualMemorySize=0,os.freePhysicalMemorySize=16843276288,os.freeSwapSpaceSize=0,os.maxFileDescriptorCount=0,os.openFileDescriptorCount=0,os.processCpuTime=0,os.systemLoadAverage=-1.0,os.totalPhysicalMemorySize=34358550528,os.totalSwapSpaceSize=0,runtime.availableProcessors=16,runtime.freeMemory=41728856,runtime.maxMemory=8589934592,runtime.totalMemory=155189248,runtime.uptime=11222,runtime.usedMemory=113460392,executionService.userExecutorQueueSize=0}
17:04:45.125 [main] INFO  com.hazelcast.core.LifecycleService - training-instance [dev] [4.1] [4.0.1] HazelcastClient 4.0.1 (20200409 - e086b9c) is SHUTDOWN
17:04:45.126 [main] INFO  o.s.o.j.LocalContainerEntityManagerFactoryBean - Closing JPA EntityManagerFactory for persistence unit 'default'
17:04:45.129 [main] INFO  com.zaxxer.hikari.HikariDataSource - HikariPool-1 - Shutdown initiated...
17:04:45.133 [main] INFO  com.zaxxer.hikari.HikariDataSource - HikariPool-1 - Shutdown completed.
17:04:45.135 [main] INFO  o.a.catalina.core.StandardService - Stopping service [Tomcat]
17:04:45.156 [main] INFO  o.s.b.a.l.ConditionEvaluationReportLogger - 

Error starting ApplicationContext. To display the condition evaluation report re-run your application with 'debug' enabled.
17:04:45.178 [main] ERROR o.s.boot.SpringApplication - Application run failed
org.springframework.beans.factory.BeanCreationException: Error creating bean with name 'contactRepository' defined in com.project.contactsdemo.contact.repository.ContactRepository defined in @EnableJpaRepositories declared on JpaRepositoriesRegistrar.EnableJpaRepositoriesConfiguration: Could not create query for public abstract java.util.List com.project.contactsdemo.contact.repository.ContactRepository.findContactsByPersonId(java.lang.Long); Reason: Validation failed for query for method public abstract java.util.List com.project.contactsdemo.contact.repository.ContactRepository.findContactsByPersonId(java.lang.Long)
	at org.springframework.beans.factory.support.AbstractAutowireCapableBeanFactory.initializeBean(AbstractAutowireCapableBeanFactory.java:1788)
	at org.springframework.beans.factory.support.AbstractAutowireCapableBeanFactory.doCreateBean(AbstractAutowireCapableBeanFactory.java:600)
	at org.springframework.beans.factory.support.AbstractAutowireCapableBeanFactory.createBean(AbstractAutowireCapableBeanFactory.java:522)
	at org.springframework.beans.factory.support.AbstractBeanFactory.lambda$doGetBean$0(AbstractBeanFactory.java:337)
	at org.springframework.beans.factory.support.DefaultSingletonBeanRegistry.getSingleton(DefaultSingletonBeanRegistry.java:234)
	at org.springframework.beans.factory.support.AbstractBeanFactory.doGetBean(AbstractBeanFactory.java:335)
	at org.springframework.beans.factory.support.AbstractBeanFactory.getBean(AbstractBeanFactory.java:200)
	at org.springframework.beans.factory.support.DefaultListableBeanFactory.preInstantiateSingletons(DefaultListableBeanFactory.java:969)
	at org.springframework.context.support.AbstractApplicationContext.finishBeanFactoryInitialization(AbstractApplicationContext.java:962)
	at org.springframework.context.support.AbstractApplicationContext.refresh(AbstractApplicationContext.java:624)
	at org.springframework.boot.web.servlet.context.ServletWebServerApplicationContext.refresh(ServletWebServerApplicationContext.java:146)
	at org.springframework.boot.SpringApplication.refresh(SpringApplication.java:754)
	at org.springframework.boot.SpringApplication.refreshContext(SpringApplication.java:456)
	at org.springframework.boot.SpringApplication.run(SpringApplication.java:335)
	at org.springframework.boot.SpringApplication.run(SpringApplication.java:1363)
	at org.springframework.boot.SpringApplication.run(SpringApplication.java:1352)
	at com.project.contactsdemo.ContactsdemoApplication.main(ContactsdemoApplication.java:10)
Caused by: org.springframework.data.repository.query.QueryCreationException: Could not create query for public abstract java.util.List com.project.contactsdemo.contact.repository.ContactRepository.findContactsByPersonId(java.lang.Long); Reason: Validation failed for query for method public abstract java.util.List com.project.contactsdemo.contact.repository.ContactRepository.findContactsByPersonId(java.lang.Long)
	at org.springframework.data.repository.query.QueryCreationException.create(QueryCreationException.java:101)
	at org.springframework.data.repository.core.support.QueryExecutorMethodInterceptor.lookupQuery(QueryExecutorMethodInterceptor.java:115)
	at org.springframework.data.repository.core.support.QueryExecutorMethodInterceptor.mapMethodsToQuery(QueryExecutorMethodInterceptor.java:99)
	at org.springframework.data.repository.core.support.QueryExecutorMethodInterceptor.lambda$new$0(QueryExecutorMethodInterceptor.java:88)
	at java.base/java.util.Optional.map(Optional.java:260)
	at org.springframework.data.repository.core.support.QueryExecutorMethodInterceptor.<init>(QueryExecutorMethodInterceptor.java:88)
	at org.springframework.data.repository.core.support.RepositoryFactorySupport.getRepository(RepositoryFactorySupport.java:357)
	at org.springframework.data.repository.core.support.RepositoryFactoryBeanSupport.lambda$afterPropertiesSet$5(RepositoryFactoryBeanSupport.java:286)
	at org.springframework.data.util.Lazy.getNullable(Lazy.java:135)
	at org.springframework.data.util.Lazy.get(Lazy.java:113)
	at org.springframework.data.repository.core.support.RepositoryFactoryBeanSupport.afterPropertiesSet(RepositoryFactoryBeanSupport.java:292)
	at org.springframework.data.jpa.repository.support.JpaRepositoryFactoryBean.afterPropertiesSet(JpaRepositoryFactoryBean.java:132)
	at org.springframework.beans.factory.support.AbstractAutowireCapableBeanFactory.invokeInitMethods(AbstractAutowireCapableBeanFactory.java:1835)
	at org.springframework.beans.factory.support.AbstractAutowireCapableBeanFactory.initializeBean(AbstractAutowireCapableBeanFactory.java:1784)
	... 16 common frames omitted
Caused by: java.lang.IllegalArgumentException: Validation failed for query for method public abstract java.util.List com.project.contactsdemo.contact.repository.ContactRepository.findContactsByPersonId(java.lang.Long)
	at org.springframework.data.jpa.repository.query.SimpleJpaQuery.validateQuery(SimpleJpaQuery.java:100)
	at org.springframework.data.jpa.repository.query.SimpleJpaQuery.<init>(SimpleJpaQuery.java:70)
	at org.springframework.data.jpa.repository.query.JpaQueryFactory.fromMethodWithQueryString(JpaQueryFactory.java:60)
	at org.springframework.data.jpa.repository.query.JpaQueryLookupStrategy$DeclaredQueryLookupStrategy.resolveQuery(JpaQueryLookupStrategy.java:170)
	at org.springframework.data.jpa.repository.query.JpaQueryLookupStrategy$CreateIfNotFoundQueryLookupStrategy.resolveQuery(JpaQueryLookupStrategy.java:252)
	at org.springframework.data.jpa.repository.query.JpaQueryLookupStrategy$AbstractQueryLookupStrategy.resolveQuery(JpaQueryLookupStrategy.java:95)
	at org.springframework.data.repository.core.support.QueryExecutorMethodInterceptor.lookupQuery(QueryExecutorMethodInterceptor.java:111)
	... 28 common frames omitted
Caused by: java.lang.IllegalArgumentException: org.hibernate.query.sqm.UnknownEntityException: Could not resolve root entity 'person'
	at org.hibernate.internal.ExceptionConverterImpl.convert(ExceptionConverterImpl.java:143)
	at org.hibernate.internal.ExceptionConverterImpl.convert(ExceptionConverterImpl.java:167)
	at org.hibernate.internal.ExceptionConverterImpl.convert(ExceptionConverterImpl.java:173)
	at org.hibernate.internal.AbstractSharedSessionContract.createQuery(AbstractSharedSessionContract.java:848)
	at org.hibernate.internal.AbstractSharedSessionContract.createQuery(AbstractSharedSessionContract.java:753)
	at org.hibernate.internal.AbstractSharedSessionContract.createQuery(AbstractSharedSessionContract.java:136)
	at java.base/jdk.internal.reflect.NativeMethodAccessorImpl.invoke0(Native Method)
	at java.base/jdk.internal.reflect.NativeMethodAccessorImpl.invoke(NativeMethodAccessorImpl.java:77)
	at java.base/jdk.internal.reflect.DelegatingMethodAccessorImpl.invoke(DelegatingMethodAccessorImpl.java:43)
	at java.base/java.lang.reflect.Method.invoke(Method.java:568)
	at org.springframework.orm.jpa.ExtendedEntityManagerCreator$ExtendedEntityManagerInvocationHandler.invoke(ExtendedEntityManagerCreator.java:364)
	at jdk.proxy2/jdk.proxy2.$Proxy175.createQuery(Unknown Source)
	at org.springframework.data.jpa.repository.query.SimpleJpaQuery.validateQuery(SimpleJpaQuery.java:94)
	... 34 common frames omitted
Caused by: org.hibernate.query.sqm.UnknownEntityException: Could not resolve root entity 'person'
	at org.hibernate.query.hql.internal.SemanticQueryBuilder.resolveRootEntity(SemanticQueryBuilder.java:2013)
	at org.hibernate.query.hql.internal.SemanticQueryBuilder.visitRootEntity(SemanticQueryBuilder.java:1944)
	at org.hibernate.query.hql.internal.SemanticQueryBuilder.visitRootEntity(SemanticQueryBuilder.java:269)
	at org.hibernate.grammars.hql.HqlParser$RootEntityContext.accept(HqlParser.java:2549)
	at org.hibernate.query.hql.internal.SemanticQueryBuilder.visitEntityWithJoins(SemanticQueryBuilder.java:1914)
	at org.hibernate.query.hql.internal.SemanticQueryBuilder.visitFromClause(SemanticQueryBuilder.java:1901)
	at org.hibernate.query.hql.internal.SemanticQueryBuilder.visitQuery(SemanticQueryBuilder.java:1148)
	at org.hibernate.query.hql.internal.SemanticQueryBuilder.visitQuerySpecExpression(SemanticQueryBuilder.java:941)
	at org.hibernate.query.hql.internal.SemanticQueryBuilder.visitQuerySpecExpression(SemanticQueryBuilder.java:269)
	at org.hibernate.grammars.hql.HqlParser$QuerySpecExpressionContext.accept(HqlParser.java:1869)
	at org.hibernate.query.hql.internal.SemanticQueryBuilder.visitSimpleQueryGroup(SemanticQueryBuilder.java:926)
	at org.hibernate.query.hql.internal.SemanticQueryBuilder.visitSimpleQueryGroup(SemanticQueryBuilder.java:269)
	at org.hibernate.grammars.hql.HqlParser$SimpleQueryGroupContext.accept(HqlParser.java:1740)
	at org.hibernate.query.hql.internal.SemanticQueryBuilder.visitSelectStatement(SemanticQueryBuilder.java:443)
	at org.hibernate.query.hql.internal.SemanticQueryBuilder.visitStatement(SemanticQueryBuilder.java:402)
	at org.hibernate.query.hql.internal.SemanticQueryBuilder.buildSemanticModel(SemanticQueryBuilder.java:311)
	at org.hibernate.query.hql.internal.StandardHqlTranslator.translate(StandardHqlTranslator.java:71)
	at org.hibernate.query.internal.QueryInterpretationCacheStandardImpl.createHqlInterpretation(QueryInterpretationCacheStandardImpl.java:165)
	at org.hibernate.query.internal.QueryInterpretationCacheStandardImpl.resolveHqlInterpretation(QueryInterpretationCacheStandardImpl.java:147)
	at org.hibernate.internal.AbstractSharedSessionContract.interpretHql(AbstractSharedSessionContract.java:790)
	at org.hibernate.internal.AbstractSharedSessionContract.createQuery(AbstractSharedSessionContract.java:840)
	... 43 common frames omitted
17:05:21.795 [background-preinit] INFO  o.h.validator.internal.util.Version - HV000001: Hibernate Validator 8.0.1.Final
17:05:21.873 [main] INFO  c.p.c.ContactsdemoApplication - Starting ContactsdemoApplication using Java 17.0.12 with PID 3688 (C:\Ayse Ceren - crud projects\contactsdemo\build\classes\java\main started by 16381136672 in C:\Ayse Ceren - crud projects\contactsdemo)
17:05:21.874 [main] INFO  c.p.c.ContactsdemoApplication - No active profile set, falling back to 1 default profile: "default"
17:05:23.388 [main] INFO  o.s.d.r.c.RepositoryConfigurationDelegate - Bootstrapping Spring Data JPA repositories in DEFAULT mode.
17:05:23.478 [main] INFO  o.s.d.r.c.RepositoryConfigurationDelegate - Finished Spring Data repository scanning in 82 ms. Found 2 JPA repository interfaces.
17:05:24.300 [main] INFO  o.s.b.w.e.tomcat.TomcatWebServer - Tomcat initialized with port 8080 (http)
17:05:24.313 [main] INFO  o.a.coyote.http11.Http11NioProtocol - Initializing ProtocolHandler ["http-nio-8080"]
17:05:24.314 [main] INFO  o.a.catalina.core.StandardService - Starting service [Tomcat]
17:05:24.315 [main] INFO  o.a.catalina.core.StandardEngine - Starting Servlet engine: [Apache Tomcat/10.1.25]
17:05:24.404 [main] INFO  o.a.c.c.C.[Tomcat].[localhost].[/] - Initializing Spring embedded WebApplicationContext
17:05:24.405 [main] INFO  o.s.b.w.s.c.ServletWebServerApplicationContext - Root WebApplicationContext: initialization completed in 2467 ms
17:05:24.615 [main] INFO  com.zaxxer.hikari.HikariDataSource - HikariPool-1 - Starting...
17:05:24.790 [main] INFO  com.zaxxer.hikari.pool.HikariPool - HikariPool-1 - Added connection org.postgresql.jdbc.PgConnection@2712e8f4
17:05:24.792 [main] INFO  com.zaxxer.hikari.HikariDataSource - HikariPool-1 - Start completed.
17:05:25.525 [main] INFO  liquibase.changelog - Reading from public.databasechangelog
17:05:25.581 [main] INFO  liquibase.changelog - Reading from public.databasechangelog
17:05:25.589 [main] INFO  liquibase.util - UPDATE SUMMARY
17:05:25.589 [main] INFO  liquibase.util - Run:                          0
17:05:25.589 [main] INFO  liquibase.util - Previously run:               2
17:05:25.589 [main] INFO  liquibase.util - Filtered out:                 0
17:05:25.589 [main] INFO  liquibase.util - -------------------------------
17:05:25.590 [main] INFO  liquibase.util - Total change sets:            2
17:05:25.590 [main] INFO  liquibase.util - Update summary generated
17:05:25.616 [main] INFO  liquibase.lockservice - Successfully released change log lock
17:05:25.618 [main] INFO  liquibase.command - Command execution complete
17:05:25.706 [main] INFO  o.h.jpa.internal.util.LogHelper - HHH000204: Processing PersistenceUnitInfo [name: default]
17:05:25.768 [main] INFO  org.hibernate.Version - HHH000412: Hibernate ORM core version 6.4.9.Final
17:05:25.803 [main] INFO  o.h.c.i.RegionFactoryInitiator - HHH000026: Second-level cache disabled
17:05:26.053 [main] INFO  o.s.o.j.p.SpringPersistenceUnitInfo - No LoadTimeWeaver setup: ignoring JPA class transformer
17:05:26.098 [main] WARN  org.hibernate.orm.deprecation - HHH90000025: PostgreSQLDialect does not need to be specified explicitly using 'hibernate.dialect' (remove the property setting and it will be selected by default)
17:05:27.206 [main] INFO  o.s.o.j.LocalContainerEntityManagerFactoryBean - Initialized JPA EntityManagerFactory for persistence unit 'default'
17:05:27.349 [main] WARN  c.h.i.impl.HazelcastInstanceFactory - Hazelcast is starting in a Java modular environment (Java 9 and newer) but without proper access to required Java packages. Use additional Java arguments to provide Hazelcast access to Java internal API. The internal API access is used to get the best performance results. Arguments to be used:
 --add-modules java.se --add-exports java.base/jdk.internal.ref=ALL-UNNAMED --add-opens java.base/java.lang=ALL-UNNAMED --add-opens java.base/java.nio=ALL-UNNAMED --add-opens java.base/sun.nio.ch=ALL-UNNAMED --add-opens java.management/sun.management=ALL-UNNAMED --add-opens jdk.management/com.sun.management.internal=ALL-UNNAMED
17:05:27.352 [main] INFO  c.h.i.config.AbstractConfigLocator - Loading 'hazelcast-default.xml' from the classpath.
17:05:27.633 [main] INFO  c.hazelcast.instance.AddressPicker - [LOCAL] [dev] [4.1] Prefer IPv4 stack is true, prefer IPv6 addresses is false
17:05:27.656 [main] INFO  c.hazelcast.instance.AddressPicker - [LOCAL] [dev] [4.1] Picked [10.251.34.15]:5701, using socket ServerSocket[addr=/0:0:0:0:0:0:0:0,localport=5701], bind any local is true
17:05:27.674 [main] INFO  com.hazelcast.system - [10.251.34.15]:5701 [dev] [4.1] Hazelcast 4.0.1 (20200409 - e086b9c) starting at [10.251.34.15]:5701
17:05:27.674 [main] INFO  com.hazelcast.system - [10.251.34.15]:5701 [dev] [4.1] Copyright (c) 2008-2020, Hazelcast, Inc. All Rights Reserved.
17:05:27.838 [main] INFO  c.h.s.i.o.impl.BackpressureRegulator - [10.251.34.15]:5701 [dev] [4.1] Backpressure is disabled
17:05:28.112 [main] INFO  com.hazelcast.instance.impl.Node - [10.251.34.15]:5701 [dev] [4.1] Creating MulticastJoiner
17:05:28.117 [main] WARN  com.hazelcast.cp.CPSubsystem - [10.251.34.15]:5701 [dev] [4.1] CP Subsystem is not enabled. CP data structures will operate in UNSAFE mode! Please note that UNSAFE mode will not provide strong consistency guarantees.
17:05:28.343 [main] INFO  c.h.s.i.o.impl.OperationExecutorImpl - [10.251.34.15]:5701 [dev] [4.1] Starting 16 partition threads and 9 generic threads (1 dedicated for priority tasks)
17:05:28.360 [main] INFO  c.h.internal.diagnostics.Diagnostics - [10.251.34.15]:5701 [dev] [4.1] Diagnostics disabled. To enable add -Dhazelcast.diagnostics.enabled=true to the JVM arguments.
17:05:28.368 [main] INFO  com.hazelcast.core.LifecycleService - [10.251.34.15]:5701 [dev] [4.1] [10.251.34.15]:5701 is STARTING
17:05:30.995 [main] INFO  c.h.internal.cluster.ClusterService - [10.251.34.15]:5701 [dev] [4.1] 

Members {size:1, ver:1} [
	Member [10.251.34.15]:5701 - fd4753fe-f3f8-444c-8c7c-a3ba53d1fdf9 this
]

17:05:31.007 [main] INFO  com.hazelcast.core.LifecycleService - [10.251.34.15]:5701 [dev] [4.1] [10.251.34.15]:5701 is STARTED
17:05:31.060 [main] INFO  c.h.c.i.spi.ClientInvocationService - training-instance [dev] [4.1] [4.0.1] Running with 2 response threads, dynamic=true
17:05:31.092 [main] INFO  com.hazelcast.core.LifecycleService - training-instance [dev] [4.1] [4.0.1] HazelcastClient 4.0.1 (20200409 - e086b9c) is STARTING
17:05:31.093 [main] INFO  com.hazelcast.core.LifecycleService - training-instance [dev] [4.1] [4.0.1] HazelcastClient 4.0.1 (20200409 - e086b9c) is STARTED
17:05:31.118 [main] INFO  c.h.c.i.c.ClientConnectionManager - training-instance [dev] [4.1] [4.0.1] Trying to connect to cluster: dev
17:05:31.119 [main] INFO  c.h.c.i.c.ClientConnectionManager - training-instance [dev] [4.1] [4.0.1] Trying to connect to [127.0.0.1]:5701
17:05:31.143 [hz.tender_saha.priority-generic-operation.thread-0] INFO  c.h.c.i.p.t.AuthenticationMessageTask - [10.251.34.15]:5701 [dev] [4.1] Received auth from Connection[id=1, /127.0.0.1:5701->/127.0.0.1:55668, qualifier=null, endpoint=[127.0.0.1]:55668, alive=true, connectionType=JVM], successfully authenticated, clientUuid: 4d508719-984e-4be0-afd8-47c7f1f059f7, client version: 4.0.1
17:05:31.147 [main] INFO  com.hazelcast.core.LifecycleService - training-instance [dev] [4.1] [4.0.1] HazelcastClient 4.0.1 (20200409 - e086b9c) is CLIENT_CONNECTED
17:05:31.149 [main] INFO  c.h.c.i.c.ClientConnectionManager - training-instance [dev] [4.1] [4.0.1] Authenticated with server [10.251.34.15]:5701:fd4753fe-f3f8-444c-8c7c-a3ba53d1fdf9, server version: 4.0.1, local address: /127.0.0.1:55668
17:05:31.153 [main] INFO  c.h.internal.diagnostics.Diagnostics - training-instance [dev] [4.1] [4.0.1] Diagnostics disabled. To enable add -Dhazelcast.diagnostics.enabled=true to the JVM arguments.
17:05:31.159 [training-instance.event-10] INFO  c.h.c.impl.spi.ClientClusterService - training-instance [dev] [4.1] [4.0.1] 

Members [1] {
	Member [10.251.34.15]:5701 - fd4753fe-f3f8-444c-8c7c-a3ba53d1fdf9
}

17:05:31.189 [main] INFO  c.h.c.i.s.ClientStatisticsService - Client statistics is enabled with period 5 seconds.
17:05:31.378 [main] WARN  o.s.b.a.o.j.JpaBaseConfiguration$JpaWebConfiguration - spring.jpa.open-in-view is enabled by default. Therefore, database queries may be performed during view rendering. Explicitly configure spring.jpa.open-in-view to disable this warning
17:05:32.407 [main] INFO  o.s.d.j.r.query.QueryEnhancerFactory - Hibernate is in classpath; If applicable, HQL parser will be used.
17:05:32.922 [main] INFO  o.s.b.a.e.web.EndpointLinksResolver - Exposing 1 endpoint(s) beneath base path '/actuator'
17:05:32.976 [main] INFO  o.a.coyote.http11.Http11NioProtocol - Starting ProtocolHandler ["http-nio-8080"]
17:05:33.006 [main] INFO  o.s.b.w.e.tomcat.TomcatWebServer - Tomcat started on port 8080 (http) with context path ''
17:05:33.024 [main] INFO  c.p.c.ContactsdemoApplication - Started ContactsdemoApplication in 11.754 seconds (process running for 13.198)
17:05:33.586 [RMI TCP Connection(1)-10.251.34.15] INFO  o.a.c.c.C.[Tomcat].[localhost].[/] - Initializing Spring DispatcherServlet 'dispatcherServlet'
17:05:33.586 [RMI TCP Connection(1)-10.251.34.15] INFO  o.s.web.servlet.DispatcherServlet - Initializing Servlet 'dispatcherServlet'
17:05:33.589 [RMI TCP Connection(1)-10.251.34.15] INFO  o.s.web.servlet.DispatcherServlet - Completed initialization in 3 ms
17:19:33.171 [hz.ShutdownThread] INFO  com.hazelcast.instance.impl.Node - [10.251.34.15]:5701 [dev] [4.1] Running shutdown hook... Current state: ACTIVE
17:19:33.606 [SpringApplicationShutdownHook] INFO  o.s.o.j.LocalContainerEntityManagerFactoryBean - Closing JPA EntityManagerFactory for persistence unit 'default'
17:19:33.610 [SpringApplicationShutdownHook] INFO  com.zaxxer.hikari.HikariDataSource - HikariPool-1 - Shutdown initiated...
17:19:33.614 [SpringApplicationShutdownHook] INFO  com.zaxxer.hikari.HikariDataSource - HikariPool-1 - Shutdown completed.
