09:31:55.178 [background-preinit] INFO  o.h.validator.internal.util.Version - HV000001: Hibernate Validator 8.0.1.Final
09:31:55.232 [main] INFO  c.p.c.ContactsdemoApplication - Starting ContactsdemoApplication using Java 17.0.12 with PID 13660 (C:\Ayse Ceren - crud projects\contactsdemo\build\classes\java\main started by 16381136672 in C:\Ayse Ceren - crud projects\contactsdemo)
09:31:55.233 [main] INFO  c.p.c.ContactsdemoApplication - No active profile set, falling back to 1 default profile: "default"
09:31:56.093 [main] INFO  o.s.d.r.c.RepositoryConfigurationDelegate - Bootstrapping Spring Data JPA repositories in DEFAULT mode.
09:31:56.174 [main] INFO  o.s.d.r.c.RepositoryConfigurationDelegate - Finished Spring Data repository scanning in 73 ms. Found 2 JPA repository interfaces.
09:31:56.734 [main] INFO  o.s.b.w.e.tomcat.TomcatWebServer - Tomcat initialized with port 8080 (http)
09:31:56.745 [main] INFO  o.a.coyote.http11.Http11NioProtocol - Initializing ProtocolHandler ["http-nio-8080"]
09:31:56.748 [main] INFO  o.a.catalina.core.StandardService - Starting service [Tomcat]
09:31:56.748 [main] INFO  o.a.catalina.core.StandardEngine - Starting Servlet engine: [Apache Tomcat/10.1.25]
09:31:56.825 [main] INFO  o.a.c.c.C.[Tomcat].[localhost].[/] - Initializing Spring embedded WebApplicationContext
09:31:56.826 [main] INFO  o.s.b.w.s.c.ServletWebServerApplicationContext - Root WebApplicationContext: initialization completed in 1529 ms
09:31:56.986 [main] INFO  o.h.jpa.internal.util.LogHelper - HHH000204: Processing PersistenceUnitInfo [name: default]
09:31:57.045 [main] INFO  org.hibernate.Version - HHH000412: Hibernate ORM core version 6.4.9.Final
09:31:57.082 [main] INFO  o.h.c.i.RegionFactoryInitiator - HHH000026: Second-level cache disabled
09:31:57.357 [main] INFO  o.s.o.j.p.SpringPersistenceUnitInfo - No LoadTimeWeaver setup: ignoring JPA class transformer
09:31:57.392 [main] INFO  com.zaxxer.hikari.HikariDataSource - HikariPool-1 - Starting...
09:31:57.561 [main] INFO  com.zaxxer.hikari.pool.HikariPool - HikariPool-1 - Added connection org.postgresql.jdbc.PgConnection@2558f65c
09:31:57.563 [main] INFO  com.zaxxer.hikari.HikariDataSource - HikariPool-1 - Start completed.
09:31:57.597 [main] WARN  org.hibernate.orm.deprecation - HHH90000025: PostgreSQLDialect does not need to be specified explicitly using 'hibernate.dialect' (remove the property setting and it will be selected by default)
09:31:58.730 [main] INFO  o.s.o.j.LocalContainerEntityManagerFactoryBean - Initialized JPA EntityManagerFactory for persistence unit 'default'
09:32:00.018 [main] WARN  o.s.b.a.o.j.JpaBaseConfiguration$JpaWebConfiguration - spring.jpa.open-in-view is enabled by default. Therefore, database queries may be performed during view rendering. Explicitly configure spring.jpa.open-in-view to disable this warning
09:32:01.523 [main] INFO  o.s.d.j.r.query.QueryEnhancerFactory - Hibernate is in classpath; If applicable, HQL parser will be used.
09:32:02.399 [main] INFO  o.a.coyote.http11.Http11NioProtocol - Starting ProtocolHandler ["http-nio-8080"]
09:32:02.486 [main] INFO  o.s.b.w.e.tomcat.TomcatWebServer - Tomcat started on port 8080 (http) with context path ''
09:32:02.506 [main] INFO  c.p.c.ContactsdemoApplication - Started ContactsdemoApplication in 7.747 seconds (process running for 9.229)
09:32:13.925 [http-nio-8080-exec-1] INFO  o.a.c.c.C.[Tomcat].[localhost].[/] - Initializing Spring DispatcherServlet 'dispatcherServlet'
09:32:13.925 [http-nio-8080-exec-1] INFO  o.s.web.servlet.DispatcherServlet - Initializing Servlet 'dispatcherServlet'
09:32:13.927 [http-nio-8080-exec-1] INFO  o.s.web.servlet.DispatcherServlet - Completed initialization in 1 ms
09:32:13.941 [http-nio-8080-exec-1] INFO  c.p.c.f.HeadersLoggingFilter - Header user-agent=0:0:0:0:0:0:0:1, IP = user-agent
09:32:13.941 [http-nio-8080-exec-1] INFO  c.p.c.f.HeadersLoggingFilter - Header accept=0:0:0:0:0:0:0:1, IP = accept
09:32:13.941 [http-nio-8080-exec-1] INFO  c.p.c.f.HeadersLoggingFilter - Header postman-token=0:0:0:0:0:0:0:1, IP = postman-token
09:32:13.941 [http-nio-8080-exec-1] INFO  c.p.c.f.HeadersLoggingFilter - Header host=0:0:0:0:0:0:0:1, IP = host
09:32:13.941 [http-nio-8080-exec-1] INFO  c.p.c.f.HeadersLoggingFilter - Header accept-encoding=0:0:0:0:0:0:0:1, IP = accept-encoding
09:32:13.941 [http-nio-8080-exec-1] INFO  c.p.c.f.HeadersLoggingFilter - Header connection=0:0:0:0:0:0:0:1, IP = connection
09:32:13.943 [http-nio-8080-exec-1] INFO  c.p.c.loggingfilter.LoggingFilter - Request: Method=GET, URI=/api/getAllContactsOfPerson/10000, Headers=user-agent=PostmanRuntime/7.43.0; accept=*/*; postman-token=ab46b728-5351-4d5b-935c-bb3c078b2a46; host=localhost:8080; accept-encoding=gzip, deflate, br; connection=keep-alive; , Request ID: c77d5b1f-d006-46e0-bf8b-1742aaf6a027, Request IP  =0:0:0:0:0:0:0:1
09:32:13.986 [http-nio-8080-exec-1] INFO  c.p.c.l.LoggingInterceptor - Request: GET /api/getAllContactsOfPerson/10000
09:32:28.426 [http-nio-8080-exec-1] INFO  c.p.c.l.LoggingInterceptor - Respone 400 /api/getAllContactsOfPerson/10000
09:32:28.428 [http-nio-8080-exec-1] INFO  c.p.c.loggingfilter.LoggingFilter - Response: Status=400, URI=/api/getAllContactsOfPerson/10000, Duration (Response Time)=14485ms, Headers=[Content-Type, Transfer-Encoding, Date, Connection], Payload = org.apache.catalina.connector.ResponseFacade@4710223f
09:32:55.574 [http-nio-8080-exec-4] INFO  c.p.c.f.HeadersLoggingFilter - Header content-type=0:0:0:0:0:0:0:1, IP = content-type
09:32:55.574 [http-nio-8080-exec-4] INFO  c.p.c.f.HeadersLoggingFilter - Header user-agent=0:0:0:0:0:0:0:1, IP = user-agent
09:32:55.575 [http-nio-8080-exec-4] INFO  c.p.c.f.HeadersLoggingFilter - Header accept=0:0:0:0:0:0:0:1, IP = accept
09:32:55.575 [http-nio-8080-exec-4] INFO  c.p.c.f.HeadersLoggingFilter - Header postman-token=0:0:0:0:0:0:0:1, IP = postman-token
09:32:55.575 [http-nio-8080-exec-4] INFO  c.p.c.f.HeadersLoggingFilter - Header host=0:0:0:0:0:0:0:1, IP = host
09:32:55.575 [http-nio-8080-exec-4] INFO  c.p.c.f.HeadersLoggingFilter - Header accept-encoding=0:0:0:0:0:0:0:1, IP = accept-encoding
09:32:55.575 [http-nio-8080-exec-4] INFO  c.p.c.f.HeadersLoggingFilter - Header connection=0:0:0:0:0:0:0:1, IP = connection
09:32:55.575 [http-nio-8080-exec-4] INFO  c.p.c.f.HeadersLoggingFilter - Header content-length=0:0:0:0:0:0:0:1, IP = content-length
09:32:55.575 [http-nio-8080-exec-4] INFO  c.p.c.loggingfilter.LoggingFilter - Request: Method=POST, URI=/api/savePerson, Headers=content-type=application/json; user-agent=PostmanRuntime/7.43.0; accept=*/*; postman-token=d73a66ca-d151-4563-a100-9a80b0591e54; host=localhost:8080; accept-encoding=gzip, deflate, br; connection=keep-alive; content-length=214; , Request ID: 0a28264b-6574-426c-9c84-5cb7edbb1aa1, Request IP  =0:0:0:0:0:0:0:1
09:32:55.576 [http-nio-8080-exec-4] INFO  c.p.c.l.LoggingInterceptor - Request: POST /api/savePerson
09:33:07.366 [http-nio-8080-exec-4] INFO  c.p.c.l.LoggingInterceptor - Respone 201 /api/savePerson
09:33:07.366 [http-nio-8080-exec-4] INFO  c.p.c.loggingfilter.LoggingFilter - Response: Status=201, URI=/api/savePerson, Duration (Response Time)=11790ms, Headers=[Content-Type, Transfer-Encoding, Date, Keep-Alive, Connection], Payload = org.apache.catalina.connector.ResponseFacade@5cb23955
09:33:19.791 [http-nio-8080-exec-5] INFO  c.p.c.f.HeadersLoggingFilter - Header content-type=0:0:0:0:0:0:0:1, IP = content-type
09:33:19.791 [http-nio-8080-exec-5] INFO  c.p.c.f.HeadersLoggingFilter - Header user-agent=0:0:0:0:0:0:0:1, IP = user-agent
09:33:19.791 [http-nio-8080-exec-5] INFO  c.p.c.f.HeadersLoggingFilter - Header accept=0:0:0:0:0:0:0:1, IP = accept
09:33:19.791 [http-nio-8080-exec-5] INFO  c.p.c.f.HeadersLoggingFilter - Header postman-token=0:0:0:0:0:0:0:1, IP = postman-token
09:33:19.791 [http-nio-8080-exec-5] INFO  c.p.c.f.HeadersLoggingFilter - Header host=0:0:0:0:0:0:0:1, IP = host
09:33:19.792 [http-nio-8080-exec-5] INFO  c.p.c.f.HeadersLoggingFilter - Header accept-encoding=0:0:0:0:0:0:0:1, IP = accept-encoding
09:33:19.792 [http-nio-8080-exec-5] INFO  c.p.c.f.HeadersLoggingFilter - Header connection=0:0:0:0:0:0:0:1, IP = connection
09:33:19.792 [http-nio-8080-exec-5] INFO  c.p.c.f.HeadersLoggingFilter - Header content-length=0:0:0:0:0:0:0:1, IP = content-length
09:33:19.792 [http-nio-8080-exec-5] INFO  c.p.c.loggingfilter.LoggingFilter - Request: Method=POST, URI=/api/savePerson, Headers=content-type=application/json; user-agent=PostmanRuntime/7.43.0; accept=*/*; postman-token=76ba0f11-eca7-4b96-a55b-fb7dc848c949; host=localhost:8080; accept-encoding=gzip, deflate, br; connection=keep-alive; content-length=214; , Request ID: b2e0e9fe-7f03-49c6-a1dd-601a8ff7ec69, Request IP  =0:0:0:0:0:0:0:1
09:33:19.793 [http-nio-8080-exec-5] INFO  c.p.c.l.LoggingInterceptor - Request: POST /api/savePerson
09:33:26.518 [http-nio-8080-exec-5] INFO  c.p.c.l.LoggingInterceptor - Respone 201 /api/savePerson
09:33:26.518 [http-nio-8080-exec-5] INFO  c.p.c.loggingfilter.LoggingFilter - Response: Status=201, URI=/api/savePerson, Duration (Response Time)=6726ms, Headers=[Content-Type, Transfer-Encoding, Date, Keep-Alive, Connection], Payload = org.apache.catalina.connector.ResponseFacade@18d8895d
09:36:21.744 [SpringApplicationShutdownHook] INFO  o.s.o.j.LocalContainerEntityManagerFactoryBean - Closing JPA EntityManagerFactory for persistence unit 'default'
09:36:21.746 [SpringApplicationShutdownHook] INFO  com.zaxxer.hikari.HikariDataSource - HikariPool-1 - Shutdown initiated...
09:36:21.750 [SpringApplicationShutdownHook] INFO  com.zaxxer.hikari.HikariDataSource - HikariPool-1 - Shutdown completed.
09:36:35.205 [background-preinit] INFO  o.h.validator.internal.util.Version - HV000001: Hibernate Validator 8.0.1.Final
09:36:35.250 [main] INFO  c.p.c.ContactsdemoApplication - Starting ContactsdemoApplication using Java 17.0.12 with PID 30596 (C:\Ayse Ceren - crud projects\contactsdemo\build\classes\java\main started by 16381136672 in C:\Ayse Ceren - crud projects\contactsdemo)
09:36:35.251 [main] INFO  c.p.c.ContactsdemoApplication - No active profile set, falling back to 1 default profile: "default"
09:36:36.130 [main] INFO  o.s.d.r.c.RepositoryConfigurationDelegate - Bootstrapping Spring Data JPA repositories in DEFAULT mode.
09:36:36.208 [main] INFO  o.s.d.r.c.RepositoryConfigurationDelegate - Finished Spring Data repository scanning in 70 ms. Found 2 JPA repository interfaces.
09:36:36.785 [main] INFO  o.s.b.w.e.tomcat.TomcatWebServer - Tomcat initialized with port 8080 (http)
09:36:36.798 [main] INFO  o.a.coyote.http11.Http11NioProtocol - Initializing ProtocolHandler ["http-nio-8080"]
09:36:36.799 [main] INFO  o.a.catalina.core.StandardService - Starting service [Tomcat]
09:36:36.800 [main] INFO  o.a.catalina.core.StandardEngine - Starting Servlet engine: [Apache Tomcat/10.1.25]
09:36:36.890 [main] INFO  o.a.c.c.C.[Tomcat].[localhost].[/] - Initializing Spring embedded WebApplicationContext
09:36:36.890 [main] INFO  o.s.b.w.s.c.ServletWebServerApplicationContext - Root WebApplicationContext: initialization completed in 1584 ms
09:36:37.064 [main] INFO  o.h.jpa.internal.util.LogHelper - HHH000204: Processing PersistenceUnitInfo [name: default]
09:36:37.131 [main] INFO  org.hibernate.Version - HHH000412: Hibernate ORM core version 6.4.9.Final
09:36:37.172 [main] INFO  o.h.c.i.RegionFactoryInitiator - HHH000026: Second-level cache disabled
09:36:37.456 [main] INFO  o.s.o.j.p.SpringPersistenceUnitInfo - No LoadTimeWeaver setup: ignoring JPA class transformer
09:36:37.486 [main] INFO  com.zaxxer.hikari.HikariDataSource - HikariPool-1 - Starting...
09:36:37.637 [main] INFO  com.zaxxer.hikari.pool.HikariPool - HikariPool-1 - Added connection org.postgresql.jdbc.PgConnection@65d90b7f
09:36:37.639 [main] INFO  com.zaxxer.hikari.HikariDataSource - HikariPool-1 - Start completed.
09:36:37.675 [main] WARN  org.hibernate.orm.deprecation - HHH90000025: PostgreSQLDialect does not need to be specified explicitly using 'hibernate.dialect' (remove the property setting and it will be selected by default)
09:36:38.881 [main] INFO  o.s.o.j.LocalContainerEntityManagerFactoryBean - Initialized JPA EntityManagerFactory for persistence unit 'default'
09:36:40.143 [main] WARN  o.s.b.a.o.j.JpaBaseConfiguration$JpaWebConfiguration - spring.jpa.open-in-view is enabled by default. Therefore, database queries may be performed during view rendering. Explicitly configure spring.jpa.open-in-view to disable this warning
09:36:41.440 [main] INFO  o.s.d.j.r.query.QueryEnhancerFactory - Hibernate is in classpath; If applicable, HQL parser will be used.
09:36:42.254 [main] INFO  o.a.coyote.http11.Http11NioProtocol - Starting ProtocolHandler ["http-nio-8080"]
09:36:42.332 [main] INFO  o.s.b.w.e.tomcat.TomcatWebServer - Tomcat started on port 8080 (http) with context path ''
09:36:42.352 [main] INFO  c.p.c.ContactsdemoApplication - Started ContactsdemoApplication in 7.579 seconds (process running for 8.853)
09:37:03.861 [http-nio-8080-exec-1] INFO  o.a.c.c.C.[Tomcat].[localhost].[/] - Initializing Spring DispatcherServlet 'dispatcherServlet'
09:37:03.861 [http-nio-8080-exec-1] INFO  o.s.web.servlet.DispatcherServlet - Initializing Servlet 'dispatcherServlet'
09:37:03.862 [http-nio-8080-exec-1] INFO  o.s.web.servlet.DispatcherServlet - Completed initialization in 1 ms
09:37:03.879 [http-nio-8080-exec-1] INFO  c.p.c.f.HeadersLoggingFilter - Header content-type=0:0:0:0:0:0:0:1, IP = content-type
09:37:03.879 [http-nio-8080-exec-1] INFO  c.p.c.f.HeadersLoggingFilter - Header user-agent=0:0:0:0:0:0:0:1, IP = user-agent
09:37:03.879 [http-nio-8080-exec-1] INFO  c.p.c.f.HeadersLoggingFilter - Header accept=0:0:0:0:0:0:0:1, IP = accept
09:37:03.879 [http-nio-8080-exec-1] INFO  c.p.c.f.HeadersLoggingFilter - Header postman-token=0:0:0:0:0:0:0:1, IP = postman-token
09:37:03.879 [http-nio-8080-exec-1] INFO  c.p.c.f.HeadersLoggingFilter - Header host=0:0:0:0:0:0:0:1, IP = host
09:37:03.879 [http-nio-8080-exec-1] INFO  c.p.c.f.HeadersLoggingFilter - Header accept-encoding=0:0:0:0:0:0:0:1, IP = accept-encoding
09:37:03.879 [http-nio-8080-exec-1] INFO  c.p.c.f.HeadersLoggingFilter - Header connection=0:0:0:0:0:0:0:1, IP = connection
09:37:03.880 [http-nio-8080-exec-1] INFO  c.p.c.f.HeadersLoggingFilter - Header content-length=0:0:0:0:0:0:0:1, IP = content-length
09:37:03.882 [http-nio-8080-exec-1] INFO  c.p.c.loggingfilter.LoggingFilter - Request: Method=POST, URI=/api/savePerson, Headers=content-type=application/json; user-agent=PostmanRuntime/7.43.0; accept=*/*; postman-token=d8abd8a2-ecfe-43ea-9aae-36c0bd81258d; host=localhost:8080; accept-encoding=gzip, deflate, br; connection=keep-alive; content-length=214; , Request ID: ae338f39-90b2-4c18-9ac6-2ed3bf29be5c, Request IP  =0:0:0:0:0:0:0:1
09:37:03.925 [http-nio-8080-exec-1] INFO  c.p.c.l.LoggingInterceptor - Request: POST /api/savePerson
09:37:28.453 [http-nio-8080-exec-1] INFO  c.p.c.l.LoggingInterceptor - Respone 201 /api/savePerson
09:37:28.455 [http-nio-8080-exec-1] INFO  c.p.c.loggingfilter.LoggingFilter - Response: Status=201, URI=/api/savePerson, Duration (Response Time)=24573ms, Headers=[Content-Type, Transfer-Encoding, Date, Keep-Alive, Connection], Payload = org.apache.catalina.connector.ResponseFacade@77fd3494
09:38:05.312 [http-nio-8080-exec-4] INFO  c.p.c.f.HeadersLoggingFilter - Header content-type=0:0:0:0:0:0:0:1, IP = content-type
09:38:05.313 [http-nio-8080-exec-4] INFO  c.p.c.f.HeadersLoggingFilter - Header user-agent=0:0:0:0:0:0:0:1, IP = user-agent
09:38:05.313 [http-nio-8080-exec-4] INFO  c.p.c.f.HeadersLoggingFilter - Header accept=0:0:0:0:0:0:0:1, IP = accept
09:38:05.313 [http-nio-8080-exec-4] INFO  c.p.c.f.HeadersLoggingFilter - Header postman-token=0:0:0:0:0:0:0:1, IP = postman-token
09:38:05.313 [http-nio-8080-exec-4] INFO  c.p.c.f.HeadersLoggingFilter - Header host=0:0:0:0:0:0:0:1, IP = host
09:38:05.313 [http-nio-8080-exec-4] INFO  c.p.c.f.HeadersLoggingFilter - Header accept-encoding=0:0:0:0:0:0:0:1, IP = accept-encoding
09:38:05.313 [http-nio-8080-exec-4] INFO  c.p.c.f.HeadersLoggingFilter - Header connection=0:0:0:0:0:0:0:1, IP = connection
09:38:05.313 [http-nio-8080-exec-4] INFO  c.p.c.f.HeadersLoggingFilter - Header content-length=0:0:0:0:0:0:0:1, IP = content-length
09:38:05.314 [http-nio-8080-exec-4] INFO  c.p.c.loggingfilter.LoggingFilter - Request: Method=POST, URI=/api/savePerson, Headers=content-type=application/json; user-agent=PostmanRuntime/7.43.0; accept=*/*; postman-token=46064350-a12a-47e5-b166-b488eb00809a; host=localhost:8080; accept-encoding=gzip, deflate, br; connection=keep-alive; content-length=214; , Request ID: 778b25a8-75fa-4d7f-95b7-533b163b33ec, Request IP  =0:0:0:0:0:0:0:1
09:38:05.315 [http-nio-8080-exec-4] INFO  c.p.c.l.LoggingInterceptor - Request: POST /api/savePerson
09:38:16.463 [http-nio-8080-exec-4] INFO  c.p.c.l.LoggingInterceptor - Respone 201 /api/savePerson
09:38:16.463 [http-nio-8080-exec-4] INFO  c.p.c.loggingfilter.LoggingFilter - Response: Status=201, URI=/api/savePerson, Duration (Response Time)=11149ms, Headers=[Content-Type, Transfer-Encoding, Date, Keep-Alive, Connection], Payload = org.apache.catalina.connector.ResponseFacade@1a1aac18
10:25:33.100 [SpringApplicationShutdownHook] INFO  o.s.o.j.LocalContainerEntityManagerFactoryBean - Closing JPA EntityManagerFactory for persistence unit 'default'
10:25:33.105 [SpringApplicationShutdownHook] INFO  com.zaxxer.hikari.HikariDataSource - HikariPool-1 - Shutdown initiated...
10:25:33.109 [SpringApplicationShutdownHook] INFO  com.zaxxer.hikari.HikariDataSource - HikariPool-1 - Shutdown completed.
10:25:42.219 [background-preinit] INFO  o.h.validator.internal.util.Version - HV000001: Hibernate Validator 8.0.1.Final
10:25:42.275 [main] INFO  c.p.c.ContactsdemoApplication - Starting ContactsdemoApplication using Java 17.0.12 with PID 20464 (C:\Ayse Ceren - crud projects\contactsdemo\build\classes\java\main started by 16381136672 in C:\Ayse Ceren - crud projects\contactsdemo)
10:25:42.276 [main] INFO  c.p.c.ContactsdemoApplication - No active profile set, falling back to 1 default profile: "default"
10:25:43.174 [main] INFO  o.s.d.r.c.RepositoryConfigurationDelegate - Bootstrapping Spring Data JPA repositories in DEFAULT mode.
10:25:43.261 [main] INFO  o.s.d.r.c.RepositoryConfigurationDelegate - Finished Spring Data repository scanning in 77 ms. Found 2 JPA repository interfaces.
10:25:43.828 [main] INFO  o.s.b.w.e.tomcat.TomcatWebServer - Tomcat initialized with port 8080 (http)
10:25:43.840 [main] INFO  o.a.coyote.http11.Http11NioProtocol - Initializing ProtocolHandler ["http-nio-8080"]
10:25:43.842 [main] INFO  o.a.catalina.core.StandardService - Starting service [Tomcat]
10:25:43.842 [main] INFO  o.a.catalina.core.StandardEngine - Starting Servlet engine: [Apache Tomcat/10.1.25]
10:25:43.919 [main] INFO  o.a.c.c.C.[Tomcat].[localhost].[/] - Initializing Spring embedded WebApplicationContext
10:25:43.919 [main] INFO  o.s.b.w.s.c.ServletWebServerApplicationContext - Root WebApplicationContext: initialization completed in 1585 ms
10:25:44.064 [main] INFO  o.h.jpa.internal.util.LogHelper - HHH000204: Processing PersistenceUnitInfo [name: default]
10:25:44.121 [main] INFO  org.hibernate.Version - HHH000412: Hibernate ORM core version 6.4.9.Final
10:25:44.159 [main] INFO  o.h.c.i.RegionFactoryInitiator - HHH000026: Second-level cache disabled
10:25:44.449 [main] INFO  o.s.o.j.p.SpringPersistenceUnitInfo - No LoadTimeWeaver setup: ignoring JPA class transformer
10:25:44.478 [main] INFO  com.zaxxer.hikari.HikariDataSource - HikariPool-1 - Starting...
10:25:44.660 [main] INFO  com.zaxxer.hikari.pool.HikariPool - HikariPool-1 - Added connection org.postgresql.jdbc.PgConnection@7a3c99f1
10:25:44.663 [main] INFO  com.zaxxer.hikari.HikariDataSource - HikariPool-1 - Start completed.
10:25:44.699 [main] WARN  org.hibernate.orm.deprecation - HHH90000025: PostgreSQLDialect does not need to be specified explicitly using 'hibernate.dialect' (remove the property setting and it will be selected by default)
10:25:45.949 [main] INFO  o.s.o.j.LocalContainerEntityManagerFactoryBean - Initialized JPA EntityManagerFactory for persistence unit 'default'
10:25:47.745 [main] WARN  o.s.b.a.o.j.JpaBaseConfiguration$JpaWebConfiguration - spring.jpa.open-in-view is enabled by default. Therefore, database queries may be performed during view rendering. Explicitly configure spring.jpa.open-in-view to disable this warning
10:25:49.235 [main] INFO  o.s.d.j.r.query.QueryEnhancerFactory - Hibernate is in classpath; If applicable, HQL parser will be used.
10:25:50.089 [main] INFO  o.a.coyote.http11.Http11NioProtocol - Starting ProtocolHandler ["http-nio-8080"]
10:25:50.183 [main] INFO  o.s.b.w.e.tomcat.TomcatWebServer - Tomcat started on port 8080 (http) with context path ''
10:25:50.205 [main] INFO  c.p.c.ContactsdemoApplication - Started ContactsdemoApplication in 8.395 seconds (process running for 9.932)
10:26:02.700 [http-nio-8080-exec-2] INFO  o.a.c.c.C.[Tomcat].[localhost].[/] - Initializing Spring DispatcherServlet 'dispatcherServlet'
10:26:02.701 [http-nio-8080-exec-2] INFO  o.s.web.servlet.DispatcherServlet - Initializing Servlet 'dispatcherServlet'
10:26:02.702 [http-nio-8080-exec-2] INFO  o.s.web.servlet.DispatcherServlet - Completed initialization in 1 ms
10:26:02.731 [http-nio-8080-exec-2] INFO  c.p.c.f.HeadersLoggingFilter - Header content-type=0:0:0:0:0:0:0:1, IP = content-type
10:26:02.732 [http-nio-8080-exec-2] INFO  c.p.c.f.HeadersLoggingFilter - Header user-agent=0:0:0:0:0:0:0:1, IP = user-agent
10:26:02.732 [http-nio-8080-exec-2] INFO  c.p.c.f.HeadersLoggingFilter - Header accept=0:0:0:0:0:0:0:1, IP = accept
10:26:02.732 [http-nio-8080-exec-2] INFO  c.p.c.f.HeadersLoggingFilter - Header postman-token=0:0:0:0:0:0:0:1, IP = postman-token
10:26:02.732 [http-nio-8080-exec-2] INFO  c.p.c.f.HeadersLoggingFilter - Header host=0:0:0:0:0:0:0:1, IP = host
10:26:02.732 [http-nio-8080-exec-2] INFO  c.p.c.f.HeadersLoggingFilter - Header accept-encoding=0:0:0:0:0:0:0:1, IP = accept-encoding
10:26:02.732 [http-nio-8080-exec-2] INFO  c.p.c.f.HeadersLoggingFilter - Header connection=0:0:0:0:0:0:0:1, IP = connection
10:26:02.732 [http-nio-8080-exec-2] INFO  c.p.c.f.HeadersLoggingFilter - Header content-length=0:0:0:0:0:0:0:1, IP = content-length
10:26:02.738 [http-nio-8080-exec-2] INFO  c.p.c.loggingfilter.LoggingFilter - Request: Method=POST, URI=/api/savePerson, Headers=content-type=application/json; user-agent=PostmanRuntime/7.43.0; accept=*/*; postman-token=4078ec52-b581-4f99-ba54-8d90e31daab1; host=localhost:8080; accept-encoding=gzip, deflate, br; connection=keep-alive; content-length=205; , Request ID: 925eaaa3-1995-4e39-a1c8-f4e1e280b49d, Request IP  =0:0:0:0:0:0:0:1
10:26:02.820 [http-nio-8080-exec-2] INFO  c.p.c.l.LoggingInterceptor - Request: POST /api/savePerson
10:26:36.577 [http-nio-8080-exec-2] INFO  c.p.c.l.LoggingInterceptor - Respone 400 /api/savePerson
10:26:36.580 [http-nio-8080-exec-2] INFO  c.p.c.loggingfilter.LoggingFilter - Response: Status=400, URI=/api/savePerson, Duration (Response Time)=33842ms, Headers=[Content-Type, Transfer-Encoding, Date, Connection], Payload = org.apache.catalina.connector.ResponseFacade@2a37a911
10:26:46.173 [http-nio-8080-exec-4] INFO  c.p.c.f.HeadersLoggingFilter - Header content-type=0:0:0:0:0:0:0:1, IP = content-type
10:26:46.173 [http-nio-8080-exec-4] INFO  c.p.c.f.HeadersLoggingFilter - Header user-agent=0:0:0:0:0:0:0:1, IP = user-agent
10:26:46.173 [http-nio-8080-exec-4] INFO  c.p.c.f.HeadersLoggingFilter - Header accept=0:0:0:0:0:0:0:1, IP = accept
10:26:46.174 [http-nio-8080-exec-4] INFO  c.p.c.f.HeadersLoggingFilter - Header postman-token=0:0:0:0:0:0:0:1, IP = postman-token
10:26:46.174 [http-nio-8080-exec-4] INFO  c.p.c.f.HeadersLoggingFilter - Header host=0:0:0:0:0:0:0:1, IP = host
10:26:46.174 [http-nio-8080-exec-4] INFO  c.p.c.f.HeadersLoggingFilter - Header accept-encoding=0:0:0:0:0:0:0:1, IP = accept-encoding
10:26:46.174 [http-nio-8080-exec-4] INFO  c.p.c.f.HeadersLoggingFilter - Header connection=0:0:0:0:0:0:0:1, IP = connection
10:26:46.174 [http-nio-8080-exec-4] INFO  c.p.c.f.HeadersLoggingFilter - Header content-length=0:0:0:0:0:0:0:1, IP = content-length
10:26:46.174 [http-nio-8080-exec-4] INFO  c.p.c.loggingfilter.LoggingFilter - Request: Method=POST, URI=/api/savePerson, Headers=content-type=application/json; user-agent=PostmanRuntime/7.43.0; accept=*/*; postman-token=cf34d9fb-afd7-4b32-8864-c13743c05f3f; host=localhost:8080; accept-encoding=gzip, deflate, br; connection=keep-alive; content-length=205; , Request ID: e6eb866f-590c-4d3e-bd49-c7b5c2412797, Request IP  =0:0:0:0:0:0:0:1
10:26:46.174 [http-nio-8080-exec-4] INFO  c.p.c.l.LoggingInterceptor - Request: POST /api/savePerson
10:28:59.084 [HikariPool-1 housekeeper] WARN  com.zaxxer.hikari.pool.HikariPool - HikariPool-1 - Thread starvation or clock leap detected (housekeeper delta=2m37s59ms496µs600ns).
10:29:01.996 [http-nio-8080-exec-4] INFO  c.p.c.l.LoggingInterceptor - Respone 400 /api/savePerson
10:29:01.997 [http-nio-8080-exec-4] INFO  c.p.c.loggingfilter.LoggingFilter - Response: Status=400, URI=/api/savePerson, Duration (Response Time)=135823ms, Headers=[Content-Type, Transfer-Encoding, Date, Connection], Payload = org.apache.catalina.connector.ResponseFacade@61cc1c00
10:29:06.178 [http-nio-8080-exec-6] INFO  c.p.c.f.HeadersLoggingFilter - Header content-type=0:0:0:0:0:0:0:1, IP = content-type
10:29:06.178 [http-nio-8080-exec-6] INFO  c.p.c.f.HeadersLoggingFilter - Header user-agent=0:0:0:0:0:0:0:1, IP = user-agent
10:29:06.178 [http-nio-8080-exec-6] INFO  c.p.c.f.HeadersLoggingFilter - Header accept=0:0:0:0:0:0:0:1, IP = accept
10:29:06.178 [http-nio-8080-exec-6] INFO  c.p.c.f.HeadersLoggingFilter - Header postman-token=0:0:0:0:0:0:0:1, IP = postman-token
10:29:06.179 [http-nio-8080-exec-6] INFO  c.p.c.f.HeadersLoggingFilter - Header host=0:0:0:0:0:0:0:1, IP = host
10:29:06.179 [http-nio-8080-exec-6] INFO  c.p.c.f.HeadersLoggingFilter - Header accept-encoding=0:0:0:0:0:0:0:1, IP = accept-encoding
10:29:06.179 [http-nio-8080-exec-6] INFO  c.p.c.f.HeadersLoggingFilter - Header connection=0:0:0:0:0:0:0:1, IP = connection
10:29:06.179 [http-nio-8080-exec-6] INFO  c.p.c.f.HeadersLoggingFilter - Header content-length=0:0:0:0:0:0:0:1, IP = content-length
10:29:06.179 [http-nio-8080-exec-6] INFO  c.p.c.loggingfilter.LoggingFilter - Request: Method=POST, URI=/api/savePerson, Headers=content-type=application/json; user-agent=PostmanRuntime/7.43.0; accept=*/*; postman-token=a97dde00-6b15-489a-a4d9-5b779cce53c7; host=localhost:8080; accept-encoding=gzip, deflate, br; connection=keep-alive; content-length=205; , Request ID: c4faf528-6476-448b-88e4-d729077265ff, Request IP  =0:0:0:0:0:0:0:1
10:29:06.179 [http-nio-8080-exec-6] INFO  c.p.c.l.LoggingInterceptor - Request: POST /api/savePerson
10:29:31.656 [http-nio-8080-exec-6] INFO  c.p.c.l.LoggingInterceptor - Respone 400 /api/savePerson
10:29:31.657 [http-nio-8080-exec-6] INFO  c.p.c.loggingfilter.LoggingFilter - Response: Status=400, URI=/api/savePerson, Duration (Response Time)=25477ms, Headers=[Content-Type, Transfer-Encoding, Date, Connection], Payload = org.apache.catalina.connector.ResponseFacade@2e96e86c
10:29:31.839 [SpringApplicationShutdownHook] INFO  o.s.o.j.LocalContainerEntityManagerFactoryBean - Closing JPA EntityManagerFactory for persistence unit 'default'
10:29:31.841 [SpringApplicationShutdownHook] INFO  com.zaxxer.hikari.HikariDataSource - HikariPool-1 - Shutdown initiated...
10:29:31.845 [SpringApplicationShutdownHook] INFO  com.zaxxer.hikari.HikariDataSource - HikariPool-1 - Shutdown completed.
10:29:35.696 [background-preinit] INFO  o.h.validator.internal.util.Version - HV000001: Hibernate Validator 8.0.1.Final
10:29:35.753 [main] INFO  c.p.c.ContactsdemoApplication - Starting ContactsdemoApplication using Java 17.0.12 with PID 29876 (C:\Ayse Ceren - crud projects\contactsdemo\build\classes\java\main started by 16381136672 in C:\Ayse Ceren - crud projects\contactsdemo)
10:29:35.754 [main] INFO  c.p.c.ContactsdemoApplication - No active profile set, falling back to 1 default profile: "default"
10:29:36.672 [main] INFO  o.s.d.r.c.RepositoryConfigurationDelegate - Bootstrapping Spring Data JPA repositories in DEFAULT mode.
10:29:36.761 [main] INFO  o.s.d.r.c.RepositoryConfigurationDelegate - Finished Spring Data repository scanning in 79 ms. Found 2 JPA repository interfaces.
10:29:37.338 [main] INFO  o.s.b.w.e.tomcat.TomcatWebServer - Tomcat initialized with port 8080 (http)
10:29:37.350 [main] INFO  o.a.coyote.http11.Http11NioProtocol - Initializing ProtocolHandler ["http-nio-8080"]
10:29:37.352 [main] INFO  o.a.catalina.core.StandardService - Starting service [Tomcat]
10:29:37.352 [main] INFO  o.a.catalina.core.StandardEngine - Starting Servlet engine: [Apache Tomcat/10.1.25]
10:29:37.432 [main] INFO  o.a.c.c.C.[Tomcat].[localhost].[/] - Initializing Spring embedded WebApplicationContext
10:29:37.432 [main] INFO  o.s.b.w.s.c.ServletWebServerApplicationContext - Root WebApplicationContext: initialization completed in 1620 ms
10:29:37.586 [main] INFO  o.h.jpa.internal.util.LogHelper - HHH000204: Processing PersistenceUnitInfo [name: default]
10:29:37.646 [main] INFO  org.hibernate.Version - HHH000412: Hibernate ORM core version 6.4.9.Final
10:29:37.691 [main] INFO  o.h.c.i.RegionFactoryInitiator - HHH000026: Second-level cache disabled
10:29:37.950 [main] INFO  o.s.o.j.p.SpringPersistenceUnitInfo - No LoadTimeWeaver setup: ignoring JPA class transformer
10:29:37.980 [main] INFO  com.zaxxer.hikari.HikariDataSource - HikariPool-1 - Starting...
10:29:38.131 [main] INFO  com.zaxxer.hikari.pool.HikariPool - HikariPool-1 - Added connection org.postgresql.jdbc.PgConnection@22899683
10:29:38.133 [main] INFO  com.zaxxer.hikari.HikariDataSource - HikariPool-1 - Start completed.
10:29:38.167 [main] WARN  org.hibernate.orm.deprecation - HHH90000025: PostgreSQLDialect does not need to be specified explicitly using 'hibernate.dialect' (remove the property setting and it will be selected by default)
10:29:39.333 [main] INFO  o.s.o.j.LocalContainerEntityManagerFactoryBean - Initialized JPA EntityManagerFactory for persistence unit 'default'
10:29:40.906 [main] WARN  o.s.b.a.o.j.JpaBaseConfiguration$JpaWebConfiguration - spring.jpa.open-in-view is enabled by default. Therefore, database queries may be performed during view rendering. Explicitly configure spring.jpa.open-in-view to disable this warning
10:29:42.229 [main] INFO  o.s.d.j.r.query.QueryEnhancerFactory - Hibernate is in classpath; If applicable, HQL parser will be used.
10:29:43.085 [main] INFO  o.a.coyote.http11.Http11NioProtocol - Starting ProtocolHandler ["http-nio-8080"]
10:29:43.175 [main] INFO  o.s.b.w.e.tomcat.TomcatWebServer - Tomcat started on port 8080 (http) with context path ''
10:29:43.194 [main] INFO  c.p.c.ContactsdemoApplication - Started ContactsdemoApplication in 7.977 seconds (process running for 9.308)
10:29:47.445 [http-nio-8080-exec-1] INFO  o.a.c.c.C.[Tomcat].[localhost].[/] - Initializing Spring DispatcherServlet 'dispatcherServlet'
10:29:47.446 [http-nio-8080-exec-1] INFO  o.s.web.servlet.DispatcherServlet - Initializing Servlet 'dispatcherServlet'
10:29:47.447 [http-nio-8080-exec-1] INFO  o.s.web.servlet.DispatcherServlet - Completed initialization in 1 ms
10:29:47.462 [http-nio-8080-exec-1] INFO  c.p.c.f.HeadersLoggingFilter - Header content-type=0:0:0:0:0:0:0:1, IP = content-type
10:29:47.462 [http-nio-8080-exec-1] INFO  c.p.c.f.HeadersLoggingFilter - Header user-agent=0:0:0:0:0:0:0:1, IP = user-agent
10:29:47.462 [http-nio-8080-exec-1] INFO  c.p.c.f.HeadersLoggingFilter - Header accept=0:0:0:0:0:0:0:1, IP = accept
10:29:47.462 [http-nio-8080-exec-1] INFO  c.p.c.f.HeadersLoggingFilter - Header postman-token=0:0:0:0:0:0:0:1, IP = postman-token
10:29:47.462 [http-nio-8080-exec-1] INFO  c.p.c.f.HeadersLoggingFilter - Header host=0:0:0:0:0:0:0:1, IP = host
10:29:47.462 [http-nio-8080-exec-1] INFO  c.p.c.f.HeadersLoggingFilter - Header accept-encoding=0:0:0:0:0:0:0:1, IP = accept-encoding
10:29:47.462 [http-nio-8080-exec-1] INFO  c.p.c.f.HeadersLoggingFilter - Header connection=0:0:0:0:0:0:0:1, IP = connection
10:29:47.462 [http-nio-8080-exec-1] INFO  c.p.c.f.HeadersLoggingFilter - Header content-length=0:0:0:0:0:0:0:1, IP = content-length
10:29:47.464 [http-nio-8080-exec-1] INFO  c.p.c.loggingfilter.LoggingFilter - Request: Method=POST, URI=/api/savePerson, Headers=content-type=application/json; user-agent=PostmanRuntime/7.43.0; accept=*/*; postman-token=17d634b5-729a-483f-9472-6e5f5926e01c; host=localhost:8080; accept-encoding=gzip, deflate, br; connection=keep-alive; content-length=205; , Request ID: 8a3e1b72-05aa-4d68-bb91-2bb375684d3b, Request IP  =0:0:0:0:0:0:0:1
10:29:47.504 [http-nio-8080-exec-1] INFO  c.p.c.l.LoggingInterceptor - Request: POST /api/savePerson
10:29:58.380 [http-nio-8080-exec-1] INFO  c.p.c.l.LoggingInterceptor - Respone 500 /api/savePerson
10:29:58.383 [http-nio-8080-exec-1] INFO  c.p.c.loggingfilter.LoggingFilter - Response: Status=500, URI=/api/savePerson, Duration (Response Time)=10919ms, Headers=[Content-Type, Transfer-Encoding, Date, Connection], Payload = org.apache.catalina.connector.ResponseFacade@285c9258
10:31:00.569 [http-nio-8080-exec-4] INFO  c.p.c.f.HeadersLoggingFilter - Header user-agent=0:0:0:0:0:0:0:1, IP = user-agent
10:31:00.570 [http-nio-8080-exec-4] INFO  c.p.c.f.HeadersLoggingFilter - Header accept=0:0:0:0:0:0:0:1, IP = accept
10:31:00.570 [http-nio-8080-exec-4] INFO  c.p.c.f.HeadersLoggingFilter - Header postman-token=0:0:0:0:0:0:0:1, IP = postman-token
10:31:00.570 [http-nio-8080-exec-4] INFO  c.p.c.f.HeadersLoggingFilter - Header host=0:0:0:0:0:0:0:1, IP = host
10:31:00.570 [http-nio-8080-exec-4] INFO  c.p.c.f.HeadersLoggingFilter - Header accept-encoding=0:0:0:0:0:0:0:1, IP = accept-encoding
10:31:00.570 [http-nio-8080-exec-4] INFO  c.p.c.f.HeadersLoggingFilter - Header connection=0:0:0:0:0:0:0:1, IP = connection
10:31:00.570 [http-nio-8080-exec-4] INFO  c.p.c.loggingfilter.LoggingFilter - Request: Method=GET, URI=/api/getAllContactsOfPerson/10000, Headers=user-agent=PostmanRuntime/7.43.0; accept=*/*; postman-token=b26748f8-0da2-414e-a739-d8d213275048; host=localhost:8080; accept-encoding=gzip, deflate, br; connection=keep-alive; , Request ID: f96b353f-8463-4c2c-a497-c181a2536f7a, Request IP  =0:0:0:0:0:0:0:1
10:31:00.571 [http-nio-8080-exec-4] INFO  c.p.c.l.LoggingInterceptor - Request: GET /api/getAllContactsOfPerson/10000
10:31:13.294 [http-nio-8080-exec-4] INFO  c.p.c.l.LoggingInterceptor - Respone 400 /api/getAllContactsOfPerson/10000
10:31:13.295 [http-nio-8080-exec-4] INFO  c.p.c.loggingfilter.LoggingFilter - Response: Status=400, URI=/api/getAllContactsOfPerson/10000, Duration (Response Time)=12725ms, Headers=[Content-Type, Transfer-Encoding, Date, Connection], Payload = org.apache.catalina.connector.ResponseFacade@1f8be7b7
10:31:30.343 [SpringApplicationShutdownHook] INFO  o.s.o.j.LocalContainerEntityManagerFactoryBean - Closing JPA EntityManagerFactory for persistence unit 'default'
10:31:30.346 [SpringApplicationShutdownHook] INFO  com.zaxxer.hikari.HikariDataSource - HikariPool-1 - Shutdown initiated...
10:31:30.351 [SpringApplicationShutdownHook] INFO  com.zaxxer.hikari.HikariDataSource - HikariPool-1 - Shutdown completed.
10:31:39.544 [background-preinit] INFO  o.h.validator.internal.util.Version - HV000001: Hibernate Validator 8.0.1.Final
10:31:39.598 [main] INFO  c.p.c.ContactsdemoApplication - Starting ContactsdemoApplication using Java 17.0.12 with PID 22472 (C:\Ayse Ceren - crud projects\contactsdemo\build\classes\java\main started by 16381136672 in C:\Ayse Ceren - crud projects\contactsdemo)
10:31:39.599 [main] INFO  c.p.c.ContactsdemoApplication - No active profile set, falling back to 1 default profile: "default"
10:31:40.530 [main] INFO  o.s.d.r.c.RepositoryConfigurationDelegate - Bootstrapping Spring Data JPA repositories in DEFAULT mode.
10:31:40.622 [main] INFO  o.s.d.r.c.RepositoryConfigurationDelegate - Finished Spring Data repository scanning in 82 ms. Found 2 JPA repository interfaces.
10:31:41.237 [main] INFO  o.s.b.w.e.tomcat.TomcatWebServer - Tomcat initialized with port 8080 (http)
10:31:41.249 [main] INFO  o.a.coyote.http11.Http11NioProtocol - Initializing ProtocolHandler ["http-nio-8080"]
10:31:41.252 [main] INFO  o.a.catalina.core.StandardService - Starting service [Tomcat]
10:31:41.253 [main] INFO  o.a.catalina.core.StandardEngine - Starting Servlet engine: [Apache Tomcat/10.1.25]
10:31:41.350 [main] INFO  o.a.c.c.C.[Tomcat].[localhost].[/] - Initializing Spring embedded WebApplicationContext
10:31:41.351 [main] INFO  o.s.b.w.s.c.ServletWebServerApplicationContext - Root WebApplicationContext: initialization completed in 1687 ms
10:31:41.520 [main] INFO  o.h.jpa.internal.util.LogHelper - HHH000204: Processing PersistenceUnitInfo [name: default]
10:31:41.582 [main] INFO  org.hibernate.Version - HHH000412: Hibernate ORM core version 6.4.9.Final
10:31:41.622 [main] INFO  o.h.c.i.RegionFactoryInitiator - HHH000026: Second-level cache disabled
10:31:41.924 [main] INFO  o.s.o.j.p.SpringPersistenceUnitInfo - No LoadTimeWeaver setup: ignoring JPA class transformer
10:31:41.955 [main] INFO  com.zaxxer.hikari.HikariDataSource - HikariPool-1 - Starting...
10:31:42.114 [main] INFO  com.zaxxer.hikari.pool.HikariPool - HikariPool-1 - Added connection org.postgresql.jdbc.PgConnection@7b332b23
10:31:42.116 [main] INFO  com.zaxxer.hikari.HikariDataSource - HikariPool-1 - Start completed.
10:31:42.150 [main] WARN  org.hibernate.orm.deprecation - HHH90000025: PostgreSQLDialect does not need to be specified explicitly using 'hibernate.dialect' (remove the property setting and it will be selected by default)
10:31:43.486 [main] INFO  o.s.o.j.LocalContainerEntityManagerFactoryBean - Initialized JPA EntityManagerFactory for persistence unit 'default'
10:31:44.906 [main] WARN  o.s.b.a.o.j.JpaBaseConfiguration$JpaWebConfiguration - spring.jpa.open-in-view is enabled by default. Therefore, database queries may be performed during view rendering. Explicitly configure spring.jpa.open-in-view to disable this warning
10:31:46.438 [main] INFO  o.s.d.j.r.query.QueryEnhancerFactory - Hibernate is in classpath; If applicable, HQL parser will be used.
10:31:47.378 [main] INFO  o.a.coyote.http11.Http11NioProtocol - Starting ProtocolHandler ["http-nio-8080"]
10:31:47.478 [main] INFO  o.s.b.w.e.tomcat.TomcatWebServer - Tomcat started on port 8080 (http) with context path ''
10:31:47.500 [main] INFO  c.p.c.ContactsdemoApplication - Started ContactsdemoApplication in 8.425 seconds (process running for 9.796)
10:31:54.669 [http-nio-8080-exec-1] INFO  o.a.c.c.C.[Tomcat].[localhost].[/] - Initializing Spring DispatcherServlet 'dispatcherServlet'
10:31:54.669 [http-nio-8080-exec-1] INFO  o.s.web.servlet.DispatcherServlet - Initializing Servlet 'dispatcherServlet'
10:31:54.671 [http-nio-8080-exec-1] INFO  o.s.web.servlet.DispatcherServlet - Completed initialization in 1 ms
10:31:54.688 [http-nio-8080-exec-1] INFO  c.p.c.f.HeadersLoggingFilter - Header user-agent=0:0:0:0:0:0:0:1, IP = user-agent
10:31:54.688 [http-nio-8080-exec-1] INFO  c.p.c.f.HeadersLoggingFilter - Header accept=0:0:0:0:0:0:0:1, IP = accept
10:31:54.688 [http-nio-8080-exec-1] INFO  c.p.c.f.HeadersLoggingFilter - Header postman-token=0:0:0:0:0:0:0:1, IP = postman-token
10:31:54.688 [http-nio-8080-exec-1] INFO  c.p.c.f.HeadersLoggingFilter - Header host=0:0:0:0:0:0:0:1, IP = host
10:31:54.689 [http-nio-8080-exec-1] INFO  c.p.c.f.HeadersLoggingFilter - Header accept-encoding=0:0:0:0:0:0:0:1, IP = accept-encoding
10:31:54.689 [http-nio-8080-exec-1] INFO  c.p.c.f.HeadersLoggingFilter - Header connection=0:0:0:0:0:0:0:1, IP = connection
10:31:54.691 [http-nio-8080-exec-1] INFO  c.p.c.loggingfilter.LoggingFilter - Request: Method=GET, URI=/api/getAllContactsOfPerson/10000, Headers=user-agent=PostmanRuntime/7.43.0; accept=*/*; postman-token=d86822df-3b33-4cf7-83a1-5caf4108142c; host=localhost:8080; accept-encoding=gzip, deflate, br; connection=keep-alive; , Request ID: b5436bf5-2c51-4b0e-aed6-ff81a3210499, Request IP  =0:0:0:0:0:0:0:1
10:31:54.736 [http-nio-8080-exec-1] INFO  c.p.c.l.LoggingInterceptor - Request: GET /api/getAllContactsOfPerson/10000
10:32:07.118 [http-nio-8080-exec-1] INFO  c.p.c.l.LoggingInterceptor - Respone 400 /api/getAllContactsOfPerson/10000
10:32:07.120 [http-nio-8080-exec-1] INFO  c.p.c.loggingfilter.LoggingFilter - Response: Status=400, URI=/api/getAllContactsOfPerson/10000, Duration (Response Time)=12429ms, Headers=[Content-Type, Transfer-Encoding, Date, Connection], Payload = org.apache.catalina.connector.ResponseFacade@67f474f2
10:32:19.237 [http-nio-8080-exec-4] INFO  c.p.c.f.HeadersLoggingFilter - Header content-type=0:0:0:0:0:0:0:1, IP = content-type
10:32:19.237 [http-nio-8080-exec-4] INFO  c.p.c.f.HeadersLoggingFilter - Header user-agent=0:0:0:0:0:0:0:1, IP = user-agent
10:32:19.237 [http-nio-8080-exec-4] INFO  c.p.c.f.HeadersLoggingFilter - Header accept=0:0:0:0:0:0:0:1, IP = accept
10:32:19.238 [http-nio-8080-exec-4] INFO  c.p.c.f.HeadersLoggingFilter - Header postman-token=0:0:0:0:0:0:0:1, IP = postman-token
10:32:19.238 [http-nio-8080-exec-4] INFO  c.p.c.f.HeadersLoggingFilter - Header host=0:0:0:0:0:0:0:1, IP = host
10:32:19.238 [http-nio-8080-exec-4] INFO  c.p.c.f.HeadersLoggingFilter - Header accept-encoding=0:0:0:0:0:0:0:1, IP = accept-encoding
10:32:19.238 [http-nio-8080-exec-4] INFO  c.p.c.f.HeadersLoggingFilter - Header connection=0:0:0:0:0:0:0:1, IP = connection
10:32:19.238 [http-nio-8080-exec-4] INFO  c.p.c.f.HeadersLoggingFilter - Header content-length=0:0:0:0:0:0:0:1, IP = content-length
10:32:19.238 [http-nio-8080-exec-4] INFO  c.p.c.loggingfilter.LoggingFilter - Request: Method=POST, URI=/api/savePerson, Headers=content-type=application/json; user-agent=PostmanRuntime/7.43.0; accept=*/*; postman-token=cc5baf35-89d6-4b62-86da-7efca983be7f; host=localhost:8080; accept-encoding=gzip, deflate, br; connection=keep-alive; content-length=205; , Request ID: d1efdb23-850c-4e77-8194-33d4f6c5b788, Request IP  =0:0:0:0:0:0:0:1
10:32:19.238 [http-nio-8080-exec-4] INFO  c.p.c.l.LoggingInterceptor - Request: POST /api/savePerson
10:33:33.067 [HikariPool-1 housekeeper] WARN  com.zaxxer.hikari.pool.HikariPool - HikariPool-1 - Thread starvation or clock leap detected (housekeeper delta=1m20s825ms855µs800ns).
10:33:33.071 [http-nio-8080-exec-4] INFO  c.p.c.l.LoggingInterceptor - Respone 500 /api/savePerson
10:33:33.074 [http-nio-8080-exec-4] INFO  c.p.c.loggingfilter.LoggingFilter - Response: Status=500, URI=/api/savePerson, Duration (Response Time)=73835ms, Headers=[Content-Type, Transfer-Encoding, Date, Connection], Payload = org.apache.catalina.connector.ResponseFacade@36e50fbe
10:33:33.260 [SpringApplicationShutdownHook] INFO  o.s.o.j.LocalContainerEntityManagerFactoryBean - Closing JPA EntityManagerFactory for persistence unit 'default'
10:33:33.262 [SpringApplicationShutdownHook] INFO  com.zaxxer.hikari.HikariDataSource - HikariPool-1 - Shutdown initiated...
10:33:33.268 [SpringApplicationShutdownHook] INFO  com.zaxxer.hikari.HikariDataSource - HikariPool-1 - Shutdown completed.
11:22:45.241 [background-preinit] INFO  o.h.validator.internal.util.Version - HV000001: Hibernate Validator 8.0.1.Final
11:22:45.301 [main] INFO  c.p.c.ContactsdemoApplication - Starting ContactsdemoApplication using Java 17.0.12 with PID 10816 (C:\Ayse Ceren - crud projects\contactsdemo\build\classes\java\main started by 16381136672 in C:\Ayse Ceren - crud projects\contactsdemo)
11:22:45.302 [main] INFO  c.p.c.ContactsdemoApplication - No active profile set, falling back to 1 default profile: "default"
11:22:46.358 [main] INFO  o.s.d.r.c.RepositoryConfigurationDelegate - Bootstrapping Spring Data JPA repositories in DEFAULT mode.
11:22:46.452 [main] INFO  o.s.d.r.c.RepositoryConfigurationDelegate - Finished Spring Data repository scanning in 84 ms. Found 2 JPA repository interfaces.
11:22:47.083 [main] INFO  o.s.b.w.e.tomcat.TomcatWebServer - Tomcat initialized with port 8080 (http)
11:22:47.095 [main] INFO  o.a.coyote.http11.Http11NioProtocol - Initializing ProtocolHandler ["http-nio-8080"]
11:22:47.098 [main] INFO  o.a.catalina.core.StandardService - Starting service [Tomcat]
11:22:47.098 [main] INFO  o.a.catalina.core.StandardEngine - Starting Servlet engine: [Apache Tomcat/10.1.25]
11:22:47.197 [main] INFO  o.a.c.c.C.[Tomcat].[localhost].[/] - Initializing Spring embedded WebApplicationContext
11:22:47.198 [main] INFO  o.s.b.w.s.c.ServletWebServerApplicationContext - Root WebApplicationContext: initialization completed in 1831 ms
11:22:47.368 [main] INFO  o.h.jpa.internal.util.LogHelper - HHH000204: Processing PersistenceUnitInfo [name: default]
11:22:47.445 [main] INFO  org.hibernate.Version - HHH000412: Hibernate ORM core version 6.4.9.Final
11:22:47.494 [main] INFO  o.h.c.i.RegionFactoryInitiator - HHH000026: Second-level cache disabled
11:22:47.792 [main] INFO  o.s.o.j.p.SpringPersistenceUnitInfo - No LoadTimeWeaver setup: ignoring JPA class transformer
11:22:47.826 [main] INFO  com.zaxxer.hikari.HikariDataSource - HikariPool-1 - Starting...
11:22:48.008 [main] INFO  com.zaxxer.hikari.pool.HikariPool - HikariPool-1 - Added connection org.postgresql.jdbc.PgConnection@5f45bc8e
11:22:48.010 [main] INFO  com.zaxxer.hikari.HikariDataSource - HikariPool-1 - Start completed.
11:22:48.048 [main] WARN  org.hibernate.orm.deprecation - HHH90000025: PostgreSQLDialect does not need to be specified explicitly using 'hibernate.dialect' (remove the property setting and it will be selected by default)
11:22:49.225 [main] INFO  o.s.o.j.LocalContainerEntityManagerFactoryBean - Initialized JPA EntityManagerFactory for persistence unit 'default'
11:22:49.502 [main] WARN  o.s.b.a.o.j.JpaBaseConfiguration$JpaWebConfiguration - spring.jpa.open-in-view is enabled by default. Therefore, database queries may be performed during view rendering. Explicitly configure spring.jpa.open-in-view to disable this warning
11:22:50.073 [main] INFO  o.s.d.j.r.query.QueryEnhancerFactory - Hibernate is in classpath; If applicable, HQL parser will be used.
11:22:50.501 [main] INFO  o.a.coyote.http11.Http11NioProtocol - Starting ProtocolHandler ["http-nio-8080"]
11:22:50.542 [main] INFO  o.s.b.w.e.tomcat.TomcatWebServer - Tomcat started on port 8080 (http) with context path ''
11:22:50.555 [main] INFO  c.p.c.ContactsdemoApplication - Started ContactsdemoApplication in 5.768 seconds (process running for 7.139)
11:22:54.203 [http-nio-8080-exec-2] INFO  o.a.c.c.C.[Tomcat].[localhost].[/] - Initializing Spring DispatcherServlet 'dispatcherServlet'
11:22:54.204 [http-nio-8080-exec-2] INFO  o.s.web.servlet.DispatcherServlet - Initializing Servlet 'dispatcherServlet'
11:22:54.205 [http-nio-8080-exec-2] INFO  o.s.web.servlet.DispatcherServlet - Completed initialization in 1 ms
11:22:54.209 [http-nio-8080-exec-2] INFO  c.p.c.f.HeadersLoggingFilter - Header content-type=0:0:0:0:0:0:0:1, IP = content-type
11:22:54.209 [http-nio-8080-exec-2] INFO  c.p.c.f.HeadersLoggingFilter - Header user-agent=0:0:0:0:0:0:0:1, IP = user-agent
11:22:54.209 [http-nio-8080-exec-2] INFO  c.p.c.f.HeadersLoggingFilter - Header accept=0:0:0:0:0:0:0:1, IP = accept
11:22:54.210 [http-nio-8080-exec-2] INFO  c.p.c.f.HeadersLoggingFilter - Header postman-token=0:0:0:0:0:0:0:1, IP = postman-token
11:22:54.210 [http-nio-8080-exec-2] INFO  c.p.c.f.HeadersLoggingFilter - Header host=0:0:0:0:0:0:0:1, IP = host
11:22:54.210 [http-nio-8080-exec-2] INFO  c.p.c.f.HeadersLoggingFilter - Header accept-encoding=0:0:0:0:0:0:0:1, IP = accept-encoding
11:22:54.210 [http-nio-8080-exec-2] INFO  c.p.c.f.HeadersLoggingFilter - Header connection=0:0:0:0:0:0:0:1, IP = connection
11:22:54.210 [http-nio-8080-exec-2] INFO  c.p.c.f.HeadersLoggingFilter - Header content-length=0:0:0:0:0:0:0:1, IP = content-length
11:22:54.210 [http-nio-8080-exec-2] INFO  c.p.c.loggingfilter.LoggingFilter - Request: Method=POST, URI=/api/savePerson, Headers=content-type=application/json; user-agent=PostmanRuntime/7.43.0; accept=*/*; postman-token=9c63a0b5-2ea4-4998-a785-d5a7d828df8f; host=localhost:8080; accept-encoding=gzip, deflate, br; connection=keep-alive; content-length=205; , Request ID: 870dd0c1-8d35-4241-819c-366eae264c62, Request IP  =0:0:0:0:0:0:0:1
11:22:54.221 [http-nio-8080-exec-2] INFO  c.p.c.l.LoggingInterceptor - Request: POST /api/savePerson
11:22:54.380 [http-nio-8080-exec-2] INFO  c.p.c.l.LoggingInterceptor - Respone 500 /api/savePerson
11:22:54.380 [http-nio-8080-exec-2] INFO  c.p.c.loggingfilter.LoggingFilter - Response: Status=500, URI=/api/savePerson, Duration (Response Time)=170ms, Headers=[Content-Type, Transfer-Encoding, Date, Connection], Payload = org.apache.catalina.connector.ResponseFacade@3d488fa7
11:23:00.761 [SpringApplicationShutdownHook] INFO  o.s.o.j.LocalContainerEntityManagerFactoryBean - Closing JPA EntityManagerFactory for persistence unit 'default'
11:23:00.764 [SpringApplicationShutdownHook] INFO  com.zaxxer.hikari.HikariDataSource - HikariPool-1 - Shutdown initiated...
11:23:00.768 [SpringApplicationShutdownHook] INFO  com.zaxxer.hikari.HikariDataSource - HikariPool-1 - Shutdown completed.
11:23:04.548 [background-preinit] INFO  o.h.validator.internal.util.Version - HV000001: Hibernate Validator 8.0.1.Final
11:23:04.599 [main] INFO  c.p.c.ContactsdemoApplication - Starting ContactsdemoApplication using Java 17.0.12 with PID 21208 (C:\Ayse Ceren - crud projects\contactsdemo\build\classes\java\main started by 16381136672 in C:\Ayse Ceren - crud projects\contactsdemo)
11:23:04.600 [main] INFO  c.p.c.ContactsdemoApplication - No active profile set, falling back to 1 default profile: "default"
11:23:05.588 [main] INFO  o.s.d.r.c.RepositoryConfigurationDelegate - Bootstrapping Spring Data JPA repositories in DEFAULT mode.
11:23:05.686 [main] INFO  o.s.d.r.c.RepositoryConfigurationDelegate - Finished Spring Data repository scanning in 89 ms. Found 2 JPA repository interfaces.
11:23:06.316 [main] INFO  o.s.b.w.e.tomcat.TomcatWebServer - Tomcat initialized with port 8080 (http)
11:23:06.329 [main] INFO  o.a.coyote.http11.Http11NioProtocol - Initializing ProtocolHandler ["http-nio-8080"]
11:23:06.332 [main] INFO  o.a.catalina.core.StandardService - Starting service [Tomcat]
11:23:06.332 [main] INFO  o.a.catalina.core.StandardEngine - Starting Servlet engine: [Apache Tomcat/10.1.25]
11:23:06.423 [main] INFO  o.a.c.c.C.[Tomcat].[localhost].[/] - Initializing Spring embedded WebApplicationContext
11:23:06.423 [main] INFO  o.s.b.w.s.c.ServletWebServerApplicationContext - Root WebApplicationContext: initialization completed in 1757 ms
11:23:06.579 [main] INFO  o.h.jpa.internal.util.LogHelper - HHH000204: Processing PersistenceUnitInfo [name: default]
11:23:06.641 [main] INFO  org.hibernate.Version - HHH000412: Hibernate ORM core version 6.4.9.Final
11:23:06.681 [main] INFO  o.h.c.i.RegionFactoryInitiator - HHH000026: Second-level cache disabled
11:23:06.971 [main] INFO  o.s.o.j.p.SpringPersistenceUnitInfo - No LoadTimeWeaver setup: ignoring JPA class transformer
11:23:07.007 [main] INFO  com.zaxxer.hikari.HikariDataSource - HikariPool-1 - Starting...
11:23:07.212 [main] INFO  com.zaxxer.hikari.pool.HikariPool - HikariPool-1 - Added connection org.postgresql.jdbc.PgConnection@428eb3d5
11:23:07.214 [main] INFO  com.zaxxer.hikari.HikariDataSource - HikariPool-1 - Start completed.
11:23:07.252 [main] WARN  org.hibernate.orm.deprecation - HHH90000025: PostgreSQLDialect does not need to be specified explicitly using 'hibernate.dialect' (remove the property setting and it will be selected by default)
11:23:08.592 [main] INFO  o.s.o.j.LocalContainerEntityManagerFactoryBean - Initialized JPA EntityManagerFactory for persistence unit 'default'
11:23:10.048 [main] WARN  o.s.b.a.o.j.JpaBaseConfiguration$JpaWebConfiguration - spring.jpa.open-in-view is enabled by default. Therefore, database queries may be performed during view rendering. Explicitly configure spring.jpa.open-in-view to disable this warning
11:23:11.539 [main] INFO  o.s.d.j.r.query.QueryEnhancerFactory - Hibernate is in classpath; If applicable, HQL parser will be used.
11:23:12.402 [main] INFO  o.a.coyote.http11.Http11NioProtocol - Starting ProtocolHandler ["http-nio-8080"]
11:23:12.490 [main] INFO  o.s.b.w.e.tomcat.TomcatWebServer - Tomcat started on port 8080 (http) with context path ''
11:23:12.520 [main] INFO  c.p.c.ContactsdemoApplication - Started ContactsdemoApplication in 8.432 seconds (process running for 9.841)
11:23:16.060 [http-nio-8080-exec-2] INFO  o.a.c.c.C.[Tomcat].[localhost].[/] - Initializing Spring DispatcherServlet 'dispatcherServlet'
11:23:16.060 [http-nio-8080-exec-2] INFO  o.s.web.servlet.DispatcherServlet - Initializing Servlet 'dispatcherServlet'
11:23:16.061 [http-nio-8080-exec-2] INFO  o.s.web.servlet.DispatcherServlet - Completed initialization in 1 ms
11:23:16.083 [http-nio-8080-exec-2] INFO  c.p.c.f.HeadersLoggingFilter - Header content-type=0:0:0:0:0:0:0:1, IP = content-type
11:23:16.083 [http-nio-8080-exec-2] INFO  c.p.c.f.HeadersLoggingFilter - Header user-agent=0:0:0:0:0:0:0:1, IP = user-agent
11:23:16.083 [http-nio-8080-exec-2] INFO  c.p.c.f.HeadersLoggingFilter - Header accept=0:0:0:0:0:0:0:1, IP = accept
11:23:16.083 [http-nio-8080-exec-2] INFO  c.p.c.f.HeadersLoggingFilter - Header postman-token=0:0:0:0:0:0:0:1, IP = postman-token
11:23:16.083 [http-nio-8080-exec-2] INFO  c.p.c.f.HeadersLoggingFilter - Header host=0:0:0:0:0:0:0:1, IP = host
11:23:16.084 [http-nio-8080-exec-2] INFO  c.p.c.f.HeadersLoggingFilter - Header accept-encoding=0:0:0:0:0:0:0:1, IP = accept-encoding
11:23:16.084 [http-nio-8080-exec-2] INFO  c.p.c.f.HeadersLoggingFilter - Header connection=0:0:0:0:0:0:0:1, IP = connection
11:23:16.084 [http-nio-8080-exec-2] INFO  c.p.c.f.HeadersLoggingFilter - Header content-length=0:0:0:0:0:0:0:1, IP = content-length
11:23:16.086 [http-nio-8080-exec-2] INFO  c.p.c.loggingfilter.LoggingFilter - Request: Method=POST, URI=/api/savePerson, Headers=content-type=application/json; user-agent=PostmanRuntime/7.43.0; accept=*/*; postman-token=3e582fce-2a97-4ec4-a3d4-482aa745c21a; host=localhost:8080; accept-encoding=gzip, deflate, br; connection=keep-alive; content-length=205; , Request ID: 29eda3f9-3668-4b47-a8f2-93ceb3239515, Request IP  =0:0:0:0:0:0:0:1
11:23:16.132 [http-nio-8080-exec-2] INFO  c.p.c.l.LoggingInterceptor - Request: POST /api/savePerson
11:23:40.773 [http-nio-8080-exec-2] INFO  c.p.c.l.LoggingInterceptor - Respone 500 /api/savePerson
11:23:40.774 [http-nio-8080-exec-2] INFO  c.p.c.loggingfilter.LoggingFilter - Response: Status=500, URI=/api/savePerson, Duration (Response Time)=24688ms, Headers=[Content-Type, Transfer-Encoding, Date, Connection], Payload = org.apache.catalina.connector.ResponseFacade@7420d499
11:23:44.834 [http-nio-8080-exec-4] INFO  c.p.c.f.HeadersLoggingFilter - Header content-type=0:0:0:0:0:0:0:1, IP = content-type
11:23:44.834 [http-nio-8080-exec-4] INFO  c.p.c.f.HeadersLoggingFilter - Header user-agent=0:0:0:0:0:0:0:1, IP = user-agent
11:23:44.834 [http-nio-8080-exec-4] INFO  c.p.c.f.HeadersLoggingFilter - Header accept=0:0:0:0:0:0:0:1, IP = accept
11:23:44.835 [http-nio-8080-exec-4] INFO  c.p.c.f.HeadersLoggingFilter - Header postman-token=0:0:0:0:0:0:0:1, IP = postman-token
11:23:44.835 [http-nio-8080-exec-4] INFO  c.p.c.f.HeadersLoggingFilter - Header host=0:0:0:0:0:0:0:1, IP = host
11:23:44.835 [http-nio-8080-exec-4] INFO  c.p.c.f.HeadersLoggingFilter - Header accept-encoding=0:0:0:0:0:0:0:1, IP = accept-encoding
11:23:44.835 [http-nio-8080-exec-4] INFO  c.p.c.f.HeadersLoggingFilter - Header connection=0:0:0:0:0:0:0:1, IP = connection
11:23:44.835 [http-nio-8080-exec-4] INFO  c.p.c.f.HeadersLoggingFilter - Header content-length=0:0:0:0:0:0:0:1, IP = content-length
11:23:44.835 [http-nio-8080-exec-4] INFO  c.p.c.loggingfilter.LoggingFilter - Request: Method=POST, URI=/api/savePerson, Headers=content-type=application/json; user-agent=PostmanRuntime/7.43.0; accept=*/*; postman-token=cac7f622-d098-4c57-a0df-548a7e6fe854; host=localhost:8080; accept-encoding=gzip, deflate, br; connection=keep-alive; content-length=205; , Request ID: 60724c66-01d5-47d0-b1cb-6339cb5149b9, Request IP  =0:0:0:0:0:0:0:1
11:23:44.835 [http-nio-8080-exec-4] INFO  c.p.c.l.LoggingInterceptor - Request: POST /api/savePerson
11:24:40.097 [HikariPool-1 housekeeper] WARN  com.zaxxer.hikari.pool.HikariPool - HikariPool-1 - Thread starvation or clock leap detected (housekeeper delta=59s399ms445µs400ns).
11:24:40.100 [http-nio-8080-exec-4] INFO  c.p.c.l.LoggingInterceptor - Respone 500 /api/savePerson
11:24:40.101 [http-nio-8080-exec-4] INFO  c.p.c.loggingfilter.LoggingFilter - Response: Status=500, URI=/api/savePerson, Duration (Response Time)=55266ms, Headers=[Content-Type, Transfer-Encoding, Date, Connection], Payload = org.apache.catalina.connector.ResponseFacade@26219474
11:24:41.714 [SpringApplicationShutdownHook] INFO  o.s.o.j.LocalContainerEntityManagerFactoryBean - Closing JPA EntityManagerFactory for persistence unit 'default'
11:24:41.716 [SpringApplicationShutdownHook] INFO  com.zaxxer.hikari.HikariDataSource - HikariPool-1 - Shutdown initiated...
11:24:41.721 [SpringApplicationShutdownHook] INFO  com.zaxxer.hikari.HikariDataSource - HikariPool-1 - Shutdown completed.
11:24:49.716 [background-preinit] INFO  o.h.validator.internal.util.Version - HV000001: Hibernate Validator 8.0.1.Final
11:24:49.759 [main] INFO  c.p.c.ContactsdemoApplication - Starting ContactsdemoApplication using Java 17.0.12 with PID 20724 (C:\Ayse Ceren - crud projects\contactsdemo\build\classes\java\main started by 16381136672 in C:\Ayse Ceren - crud projects\contactsdemo)
11:24:49.760 [main] INFO  c.p.c.ContactsdemoApplication - No active profile set, falling back to 1 default profile: "default"
11:24:50.650 [main] INFO  o.s.d.r.c.RepositoryConfigurationDelegate - Bootstrapping Spring Data JPA repositories in DEFAULT mode.
11:24:50.729 [main] INFO  o.s.d.r.c.RepositoryConfigurationDelegate - Finished Spring Data repository scanning in 71 ms. Found 2 JPA repository interfaces.
11:24:51.268 [main] INFO  o.s.b.w.e.tomcat.TomcatWebServer - Tomcat initialized with port 8080 (http)
11:24:51.277 [main] INFO  o.a.coyote.http11.Http11NioProtocol - Initializing ProtocolHandler ["http-nio-8080"]
11:24:51.279 [main] INFO  o.a.catalina.core.StandardService - Starting service [Tomcat]
11:24:51.279 [main] INFO  o.a.catalina.core.StandardEngine - Starting Servlet engine: [Apache Tomcat/10.1.25]
11:24:51.354 [main] INFO  o.a.c.c.C.[Tomcat].[localhost].[/] - Initializing Spring embedded WebApplicationContext
11:24:51.354 [main] INFO  o.s.b.w.s.c.ServletWebServerApplicationContext - Root WebApplicationContext: initialization completed in 1547 ms
11:24:51.502 [main] INFO  o.h.jpa.internal.util.LogHelper - HHH000204: Processing PersistenceUnitInfo [name: default]
11:24:51.559 [main] INFO  org.hibernate.Version - HHH000412: Hibernate ORM core version 6.4.9.Final
11:24:51.593 [main] INFO  o.h.c.i.RegionFactoryInitiator - HHH000026: Second-level cache disabled
11:24:51.841 [main] INFO  o.s.o.j.p.SpringPersistenceUnitInfo - No LoadTimeWeaver setup: ignoring JPA class transformer
11:24:51.870 [main] INFO  com.zaxxer.hikari.HikariDataSource - HikariPool-1 - Starting...
11:24:52.013 [main] INFO  com.zaxxer.hikari.pool.HikariPool - HikariPool-1 - Added connection org.postgresql.jdbc.PgConnection@732d078d
11:24:52.014 [main] INFO  com.zaxxer.hikari.HikariDataSource - HikariPool-1 - Start completed.
11:24:52.045 [main] WARN  org.hibernate.orm.deprecation - HHH90000025: PostgreSQLDialect does not need to be specified explicitly using 'hibernate.dialect' (remove the property setting and it will be selected by default)
11:24:53.181 [main] INFO  o.s.o.j.LocalContainerEntityManagerFactoryBean - Initialized JPA EntityManagerFactory for persistence unit 'default'
11:24:54.383 [main] WARN  o.s.b.a.o.j.JpaBaseConfiguration$JpaWebConfiguration - spring.jpa.open-in-view is enabled by default. Therefore, database queries may be performed during view rendering. Explicitly configure spring.jpa.open-in-view to disable this warning
11:24:55.803 [main] INFO  o.s.d.j.r.query.QueryEnhancerFactory - Hibernate is in classpath; If applicable, HQL parser will be used.
11:24:56.655 [main] INFO  o.a.coyote.http11.Http11NioProtocol - Starting ProtocolHandler ["http-nio-8080"]
11:24:56.748 [main] INFO  o.s.b.w.e.tomcat.TomcatWebServer - Tomcat started on port 8080 (http) with context path ''
11:24:56.773 [main] INFO  c.p.c.ContactsdemoApplication - Started ContactsdemoApplication in 7.494 seconds (process running for 8.745)
11:25:00.707 [http-nio-8080-exec-2] INFO  o.a.c.c.C.[Tomcat].[localhost].[/] - Initializing Spring DispatcherServlet 'dispatcherServlet'
11:25:00.707 [http-nio-8080-exec-2] INFO  o.s.web.servlet.DispatcherServlet - Initializing Servlet 'dispatcherServlet'
11:25:00.708 [http-nio-8080-exec-2] INFO  o.s.web.servlet.DispatcherServlet - Completed initialization in 1 ms
11:25:00.726 [http-nio-8080-exec-2] INFO  c.p.c.f.HeadersLoggingFilter - Header content-type=0:0:0:0:0:0:0:1, IP = content-type
11:25:00.726 [http-nio-8080-exec-2] INFO  c.p.c.f.HeadersLoggingFilter - Header user-agent=0:0:0:0:0:0:0:1, IP = user-agent
11:25:00.726 [http-nio-8080-exec-2] INFO  c.p.c.f.HeadersLoggingFilter - Header accept=0:0:0:0:0:0:0:1, IP = accept
11:25:00.726 [http-nio-8080-exec-2] INFO  c.p.c.f.HeadersLoggingFilter - Header postman-token=0:0:0:0:0:0:0:1, IP = postman-token
11:25:00.727 [http-nio-8080-exec-2] INFO  c.p.c.f.HeadersLoggingFilter - Header host=0:0:0:0:0:0:0:1, IP = host
11:25:00.727 [http-nio-8080-exec-2] INFO  c.p.c.f.HeadersLoggingFilter - Header accept-encoding=0:0:0:0:0:0:0:1, IP = accept-encoding
11:25:00.727 [http-nio-8080-exec-2] INFO  c.p.c.f.HeadersLoggingFilter - Header connection=0:0:0:0:0:0:0:1, IP = connection
11:25:00.727 [http-nio-8080-exec-2] INFO  c.p.c.f.HeadersLoggingFilter - Header content-length=0:0:0:0:0:0:0:1, IP = content-length
11:25:00.729 [http-nio-8080-exec-2] INFO  c.p.c.loggingfilter.LoggingFilter - Request: Method=POST, URI=/api/savePerson, Headers=content-type=application/json; user-agent=PostmanRuntime/7.43.0; accept=*/*; postman-token=dfdcf550-3d97-473d-800c-0a20fb2af78b; host=localhost:8080; accept-encoding=gzip, deflate, br; connection=keep-alive; content-length=205; , Request ID: 24b949c8-5b75-4c84-a84a-ced0e2e8be44, Request IP  =0:0:0:0:0:0:0:1
11:25:00.774 [http-nio-8080-exec-2] INFO  c.p.c.l.LoggingInterceptor - Request: POST /api/savePerson
11:25:29.134 [http-nio-8080-exec-2] INFO  c.p.c.l.LoggingInterceptor - Respone 500 /api/savePerson
11:25:29.136 [http-nio-8080-exec-2] INFO  c.p.c.loggingfilter.LoggingFilter - Response: Status=500, URI=/api/savePerson, Duration (Response Time)=28407ms, Headers=[Content-Type, Transfer-Encoding, Date, Connection], Payload = org.apache.catalina.connector.ResponseFacade@585a44b2
11:25:39.648 [http-nio-8080-exec-4] INFO  c.p.c.f.HeadersLoggingFilter - Header content-type=0:0:0:0:0:0:0:1, IP = content-type
11:25:39.648 [http-nio-8080-exec-4] INFO  c.p.c.f.HeadersLoggingFilter - Header user-agent=0:0:0:0:0:0:0:1, IP = user-agent
11:25:39.648 [http-nio-8080-exec-4] INFO  c.p.c.f.HeadersLoggingFilter - Header accept=0:0:0:0:0:0:0:1, IP = accept
11:25:39.648 [http-nio-8080-exec-4] INFO  c.p.c.f.HeadersLoggingFilter - Header postman-token=0:0:0:0:0:0:0:1, IP = postman-token
11:25:39.648 [http-nio-8080-exec-4] INFO  c.p.c.f.HeadersLoggingFilter - Header host=0:0:0:0:0:0:0:1, IP = host
11:25:39.648 [http-nio-8080-exec-4] INFO  c.p.c.f.HeadersLoggingFilter - Header accept-encoding=0:0:0:0:0:0:0:1, IP = accept-encoding
11:25:39.648 [http-nio-8080-exec-4] INFO  c.p.c.f.HeadersLoggingFilter - Header connection=0:0:0:0:0:0:0:1, IP = connection
11:25:39.648 [http-nio-8080-exec-4] INFO  c.p.c.f.HeadersLoggingFilter - Header content-length=0:0:0:0:0:0:0:1, IP = content-length
11:25:39.649 [http-nio-8080-exec-4] INFO  c.p.c.loggingfilter.LoggingFilter - Request: Method=POST, URI=/api/savePerson, Headers=content-type=application/json; user-agent=PostmanRuntime/7.43.0; accept=*/*; postman-token=e194d171-64cf-4834-acb5-91b4512b1992; host=localhost:8080; accept-encoding=gzip, deflate, br; connection=keep-alive; content-length=206; , Request ID: 9244b78e-cf2d-40b7-a06d-4eae5459ab9f, Request IP  =0:0:0:0:0:0:0:1
11:25:39.649 [http-nio-8080-exec-4] INFO  c.p.c.l.LoggingInterceptor - Request: POST /api/savePerson
11:25:45.821 [http-nio-8080-exec-4] INFO  c.p.c.l.LoggingInterceptor - Respone 500 /api/savePerson
11:25:45.822 [http-nio-8080-exec-4] INFO  c.p.c.loggingfilter.LoggingFilter - Response: Status=500, URI=/api/savePerson, Duration (Response Time)=6173ms, Headers=[Content-Type, Transfer-Encoding, Date, Connection], Payload = org.apache.catalina.connector.ResponseFacade@4727a336
11:26:12.259 [http-nio-8080-exec-6] INFO  c.p.c.f.HeadersLoggingFilter - Header content-type=0:0:0:0:0:0:0:1, IP = content-type
11:26:12.260 [http-nio-8080-exec-6] INFO  c.p.c.f.HeadersLoggingFilter - Header user-agent=0:0:0:0:0:0:0:1, IP = user-agent
11:26:12.260 [http-nio-8080-exec-6] INFO  c.p.c.f.HeadersLoggingFilter - Header accept=0:0:0:0:0:0:0:1, IP = accept
11:26:12.260 [http-nio-8080-exec-6] INFO  c.p.c.f.HeadersLoggingFilter - Header postman-token=0:0:0:0:0:0:0:1, IP = postman-token
11:26:12.260 [http-nio-8080-exec-6] INFO  c.p.c.f.HeadersLoggingFilter - Header host=0:0:0:0:0:0:0:1, IP = host
11:26:12.260 [http-nio-8080-exec-6] INFO  c.p.c.f.HeadersLoggingFilter - Header accept-encoding=0:0:0:0:0:0:0:1, IP = accept-encoding
11:26:12.260 [http-nio-8080-exec-6] INFO  c.p.c.f.HeadersLoggingFilter - Header connection=0:0:0:0:0:0:0:1, IP = connection
11:26:12.261 [http-nio-8080-exec-6] INFO  c.p.c.f.HeadersLoggingFilter - Header content-length=0:0:0:0:0:0:0:1, IP = content-length
11:26:12.261 [http-nio-8080-exec-6] INFO  c.p.c.loggingfilter.LoggingFilter - Request: Method=POST, URI=/api/savePerson, Headers=content-type=application/json; user-agent=PostmanRuntime/7.43.0; accept=*/*; postman-token=7761e365-d17f-4031-a813-1fcd25fd5019; host=localhost:8080; accept-encoding=gzip, deflate, br; connection=keep-alive; content-length=206; , Request ID: 2838c6a6-8423-495b-ad39-b6e36aa33957, Request IP  =0:0:0:0:0:0:0:1
11:26:12.261 [http-nio-8080-exec-6] INFO  c.p.c.l.LoggingInterceptor - Request: POST /api/savePerson
11:26:55.051 [HikariPool-1 housekeeper] WARN  com.zaxxer.hikari.pool.HikariPool - HikariPool-1 - Thread starvation or clock leap detected (housekeeper delta=55s975ms844µs300ns).
11:26:55.057 [http-nio-8080-exec-6] INFO  c.p.c.l.LoggingInterceptor - Respone 500 /api/savePerson
11:26:55.059 [http-nio-8080-exec-6] INFO  c.p.c.loggingfilter.LoggingFilter - Response: Status=500, URI=/api/savePerson, Duration (Response Time)=42798ms, Headers=[Content-Type, Transfer-Encoding, Date, Connection], Payload = org.apache.catalina.connector.ResponseFacade@3233c35d
11:26:55.245 [SpringApplicationShutdownHook] INFO  o.s.o.j.LocalContainerEntityManagerFactoryBean - Closing JPA EntityManagerFactory for persistence unit 'default'
11:26:55.247 [SpringApplicationShutdownHook] INFO  com.zaxxer.hikari.HikariDataSource - HikariPool-1 - Shutdown initiated...
11:26:55.253 [SpringApplicationShutdownHook] INFO  com.zaxxer.hikari.HikariDataSource - HikariPool-1 - Shutdown completed.
11:27:03.836 [background-preinit] INFO  o.h.validator.internal.util.Version - HV000001: Hibernate Validator 8.0.1.Final
11:27:03.890 [main] INFO  c.p.c.ContactsdemoApplication - Starting ContactsdemoApplication using Java 17.0.12 with PID 14536 (C:\Ayse Ceren - crud projects\contactsdemo\build\classes\java\main started by 16381136672 in C:\Ayse Ceren - crud projects\contactsdemo)
11:27:03.891 [main] INFO  c.p.c.ContactsdemoApplication - No active profile set, falling back to 1 default profile: "default"
11:27:04.849 [main] INFO  o.s.d.r.c.RepositoryConfigurationDelegate - Bootstrapping Spring Data JPA repositories in DEFAULT mode.
11:27:04.931 [main] INFO  o.s.d.r.c.RepositoryConfigurationDelegate - Finished Spring Data repository scanning in 73 ms. Found 2 JPA repository interfaces.
11:27:05.481 [main] INFO  o.s.b.w.e.tomcat.TomcatWebServer - Tomcat initialized with port 8080 (http)
11:27:05.491 [main] INFO  o.a.coyote.http11.Http11NioProtocol - Initializing ProtocolHandler ["http-nio-8080"]
11:27:05.493 [main] INFO  o.a.catalina.core.StandardService - Starting service [Tomcat]
11:27:05.493 [main] INFO  o.a.catalina.core.StandardEngine - Starting Servlet engine: [Apache Tomcat/10.1.25]
11:27:05.570 [main] INFO  o.a.c.c.C.[Tomcat].[localhost].[/] - Initializing Spring embedded WebApplicationContext
11:27:05.570 [main] INFO  o.s.b.w.s.c.ServletWebServerApplicationContext - Root WebApplicationContext: initialization completed in 1618 ms
11:27:05.727 [main] INFO  o.h.jpa.internal.util.LogHelper - HHH000204: Processing PersistenceUnitInfo [name: default]
11:27:05.790 [main] INFO  org.hibernate.Version - HHH000412: Hibernate ORM core version 6.4.9.Final
11:27:05.829 [main] INFO  o.h.c.i.RegionFactoryInitiator - HHH000026: Second-level cache disabled
11:27:06.098 [main] INFO  o.s.o.j.p.SpringPersistenceUnitInfo - No LoadTimeWeaver setup: ignoring JPA class transformer
11:27:06.128 [main] INFO  com.zaxxer.hikari.HikariDataSource - HikariPool-1 - Starting...
11:27:06.295 [main] INFO  com.zaxxer.hikari.pool.HikariPool - HikariPool-1 - Added connection org.postgresql.jdbc.PgConnection@60194904
11:27:06.297 [main] INFO  com.zaxxer.hikari.HikariDataSource - HikariPool-1 - Start completed.
11:27:06.332 [main] WARN  org.hibernate.orm.deprecation - HHH90000025: PostgreSQLDialect does not need to be specified explicitly using 'hibernate.dialect' (remove the property setting and it will be selected by default)
11:27:07.469 [main] INFO  o.s.o.j.LocalContainerEntityManagerFactoryBean - Initialized JPA EntityManagerFactory for persistence unit 'default'
11:27:08.664 [main] WARN  o.s.b.a.o.j.JpaBaseConfiguration$JpaWebConfiguration - spring.jpa.open-in-view is enabled by default. Therefore, database queries may be performed during view rendering. Explicitly configure spring.jpa.open-in-view to disable this warning
11:27:09.991 [main] INFO  o.s.d.j.r.query.QueryEnhancerFactory - Hibernate is in classpath; If applicable, HQL parser will be used.
11:27:10.781 [main] INFO  o.a.coyote.http11.Http11NioProtocol - Starting ProtocolHandler ["http-nio-8080"]
11:27:10.873 [main] INFO  o.s.b.w.e.tomcat.TomcatWebServer - Tomcat started on port 8080 (http) with context path ''
11:27:10.894 [main] INFO  c.p.c.ContactsdemoApplication - Started ContactsdemoApplication in 7.502 seconds (process running for 8.812)
11:27:13.302 [http-nio-8080-exec-2] INFO  o.a.c.c.C.[Tomcat].[localhost].[/] - Initializing Spring DispatcherServlet 'dispatcherServlet'
11:27:13.302 [http-nio-8080-exec-2] INFO  o.s.web.servlet.DispatcherServlet - Initializing Servlet 'dispatcherServlet'
11:27:13.303 [http-nio-8080-exec-2] INFO  o.s.web.servlet.DispatcherServlet - Completed initialization in 1 ms
11:27:13.320 [http-nio-8080-exec-2] INFO  c.p.c.f.HeadersLoggingFilter - Header content-type=0:0:0:0:0:0:0:1, IP = content-type
11:27:13.320 [http-nio-8080-exec-2] INFO  c.p.c.f.HeadersLoggingFilter - Header user-agent=0:0:0:0:0:0:0:1, IP = user-agent
11:27:13.321 [http-nio-8080-exec-2] INFO  c.p.c.f.HeadersLoggingFilter - Header accept=0:0:0:0:0:0:0:1, IP = accept
11:27:13.321 [http-nio-8080-exec-2] INFO  c.p.c.f.HeadersLoggingFilter - Header postman-token=0:0:0:0:0:0:0:1, IP = postman-token
11:27:13.321 [http-nio-8080-exec-2] INFO  c.p.c.f.HeadersLoggingFilter - Header host=0:0:0:0:0:0:0:1, IP = host
11:27:13.321 [http-nio-8080-exec-2] INFO  c.p.c.f.HeadersLoggingFilter - Header accept-encoding=0:0:0:0:0:0:0:1, IP = accept-encoding
11:27:13.321 [http-nio-8080-exec-2] INFO  c.p.c.f.HeadersLoggingFilter - Header connection=0:0:0:0:0:0:0:1, IP = connection
11:27:13.321 [http-nio-8080-exec-2] INFO  c.p.c.f.HeadersLoggingFilter - Header content-length=0:0:0:0:0:0:0:1, IP = content-length
11:27:13.323 [http-nio-8080-exec-2] INFO  c.p.c.loggingfilter.LoggingFilter - Request: Method=POST, URI=/api/savePerson, Headers=content-type=application/json; user-agent=PostmanRuntime/7.43.0; accept=*/*; postman-token=433b98f4-aa94-474d-9da6-31ac40c4d271; host=localhost:8080; accept-encoding=gzip, deflate, br; connection=keep-alive; content-length=206; , Request ID: 3c637b38-2094-4dd4-83ab-39b65c381b44, Request IP  =0:0:0:0:0:0:0:1
11:27:13.366 [http-nio-8080-exec-2] INFO  c.p.c.l.LoggingInterceptor - Request: POST /api/savePerson
11:27:30.220 [http-nio-8080-exec-2] INFO  c.p.c.l.LoggingInterceptor - Respone 201 /api/savePerson
11:27:30.222 [http-nio-8080-exec-2] INFO  c.p.c.loggingfilter.LoggingFilter - Response: Status=201, URI=/api/savePerson, Duration (Response Time)=16899ms, Headers=[Content-Type, Transfer-Encoding, Date, Keep-Alive, Connection], Payload = org.apache.catalina.connector.ResponseFacade@4c02c44b
11:28:48.213 [SpringApplicationShutdownHook] INFO  o.s.o.j.LocalContainerEntityManagerFactoryBean - Closing JPA EntityManagerFactory for persistence unit 'default'
11:28:48.215 [SpringApplicationShutdownHook] INFO  com.zaxxer.hikari.HikariDataSource - HikariPool-1 - Shutdown initiated...
11:28:48.219 [SpringApplicationShutdownHook] INFO  com.zaxxer.hikari.HikariDataSource - HikariPool-1 - Shutdown completed.
11:28:51.703 [background-preinit] INFO  o.h.validator.internal.util.Version - HV000001: Hibernate Validator 8.0.1.Final
11:28:51.756 [main] INFO  c.p.c.ContactsdemoApplication - Starting ContactsdemoApplication using Java 17.0.12 with PID 26588 (C:\Ayse Ceren - crud projects\contactsdemo\build\classes\java\main started by 16381136672 in C:\Ayse Ceren - crud projects\contactsdemo)
11:28:51.757 [main] INFO  c.p.c.ContactsdemoApplication - No active profile set, falling back to 1 default profile: "default"
11:28:52.678 [main] INFO  o.s.d.r.c.RepositoryConfigurationDelegate - Bootstrapping Spring Data JPA repositories in DEFAULT mode.
11:28:52.759 [main] INFO  o.s.d.r.c.RepositoryConfigurationDelegate - Finished Spring Data repository scanning in 74 ms. Found 2 JPA repository interfaces.
11:28:53.328 [main] INFO  o.s.b.w.e.tomcat.TomcatWebServer - Tomcat initialized with port 8080 (http)
11:28:53.341 [main] INFO  o.a.coyote.http11.Http11NioProtocol - Initializing ProtocolHandler ["http-nio-8080"]
11:28:53.344 [main] INFO  o.a.catalina.core.StandardService - Starting service [Tomcat]
11:28:53.344 [main] INFO  o.a.catalina.core.StandardEngine - Starting Servlet engine: [Apache Tomcat/10.1.25]
11:28:53.436 [main] INFO  o.a.c.c.C.[Tomcat].[localhost].[/] - Initializing Spring embedded WebApplicationContext
11:28:53.436 [main] INFO  o.s.b.w.s.c.ServletWebServerApplicationContext - Root WebApplicationContext: initialization completed in 1622 ms
11:28:53.592 [main] INFO  o.h.jpa.internal.util.LogHelper - HHH000204: Processing PersistenceUnitInfo [name: default]
11:28:53.665 [main] INFO  org.hibernate.Version - HHH000412: Hibernate ORM core version 6.4.9.Final
11:28:53.703 [main] INFO  o.h.c.i.RegionFactoryInitiator - HHH000026: Second-level cache disabled
11:28:54.003 [main] INFO  o.s.o.j.p.SpringPersistenceUnitInfo - No LoadTimeWeaver setup: ignoring JPA class transformer
11:28:54.035 [main] INFO  com.zaxxer.hikari.HikariDataSource - HikariPool-1 - Starting...
11:28:54.203 [main] INFO  com.zaxxer.hikari.pool.HikariPool - HikariPool-1 - Added connection org.postgresql.jdbc.PgConnection@636fccb0
11:28:54.205 [main] INFO  com.zaxxer.hikari.HikariDataSource - HikariPool-1 - Start completed.
11:28:54.239 [main] WARN  org.hibernate.orm.deprecation - HHH90000025: PostgreSQLDialect does not need to be specified explicitly using 'hibernate.dialect' (remove the property setting and it will be selected by default)
11:28:55.539 [main] INFO  o.s.o.j.LocalContainerEntityManagerFactoryBean - Initialized JPA EntityManagerFactory for persistence unit 'default'
11:28:58.943 [main] WARN  o.s.b.a.o.j.JpaBaseConfiguration$JpaWebConfiguration - spring.jpa.open-in-view is enabled by default. Therefore, database queries may be performed during view rendering. Explicitly configure spring.jpa.open-in-view to disable this warning
11:29:05.612 [main] INFO  o.s.d.j.r.query.QueryEnhancerFactory - Hibernate is in classpath; If applicable, HQL parser will be used.
11:29:10.343 [main] INFO  o.a.coyote.http11.Http11NioProtocol - Starting ProtocolHandler ["http-nio-8080"]
11:29:10.581 [main] INFO  o.s.b.w.e.tomcat.TomcatWebServer - Tomcat started on port 8080 (http) with context path ''
11:29:10.861 [main] INFO  c.p.c.ContactsdemoApplication - Started ContactsdemoApplication in 19.606 seconds (process running for 20.977)
11:29:16.159 [http-nio-8080-exec-2] INFO  o.a.c.c.C.[Tomcat].[localhost].[/] - Initializing Spring DispatcherServlet 'dispatcherServlet'
11:29:16.160 [http-nio-8080-exec-2] INFO  o.s.web.servlet.DispatcherServlet - Initializing Servlet 'dispatcherServlet'
11:29:16.196 [http-nio-8080-exec-2] INFO  o.s.web.servlet.DispatcherServlet - Completed initialization in 35 ms
11:29:16.236 [http-nio-8080-exec-2] INFO  c.p.c.f.HeadersLoggingFilter - Header content-type=0:0:0:0:0:0:0:1, IP = content-type
11:29:16.237 [http-nio-8080-exec-2] INFO  c.p.c.f.HeadersLoggingFilter - Header user-agent=0:0:0:0:0:0:0:1, IP = user-agent
11:29:16.238 [http-nio-8080-exec-2] INFO  c.p.c.f.HeadersLoggingFilter - Header accept=0:0:0:0:0:0:0:1, IP = accept
11:29:16.238 [http-nio-8080-exec-2] INFO  c.p.c.f.HeadersLoggingFilter - Header postman-token=0:0:0:0:0:0:0:1, IP = postman-token
11:29:16.239 [http-nio-8080-exec-2] INFO  c.p.c.f.HeadersLoggingFilter - Header host=0:0:0:0:0:0:0:1, IP = host
11:29:16.240 [http-nio-8080-exec-2] INFO  c.p.c.f.HeadersLoggingFilter - Header accept-encoding=0:0:0:0:0:0:0:1, IP = accept-encoding
11:29:16.240 [http-nio-8080-exec-2] INFO  c.p.c.f.HeadersLoggingFilter - Header connection=0:0:0:0:0:0:0:1, IP = connection
11:29:16.241 [http-nio-8080-exec-2] INFO  c.p.c.f.HeadersLoggingFilter - Header content-length=0:0:0:0:0:0:0:1, IP = content-length
11:29:16.246 [http-nio-8080-exec-2] INFO  c.p.c.loggingfilter.LoggingFilter - Request: Method=POST, URI=/api/savePerson, Headers=content-type=application/json; user-agent=PostmanRuntime/7.43.0; accept=*/*; postman-token=d83b1289-7f06-4f3f-977d-21ed6d99043e; host=localhost:8080; accept-encoding=gzip, deflate, br; connection=keep-alive; content-length=206; , Request ID: 53560442-8fc3-4942-ac54-eae2cd1200a0, Request IP  =0:0:0:0:0:0:0:1
11:29:16.349 [http-nio-8080-exec-2] INFO  c.p.c.l.LoggingInterceptor - Request: POST /api/savePerson
11:29:38.580 [http-nio-8080-exec-2] INFO  c.p.c.l.LoggingInterceptor - Respone 201 /api/savePerson
11:29:38.583 [http-nio-8080-exec-2] INFO  c.p.c.loggingfilter.LoggingFilter - Response: Status=201, URI=/api/savePerson, Duration (Response Time)=22336ms, Headers=[Content-Type, Transfer-Encoding, Date, Keep-Alive, Connection], Payload = org.apache.catalina.connector.ResponseFacade@17fbc3f
11:29:56.796 [http-nio-8080-exec-3] INFO  c.p.c.f.HeadersLoggingFilter - Header content-type=0:0:0:0:0:0:0:1, IP = content-type
11:29:56.797 [http-nio-8080-exec-3] INFO  c.p.c.f.HeadersLoggingFilter - Header user-agent=0:0:0:0:0:0:0:1, IP = user-agent
11:29:56.798 [http-nio-8080-exec-3] INFO  c.p.c.f.HeadersLoggingFilter - Header accept=0:0:0:0:0:0:0:1, IP = accept
11:29:56.799 [http-nio-8080-exec-3] INFO  c.p.c.f.HeadersLoggingFilter - Header postman-token=0:0:0:0:0:0:0:1, IP = postman-token
11:29:56.799 [http-nio-8080-exec-3] INFO  c.p.c.f.HeadersLoggingFilter - Header host=0:0:0:0:0:0:0:1, IP = host
11:29:56.800 [http-nio-8080-exec-3] INFO  c.p.c.f.HeadersLoggingFilter - Header accept-encoding=0:0:0:0:0:0:0:1, IP = accept-encoding
11:29:56.800 [http-nio-8080-exec-3] INFO  c.p.c.f.HeadersLoggingFilter - Header connection=0:0:0:0:0:0:0:1, IP = connection
11:29:56.801 [http-nio-8080-exec-3] INFO  c.p.c.f.HeadersLoggingFilter - Header content-length=0:0:0:0:0:0:0:1, IP = content-length
11:29:56.804 [http-nio-8080-exec-3] INFO  c.p.c.loggingfilter.LoggingFilter - Request: Method=POST, URI=/api/savePerson, Headers=content-type=application/json; user-agent=PostmanRuntime/7.43.0; accept=*/*; postman-token=6cc2e0ff-cf69-4ecb-b044-353b752acc88; host=localhost:8080; accept-encoding=gzip, deflate, br; connection=keep-alive; content-length=206; , Request ID: 7d821fbf-a7df-482c-9842-1ed04d2887d9, Request IP  =0:0:0:0:0:0:0:1
11:29:56.806 [http-nio-8080-exec-3] INFO  c.p.c.l.LoggingInterceptor - Request: POST /api/savePerson
11:30:07.177 [http-nio-8080-exec-3] INFO  c.p.c.l.LoggingInterceptor - Respone 201 /api/savePerson
11:30:07.178 [http-nio-8080-exec-3] INFO  c.p.c.loggingfilter.LoggingFilter - Response: Status=201, URI=/api/savePerson, Duration (Response Time)=10373ms, Headers=[Content-Type, Transfer-Encoding, Date, Keep-Alive, Connection], Payload = org.apache.catalina.connector.ResponseFacade@6c7a9bd8
11:30:07.381 [SpringApplicationShutdownHook] INFO  o.s.o.j.LocalContainerEntityManagerFactoryBean - Closing JPA EntityManagerFactory for persistence unit 'default'
11:30:07.383 [SpringApplicationShutdownHook] INFO  com.zaxxer.hikari.HikariDataSource - HikariPool-1 - Shutdown initiated...
11:30:07.388 [SpringApplicationShutdownHook] INFO  com.zaxxer.hikari.HikariDataSource - HikariPool-1 - Shutdown completed.
11:30:11.059 [background-preinit] INFO  o.h.validator.internal.util.Version - HV000001: Hibernate Validator 8.0.1.Final
11:30:11.116 [main] INFO  c.p.c.ContactsdemoApplication - Starting ContactsdemoApplication using Java 17.0.12 with PID 33732 (C:\Ayse Ceren - crud projects\contactsdemo\build\classes\java\main started by 16381136672 in C:\Ayse Ceren - crud projects\contactsdemo)
11:30:11.118 [main] INFO  c.p.c.ContactsdemoApplication - No active profile set, falling back to 1 default profile: "default"
11:30:12.058 [main] INFO  o.s.d.r.c.RepositoryConfigurationDelegate - Bootstrapping Spring Data JPA repositories in DEFAULT mode.
11:30:12.147 [main] INFO  o.s.d.r.c.RepositoryConfigurationDelegate - Finished Spring Data repository scanning in 80 ms. Found 2 JPA repository interfaces.
11:30:12.732 [main] INFO  o.s.b.w.e.tomcat.TomcatWebServer - Tomcat initialized with port 8080 (http)
11:30:12.743 [main] INFO  o.a.coyote.http11.Http11NioProtocol - Initializing ProtocolHandler ["http-nio-8080"]
11:30:12.745 [main] INFO  o.a.catalina.core.StandardService - Starting service [Tomcat]
11:30:12.745 [main] INFO  o.a.catalina.core.StandardEngine - Starting Servlet engine: [Apache Tomcat/10.1.25]
11:30:12.840 [main] INFO  o.a.c.c.C.[Tomcat].[localhost].[/] - Initializing Spring embedded WebApplicationContext
11:30:12.840 [main] INFO  o.s.b.w.s.c.ServletWebServerApplicationContext - Root WebApplicationContext: initialization completed in 1658 ms
11:30:13.004 [main] INFO  o.h.jpa.internal.util.LogHelper - HHH000204: Processing PersistenceUnitInfo [name: default]
11:30:13.066 [main] INFO  org.hibernate.Version - HHH000412: Hibernate ORM core version 6.4.9.Final
11:30:13.104 [main] INFO  o.h.c.i.RegionFactoryInitiator - HHH000026: Second-level cache disabled
11:30:13.416 [main] INFO  o.s.o.j.p.SpringPersistenceUnitInfo - No LoadTimeWeaver setup: ignoring JPA class transformer
11:30:13.445 [main] INFO  com.zaxxer.hikari.HikariDataSource - HikariPool-1 - Starting...
11:30:13.598 [main] INFO  com.zaxxer.hikari.pool.HikariPool - HikariPool-1 - Added connection org.postgresql.jdbc.PgConnection@40017e98
11:30:13.600 [main] INFO  com.zaxxer.hikari.HikariDataSource - HikariPool-1 - Start completed.
11:30:13.637 [main] WARN  org.hibernate.orm.deprecation - HHH90000025: PostgreSQLDialect does not need to be specified explicitly using 'hibernate.dialect' (remove the property setting and it will be selected by default)
11:30:14.845 [main] INFO  o.s.o.j.LocalContainerEntityManagerFactoryBean - Initialized JPA EntityManagerFactory for persistence unit 'default'
11:30:18.169 [main] WARN  o.s.b.a.o.j.JpaBaseConfiguration$JpaWebConfiguration - spring.jpa.open-in-view is enabled by default. Therefore, database queries may be performed during view rendering. Explicitly configure spring.jpa.open-in-view to disable this warning
11:30:24.365 [main] INFO  o.s.d.j.r.query.QueryEnhancerFactory - Hibernate is in classpath; If applicable, HQL parser will be used.
11:30:28.381 [main] INFO  o.a.coyote.http11.Http11NioProtocol - Starting ProtocolHandler ["http-nio-8080"]
11:30:28.512 [main] INFO  o.s.b.w.e.tomcat.TomcatWebServer - Tomcat started on port 8080 (http) with context path ''
11:30:28.687 [main] INFO  c.p.c.ContactsdemoApplication - Started ContactsdemoApplication in 18.092 seconds (process running for 19.456)
11:30:32.439 [http-nio-8080-exec-2] INFO  o.a.c.c.C.[Tomcat].[localhost].[/] - Initializing Spring DispatcherServlet 'dispatcherServlet'
11:30:32.440 [http-nio-8080-exec-2] INFO  o.s.web.servlet.DispatcherServlet - Initializing Servlet 'dispatcherServlet'
11:30:32.470 [http-nio-8080-exec-2] INFO  o.s.web.servlet.DispatcherServlet - Completed initialization in 29 ms
11:30:32.504 [http-nio-8080-exec-2] INFO  c.p.c.f.HeadersLoggingFilter - Header content-type=0:0:0:0:0:0:0:1, IP = content-type
11:30:32.504 [http-nio-8080-exec-2] INFO  c.p.c.f.HeadersLoggingFilter - Header user-agent=0:0:0:0:0:0:0:1, IP = user-agent
11:30:32.505 [http-nio-8080-exec-2] INFO  c.p.c.f.HeadersLoggingFilter - Header accept=0:0:0:0:0:0:0:1, IP = accept
11:30:32.506 [http-nio-8080-exec-2] INFO  c.p.c.f.HeadersLoggingFilter - Header postman-token=0:0:0:0:0:0:0:1, IP = postman-token
11:30:32.506 [http-nio-8080-exec-2] INFO  c.p.c.f.HeadersLoggingFilter - Header host=0:0:0:0:0:0:0:1, IP = host
11:30:32.507 [http-nio-8080-exec-2] INFO  c.p.c.f.HeadersLoggingFilter - Header accept-encoding=0:0:0:0:0:0:0:1, IP = accept-encoding
11:30:32.507 [http-nio-8080-exec-2] INFO  c.p.c.f.HeadersLoggingFilter - Header connection=0:0:0:0:0:0:0:1, IP = connection
11:30:32.507 [http-nio-8080-exec-2] INFO  c.p.c.f.HeadersLoggingFilter - Header content-length=0:0:0:0:0:0:0:1, IP = content-length
11:30:32.512 [http-nio-8080-exec-2] INFO  c.p.c.loggingfilter.LoggingFilter - Request: Method=POST, URI=/api/savePerson, Headers=content-type=application/json; user-agent=PostmanRuntime/7.43.0; accept=*/*; postman-token=b63f8ada-bd2c-468c-8ee2-cc2b1162777a; host=localhost:8080; accept-encoding=gzip, deflate, br; connection=keep-alive; content-length=206; , Request ID: 71bf379e-636b-4100-8ddd-0e076bd809d2, Request IP  =0:0:0:0:0:0:0:1
11:30:32.601 [http-nio-8080-exec-2] INFO  c.p.c.l.LoggingInterceptor - Request: POST /api/savePerson
11:31:19.058 [HikariPool-1 housekeeper] WARN  com.zaxxer.hikari.pool.HikariPool - HikariPool-1 - Thread starvation or clock leap detected (housekeeper delta=1m5s345ms685µs600ns).
11:31:51.507 [http-nio-8080-exec-2] INFO  c.p.c.l.LoggingInterceptor - Respone 500 /api/savePerson
11:31:51.507 [http-nio-8080-exec-2] INFO  c.p.c.loggingfilter.LoggingFilter - Response: Status=500, URI=/api/savePerson, Duration (Response Time)=78995ms, Headers=[Content-Type, Transfer-Encoding, Date, Connection], Payload = org.apache.catalina.connector.ResponseFacade@2f7322be
11:31:51.648 [SpringApplicationShutdownHook] INFO  o.s.o.j.LocalContainerEntityManagerFactoryBean - Closing JPA EntityManagerFactory for persistence unit 'default'
11:31:51.651 [SpringApplicationShutdownHook] INFO  com.zaxxer.hikari.HikariDataSource - HikariPool-1 - Shutdown initiated...
11:31:51.656 [SpringApplicationShutdownHook] INFO  com.zaxxer.hikari.HikariDataSource - HikariPool-1 - Shutdown completed.
11:31:58.846 [background-preinit] INFO  o.h.validator.internal.util.Version - HV000001: Hibernate Validator 8.0.1.Final
11:31:58.889 [main] INFO  c.p.c.ContactsdemoApplication - Starting ContactsdemoApplication using Java 17.0.12 with PID 9568 (C:\Ayse Ceren - crud projects\contactsdemo\build\classes\java\main started by 16381136672 in C:\Ayse Ceren - crud projects\contactsdemo)
11:31:58.889 [main] INFO  c.p.c.ContactsdemoApplication - No active profile set, falling back to 1 default profile: "default"
11:31:59.809 [main] INFO  o.s.d.r.c.RepositoryConfigurationDelegate - Bootstrapping Spring Data JPA repositories in DEFAULT mode.
11:31:59.892 [main] INFO  o.s.d.r.c.RepositoryConfigurationDelegate - Finished Spring Data repository scanning in 75 ms. Found 2 JPA repository interfaces.
11:32:00.471 [main] INFO  o.s.b.w.e.tomcat.TomcatWebServer - Tomcat initialized with port 8080 (http)
11:32:00.481 [main] INFO  o.a.coyote.http11.Http11NioProtocol - Initializing ProtocolHandler ["http-nio-8080"]
11:32:00.483 [main] INFO  o.a.catalina.core.StandardService - Starting service [Tomcat]
11:32:00.483 [main] INFO  o.a.catalina.core.StandardEngine - Starting Servlet engine: [Apache Tomcat/10.1.25]
11:32:00.562 [main] INFO  o.a.c.c.C.[Tomcat].[localhost].[/] - Initializing Spring embedded WebApplicationContext
11:32:00.562 [main] INFO  o.s.b.w.s.c.ServletWebServerApplicationContext - Root WebApplicationContext: initialization completed in 1617 ms
11:32:00.747 [main] INFO  o.h.jpa.internal.util.LogHelper - HHH000204: Processing PersistenceUnitInfo [name: default]
11:32:00.817 [main] INFO  org.hibernate.Version - HHH000412: Hibernate ORM core version 6.4.9.Final
11:32:00.856 [main] INFO  o.h.c.i.RegionFactoryInitiator - HHH000026: Second-level cache disabled
11:32:01.136 [main] INFO  o.s.o.j.p.SpringPersistenceUnitInfo - No LoadTimeWeaver setup: ignoring JPA class transformer
11:32:01.166 [main] INFO  com.zaxxer.hikari.HikariDataSource - HikariPool-1 - Starting...
11:32:01.319 [main] INFO  com.zaxxer.hikari.pool.HikariPool - HikariPool-1 - Added connection org.postgresql.jdbc.PgConnection@28519bfb
11:32:01.322 [main] INFO  com.zaxxer.hikari.HikariDataSource - HikariPool-1 - Start completed.
11:32:01.356 [main] WARN  org.hibernate.orm.deprecation - HHH90000025: PostgreSQLDialect does not need to be specified explicitly using 'hibernate.dialect' (remove the property setting and it will be selected by default)
11:32:02.564 [main] INFO  o.s.o.j.LocalContainerEntityManagerFactoryBean - Initialized JPA EntityManagerFactory for persistence unit 'default'
11:32:05.911 [main] WARN  o.s.b.a.o.j.JpaBaseConfiguration$JpaWebConfiguration - spring.jpa.open-in-view is enabled by default. Therefore, database queries may be performed during view rendering. Explicitly configure spring.jpa.open-in-view to disable this warning
11:32:11.973 [main] INFO  o.s.d.j.r.query.QueryEnhancerFactory - Hibernate is in classpath; If applicable, HQL parser will be used.
11:32:15.761 [main] INFO  o.a.coyote.http11.Http11NioProtocol - Starting ProtocolHandler ["http-nio-8080"]
11:32:15.885 [main] INFO  o.s.b.w.e.tomcat.TomcatWebServer - Tomcat started on port 8080 (http) with context path ''
11:32:16.063 [main] INFO  c.p.c.ContactsdemoApplication - Started ContactsdemoApplication in 17.667 seconds (process running for 19.053)
11:32:19.013 [http-nio-8080-exec-1] INFO  o.a.c.c.C.[Tomcat].[localhost].[/] - Initializing Spring DispatcherServlet 'dispatcherServlet'
11:32:19.015 [http-nio-8080-exec-1] INFO  o.s.web.servlet.DispatcherServlet - Initializing Servlet 'dispatcherServlet'
11:32:19.044 [http-nio-8080-exec-1] INFO  o.s.web.servlet.DispatcherServlet - Completed initialization in 28 ms
11:32:19.082 [http-nio-8080-exec-1] INFO  c.p.c.f.HeadersLoggingFilter - Header content-type=0:0:0:0:0:0:0:1, IP = content-type
11:32:19.083 [http-nio-8080-exec-1] INFO  c.p.c.f.HeadersLoggingFilter - Header user-agent=0:0:0:0:0:0:0:1, IP = user-agent
11:32:19.083 [http-nio-8080-exec-1] INFO  c.p.c.f.HeadersLoggingFilter - Header accept=0:0:0:0:0:0:0:1, IP = accept
11:32:19.084 [http-nio-8080-exec-1] INFO  c.p.c.f.HeadersLoggingFilter - Header postman-token=0:0:0:0:0:0:0:1, IP = postman-token
11:32:19.085 [http-nio-8080-exec-1] INFO  c.p.c.f.HeadersLoggingFilter - Header host=0:0:0:0:0:0:0:1, IP = host
11:32:19.085 [http-nio-8080-exec-1] INFO  c.p.c.f.HeadersLoggingFilter - Header accept-encoding=0:0:0:0:0:0:0:1, IP = accept-encoding
11:32:19.086 [http-nio-8080-exec-1] INFO  c.p.c.f.HeadersLoggingFilter - Header connection=0:0:0:0:0:0:0:1, IP = connection
11:32:19.087 [http-nio-8080-exec-1] INFO  c.p.c.f.HeadersLoggingFilter - Header content-length=0:0:0:0:0:0:0:1, IP = content-length
11:32:19.092 [http-nio-8080-exec-1] INFO  c.p.c.loggingfilter.LoggingFilter - Request: Method=POST, URI=/api/savePerson, Headers=content-type=application/json; user-agent=PostmanRuntime/7.43.0; accept=*/*; postman-token=d76e1038-3e99-4bc8-b31e-4840091828be; host=localhost:8080; accept-encoding=gzip, deflate, br; connection=keep-alive; content-length=206; , Request ID: fd4351f3-41d7-4eba-a4b6-46284dc41258, Request IP  =0:0:0:0:0:0:0:1
11:32:19.208 [http-nio-8080-exec-1] INFO  c.p.c.l.LoggingInterceptor - Request: POST /api/savePerson
11:32:46.899 [http-nio-8080-exec-1] INFO  c.p.c.l.LoggingInterceptor - Respone 400 /api/savePerson
11:32:46.903 [http-nio-8080-exec-1] INFO  c.p.c.loggingfilter.LoggingFilter - Response: Status=400, URI=/api/savePerson, Duration (Response Time)=27810ms, Headers=[Content-Type, Transfer-Encoding, Date, Connection], Payload = org.apache.catalina.connector.ResponseFacade@7fb5dde0
11:33:08.620 [http-nio-8080-exec-4] INFO  c.p.c.f.HeadersLoggingFilter - Header content-type=0:0:0:0:0:0:0:1, IP = content-type
11:33:08.621 [http-nio-8080-exec-4] INFO  c.p.c.f.HeadersLoggingFilter - Header user-agent=0:0:0:0:0:0:0:1, IP = user-agent
11:33:08.623 [http-nio-8080-exec-4] INFO  c.p.c.f.HeadersLoggingFilter - Header accept=0:0:0:0:0:0:0:1, IP = accept
11:33:08.623 [http-nio-8080-exec-4] INFO  c.p.c.f.HeadersLoggingFilter - Header postman-token=0:0:0:0:0:0:0:1, IP = postman-token
11:33:08.624 [http-nio-8080-exec-4] INFO  c.p.c.f.HeadersLoggingFilter - Header host=0:0:0:0:0:0:0:1, IP = host
11:33:08.624 [http-nio-8080-exec-4] INFO  c.p.c.f.HeadersLoggingFilter - Header accept-encoding=0:0:0:0:0:0:0:1, IP = accept-encoding
11:33:08.625 [http-nio-8080-exec-4] INFO  c.p.c.f.HeadersLoggingFilter - Header connection=0:0:0:0:0:0:0:1, IP = connection
11:33:08.625 [http-nio-8080-exec-4] INFO  c.p.c.f.HeadersLoggingFilter - Header content-length=0:0:0:0:0:0:0:1, IP = content-length
11:33:08.626 [http-nio-8080-exec-4] INFO  c.p.c.loggingfilter.LoggingFilter - Request: Method=POST, URI=/api/savePerson, Headers=content-type=application/json; user-agent=PostmanRuntime/7.43.0; accept=*/*; postman-token=2496f9c1-d4a0-4cc6-9f01-7e5f08346525; host=localhost:8080; accept-encoding=gzip, deflate, br; connection=keep-alive; content-length=206; , Request ID: 48e8458a-23e4-4c8c-85d0-023990f8fa3c, Request IP  =0:0:0:0:0:0:0:1
11:33:08.628 [http-nio-8080-exec-4] INFO  c.p.c.l.LoggingInterceptor - Request: POST /api/savePerson
11:33:22.978 [http-nio-8080-exec-4] INFO  c.p.c.l.LoggingInterceptor - Respone 400 /api/savePerson
11:33:22.979 [http-nio-8080-exec-4] INFO  c.p.c.loggingfilter.LoggingFilter - Response: Status=400, URI=/api/savePerson, Duration (Response Time)=14351ms, Headers=[Content-Type, Transfer-Encoding, Date, Connection], Payload = org.apache.catalina.connector.ResponseFacade@738825d1
11:35:49.871 [SpringApplicationShutdownHook] INFO  o.s.o.j.LocalContainerEntityManagerFactoryBean - Closing JPA EntityManagerFactory for persistence unit 'default'
11:35:49.874 [SpringApplicationShutdownHook] INFO  com.zaxxer.hikari.HikariDataSource - HikariPool-1 - Shutdown initiated...
11:35:49.878 [SpringApplicationShutdownHook] INFO  com.zaxxer.hikari.HikariDataSource - HikariPool-1 - Shutdown completed.
11:35:58.722 [background-preinit] INFO  o.h.validator.internal.util.Version - HV000001: Hibernate Validator 8.0.1.Final
11:35:58.777 [main] INFO  c.p.c.ContactsdemoApplication - Starting ContactsdemoApplication using Java 17.0.12 with PID 29876 (C:\Ayse Ceren - crud projects\contactsdemo\build\classes\java\main started by 16381136672 in C:\Ayse Ceren - crud projects\contactsdemo)
11:35:58.778 [main] INFO  c.p.c.ContactsdemoApplication - No active profile set, falling back to 1 default profile: "default"
11:35:59.826 [main] INFO  o.s.d.r.c.RepositoryConfigurationDelegate - Bootstrapping Spring Data JPA repositories in DEFAULT mode.
11:35:59.928 [main] INFO  o.s.d.r.c.RepositoryConfigurationDelegate - Finished Spring Data repository scanning in 90 ms. Found 2 JPA repository interfaces.
11:36:00.659 [main] INFO  o.s.b.w.e.tomcat.TomcatWebServer - Tomcat initialized with port 8080 (http)
11:36:00.670 [main] INFO  o.a.coyote.http11.Http11NioProtocol - Initializing ProtocolHandler ["http-nio-8080"]
11:36:00.671 [main] INFO  o.a.catalina.core.StandardService - Starting service [Tomcat]
11:36:00.672 [main] INFO  o.a.catalina.core.StandardEngine - Starting Servlet engine: [Apache Tomcat/10.1.25]
11:36:00.759 [main] INFO  o.a.c.c.C.[Tomcat].[localhost].[/] - Initializing Spring embedded WebApplicationContext
11:36:00.760 [main] INFO  o.s.b.w.s.c.ServletWebServerApplicationContext - Root WebApplicationContext: initialization completed in 1919 ms
11:36:00.952 [main] INFO  o.h.jpa.internal.util.LogHelper - HHH000204: Processing PersistenceUnitInfo [name: default]
11:36:01.020 [main] INFO  org.hibernate.Version - HHH000412: Hibernate ORM core version 6.4.9.Final
11:36:01.067 [main] INFO  o.h.c.i.RegionFactoryInitiator - HHH000026: Second-level cache disabled
11:36:01.394 [main] INFO  o.s.o.j.p.SpringPersistenceUnitInfo - No LoadTimeWeaver setup: ignoring JPA class transformer
11:36:01.437 [main] INFO  com.zaxxer.hikari.HikariDataSource - HikariPool-1 - Starting...
11:36:01.637 [main] INFO  com.zaxxer.hikari.pool.HikariPool - HikariPool-1 - Added connection org.postgresql.jdbc.PgConnection@2fa879ed
11:36:01.639 [main] INFO  com.zaxxer.hikari.HikariDataSource - HikariPool-1 - Start completed.
11:36:01.677 [main] WARN  org.hibernate.orm.deprecation - HHH90000025: PostgreSQLDialect does not need to be specified explicitly using 'hibernate.dialect' (remove the property setting and it will be selected by default)
11:36:03.104 [main] INFO  o.s.o.j.LocalContainerEntityManagerFactoryBean - Initialized JPA EntityManagerFactory for persistence unit 'default'
11:36:06.578 [main] WARN  o.s.b.a.o.j.JpaBaseConfiguration$JpaWebConfiguration - spring.jpa.open-in-view is enabled by default. Therefore, database queries may be performed during view rendering. Explicitly configure spring.jpa.open-in-view to disable this warning
11:36:13.605 [main] INFO  o.s.d.j.r.query.QueryEnhancerFactory - Hibernate is in classpath; If applicable, HQL parser will be used.
11:36:18.171 [main] INFO  o.a.coyote.http11.Http11NioProtocol - Starting ProtocolHandler ["http-nio-8080"]
11:36:18.328 [main] INFO  o.s.b.w.e.tomcat.TomcatWebServer - Tomcat started on port 8080 (http) with context path ''
11:36:18.531 [main] INFO  c.p.c.ContactsdemoApplication - Started ContactsdemoApplication in 20.315 seconds (process running for 21.796)
11:36:22.928 [http-nio-8080-exec-2] INFO  o.a.c.c.C.[Tomcat].[localhost].[/] - Initializing Spring DispatcherServlet 'dispatcherServlet'
11:36:22.929 [http-nio-8080-exec-2] INFO  o.s.web.servlet.DispatcherServlet - Initializing Servlet 'dispatcherServlet'
11:36:22.958 [http-nio-8080-exec-2] INFO  o.s.web.servlet.DispatcherServlet - Completed initialization in 28 ms
11:36:22.996 [http-nio-8080-exec-2] INFO  c.p.c.f.HeadersLoggingFilter - Header content-type=0:0:0:0:0:0:0:1, IP = content-type
11:36:22.997 [http-nio-8080-exec-2] INFO  c.p.c.f.HeadersLoggingFilter - Header user-agent=0:0:0:0:0:0:0:1, IP = user-agent
11:36:22.998 [http-nio-8080-exec-2] INFO  c.p.c.f.HeadersLoggingFilter - Header accept=0:0:0:0:0:0:0:1, IP = accept
11:36:22.998 [http-nio-8080-exec-2] INFO  c.p.c.f.HeadersLoggingFilter - Header postman-token=0:0:0:0:0:0:0:1, IP = postman-token
11:36:22.999 [http-nio-8080-exec-2] INFO  c.p.c.f.HeadersLoggingFilter - Header host=0:0:0:0:0:0:0:1, IP = host
11:36:23.000 [http-nio-8080-exec-2] INFO  c.p.c.f.HeadersLoggingFilter - Header accept-encoding=0:0:0:0:0:0:0:1, IP = accept-encoding
11:36:23.001 [http-nio-8080-exec-2] INFO  c.p.c.f.HeadersLoggingFilter - Header connection=0:0:0:0:0:0:0:1, IP = connection
11:36:23.001 [http-nio-8080-exec-2] INFO  c.p.c.f.HeadersLoggingFilter - Header content-length=0:0:0:0:0:0:0:1, IP = content-length
11:36:23.008 [http-nio-8080-exec-2] INFO  c.p.c.loggingfilter.LoggingFilter - Request: Method=POST, URI=/api/savePerson, Headers=content-type=application/json; user-agent=PostmanRuntime/7.43.0; accept=*/*; postman-token=d94ba7e1-3735-418d-840b-ce21617a86fc; host=localhost:8080; accept-encoding=gzip, deflate, br; connection=keep-alive; content-length=206; , Request ID: 077ec034-1d48-44b8-852f-231931269e12, Request IP  =0:0:0:0:0:0:0:1
11:36:23.115 [http-nio-8080-exec-2] INFO  c.p.c.l.LoggingInterceptor - Request: POST /api/savePerson
11:37:44.973 [HikariPool-1 housekeeper] WARN  com.zaxxer.hikari.pool.HikariPool - HikariPool-1 - Thread starvation or clock leap detected (housekeeper delta=1m11s500ms68µs200ns).
11:37:45.106 [http-nio-8080-exec-2] INFO  c.p.c.l.LoggingInterceptor - Respone 500 /api/savePerson
11:37:45.108 [http-nio-8080-exec-2] INFO  c.p.c.loggingfilter.LoggingFilter - Response: Status=500, URI=/api/savePerson, Duration (Response Time)=82099ms, Headers=[Content-Type, Transfer-Encoding, Date, Connection], Payload = org.apache.catalina.connector.ResponseFacade@4f438a09
11:37:53.598 [http-nio-8080-exec-4] INFO  c.p.c.f.HeadersLoggingFilter - Header user-agent=0:0:0:0:0:0:0:1, IP = user-agent
11:37:53.599 [http-nio-8080-exec-4] INFO  c.p.c.f.HeadersLoggingFilter - Header accept=0:0:0:0:0:0:0:1, IP = accept
11:37:53.600 [http-nio-8080-exec-4] INFO  c.p.c.f.HeadersLoggingFilter - Header postman-token=0:0:0:0:0:0:0:1, IP = postman-token
11:37:53.600 [http-nio-8080-exec-4] INFO  c.p.c.f.HeadersLoggingFilter - Header host=0:0:0:0:0:0:0:1, IP = host
11:37:53.601 [http-nio-8080-exec-4] INFO  c.p.c.f.HeadersLoggingFilter - Header accept-encoding=0:0:0:0:0:0:0:1, IP = accept-encoding
11:37:53.601 [http-nio-8080-exec-4] INFO  c.p.c.f.HeadersLoggingFilter - Header connection=0:0:0:0:0:0:0:1, IP = connection
11:37:53.602 [http-nio-8080-exec-4] INFO  c.p.c.loggingfilter.LoggingFilter - Request: Method=GET, URI=/api/getAllContactsOfPerson/10000, Headers=user-agent=PostmanRuntime/7.43.0; accept=*/*; postman-token=f9ba0716-e64d-4bf6-8d10-e57d70c9c34d; host=localhost:8080; accept-encoding=gzip, deflate, br; connection=keep-alive; , Request ID: fdd56879-d60f-43ef-846b-0f1c0a6984f4, Request IP  =0:0:0:0:0:0:0:1
11:37:53.606 [http-nio-8080-exec-4] INFO  c.p.c.l.LoggingInterceptor - Request: GET /api/getAllContactsOfPerson/10000
11:38:23.364 [http-nio-8080-exec-4] INFO  c.p.c.l.LoggingInterceptor - Respone 400 /api/getAllContactsOfPerson/10000
11:38:23.364 [http-nio-8080-exec-4] INFO  c.p.c.loggingfilter.LoggingFilter - Response: Status=400, URI=/api/getAllContactsOfPerson/10000, Duration (Response Time)=29761ms, Headers=[Content-Type, Transfer-Encoding, Date, Connection], Payload = org.apache.catalina.connector.ResponseFacade@52048b90
11:38:23.572 [SpringApplicationShutdownHook] INFO  o.s.o.j.LocalContainerEntityManagerFactoryBean - Closing JPA EntityManagerFactory for persistence unit 'default'
11:38:23.574 [SpringApplicationShutdownHook] INFO  com.zaxxer.hikari.HikariDataSource - HikariPool-1 - Shutdown initiated...
11:38:23.578 [SpringApplicationShutdownHook] INFO  com.zaxxer.hikari.HikariDataSource - HikariPool-1 - Shutdown completed.
11:38:33.076 [background-preinit] INFO  o.h.validator.internal.util.Version - HV000001: Hibernate Validator 8.0.1.Final
11:38:33.127 [main] INFO  c.p.c.ContactsdemoApplication - Starting ContactsdemoApplication using Java 17.0.12 with PID 20348 (C:\Ayse Ceren - crud projects\contactsdemo\build\classes\java\main started by 16381136672 in C:\Ayse Ceren - crud projects\contactsdemo)
11:38:33.127 [main] INFO  c.p.c.ContactsdemoApplication - No active profile set, falling back to 1 default profile: "default"
11:38:34.261 [main] INFO  o.s.d.r.c.RepositoryConfigurationDelegate - Bootstrapping Spring Data JPA repositories in DEFAULT mode.
11:38:34.363 [main] INFO  o.s.d.r.c.RepositoryConfigurationDelegate - Finished Spring Data repository scanning in 93 ms. Found 2 JPA repository interfaces.
11:38:35.104 [main] INFO  o.s.b.w.e.tomcat.TomcatWebServer - Tomcat initialized with port 8080 (http)
11:38:35.118 [main] INFO  o.a.coyote.http11.Http11NioProtocol - Initializing ProtocolHandler ["http-nio-8080"]
11:38:35.120 [main] INFO  o.a.catalina.core.StandardService - Starting service [Tomcat]
11:38:35.120 [main] INFO  o.a.catalina.core.StandardEngine - Starting Servlet engine: [Apache Tomcat/10.1.25]
11:38:35.224 [main] INFO  o.a.c.c.C.[Tomcat].[localhost].[/] - Initializing Spring embedded WebApplicationContext
11:38:35.225 [main] INFO  o.s.b.w.s.c.ServletWebServerApplicationContext - Root WebApplicationContext: initialization completed in 2037 ms
11:38:35.458 [main] INFO  o.h.jpa.internal.util.LogHelper - HHH000204: Processing PersistenceUnitInfo [name: default]
11:38:35.536 [main] INFO  org.hibernate.Version - HHH000412: Hibernate ORM core version 6.4.9.Final
11:38:35.594 [main] INFO  o.h.c.i.RegionFactoryInitiator - HHH000026: Second-level cache disabled
11:38:35.933 [main] INFO  o.s.o.j.p.SpringPersistenceUnitInfo - No LoadTimeWeaver setup: ignoring JPA class transformer
11:38:35.970 [main] INFO  com.zaxxer.hikari.HikariDataSource - HikariPool-1 - Starting...
11:38:36.161 [main] INFO  com.zaxxer.hikari.pool.HikariPool - HikariPool-1 - Added connection org.postgresql.jdbc.PgConnection@15914bb5
11:38:36.162 [main] INFO  com.zaxxer.hikari.HikariDataSource - HikariPool-1 - Start completed.
11:38:36.203 [main] WARN  org.hibernate.orm.deprecation - HHH90000025: PostgreSQLDialect does not need to be specified explicitly using 'hibernate.dialect' (remove the property setting and it will be selected by default)
11:38:37.807 [main] INFO  o.s.o.j.LocalContainerEntityManagerFactoryBean - Initialized JPA EntityManagerFactory for persistence unit 'default'
11:38:41.740 [main] WARN  o.s.b.a.o.j.JpaBaseConfiguration$JpaWebConfiguration - spring.jpa.open-in-view is enabled by default. Therefore, database queries may be performed during view rendering. Explicitly configure spring.jpa.open-in-view to disable this warning
11:38:50.015 [main] INFO  o.s.d.j.r.query.QueryEnhancerFactory - Hibernate is in classpath; If applicable, HQL parser will be used.
11:38:54.644 [main] INFO  o.a.coyote.http11.Http11NioProtocol - Starting ProtocolHandler ["http-nio-8080"]
11:38:54.807 [main] INFO  o.s.b.w.e.tomcat.TomcatWebServer - Tomcat started on port 8080 (http) with context path ''
11:38:55.032 [main] INFO  c.p.c.ContactsdemoApplication - Started ContactsdemoApplication in 22.437 seconds (process running for 24.105)
11:38:57.972 [http-nio-8080-exec-2] INFO  o.a.c.c.C.[Tomcat].[localhost].[/] - Initializing Spring DispatcherServlet 'dispatcherServlet'
11:38:57.974 [http-nio-8080-exec-2] INFO  o.s.web.servlet.DispatcherServlet - Initializing Servlet 'dispatcherServlet'
11:38:58.013 [http-nio-8080-exec-2] INFO  o.s.web.servlet.DispatcherServlet - Completed initialization in 37 ms
11:38:58.059 [http-nio-8080-exec-2] INFO  c.p.c.f.HeadersLoggingFilter - Header user-agent=0:0:0:0:0:0:0:1, IP = user-agent
11:38:58.060 [http-nio-8080-exec-2] INFO  c.p.c.f.HeadersLoggingFilter - Header accept=0:0:0:0:0:0:0:1, IP = accept
11:38:58.061 [http-nio-8080-exec-2] INFO  c.p.c.f.HeadersLoggingFilter - Header postman-token=0:0:0:0:0:0:0:1, IP = postman-token
11:38:58.062 [http-nio-8080-exec-2] INFO  c.p.c.f.HeadersLoggingFilter - Header host=0:0:0:0:0:0:0:1, IP = host
11:38:58.062 [http-nio-8080-exec-2] INFO  c.p.c.f.HeadersLoggingFilter - Header accept-encoding=0:0:0:0:0:0:0:1, IP = accept-encoding
11:38:58.063 [http-nio-8080-exec-2] INFO  c.p.c.f.HeadersLoggingFilter - Header connection=0:0:0:0:0:0:0:1, IP = connection
11:38:58.073 [http-nio-8080-exec-2] INFO  c.p.c.loggingfilter.LoggingFilter - Request: Method=GET, URI=/api/getAllContactsOfPerson/10000, Headers=user-agent=PostmanRuntime/7.43.0; accept=*/*; postman-token=a35a4652-8be5-4de1-aebe-a7164056b824; host=localhost:8080; accept-encoding=gzip, deflate, br; connection=keep-alive; , Request ID: aafea645-d6d6-4fde-8fcb-df900228380c, Request IP  =0:0:0:0:0:0:0:1
11:38:58.233 [http-nio-8080-exec-2] INFO  c.p.c.l.LoggingInterceptor - Request: GET /api/getAllContactsOfPerson/10000
11:39:06.373 [http-nio-8080-exec-2] INFO  c.p.c.l.LoggingInterceptor - Respone 400 /api/getAllContactsOfPerson/10000
11:39:06.376 [http-nio-8080-exec-2] INFO  c.p.c.loggingfilter.LoggingFilter - Response: Status=400, URI=/api/getAllContactsOfPerson/10000, Duration (Response Time)=8302ms, Headers=[Content-Type, Transfer-Encoding, Date, Connection], Payload = org.apache.catalina.connector.ResponseFacade@6eec0735
11:40:53.124 [SpringApplicationShutdownHook] INFO  o.s.o.j.LocalContainerEntityManagerFactoryBean - Closing JPA EntityManagerFactory for persistence unit 'default'
11:40:53.128 [SpringApplicationShutdownHook] INFO  com.zaxxer.hikari.HikariDataSource - HikariPool-1 - Shutdown initiated...
11:40:53.133 [SpringApplicationShutdownHook] INFO  com.zaxxer.hikari.HikariDataSource - HikariPool-1 - Shutdown completed.
11:41:01.966 [background-preinit] INFO  o.h.validator.internal.util.Version - HV000001: Hibernate Validator 8.0.1.Final
11:41:02.041 [main] INFO  c.p.c.ContactsdemoApplication - Starting ContactsdemoApplication using Java 17.0.12 with PID 9516 (C:\Ayse Ceren - crud projects\contactsdemo\build\classes\java\main started by 16381136672 in C:\Ayse Ceren - crud projects\contactsdemo)
11:41:02.043 [main] INFO  c.p.c.ContactsdemoApplication - No active profile set, falling back to 1 default profile: "default"
11:41:03.344 [main] INFO  o.s.d.r.c.RepositoryConfigurationDelegate - Bootstrapping Spring Data JPA repositories in DEFAULT mode.
11:41:03.465 [main] INFO  o.s.d.r.c.RepositoryConfigurationDelegate - Finished Spring Data repository scanning in 108 ms. Found 2 JPA repository interfaces.
11:41:04.235 [main] INFO  o.s.b.w.e.tomcat.TomcatWebServer - Tomcat initialized with port 8080 (http)
11:41:04.246 [main] INFO  o.a.coyote.http11.Http11NioProtocol - Initializing ProtocolHandler ["http-nio-8080"]
11:41:04.248 [main] INFO  o.a.catalina.core.StandardService - Starting service [Tomcat]
11:41:04.249 [main] INFO  o.a.catalina.core.StandardEngine - Starting Servlet engine: [Apache Tomcat/10.1.25]
11:41:04.340 [main] INFO  o.a.c.c.C.[Tomcat].[localhost].[/] - Initializing Spring embedded WebApplicationContext
11:41:04.342 [main] INFO  o.s.b.w.s.c.ServletWebServerApplicationContext - Root WebApplicationContext: initialization completed in 2223 ms
11:41:04.517 [main] INFO  o.h.jpa.internal.util.LogHelper - HHH000204: Processing PersistenceUnitInfo [name: default]
11:41:04.594 [main] INFO  org.hibernate.Version - HHH000412: Hibernate ORM core version 6.4.9.Final
11:41:04.637 [main] INFO  o.h.c.i.RegionFactoryInitiator - HHH000026: Second-level cache disabled
11:41:04.923 [main] INFO  o.s.o.j.p.SpringPersistenceUnitInfo - No LoadTimeWeaver setup: ignoring JPA class transformer
11:41:04.954 [main] INFO  com.zaxxer.hikari.HikariDataSource - HikariPool-1 - Starting...
11:41:05.135 [main] INFO  com.zaxxer.hikari.pool.HikariPool - HikariPool-1 - Added connection org.postgresql.jdbc.PgConnection@58bad46f
11:41:05.137 [main] INFO  com.zaxxer.hikari.HikariDataSource - HikariPool-1 - Start completed.
11:41:05.174 [main] WARN  org.hibernate.orm.deprecation - HHH90000025: PostgreSQLDialect does not need to be specified explicitly using 'hibernate.dialect' (remove the property setting and it will be selected by default)
11:41:06.609 [main] INFO  o.s.o.j.LocalContainerEntityManagerFactoryBean - Initialized JPA EntityManagerFactory for persistence unit 'default'
11:41:10.417 [main] WARN  o.s.b.a.o.j.JpaBaseConfiguration$JpaWebConfiguration - spring.jpa.open-in-view is enabled by default. Therefore, database queries may be performed during view rendering. Explicitly configure spring.jpa.open-in-view to disable this warning
11:41:18.081 [main] INFO  o.s.d.j.r.query.QueryEnhancerFactory - Hibernate is in classpath; If applicable, HQL parser will be used.
11:41:22.389 [main] INFO  o.a.coyote.http11.Http11NioProtocol - Starting ProtocolHandler ["http-nio-8080"]
11:41:22.520 [main] INFO  o.s.b.w.e.tomcat.TomcatWebServer - Tomcat started on port 8080 (http) with context path ''
11:41:22.708 [main] INFO  c.p.c.ContactsdemoApplication - Started ContactsdemoApplication in 21.305 seconds (process running for 22.887)
11:41:28.916 [http-nio-8080-exec-2] INFO  o.a.c.c.C.[Tomcat].[localhost].[/] - Initializing Spring DispatcherServlet 'dispatcherServlet'
11:41:28.917 [http-nio-8080-exec-2] INFO  o.s.web.servlet.DispatcherServlet - Initializing Servlet 'dispatcherServlet'
11:41:28.946 [http-nio-8080-exec-2] INFO  o.s.web.servlet.DispatcherServlet - Completed initialization in 28 ms
11:41:28.980 [http-nio-8080-exec-2] INFO  c.p.c.f.HeadersLoggingFilter - Header user-agent=0:0:0:0:0:0:0:1, IP = user-agent
11:41:28.980 [http-nio-8080-exec-2] INFO  c.p.c.f.HeadersLoggingFilter - Header accept=0:0:0:0:0:0:0:1, IP = accept
11:41:28.981 [http-nio-8080-exec-2] INFO  c.p.c.f.HeadersLoggingFilter - Header postman-token=0:0:0:0:0:0:0:1, IP = postman-token
11:41:28.981 [http-nio-8080-exec-2] INFO  c.p.c.f.HeadersLoggingFilter - Header host=0:0:0:0:0:0:0:1, IP = host
11:41:28.982 [http-nio-8080-exec-2] INFO  c.p.c.f.HeadersLoggingFilter - Header accept-encoding=0:0:0:0:0:0:0:1, IP = accept-encoding
11:41:28.982 [http-nio-8080-exec-2] INFO  c.p.c.f.HeadersLoggingFilter - Header connection=0:0:0:0:0:0:0:1, IP = connection
11:41:28.987 [http-nio-8080-exec-2] INFO  c.p.c.loggingfilter.LoggingFilter - Request: Method=GET, URI=/api/getAllContactsOfPerson/10000, Headers=user-agent=PostmanRuntime/7.43.0; accept=*/*; postman-token=60486770-8914-43e3-9238-1dca06b58669; host=localhost:8080; accept-encoding=gzip, deflate, br; connection=keep-alive; , Request ID: da468563-17a7-46a8-93bd-25b0f9c8df34, Request IP  =0:0:0:0:0:0:0:1
11:41:29.089 [http-nio-8080-exec-2] INFO  c.p.c.l.LoggingInterceptor - Request: GET /api/getAllContactsOfPerson/10000
11:41:33.376 [http-nio-8080-exec-2] INFO  c.p.c.l.LoggingInterceptor - Respone 400 /api/getAllContactsOfPerson/10000
11:41:33.377 [http-nio-8080-exec-2] INFO  c.p.c.loggingfilter.LoggingFilter - Response: Status=400, URI=/api/getAllContactsOfPerson/10000, Duration (Response Time)=4390ms, Headers=[Content-Type, Transfer-Encoding, Date, Connection], Payload = org.apache.catalina.connector.ResponseFacade@56241e98
11:41:39.118 [http-nio-8080-exec-4] INFO  c.p.c.f.HeadersLoggingFilter - Header content-type=0:0:0:0:0:0:0:1, IP = content-type
11:41:39.119 [http-nio-8080-exec-4] INFO  c.p.c.f.HeadersLoggingFilter - Header user-agent=0:0:0:0:0:0:0:1, IP = user-agent
11:41:39.120 [http-nio-8080-exec-4] INFO  c.p.c.f.HeadersLoggingFilter - Header accept=0:0:0:0:0:0:0:1, IP = accept
11:41:39.121 [http-nio-8080-exec-4] INFO  c.p.c.f.HeadersLoggingFilter - Header postman-token=0:0:0:0:0:0:0:1, IP = postman-token
11:41:39.121 [http-nio-8080-exec-4] INFO  c.p.c.f.HeadersLoggingFilter - Header host=0:0:0:0:0:0:0:1, IP = host
11:41:39.122 [http-nio-8080-exec-4] INFO  c.p.c.f.HeadersLoggingFilter - Header accept-encoding=0:0:0:0:0:0:0:1, IP = accept-encoding
11:41:39.122 [http-nio-8080-exec-4] INFO  c.p.c.f.HeadersLoggingFilter - Header connection=0:0:0:0:0:0:0:1, IP = connection
11:41:39.123 [http-nio-8080-exec-4] INFO  c.p.c.f.HeadersLoggingFilter - Header content-length=0:0:0:0:0:0:0:1, IP = content-length
11:41:39.124 [http-nio-8080-exec-4] INFO  c.p.c.loggingfilter.LoggingFilter - Request: Method=POST, URI=/api/savePerson, Headers=content-type=application/json; user-agent=PostmanRuntime/7.43.0; accept=*/*; postman-token=304a2c26-6f75-42a3-9473-72e342ba9c40; host=localhost:8080; accept-encoding=gzip, deflate, br; connection=keep-alive; content-length=206; , Request ID: e31ecb6e-9f6c-440f-96ca-dcf842100359, Request IP  =0:0:0:0:0:0:0:1
11:41:39.126 [http-nio-8080-exec-4] INFO  c.p.c.l.LoggingInterceptor - Request: POST /api/savePerson
11:42:40.650 [http-nio-8080-exec-4] INFO  c.p.c.l.LoggingInterceptor - Respone 500 /api/savePerson
11:42:40.650 [http-nio-8080-exec-4] INFO  c.p.c.loggingfilter.LoggingFilter - Response: Status=500, URI=/api/savePerson, Duration (Response Time)=61525ms, Headers=[Content-Type, Transfer-Encoding, Date, Connection], Payload = org.apache.catalina.connector.ResponseFacade@63f573f3
11:42:40.830 [SpringApplicationShutdownHook] INFO  o.s.o.j.LocalContainerEntityManagerFactoryBean - Closing JPA EntityManagerFactory for persistence unit 'default'
11:42:40.832 [SpringApplicationShutdownHook] INFO  com.zaxxer.hikari.HikariDataSource - HikariPool-1 - Shutdown initiated...
11:42:40.837 [SpringApplicationShutdownHook] INFO  com.zaxxer.hikari.HikariDataSource - HikariPool-1 - Shutdown completed.
11:42:48.272 [background-preinit] INFO  o.h.validator.internal.util.Version - HV000001: Hibernate Validator 8.0.1.Final
11:42:48.329 [main] INFO  c.p.c.ContactsdemoApplication - Starting ContactsdemoApplication using Java 17.0.12 with PID 32832 (C:\Ayse Ceren - crud projects\contactsdemo\build\classes\java\main started by 16381136672 in C:\Ayse Ceren - crud projects\contactsdemo)
11:42:48.330 [main] INFO  c.p.c.ContactsdemoApplication - No active profile set, falling back to 1 default profile: "default"
11:42:49.403 [main] INFO  o.s.d.r.c.RepositoryConfigurationDelegate - Bootstrapping Spring Data JPA repositories in DEFAULT mode.
11:42:49.503 [main] INFO  o.s.d.r.c.RepositoryConfigurationDelegate - Finished Spring Data repository scanning in 89 ms. Found 2 JPA repository interfaces.
11:42:50.186 [main] INFO  o.s.b.w.e.tomcat.TomcatWebServer - Tomcat initialized with port 8080 (http)
11:42:50.199 [main] INFO  o.a.coyote.http11.Http11NioProtocol - Initializing ProtocolHandler ["http-nio-8080"]
11:42:50.201 [main] INFO  o.a.catalina.core.StandardService - Starting service [Tomcat]
11:42:50.201 [main] INFO  o.a.catalina.core.StandardEngine - Starting Servlet engine: [Apache Tomcat/10.1.25]
11:42:50.291 [main] INFO  o.a.c.c.C.[Tomcat].[localhost].[/] - Initializing Spring embedded WebApplicationContext
11:42:50.292 [main] INFO  o.s.b.w.s.c.ServletWebServerApplicationContext - Root WebApplicationContext: initialization completed in 1891 ms
11:42:50.514 [main] INFO  o.h.jpa.internal.util.LogHelper - HHH000204: Processing PersistenceUnitInfo [name: default]
11:42:50.580 [main] INFO  org.hibernate.Version - HHH000412: Hibernate ORM core version 6.4.9.Final
11:42:50.629 [main] INFO  o.h.c.i.RegionFactoryInitiator - HHH000026: Second-level cache disabled
11:42:50.933 [main] INFO  o.s.o.j.p.SpringPersistenceUnitInfo - No LoadTimeWeaver setup: ignoring JPA class transformer
11:42:50.965 [main] INFO  com.zaxxer.hikari.HikariDataSource - HikariPool-1 - Starting...
11:42:51.141 [main] INFO  com.zaxxer.hikari.pool.HikariPool - HikariPool-1 - Added connection org.postgresql.jdbc.PgConnection@429f0ca8
11:42:51.142 [main] INFO  com.zaxxer.hikari.HikariDataSource - HikariPool-1 - Start completed.
11:42:51.188 [main] WARN  org.hibernate.orm.deprecation - HHH90000025: PostgreSQLDialect does not need to be specified explicitly using 'hibernate.dialect' (remove the property setting and it will be selected by default)
11:42:52.488 [main] INFO  o.s.o.j.LocalContainerEntityManagerFactoryBean - Initialized JPA EntityManagerFactory for persistence unit 'default'
11:42:55.247 [main] WARN  o.s.b.a.o.j.JpaBaseConfiguration$JpaWebConfiguration - spring.jpa.open-in-view is enabled by default. Therefore, database queries may be performed during view rendering. Explicitly configure spring.jpa.open-in-view to disable this warning
11:43:01.954 [main] INFO  o.s.d.j.r.query.QueryEnhancerFactory - Hibernate is in classpath; If applicable, HQL parser will be used.
11:43:06.113 [main] INFO  o.a.coyote.http11.Http11NioProtocol - Starting ProtocolHandler ["http-nio-8080"]
11:43:06.255 [main] INFO  o.s.b.w.e.tomcat.TomcatWebServer - Tomcat started on port 8080 (http) with context path ''
11:43:06.461 [main] INFO  c.p.c.ContactsdemoApplication - Started ContactsdemoApplication in 18.703 seconds (process running for 20.088)
11:43:12.190 [http-nio-8080-exec-2] INFO  o.a.c.c.C.[Tomcat].[localhost].[/] - Initializing Spring DispatcherServlet 'dispatcherServlet'
11:43:12.191 [http-nio-8080-exec-2] INFO  o.s.web.servlet.DispatcherServlet - Initializing Servlet 'dispatcherServlet'
11:43:12.219 [http-nio-8080-exec-2] INFO  o.s.web.servlet.DispatcherServlet - Completed initialization in 27 ms
11:43:12.254 [http-nio-8080-exec-2] INFO  c.p.c.f.HeadersLoggingFilter - Header content-type=0:0:0:0:0:0:0:1, IP = content-type
11:43:12.255 [http-nio-8080-exec-2] INFO  c.p.c.f.HeadersLoggingFilter - Header user-agent=0:0:0:0:0:0:0:1, IP = user-agent
11:43:12.256 [http-nio-8080-exec-2] INFO  c.p.c.f.HeadersLoggingFilter - Header accept=0:0:0:0:0:0:0:1, IP = accept
11:43:12.257 [http-nio-8080-exec-2] INFO  c.p.c.f.HeadersLoggingFilter - Header postman-token=0:0:0:0:0:0:0:1, IP = postman-token
11:43:12.257 [http-nio-8080-exec-2] INFO  c.p.c.f.HeadersLoggingFilter - Header host=0:0:0:0:0:0:0:1, IP = host
11:43:12.258 [http-nio-8080-exec-2] INFO  c.p.c.f.HeadersLoggingFilter - Header accept-encoding=0:0:0:0:0:0:0:1, IP = accept-encoding
11:43:12.258 [http-nio-8080-exec-2] INFO  c.p.c.f.HeadersLoggingFilter - Header connection=0:0:0:0:0:0:0:1, IP = connection
11:43:12.259 [http-nio-8080-exec-2] INFO  c.p.c.f.HeadersLoggingFilter - Header content-length=0:0:0:0:0:0:0:1, IP = content-length
11:43:12.266 [http-nio-8080-exec-2] INFO  c.p.c.loggingfilter.LoggingFilter - Request: Method=POST, URI=/api/savePerson, Headers=content-type=application/json; user-agent=PostmanRuntime/7.43.0; accept=*/*; postman-token=bd56e595-8103-47ff-b6d2-0fb1f9e273e8; host=localhost:8080; accept-encoding=gzip, deflate, br; connection=keep-alive; content-length=205; , Request ID: 028c66e2-54c9-4b6d-ac1b-42d10194bd88, Request IP  =0:0:0:0:0:0:0:1
11:43:12.371 [http-nio-8080-exec-2] INFO  c.p.c.l.LoggingInterceptor - Request: POST /api/savePerson
11:43:49.600 [HikariPool-1 housekeeper] WARN  com.zaxxer.hikari.pool.HikariPool - HikariPool-1 - Thread starvation or clock leap detected (housekeeper delta=58s351ms405µs300ns).
11:43:49.686 [http-nio-8080-exec-2] INFO  c.p.c.l.LoggingInterceptor - Respone 500 /api/savePerson
11:43:49.687 [http-nio-8080-exec-2] INFO  c.p.c.loggingfilter.LoggingFilter - Response: Status=500, URI=/api/savePerson, Duration (Response Time)=37420ms, Headers=[Content-Type, Transfer-Encoding, Date, Connection], Payload = org.apache.catalina.connector.ResponseFacade@7598d36a
11:43:54.377 [http-nio-8080-exec-4] INFO  c.p.c.f.HeadersLoggingFilter - Header content-type=0:0:0:0:0:0:0:1, IP = content-type
11:43:54.377 [http-nio-8080-exec-4] INFO  c.p.c.f.HeadersLoggingFilter - Header user-agent=0:0:0:0:0:0:0:1, IP = user-agent
11:43:54.378 [http-nio-8080-exec-4] INFO  c.p.c.f.HeadersLoggingFilter - Header accept=0:0:0:0:0:0:0:1, IP = accept
11:43:54.379 [http-nio-8080-exec-4] INFO  c.p.c.f.HeadersLoggingFilter - Header postman-token=0:0:0:0:0:0:0:1, IP = postman-token
11:43:54.380 [http-nio-8080-exec-4] INFO  c.p.c.f.HeadersLoggingFilter - Header host=0:0:0:0:0:0:0:1, IP = host
11:43:54.380 [http-nio-8080-exec-4] INFO  c.p.c.f.HeadersLoggingFilter - Header accept-encoding=0:0:0:0:0:0:0:1, IP = accept-encoding
11:43:54.381 [http-nio-8080-exec-4] INFO  c.p.c.f.HeadersLoggingFilter - Header connection=0:0:0:0:0:0:0:1, IP = connection
11:43:54.381 [http-nio-8080-exec-4] INFO  c.p.c.f.HeadersLoggingFilter - Header content-length=0:0:0:0:0:0:0:1, IP = content-length
11:43:54.383 [http-nio-8080-exec-4] INFO  c.p.c.loggingfilter.LoggingFilter - Request: Method=POST, URI=/api/savePerson, Headers=content-type=application/json; user-agent=PostmanRuntime/7.43.0; accept=*/*; postman-token=25f358bc-527a-46d3-89b0-95338606808a; host=localhost:8080; accept-encoding=gzip, deflate, br; connection=keep-alive; content-length=206; , Request ID: 4cd806d2-30f5-4eda-a0af-18972e27ef93, Request IP  =0:0:0:0:0:0:0:1
11:43:54.384 [http-nio-8080-exec-4] INFO  c.p.c.l.LoggingInterceptor - Request: POST /api/savePerson
11:47:17.462 [HikariPool-1 housekeeper] WARN  com.zaxxer.hikari.pool.HikariPool - HikariPool-1 - Thread starvation or clock leap detected (housekeeper delta=3m27s862ms30µs500ns).
11:47:17.468 [http-nio-8080-exec-4] INFO  c.p.c.l.LoggingInterceptor - Respone 500 /api/savePerson
11:47:17.469 [http-nio-8080-exec-4] INFO  c.p.c.loggingfilter.LoggingFilter - Response: Status=500, URI=/api/savePerson, Duration (Response Time)=203086ms, Headers=[Content-Type, Transfer-Encoding, Date, Connection], Payload = org.apache.catalina.connector.ResponseFacade@7b5e2b95
11:47:21.541 [http-nio-8080-exec-6] INFO  c.p.c.f.HeadersLoggingFilter - Header user-agent=0:0:0:0:0:0:0:1, IP = user-agent
11:47:21.541 [http-nio-8080-exec-6] INFO  c.p.c.f.HeadersLoggingFilter - Header accept=0:0:0:0:0:0:0:1, IP = accept
11:47:21.542 [http-nio-8080-exec-6] INFO  c.p.c.f.HeadersLoggingFilter - Header postman-token=0:0:0:0:0:0:0:1, IP = postman-token
11:47:21.542 [http-nio-8080-exec-6] INFO  c.p.c.f.HeadersLoggingFilter - Header host=0:0:0:0:0:0:0:1, IP = host
11:47:21.543 [http-nio-8080-exec-6] INFO  c.p.c.f.HeadersLoggingFilter - Header accept-encoding=0:0:0:0:0:0:0:1, IP = accept-encoding
11:47:21.543 [http-nio-8080-exec-6] INFO  c.p.c.f.HeadersLoggingFilter - Header connection=0:0:0:0:0:0:0:1, IP = connection
11:47:21.544 [http-nio-8080-exec-6] INFO  c.p.c.loggingfilter.LoggingFilter - Request: Method=GET, URI=/api/getAllContactsOfPerson/10000, Headers=user-agent=PostmanRuntime/7.43.0; accept=*/*; postman-token=6a65fa62-284e-4ea1-bd2e-14e6850dfca8; host=localhost:8080; accept-encoding=gzip, deflate, br; connection=keep-alive; , Request ID: 78bb0995-3caf-43d8-9987-c25dc19a90fd, Request IP  =0:0:0:0:0:0:0:1
11:47:21.548 [http-nio-8080-exec-6] INFO  c.p.c.l.LoggingInterceptor - Request: GET /api/getAllContactsOfPerson/10000
11:47:26.567 [http-nio-8080-exec-6] INFO  c.p.c.l.LoggingInterceptor - Respone 400 /api/getAllContactsOfPerson/10000
11:47:26.568 [http-nio-8080-exec-6] INFO  c.p.c.loggingfilter.LoggingFilter - Response: Status=400, URI=/api/getAllContactsOfPerson/10000, Duration (Response Time)=5023ms, Headers=[Content-Type, Transfer-Encoding, Date, Connection], Payload = org.apache.catalina.connector.ResponseFacade@25d57069
11:53:41.511 [SpringApplicationShutdownHook] INFO  o.s.o.j.LocalContainerEntityManagerFactoryBean - Closing JPA EntityManagerFactory for persistence unit 'default'
11:53:41.513 [SpringApplicationShutdownHook] INFO  com.zaxxer.hikari.HikariDataSource - HikariPool-1 - Shutdown initiated...
11:53:41.518 [SpringApplicationShutdownHook] INFO  com.zaxxer.hikari.HikariDataSource - HikariPool-1 - Shutdown completed.
11:53:48.980 [background-preinit] INFO  o.h.validator.internal.util.Version - HV000001: Hibernate Validator 8.0.1.Final
11:53:49.034 [main] INFO  c.p.c.ContactsdemoApplication - Starting ContactsdemoApplication using Java 17.0.12 with PID 25364 (C:\Ayse Ceren - crud projects\contactsdemo\build\classes\java\main started by 16381136672 in C:\Ayse Ceren - crud projects\contactsdemo)
11:53:49.035 [main] INFO  c.p.c.ContactsdemoApplication - No active profile set, falling back to 1 default profile: "default"
11:53:49.994 [main] INFO  o.s.d.r.c.RepositoryConfigurationDelegate - Bootstrapping Spring Data JPA repositories in DEFAULT mode.
11:53:50.082 [main] INFO  o.s.d.r.c.RepositoryConfigurationDelegate - Finished Spring Data repository scanning in 79 ms. Found 2 JPA repository interfaces.
11:53:50.669 [main] INFO  o.s.b.w.e.tomcat.TomcatWebServer - Tomcat initialized with port 8080 (http)
11:53:50.678 [main] INFO  o.a.coyote.http11.Http11NioProtocol - Initializing ProtocolHandler ["http-nio-8080"]
11:53:50.680 [main] INFO  o.a.catalina.core.StandardService - Starting service [Tomcat]
11:53:50.681 [main] INFO  o.a.catalina.core.StandardEngine - Starting Servlet engine: [Apache Tomcat/10.1.25]
11:53:50.764 [main] INFO  o.a.c.c.C.[Tomcat].[localhost].[/] - Initializing Spring embedded WebApplicationContext
11:53:50.766 [main] INFO  o.s.b.w.s.c.ServletWebServerApplicationContext - Root WebApplicationContext: initialization completed in 1673 ms
11:53:50.925 [main] INFO  o.h.jpa.internal.util.LogHelper - HHH000204: Processing PersistenceUnitInfo [name: default]
11:53:50.988 [main] INFO  org.hibernate.Version - HHH000412: Hibernate ORM core version 6.4.9.Final
11:53:51.027 [main] INFO  o.h.c.i.RegionFactoryInitiator - HHH000026: Second-level cache disabled
11:53:51.345 [main] INFO  o.s.o.j.p.SpringPersistenceUnitInfo - No LoadTimeWeaver setup: ignoring JPA class transformer
11:53:51.373 [main] INFO  com.zaxxer.hikari.HikariDataSource - HikariPool-1 - Starting...
11:53:51.564 [main] INFO  com.zaxxer.hikari.pool.HikariPool - HikariPool-1 - Added connection org.postgresql.jdbc.PgConnection@35becbd4
11:53:51.567 [main] INFO  com.zaxxer.hikari.HikariDataSource - HikariPool-1 - Start completed.
11:53:51.605 [main] WARN  org.hibernate.orm.deprecation - HHH90000025: PostgreSQLDialect does not need to be specified explicitly using 'hibernate.dialect' (remove the property setting and it will be selected by default)
11:53:52.808 [main] INFO  o.s.o.j.LocalContainerEntityManagerFactoryBean - Initialized JPA EntityManagerFactory for persistence unit 'default'
11:53:56.206 [main] WARN  o.s.b.a.o.j.JpaBaseConfiguration$JpaWebConfiguration - spring.jpa.open-in-view is enabled by default. Therefore, database queries may be performed during view rendering. Explicitly configure spring.jpa.open-in-view to disable this warning
11:54:02.558 [main] INFO  o.s.d.j.r.query.QueryEnhancerFactory - Hibernate is in classpath; If applicable, HQL parser will be used.
11:54:06.473 [main] INFO  o.a.coyote.http11.Http11NioProtocol - Starting ProtocolHandler ["http-nio-8080"]
11:54:06.626 [main] INFO  o.s.b.w.e.tomcat.TomcatWebServer - Tomcat started on port 8080 (http) with context path ''
11:54:06.816 [main] INFO  c.p.c.ContactsdemoApplication - Started ContactsdemoApplication in 18.3 seconds (process running for 19.864)
11:54:16.629 [http-nio-8080-exec-2] INFO  o.a.c.c.C.[Tomcat].[localhost].[/] - Initializing Spring DispatcherServlet 'dispatcherServlet'
11:54:16.630 [http-nio-8080-exec-2] INFO  o.s.web.servlet.DispatcherServlet - Initializing Servlet 'dispatcherServlet'
11:54:16.658 [http-nio-8080-exec-2] INFO  o.s.web.servlet.DispatcherServlet - Completed initialization in 28 ms
11:54:16.693 [http-nio-8080-exec-2] INFO  c.p.c.f.HeadersLoggingFilter - Header user-agent=0:0:0:0:0:0:0:1, IP = user-agent
11:54:16.694 [http-nio-8080-exec-2] INFO  c.p.c.f.HeadersLoggingFilter - Header accept=0:0:0:0:0:0:0:1, IP = accept
11:54:16.695 [http-nio-8080-exec-2] INFO  c.p.c.f.HeadersLoggingFilter - Header postman-token=0:0:0:0:0:0:0:1, IP = postman-token
11:54:16.695 [http-nio-8080-exec-2] INFO  c.p.c.f.HeadersLoggingFilter - Header host=0:0:0:0:0:0:0:1, IP = host
11:54:16.696 [http-nio-8080-exec-2] INFO  c.p.c.f.HeadersLoggingFilter - Header accept-encoding=0:0:0:0:0:0:0:1, IP = accept-encoding
11:54:16.696 [http-nio-8080-exec-2] INFO  c.p.c.f.HeadersLoggingFilter - Header connection=0:0:0:0:0:0:0:1, IP = connection
11:54:16.700 [http-nio-8080-exec-2] INFO  c.p.c.loggingfilter.LoggingFilter - Request: Method=GET, URI=/api/getAllContactsOfPerson/10000, Headers=user-agent=PostmanRuntime/7.43.0; accept=*/*; postman-token=1c0e9116-0e08-458f-b079-937b290ce266; host=localhost:8080; accept-encoding=gzip, deflate, br; connection=keep-alive; , Request ID: bce3e5f4-2f2a-4906-8eb8-a817e6870bfe, Request IP  =0:0:0:0:0:0:0:1
11:54:16.796 [http-nio-8080-exec-2] INFO  c.p.c.l.LoggingInterceptor - Request: GET /api/getAllContactsOfPerson/10000
11:54:21.749 [http-nio-8080-exec-2] INFO  c.p.c.l.LoggingInterceptor - Respone 400 /api/getAllContactsOfPerson/10000
11:54:21.752 [http-nio-8080-exec-2] INFO  c.p.c.loggingfilter.LoggingFilter - Response: Status=400, URI=/api/getAllContactsOfPerson/10000, Duration (Response Time)=5052ms, Headers=[Content-Type, Transfer-Encoding, Date, Connection], Payload = org.apache.catalina.connector.ResponseFacade@2edd9850
11:59:51.950 [SpringApplicationShutdownHook] INFO  o.s.o.j.LocalContainerEntityManagerFactoryBean - Closing JPA EntityManagerFactory for persistence unit 'default'
11:59:51.954 [SpringApplicationShutdownHook] INFO  com.zaxxer.hikari.HikariDataSource - HikariPool-1 - Shutdown initiated...
11:59:51.959 [SpringApplicationShutdownHook] INFO  com.zaxxer.hikari.HikariDataSource - HikariPool-1 - Shutdown completed.
11:59:59.853 [background-preinit] INFO  o.h.validator.internal.util.Version - HV000001: Hibernate Validator 8.0.1.Final
11:59:59.898 [main] INFO  c.p.c.ContactsdemoApplication - Starting ContactsdemoApplication using Java 17.0.12 with PID 29336 (C:\Ayse Ceren - crud projects\contactsdemo\build\classes\java\main started by 16381136672 in C:\Ayse Ceren - crud projects\contactsdemo)
11:59:59.899 [main] INFO  c.p.c.ContactsdemoApplication - No active profile set, falling back to 1 default profile: "default"
12:00:00.984 [main] INFO  o.s.d.r.c.RepositoryConfigurationDelegate - Bootstrapping Spring Data JPA repositories in DEFAULT mode.
12:00:01.085 [main] INFO  o.s.d.r.c.RepositoryConfigurationDelegate - Finished Spring Data repository scanning in 92 ms. Found 2 JPA repository interfaces.
12:00:01.752 [main] INFO  o.s.b.w.e.tomcat.TomcatWebServer - Tomcat initialized with port 8080 (http)
12:00:01.763 [main] INFO  o.a.coyote.http11.Http11NioProtocol - Initializing ProtocolHandler ["http-nio-8080"]
12:00:01.765 [main] INFO  o.a.catalina.core.StandardService - Starting service [Tomcat]
12:00:01.765 [main] INFO  o.a.catalina.core.StandardEngine - Starting Servlet engine: [Apache Tomcat/10.1.25]
12:00:01.848 [main] INFO  o.a.c.c.C.[Tomcat].[localhost].[/] - Initializing Spring embedded WebApplicationContext
12:00:01.849 [main] INFO  o.s.b.w.s.c.ServletWebServerApplicationContext - Root WebApplicationContext: initialization completed in 1892 ms
12:00:02.029 [main] INFO  o.h.jpa.internal.util.LogHelper - HHH000204: Processing PersistenceUnitInfo [name: default]
12:00:02.111 [main] INFO  org.hibernate.Version - HHH000412: Hibernate ORM core version 6.4.9.Final
12:00:02.151 [main] INFO  o.h.c.i.RegionFactoryInitiator - HHH000026: Second-level cache disabled
12:00:02.480 [main] INFO  o.s.o.j.p.SpringPersistenceUnitInfo - No LoadTimeWeaver setup: ignoring JPA class transformer
12:00:02.517 [main] INFO  com.zaxxer.hikari.HikariDataSource - HikariPool-1 - Starting...
12:00:02.705 [main] INFO  com.zaxxer.hikari.pool.HikariPool - HikariPool-1 - Added connection org.postgresql.jdbc.PgConnection@11c3ce6a
12:00:02.708 [main] INFO  com.zaxxer.hikari.HikariDataSource - HikariPool-1 - Start completed.
12:00:02.746 [main] WARN  org.hibernate.orm.deprecation - HHH90000025: PostgreSQLDialect does not need to be specified explicitly using 'hibernate.dialect' (remove the property setting and it will be selected by default)
12:00:03.913 [main] INFO  o.s.o.j.LocalContainerEntityManagerFactoryBean - Initialized JPA EntityManagerFactory for persistence unit 'default'
12:00:06.939 [main] WARN  o.s.b.a.o.j.JpaBaseConfiguration$JpaWebConfiguration - spring.jpa.open-in-view is enabled by default. Therefore, database queries may be performed during view rendering. Explicitly configure spring.jpa.open-in-view to disable this warning
12:00:12.746 [main] INFO  o.s.d.j.r.query.QueryEnhancerFactory - Hibernate is in classpath; If applicable, HQL parser will be used.
12:00:16.570 [main] INFO  o.a.coyote.http11.Http11NioProtocol - Starting ProtocolHandler ["http-nio-8080"]
12:00:16.689 [main] INFO  o.s.b.w.e.tomcat.TomcatWebServer - Tomcat started on port 8080 (http) with context path ''
12:00:16.885 [main] INFO  c.p.c.ContactsdemoApplication - Started ContactsdemoApplication in 17.48 seconds (process running for 18.855)
12:00:29.729 [http-nio-8080-exec-1] INFO  o.a.c.c.C.[Tomcat].[localhost].[/] - Initializing Spring DispatcherServlet 'dispatcherServlet'
12:00:29.730 [http-nio-8080-exec-1] INFO  o.s.web.servlet.DispatcherServlet - Initializing Servlet 'dispatcherServlet'
12:00:29.758 [http-nio-8080-exec-1] INFO  o.s.web.servlet.DispatcherServlet - Completed initialization in 28 ms
12:00:29.800 [http-nio-8080-exec-1] INFO  c.p.c.f.HeadersLoggingFilter - Header user-agent=0:0:0:0:0:0:0:1, IP = user-agent
12:00:29.801 [http-nio-8080-exec-1] INFO  c.p.c.f.HeadersLoggingFilter - Header accept=0:0:0:0:0:0:0:1, IP = accept
12:00:29.802 [http-nio-8080-exec-1] INFO  c.p.c.f.HeadersLoggingFilter - Header postman-token=0:0:0:0:0:0:0:1, IP = postman-token
12:00:29.802 [http-nio-8080-exec-1] INFO  c.p.c.f.HeadersLoggingFilter - Header host=0:0:0:0:0:0:0:1, IP = host
12:00:29.803 [http-nio-8080-exec-1] INFO  c.p.c.f.HeadersLoggingFilter - Header accept-encoding=0:0:0:0:0:0:0:1, IP = accept-encoding
12:00:29.803 [http-nio-8080-exec-1] INFO  c.p.c.f.HeadersLoggingFilter - Header connection=0:0:0:0:0:0:0:1, IP = connection
12:00:29.808 [http-nio-8080-exec-1] INFO  c.p.c.loggingfilter.LoggingFilter - Request: Method=GET, URI=/api/getAllContactsOfPerson/10000, Headers=user-agent=PostmanRuntime/7.43.0; accept=*/*; postman-token=0bf959b8-b2c8-4833-89e4-eeb14ddec4e1; host=localhost:8080; accept-encoding=gzip, deflate, br; connection=keep-alive; , Request ID: bf6a39df-66e1-49f6-815d-e4aaf10d2ce1, Request IP  =0:0:0:0:0:0:0:1
12:00:29.921 [http-nio-8080-exec-1] INFO  c.p.c.l.LoggingInterceptor - Request: GET /api/getAllContactsOfPerson/10000
12:00:33.020 [http-nio-8080-exec-1] INFO  c.p.c.l.LoggingInterceptor - Respone 400 /api/getAllContactsOfPerson/10000
12:00:33.021 [http-nio-8080-exec-1] INFO  c.p.c.loggingfilter.LoggingFilter - Response: Status=400, URI=/api/getAllContactsOfPerson/10000, Duration (Response Time)=3212ms, Headers=[Content-Type, Transfer-Encoding, Date, Connection], Payload = org.apache.catalina.connector.ResponseFacade@2887abe3
12:00:38.684 [http-nio-8080-exec-4] INFO  c.p.c.f.HeadersLoggingFilter - Header content-type=0:0:0:0:0:0:0:1, IP = content-type
12:00:38.685 [http-nio-8080-exec-4] INFO  c.p.c.f.HeadersLoggingFilter - Header user-agent=0:0:0:0:0:0:0:1, IP = user-agent
12:00:38.686 [http-nio-8080-exec-4] INFO  c.p.c.f.HeadersLoggingFilter - Header accept=0:0:0:0:0:0:0:1, IP = accept
12:00:38.686 [http-nio-8080-exec-4] INFO  c.p.c.f.HeadersLoggingFilter - Header postman-token=0:0:0:0:0:0:0:1, IP = postman-token
12:00:38.687 [http-nio-8080-exec-4] INFO  c.p.c.f.HeadersLoggingFilter - Header host=0:0:0:0:0:0:0:1, IP = host
12:00:38.687 [http-nio-8080-exec-4] INFO  c.p.c.f.HeadersLoggingFilter - Header accept-encoding=0:0:0:0:0:0:0:1, IP = accept-encoding
12:00:38.688 [http-nio-8080-exec-4] INFO  c.p.c.f.HeadersLoggingFilter - Header connection=0:0:0:0:0:0:0:1, IP = connection
12:00:38.688 [http-nio-8080-exec-4] INFO  c.p.c.f.HeadersLoggingFilter - Header content-length=0:0:0:0:0:0:0:1, IP = content-length
12:00:38.689 [http-nio-8080-exec-4] INFO  c.p.c.loggingfilter.LoggingFilter - Request: Method=POST, URI=/api/savePerson, Headers=content-type=application/json; user-agent=PostmanRuntime/7.43.0; accept=*/*; postman-token=a477b575-c204-4ff5-ad15-2c4e66815087; host=localhost:8080; accept-encoding=gzip, deflate, br; connection=keep-alive; content-length=206; , Request ID: 524b6318-55a2-4845-91e9-da52251b0b43, Request IP  =0:0:0:0:0:0:0:1
12:00:38.691 [http-nio-8080-exec-4] INFO  c.p.c.l.LoggingInterceptor - Request: POST /api/savePerson
12:00:49.950 [http-nio-8080-exec-4] INFO  c.p.c.l.LoggingInterceptor - Respone 500 /api/savePerson
12:00:49.951 [http-nio-8080-exec-4] INFO  c.p.c.loggingfilter.LoggingFilter - Response: Status=500, URI=/api/savePerson, Duration (Response Time)=11261ms, Headers=[Content-Type, Transfer-Encoding, Date, Connection], Payload = org.apache.catalina.connector.ResponseFacade@3784c512
12:03:42.064 [SpringApplicationShutdownHook] INFO  o.s.o.j.LocalContainerEntityManagerFactoryBean - Closing JPA EntityManagerFactory for persistence unit 'default'
12:03:42.066 [SpringApplicationShutdownHook] INFO  com.zaxxer.hikari.HikariDataSource - HikariPool-1 - Shutdown initiated...
12:03:42.070 [SpringApplicationShutdownHook] INFO  com.zaxxer.hikari.HikariDataSource - HikariPool-1 - Shutdown completed.
12:03:50.236 [background-preinit] INFO  o.h.validator.internal.util.Version - HV000001: Hibernate Validator 8.0.1.Final
12:03:50.298 [main] INFO  c.p.c.ContactsdemoApplication - Starting ContactsdemoApplication using Java 17.0.12 with PID 23924 (C:\Ayse Ceren - crud projects\contactsdemo\build\classes\java\main started by 16381136672 in C:\Ayse Ceren - crud projects\contactsdemo)
12:03:50.299 [main] INFO  c.p.c.ContactsdemoApplication - No active profile set, falling back to 1 default profile: "default"
12:03:51.282 [main] INFO  o.s.d.r.c.RepositoryConfigurationDelegate - Bootstrapping Spring Data JPA repositories in DEFAULT mode.
12:03:51.380 [main] INFO  o.s.d.r.c.RepositoryConfigurationDelegate - Finished Spring Data repository scanning in 90 ms. Found 2 JPA repository interfaces.
12:03:52.069 [main] INFO  o.s.b.w.e.tomcat.TomcatWebServer - Tomcat initialized with port 8080 (http)
12:03:52.091 [main] INFO  o.a.coyote.http11.Http11NioProtocol - Initializing ProtocolHandler ["http-nio-8080"]
12:03:52.095 [main] INFO  o.a.catalina.core.StandardService - Starting service [Tomcat]
12:03:52.096 [main] INFO  o.a.catalina.core.StandardEngine - Starting Servlet engine: [Apache Tomcat/10.1.25]
12:03:52.224 [main] INFO  o.a.c.c.C.[Tomcat].[localhost].[/] - Initializing Spring embedded WebApplicationContext
12:03:52.224 [main] INFO  o.s.b.w.s.c.ServletWebServerApplicationContext - Root WebApplicationContext: initialization completed in 1863 ms
12:03:52.428 [main] INFO  o.h.jpa.internal.util.LogHelper - HHH000204: Processing PersistenceUnitInfo [name: default]
12:03:52.500 [main] INFO  org.hibernate.Version - HHH000412: Hibernate ORM core version 6.4.9.Final
12:03:52.553 [main] INFO  o.h.c.i.RegionFactoryInitiator - HHH000026: Second-level cache disabled
12:03:52.828 [main] INFO  o.s.o.j.p.SpringPersistenceUnitInfo - No LoadTimeWeaver setup: ignoring JPA class transformer
12:03:52.859 [main] INFO  com.zaxxer.hikari.HikariDataSource - HikariPool-1 - Starting...
12:03:53.034 [main] INFO  com.zaxxer.hikari.pool.HikariPool - HikariPool-1 - Added connection org.postgresql.jdbc.PgConnection@2b2b7e3c
12:03:53.036 [main] INFO  com.zaxxer.hikari.HikariDataSource - HikariPool-1 - Start completed.
12:03:53.073 [main] WARN  org.hibernate.orm.deprecation - HHH90000025: PostgreSQLDialect does not need to be specified explicitly using 'hibernate.dialect' (remove the property setting and it will be selected by default)
12:03:54.377 [main] INFO  o.s.o.j.LocalContainerEntityManagerFactoryBean - Initialized JPA EntityManagerFactory for persistence unit 'default'
12:03:57.858 [main] WARN  o.s.b.a.o.j.JpaBaseConfiguration$JpaWebConfiguration - spring.jpa.open-in-view is enabled by default. Therefore, database queries may be performed during view rendering. Explicitly configure spring.jpa.open-in-view to disable this warning
12:04:04.248 [main] INFO  o.s.d.j.r.query.QueryEnhancerFactory - Hibernate is in classpath; If applicable, HQL parser will be used.
12:04:08.315 [main] INFO  o.a.coyote.http11.Http11NioProtocol - Starting ProtocolHandler ["http-nio-8080"]
12:04:08.504 [main] INFO  o.s.b.w.e.tomcat.TomcatWebServer - Tomcat started on port 8080 (http) with context path ''
12:04:08.730 [main] INFO  c.p.c.ContactsdemoApplication - Started ContactsdemoApplication in 18.987 seconds (process running for 20.538)
12:04:57.890 [http-nio-8080-exec-2] INFO  o.a.c.c.C.[Tomcat].[localhost].[/] - Initializing Spring DispatcherServlet 'dispatcherServlet'
12:04:57.892 [http-nio-8080-exec-2] INFO  o.s.web.servlet.DispatcherServlet - Initializing Servlet 'dispatcherServlet'
12:04:57.925 [http-nio-8080-exec-2] INFO  o.s.web.servlet.DispatcherServlet - Completed initialization in 33 ms
12:04:57.961 [http-nio-8080-exec-2] INFO  c.p.c.f.HeadersLoggingFilter - Header content-type=0:0:0:0:0:0:0:1, IP = content-type
12:04:57.962 [http-nio-8080-exec-2] INFO  c.p.c.f.HeadersLoggingFilter - Header user-agent=0:0:0:0:0:0:0:1, IP = user-agent
12:04:57.962 [http-nio-8080-exec-2] INFO  c.p.c.f.HeadersLoggingFilter - Header accept=0:0:0:0:0:0:0:1, IP = accept
12:04:57.963 [http-nio-8080-exec-2] INFO  c.p.c.f.HeadersLoggingFilter - Header postman-token=0:0:0:0:0:0:0:1, IP = postman-token
12:04:57.963 [http-nio-8080-exec-2] INFO  c.p.c.f.HeadersLoggingFilter - Header host=0:0:0:0:0:0:0:1, IP = host
12:04:57.964 [http-nio-8080-exec-2] INFO  c.p.c.f.HeadersLoggingFilter - Header accept-encoding=0:0:0:0:0:0:0:1, IP = accept-encoding
12:04:57.964 [http-nio-8080-exec-2] INFO  c.p.c.f.HeadersLoggingFilter - Header connection=0:0:0:0:0:0:0:1, IP = connection
12:04:57.965 [http-nio-8080-exec-2] INFO  c.p.c.f.HeadersLoggingFilter - Header content-length=0:0:0:0:0:0:0:1, IP = content-length
12:04:57.969 [http-nio-8080-exec-2] INFO  c.p.c.loggingfilter.LoggingFilter - Request: Method=POST, URI=/api/savePerson, Headers=content-type=application/json; user-agent=PostmanRuntime/7.43.0; accept=*/*; postman-token=4cecb7e1-772e-432e-8df6-e7efb30d7e4b; host=localhost:8080; accept-encoding=gzip, deflate, br; connection=keep-alive; content-length=206; , Request ID: 5d2f0927-0cb2-40c5-b4bc-c8074aef5513, Request IP  =0:0:0:0:0:0:0:1
12:04:58.053 [http-nio-8080-exec-2] INFO  c.p.c.l.LoggingInterceptor - Request: POST /api/savePerson
12:05:06.592 [http-nio-8080-exec-2] INFO  c.p.c.l.LoggingInterceptor - Respone 500 /api/savePerson
12:05:06.595 [http-nio-8080-exec-2] INFO  c.p.c.loggingfilter.LoggingFilter - Response: Status=500, URI=/api/savePerson, Duration (Response Time)=8625ms, Headers=[Content-Type, Transfer-Encoding, Date, Connection], Payload = org.apache.catalina.connector.ResponseFacade@6ca317e7
12:05:20.905 [SpringApplicationShutdownHook] INFO  o.s.o.j.LocalContainerEntityManagerFactoryBean - Closing JPA EntityManagerFactory for persistence unit 'default'
12:05:20.908 [SpringApplicationShutdownHook] INFO  com.zaxxer.hikari.HikariDataSource - HikariPool-1 - Shutdown initiated...
12:05:20.911 [SpringApplicationShutdownHook] INFO  com.zaxxer.hikari.HikariDataSource - HikariPool-1 - Shutdown completed.
12:05:28.959 [background-preinit] INFO  o.h.validator.internal.util.Version - HV000001: Hibernate Validator 8.0.1.Final
12:05:29.011 [main] INFO  c.p.c.ContactsdemoApplication - Starting ContactsdemoApplication using Java 17.0.12 with PID 31168 (C:\Ayse Ceren - crud projects\contactsdemo\build\classes\java\main started by 16381136672 in C:\Ayse Ceren - crud projects\contactsdemo)
12:05:29.012 [main] INFO  c.p.c.ContactsdemoApplication - No active profile set, falling back to 1 default profile: "default"
12:05:29.922 [main] INFO  o.s.d.r.c.RepositoryConfigurationDelegate - Bootstrapping Spring Data JPA repositories in DEFAULT mode.
12:05:30.007 [main] INFO  o.s.d.r.c.RepositoryConfigurationDelegate - Finished Spring Data repository scanning in 76 ms. Found 2 JPA repository interfaces.
12:05:30.596 [main] INFO  o.s.b.w.e.tomcat.TomcatWebServer - Tomcat initialized with port 8080 (http)
12:05:30.606 [main] INFO  o.a.coyote.http11.Http11NioProtocol - Initializing ProtocolHandler ["http-nio-8080"]
12:05:30.608 [main] INFO  o.a.catalina.core.StandardService - Starting service [Tomcat]
12:05:30.608 [main] INFO  o.a.catalina.core.StandardEngine - Starting Servlet engine: [Apache Tomcat/10.1.25]
12:05:30.692 [main] INFO  o.a.c.c.C.[Tomcat].[localhost].[/] - Initializing Spring embedded WebApplicationContext
12:05:30.693 [main] INFO  o.s.b.w.s.c.ServletWebServerApplicationContext - Root WebApplicationContext: initialization completed in 1622 ms
12:05:30.861 [main] INFO  o.h.jpa.internal.util.LogHelper - HHH000204: Processing PersistenceUnitInfo [name: default]
12:05:30.925 [main] INFO  org.hibernate.Version - HHH000412: Hibernate ORM core version 6.4.9.Final
12:05:30.961 [main] INFO  o.h.c.i.RegionFactoryInitiator - HHH000026: Second-level cache disabled
12:05:31.241 [main] INFO  o.s.o.j.p.SpringPersistenceUnitInfo - No LoadTimeWeaver setup: ignoring JPA class transformer
12:05:31.271 [main] INFO  com.zaxxer.hikari.HikariDataSource - HikariPool-1 - Starting...
12:05:31.431 [main] INFO  com.zaxxer.hikari.pool.HikariPool - HikariPool-1 - Added connection org.postgresql.jdbc.PgConnection@135064ea
12:05:31.434 [main] INFO  com.zaxxer.hikari.HikariDataSource - HikariPool-1 - Start completed.
12:05:31.466 [main] WARN  org.hibernate.orm.deprecation - HHH90000025: PostgreSQLDialect does not need to be specified explicitly using 'hibernate.dialect' (remove the property setting and it will be selected by default)
12:05:32.713 [main] INFO  o.s.o.j.LocalContainerEntityManagerFactoryBean - Initialized JPA EntityManagerFactory for persistence unit 'default'
12:05:35.576 [main] WARN  o.s.b.a.o.j.JpaBaseConfiguration$JpaWebConfiguration - spring.jpa.open-in-view is enabled by default. Therefore, database queries may be performed during view rendering. Explicitly configure spring.jpa.open-in-view to disable this warning
12:05:41.415 [main] INFO  o.s.d.j.r.query.QueryEnhancerFactory - Hibernate is in classpath; If applicable, HQL parser will be used.
12:05:45.230 [main] INFO  o.a.coyote.http11.Http11NioProtocol - Starting ProtocolHandler ["http-nio-8080"]
12:05:45.366 [main] INFO  o.s.b.w.e.tomcat.TomcatWebServer - Tomcat started on port 8080 (http) with context path ''
12:05:45.542 [main] INFO  c.p.c.ContactsdemoApplication - Started ContactsdemoApplication in 17.025 seconds (process running for 18.638)
12:06:01.668 [http-nio-8080-exec-2] INFO  o.a.c.c.C.[Tomcat].[localhost].[/] - Initializing Spring DispatcherServlet 'dispatcherServlet'
12:06:01.669 [http-nio-8080-exec-2] INFO  o.s.web.servlet.DispatcherServlet - Initializing Servlet 'dispatcherServlet'
12:06:01.702 [http-nio-8080-exec-2] INFO  o.s.web.servlet.DispatcherServlet - Completed initialization in 31 ms
12:06:01.737 [http-nio-8080-exec-2] INFO  c.p.c.f.HeadersLoggingFilter - Header content-type=0:0:0:0:0:0:0:1, IP = content-type
12:06:01.738 [http-nio-8080-exec-2] INFO  c.p.c.f.HeadersLoggingFilter - Header user-agent=0:0:0:0:0:0:0:1, IP = user-agent
12:06:01.739 [http-nio-8080-exec-2] INFO  c.p.c.f.HeadersLoggingFilter - Header accept=0:0:0:0:0:0:0:1, IP = accept
12:06:01.740 [http-nio-8080-exec-2] INFO  c.p.c.f.HeadersLoggingFilter - Header postman-token=0:0:0:0:0:0:0:1, IP = postman-token
12:06:01.740 [http-nio-8080-exec-2] INFO  c.p.c.f.HeadersLoggingFilter - Header host=0:0:0:0:0:0:0:1, IP = host
12:06:01.741 [http-nio-8080-exec-2] INFO  c.p.c.f.HeadersLoggingFilter - Header accept-encoding=0:0:0:0:0:0:0:1, IP = accept-encoding
12:06:01.742 [http-nio-8080-exec-2] INFO  c.p.c.f.HeadersLoggingFilter - Header connection=0:0:0:0:0:0:0:1, IP = connection
12:06:01.742 [http-nio-8080-exec-2] INFO  c.p.c.f.HeadersLoggingFilter - Header content-length=0:0:0:0:0:0:0:1, IP = content-length
12:06:01.751 [http-nio-8080-exec-2] INFO  c.p.c.loggingfilter.LoggingFilter - Request: Method=POST, URI=/api/savePerson, Headers=content-type=application/json; user-agent=PostmanRuntime/7.43.0; accept=*/*; postman-token=7cc405f6-321e-4f19-9ed6-86a82cc1af9c; host=localhost:8080; accept-encoding=gzip, deflate, br; connection=keep-alive; content-length=206; , Request ID: f2439c36-0d13-45d9-9c15-516ef8e6adf2, Request IP  =0:0:0:0:0:0:0:1
12:06:01.845 [http-nio-8080-exec-2] INFO  c.p.c.l.LoggingInterceptor - Request: POST /api/savePerson
12:06:13.314 [http-nio-8080-exec-2] INFO  c.p.c.l.LoggingInterceptor - Respone 500 /api/savePerson
12:06:13.318 [http-nio-8080-exec-2] INFO  c.p.c.loggingfilter.LoggingFilter - Response: Status=500, URI=/api/savePerson, Duration (Response Time)=11566ms, Headers=[Content-Type, Transfer-Encoding, Date, Connection], Payload = org.apache.catalina.connector.ResponseFacade@ea673f9
14:56:30.301 [SpringApplicationShutdownHook] INFO  o.s.o.j.LocalContainerEntityManagerFactoryBean - Closing JPA EntityManagerFactory for persistence unit 'default'
14:56:30.306 [SpringApplicationShutdownHook] INFO  com.zaxxer.hikari.HikariDataSource - HikariPool-1 - Shutdown initiated...
14:56:30.311 [SpringApplicationShutdownHook] INFO  com.zaxxer.hikari.HikariDataSource - HikariPool-1 - Shutdown completed.
14:56:39.520 [background-preinit] INFO  o.h.validator.internal.util.Version - HV000001: Hibernate Validator 8.0.1.Final
14:56:39.575 [main] INFO  c.p.c.ContactsdemoApplication - Starting ContactsdemoApplication using Java 17.0.12 with PID 33512 (C:\Ayse Ceren - crud projects\contactsdemo\build\classes\java\main started by 16381136672 in C:\Ayse Ceren - crud projects\contactsdemo)
14:56:39.576 [main] INFO  c.p.c.ContactsdemoApplication - No active profile set, falling back to 1 default profile: "default"
14:56:40.716 [main] INFO  o.s.d.r.c.RepositoryConfigurationDelegate - Bootstrapping Spring Data JPA repositories in DEFAULT mode.
14:56:40.824 [main] INFO  o.s.d.r.c.RepositoryConfigurationDelegate - Finished Spring Data repository scanning in 97 ms. Found 2 JPA repository interfaces.
14:56:41.436 [main] INFO  o.s.b.w.e.tomcat.TomcatWebServer - Tomcat initialized with port 8080 (http)
14:56:41.448 [main] INFO  o.a.coyote.http11.Http11NioProtocol - Initializing ProtocolHandler ["http-nio-8080"]
14:56:41.450 [main] INFO  o.a.catalina.core.StandardService - Starting service [Tomcat]
14:56:41.450 [main] INFO  o.a.catalina.core.StandardEngine - Starting Servlet engine: [Apache Tomcat/10.1.25]
14:56:41.534 [main] INFO  o.a.c.c.C.[Tomcat].[localhost].[/] - Initializing Spring embedded WebApplicationContext
14:56:41.535 [main] INFO  o.s.b.w.s.c.ServletWebServerApplicationContext - Root WebApplicationContext: initialization completed in 1902 ms
14:56:41.684 [main] INFO  o.h.jpa.internal.util.LogHelper - HHH000204: Processing PersistenceUnitInfo [name: default]
14:56:41.753 [main] INFO  org.hibernate.Version - HHH000412: Hibernate ORM core version 6.4.9.Final
14:56:41.797 [main] INFO  o.h.c.i.RegionFactoryInitiator - HHH000026: Second-level cache disabled
14:56:42.131 [main] INFO  o.s.o.j.p.SpringPersistenceUnitInfo - No LoadTimeWeaver setup: ignoring JPA class transformer
14:56:42.166 [main] INFO  com.zaxxer.hikari.HikariDataSource - HikariPool-1 - Starting...
14:56:42.343 [main] INFO  com.zaxxer.hikari.pool.HikariPool - HikariPool-1 - Added connection org.postgresql.jdbc.PgConnection@2a42019a
14:56:42.345 [main] INFO  com.zaxxer.hikari.HikariDataSource - HikariPool-1 - Start completed.
14:56:42.385 [main] WARN  org.hibernate.orm.deprecation - HHH90000025: PostgreSQLDialect does not need to be specified explicitly using 'hibernate.dialect' (remove the property setting and it will be selected by default)
14:56:43.621 [main] INFO  o.s.o.j.LocalContainerEntityManagerFactoryBean - Initialized JPA EntityManagerFactory for persistence unit 'default'
14:56:47.064 [main] WARN  o.s.b.a.o.j.JpaBaseConfiguration$JpaWebConfiguration - spring.jpa.open-in-view is enabled by default. Therefore, database queries may be performed during view rendering. Explicitly configure spring.jpa.open-in-view to disable this warning
14:56:52.871 [main] INFO  o.s.d.j.r.query.QueryEnhancerFactory - Hibernate is in classpath; If applicable, HQL parser will be used.
14:56:56.470 [main] INFO  o.a.coyote.http11.Http11NioProtocol - Starting ProtocolHandler ["http-nio-8080"]
14:56:56.583 [main] INFO  o.s.b.w.e.tomcat.TomcatWebServer - Tomcat started on port 8080 (http) with context path ''
14:56:56.746 [main] INFO  c.p.c.ContactsdemoApplication - Started ContactsdemoApplication in 17.744 seconds (process running for 20.108)
14:56:59.860 [http-nio-8080-exec-1] INFO  o.a.c.c.C.[Tomcat].[localhost].[/] - Initializing Spring DispatcherServlet 'dispatcherServlet'
14:56:59.861 [http-nio-8080-exec-1] INFO  o.s.web.servlet.DispatcherServlet - Initializing Servlet 'dispatcherServlet'
14:56:59.888 [http-nio-8080-exec-1] INFO  o.s.web.servlet.DispatcherServlet - Completed initialization in 26 ms
14:56:59.917 [http-nio-8080-exec-1] INFO  c.p.c.f.HeadersLoggingFilter - Header content-type=0:0:0:0:0:0:0:1, IP = content-type
14:56:59.917 [http-nio-8080-exec-1] INFO  c.p.c.f.HeadersLoggingFilter - Header user-agent=0:0:0:0:0:0:0:1, IP = user-agent
14:56:59.918 [http-nio-8080-exec-1] INFO  c.p.c.f.HeadersLoggingFilter - Header accept=0:0:0:0:0:0:0:1, IP = accept
14:56:59.918 [http-nio-8080-exec-1] INFO  c.p.c.f.HeadersLoggingFilter - Header postman-token=0:0:0:0:0:0:0:1, IP = postman-token
14:56:59.919 [http-nio-8080-exec-1] INFO  c.p.c.f.HeadersLoggingFilter - Header host=0:0:0:0:0:0:0:1, IP = host
14:56:59.919 [http-nio-8080-exec-1] INFO  c.p.c.f.HeadersLoggingFilter - Header accept-encoding=0:0:0:0:0:0:0:1, IP = accept-encoding
14:56:59.920 [http-nio-8080-exec-1] INFO  c.p.c.f.HeadersLoggingFilter - Header connection=0:0:0:0:0:0:0:1, IP = connection
14:56:59.920 [http-nio-8080-exec-1] INFO  c.p.c.f.HeadersLoggingFilter - Header content-length=0:0:0:0:0:0:0:1, IP = content-length
14:56:59.924 [http-nio-8080-exec-1] INFO  c.p.c.loggingfilter.LoggingFilter - Request: Method=POST, URI=/api/savePerson, Headers=content-type=application/json; user-agent=PostmanRuntime/7.43.0; accept=*/*; postman-token=8629393c-efce-44ee-8080-a482c24a308c; host=localhost:8080; accept-encoding=gzip, deflate, br; connection=keep-alive; content-length=206; , Request ID: 82342f9f-37d6-467b-a6dd-3ec3cac6ebd6, Request IP  =0:0:0:0:0:0:0:1
14:57:00.017 [http-nio-8080-exec-1] INFO  c.p.c.l.LoggingInterceptor - Request: POST /api/savePerson
14:58:14.462 [HikariPool-1 housekeeper] WARN  com.zaxxer.hikari.pool.HikariPool - HikariPool-1 - Thread starvation or clock leap detected (housekeeper delta=1m1s771ms597µs600ns).
14:58:14.516 [http-nio-8080-exec-1] INFO  c.p.c.l.LoggingInterceptor - Respone 500 /api/savePerson
14:58:14.517 [http-nio-8080-exec-1] INFO  c.p.c.loggingfilter.LoggingFilter - Response: Status=500, URI=/api/savePerson, Duration (Response Time)=74593ms, Headers=[Content-Type, Transfer-Encoding, Date, Connection], Payload = org.apache.catalina.connector.ResponseFacade@73be80f5
14:58:14.685 [SpringApplicationShutdownHook] INFO  o.s.o.j.LocalContainerEntityManagerFactoryBean - Closing JPA EntityManagerFactory for persistence unit 'default'
14:58:14.688 [SpringApplicationShutdownHook] INFO  com.zaxxer.hikari.HikariDataSource - HikariPool-1 - Shutdown initiated...
14:58:14.695 [SpringApplicationShutdownHook] INFO  com.zaxxer.hikari.HikariDataSource - HikariPool-1 - Shutdown completed.
14:58:23.889 [background-preinit] INFO  o.h.validator.internal.util.Version - HV000001: Hibernate Validator 8.0.1.Final
14:58:23.937 [main] INFO  c.p.c.ContactsdemoApplication - Starting ContactsdemoApplication using Java 17.0.12 with PID 32932 (C:\Ayse Ceren - crud projects\contactsdemo\build\classes\java\main started by 16381136672 in C:\Ayse Ceren - crud projects\contactsdemo)
14:58:23.938 [main] INFO  c.p.c.ContactsdemoApplication - No active profile set, falling back to 1 default profile: "default"
14:58:24.803 [main] INFO  o.s.d.r.c.RepositoryConfigurationDelegate - Bootstrapping Spring Data JPA repositories in DEFAULT mode.
14:58:24.892 [main] INFO  o.s.d.r.c.RepositoryConfigurationDelegate - Finished Spring Data repository scanning in 81 ms. Found 2 JPA repository interfaces.
14:58:25.435 [main] INFO  o.s.b.w.e.tomcat.TomcatWebServer - Tomcat initialized with port 8080 (http)
14:58:25.444 [main] INFO  o.a.coyote.http11.Http11NioProtocol - Initializing ProtocolHandler ["http-nio-8080"]
14:58:25.446 [main] INFO  o.a.catalina.core.StandardService - Starting service [Tomcat]
14:58:25.446 [main] INFO  o.a.catalina.core.StandardEngine - Starting Servlet engine: [Apache Tomcat/10.1.25]
14:58:25.521 [main] INFO  o.a.c.c.C.[Tomcat].[localhost].[/] - Initializing Spring embedded WebApplicationContext
14:58:25.521 [main] INFO  o.s.b.w.s.c.ServletWebServerApplicationContext - Root WebApplicationContext: initialization completed in 1534 ms
14:58:25.680 [main] INFO  o.h.jpa.internal.util.LogHelper - HHH000204: Processing PersistenceUnitInfo [name: default]
14:58:25.739 [main] INFO  org.hibernate.Version - HHH000412: Hibernate ORM core version 6.4.9.Final
14:58:25.775 [main] INFO  o.h.c.i.RegionFactoryInitiator - HHH000026: Second-level cache disabled
14:58:26.033 [main] INFO  o.s.o.j.p.SpringPersistenceUnitInfo - No LoadTimeWeaver setup: ignoring JPA class transformer
14:58:26.062 [main] INFO  com.zaxxer.hikari.HikariDataSource - HikariPool-1 - Starting...
14:58:26.211 [main] INFO  com.zaxxer.hikari.pool.HikariPool - HikariPool-1 - Added connection org.postgresql.jdbc.PgConnection@7aa15a80
14:58:26.213 [main] INFO  com.zaxxer.hikari.HikariDataSource - HikariPool-1 - Start completed.
14:58:26.245 [main] WARN  org.hibernate.orm.deprecation - HHH90000025: PostgreSQLDialect does not need to be specified explicitly using 'hibernate.dialect' (remove the property setting and it will be selected by default)
14:58:27.459 [main] INFO  o.s.o.j.LocalContainerEntityManagerFactoryBean - Initialized JPA EntityManagerFactory for persistence unit 'default'
14:58:29.054 [main] WARN  o.s.b.a.o.j.JpaBaseConfiguration$JpaWebConfiguration - spring.jpa.open-in-view is enabled by default. Therefore, database queries may be performed during view rendering. Explicitly configure spring.jpa.open-in-view to disable this warning
14:58:30.370 [main] INFO  o.s.d.j.r.query.QueryEnhancerFactory - Hibernate is in classpath; If applicable, HQL parser will be used.
14:58:31.233 [main] INFO  o.a.coyote.http11.Http11NioProtocol - Starting ProtocolHandler ["http-nio-8080"]
14:58:31.332 [main] INFO  o.s.b.w.e.tomcat.TomcatWebServer - Tomcat started on port 8080 (http) with context path ''
14:58:31.351 [main] INFO  c.p.c.ContactsdemoApplication - Started ContactsdemoApplication in 7.895 seconds (process running for 9.306)
14:58:34.353 [http-nio-8080-exec-1] INFO  o.a.c.c.C.[Tomcat].[localhost].[/] - Initializing Spring DispatcherServlet 'dispatcherServlet'
14:58:34.353 [http-nio-8080-exec-1] INFO  o.s.web.servlet.DispatcherServlet - Initializing Servlet 'dispatcherServlet'
14:58:34.354 [http-nio-8080-exec-1] INFO  o.s.web.servlet.DispatcherServlet - Completed initialization in 1 ms
14:58:34.373 [http-nio-8080-exec-1] INFO  c.p.c.f.HeadersLoggingFilter - Header content-type=0:0:0:0:0:0:0:1, IP = content-type
14:58:34.373 [http-nio-8080-exec-1] INFO  c.p.c.f.HeadersLoggingFilter - Header user-agent=0:0:0:0:0:0:0:1, IP = user-agent
14:58:34.373 [http-nio-8080-exec-1] INFO  c.p.c.f.HeadersLoggingFilter - Header accept=0:0:0:0:0:0:0:1, IP = accept
14:58:34.373 [http-nio-8080-exec-1] INFO  c.p.c.f.HeadersLoggingFilter - Header postman-token=0:0:0:0:0:0:0:1, IP = postman-token
14:58:34.373 [http-nio-8080-exec-1] INFO  c.p.c.f.HeadersLoggingFilter - Header host=0:0:0:0:0:0:0:1, IP = host
14:58:34.373 [http-nio-8080-exec-1] INFO  c.p.c.f.HeadersLoggingFilter - Header accept-encoding=0:0:0:0:0:0:0:1, IP = accept-encoding
14:58:34.374 [http-nio-8080-exec-1] INFO  c.p.c.f.HeadersLoggingFilter - Header connection=0:0:0:0:0:0:0:1, IP = connection
14:58:34.374 [http-nio-8080-exec-1] INFO  c.p.c.f.HeadersLoggingFilter - Header content-length=0:0:0:0:0:0:0:1, IP = content-length
14:58:34.376 [http-nio-8080-exec-1] INFO  c.p.c.loggingfilter.LoggingFilter - Request: Method=POST, URI=/api/savePerson, Headers=content-type=application/json; user-agent=PostmanRuntime/7.43.0; accept=*/*; postman-token=6114d843-28df-4ecd-b840-56395018ff1d; host=localhost:8080; accept-encoding=gzip, deflate, br; connection=keep-alive; content-length=206; , Request ID: c90e6a5b-b0f4-49de-9214-df7a8fcd7b93, Request IP  =0:0:0:0:0:0:0:1
14:58:34.431 [http-nio-8080-exec-1] INFO  c.p.c.l.LoggingInterceptor - Request: POST /api/savePerson
14:59:20.426 [HikariPool-1 housekeeper] WARN  com.zaxxer.hikari.pool.HikariPool - HikariPool-1 - Thread starvation or clock leap detected (housekeeper delta=54s103ms615µs900ns).
14:59:23.657 [http-nio-8080-exec-1] INFO  c.p.c.l.LoggingInterceptor - Respone 400 /api/savePerson
14:59:23.659 [http-nio-8080-exec-1] INFO  c.p.c.loggingfilter.LoggingFilter - Response: Status=400, URI=/api/savePerson, Duration (Response Time)=49283ms, Headers=[Content-Type, Transfer-Encoding, Date, Connection], Payload = org.apache.catalina.connector.ResponseFacade@5fdfa0e7
15:47:46.669 [http-nio-8080-exec-4] INFO  c.p.c.f.HeadersLoggingFilter - Header content-type=0:0:0:0:0:0:0:1, IP = content-type
15:47:46.669 [http-nio-8080-exec-4] INFO  c.p.c.f.HeadersLoggingFilter - Header user-agent=0:0:0:0:0:0:0:1, IP = user-agent
15:47:46.669 [http-nio-8080-exec-4] INFO  c.p.c.f.HeadersLoggingFilter - Header accept=0:0:0:0:0:0:0:1, IP = accept
15:47:46.669 [http-nio-8080-exec-4] INFO  c.p.c.f.HeadersLoggingFilter - Header postman-token=0:0:0:0:0:0:0:1, IP = postman-token
15:47:46.669 [http-nio-8080-exec-4] INFO  c.p.c.f.HeadersLoggingFilter - Header host=0:0:0:0:0:0:0:1, IP = host
15:47:46.669 [http-nio-8080-exec-4] INFO  c.p.c.f.HeadersLoggingFilter - Header accept-encoding=0:0:0:0:0:0:0:1, IP = accept-encoding
15:47:46.669 [http-nio-8080-exec-4] INFO  c.p.c.f.HeadersLoggingFilter - Header connection=0:0:0:0:0:0:0:1, IP = connection
15:47:46.670 [http-nio-8080-exec-4] INFO  c.p.c.f.HeadersLoggingFilter - Header content-length=0:0:0:0:0:0:0:1, IP = content-length
15:47:46.670 [http-nio-8080-exec-4] INFO  c.p.c.loggingfilter.LoggingFilter - Request: Method=POST, URI=/api/savePerson, Headers=content-type=application/json; user-agent=PostmanRuntime/7.43.0; accept=*/*; postman-token=7d94a6c8-18f6-453f-88b6-b6f1b7d92b57; host=localhost:8080; accept-encoding=gzip, deflate, br; connection=keep-alive; content-length=204; , Request ID: cc712be0-93fe-45e1-bfae-97fa541c8c48, Request IP  =0:0:0:0:0:0:0:1
15:47:46.670 [http-nio-8080-exec-4] INFO  c.p.c.l.LoggingInterceptor - Request: POST /api/savePerson
15:47:49.056 [http-nio-8080-exec-4] INFO  c.p.c.l.LoggingInterceptor - Respone 400 /api/savePerson
15:47:49.057 [http-nio-8080-exec-4] INFO  c.p.c.loggingfilter.LoggingFilter - Response: Status=400, URI=/api/savePerson, Duration (Response Time)=2387ms, Headers=[Content-Type, Transfer-Encoding, Date, Connection], Payload = org.apache.catalina.connector.ResponseFacade@7b3b49dd
15:48:24.472 [http-nio-8080-exec-7] INFO  c.p.c.f.HeadersLoggingFilter - Header content-type=0:0:0:0:0:0:0:1, IP = content-type
15:48:24.472 [http-nio-8080-exec-7] INFO  c.p.c.f.HeadersLoggingFilter - Header user-agent=0:0:0:0:0:0:0:1, IP = user-agent
15:48:24.472 [http-nio-8080-exec-7] INFO  c.p.c.f.HeadersLoggingFilter - Header accept=0:0:0:0:0:0:0:1, IP = accept
15:48:24.472 [http-nio-8080-exec-7] INFO  c.p.c.f.HeadersLoggingFilter - Header postman-token=0:0:0:0:0:0:0:1, IP = postman-token
15:48:24.472 [http-nio-8080-exec-7] INFO  c.p.c.f.HeadersLoggingFilter - Header host=0:0:0:0:0:0:0:1, IP = host
15:48:24.473 [http-nio-8080-exec-7] INFO  c.p.c.f.HeadersLoggingFilter - Header accept-encoding=0:0:0:0:0:0:0:1, IP = accept-encoding
15:48:24.473 [http-nio-8080-exec-7] INFO  c.p.c.f.HeadersLoggingFilter - Header connection=0:0:0:0:0:0:0:1, IP = connection
15:48:24.473 [http-nio-8080-exec-7] INFO  c.p.c.f.HeadersLoggingFilter - Header content-length=0:0:0:0:0:0:0:1, IP = content-length
15:48:24.473 [http-nio-8080-exec-7] INFO  c.p.c.loggingfilter.LoggingFilter - Request: Method=POST, URI=/api/savePerson, Headers=content-type=application/json; user-agent=PostmanRuntime/7.43.0; accept=*/*; postman-token=dad32082-0530-4f6e-92c6-e14853fb8cb7; host=localhost:8080; accept-encoding=gzip, deflate, br; connection=keep-alive; content-length=209; , Request ID: b783227e-cc73-4468-9768-a9304cbaf745, Request IP  =0:0:0:0:0:0:0:1
15:48:24.473 [http-nio-8080-exec-7] INFO  c.p.c.l.LoggingInterceptor - Request: POST /api/savePerson
15:48:27.804 [http-nio-8080-exec-7] INFO  c.p.c.l.LoggingInterceptor - Respone 500 /api/savePerson
15:48:27.805 [http-nio-8080-exec-7] INFO  c.p.c.loggingfilter.LoggingFilter - Response: Status=500, URI=/api/savePerson, Duration (Response Time)=3332ms, Headers=[Content-Type, Transfer-Encoding, Date, Connection], Payload = org.apache.catalina.connector.ResponseFacade@6fb6e708
15:49:17.031 [SpringApplicationShutdownHook] INFO  o.s.o.j.LocalContainerEntityManagerFactoryBean - Closing JPA EntityManagerFactory for persistence unit 'default'
15:49:17.035 [SpringApplicationShutdownHook] INFO  com.zaxxer.hikari.HikariDataSource - HikariPool-1 - Shutdown initiated...
15:49:17.037 [SpringApplicationShutdownHook] INFO  com.zaxxer.hikari.HikariDataSource - HikariPool-1 - Shutdown completed.
15:49:21.036 [background-preinit] INFO  o.h.validator.internal.util.Version - HV000001: Hibernate Validator 8.0.1.Final
15:49:21.099 [main] INFO  c.p.c.ContactsdemoApplication - Starting ContactsdemoApplication using Java 17.0.12 with PID 13160 (C:\Ayse Ceren - crud projects\contactsdemo\build\classes\java\main started by 16381136672 in C:\Ayse Ceren - crud projects\contactsdemo)
15:49:21.101 [main] INFO  c.p.c.ContactsdemoApplication - No active profile set, falling back to 1 default profile: "default"
15:49:22.039 [main] INFO  o.s.d.r.c.RepositoryConfigurationDelegate - Bootstrapping Spring Data JPA repositories in DEFAULT mode.
15:49:22.130 [main] INFO  o.s.d.r.c.RepositoryConfigurationDelegate - Finished Spring Data repository scanning in 82 ms. Found 2 JPA repository interfaces.
15:49:22.705 [main] INFO  o.s.b.w.e.tomcat.TomcatWebServer - Tomcat initialized with port 8080 (http)
15:49:22.716 [main] INFO  o.a.coyote.http11.Http11NioProtocol - Initializing ProtocolHandler ["http-nio-8080"]
15:49:22.718 [main] INFO  o.a.catalina.core.StandardService - Starting service [Tomcat]
15:49:22.718 [main] INFO  o.a.catalina.core.StandardEngine - Starting Servlet engine: [Apache Tomcat/10.1.25]
15:49:22.800 [main] INFO  o.a.c.c.C.[Tomcat].[localhost].[/] - Initializing Spring embedded WebApplicationContext
15:49:22.801 [main] INFO  o.s.b.w.s.c.ServletWebServerApplicationContext - Root WebApplicationContext: initialization completed in 1632 ms
15:49:22.972 [main] INFO  o.h.jpa.internal.util.LogHelper - HHH000204: Processing PersistenceUnitInfo [name: default]
15:49:23.037 [main] INFO  org.hibernate.Version - HHH000412: Hibernate ORM core version 6.4.9.Final
15:49:23.075 [main] INFO  o.h.c.i.RegionFactoryInitiator - HHH000026: Second-level cache disabled
15:49:23.368 [main] INFO  o.s.o.j.p.SpringPersistenceUnitInfo - No LoadTimeWeaver setup: ignoring JPA class transformer
15:49:23.399 [main] INFO  com.zaxxer.hikari.HikariDataSource - HikariPool-1 - Starting...
15:49:23.567 [main] INFO  com.zaxxer.hikari.pool.HikariPool - HikariPool-1 - Added connection org.postgresql.jdbc.PgConnection@dbc7e0a
15:49:23.569 [main] INFO  com.zaxxer.hikari.HikariDataSource - HikariPool-1 - Start completed.
15:49:23.606 [main] WARN  org.hibernate.orm.deprecation - HHH90000025: PostgreSQLDialect does not need to be specified explicitly using 'hibernate.dialect' (remove the property setting and it will be selected by default)
15:49:24.866 [main] INFO  o.s.o.j.LocalContainerEntityManagerFactoryBean - Initialized JPA EntityManagerFactory for persistence unit 'default'
15:49:25.119 [main] WARN  o.s.b.a.o.j.JpaBaseConfiguration$JpaWebConfiguration - spring.jpa.open-in-view is enabled by default. Therefore, database queries may be performed during view rendering. Explicitly configure spring.jpa.open-in-view to disable this warning
15:49:25.715 [main] INFO  o.s.d.j.r.query.QueryEnhancerFactory - Hibernate is in classpath; If applicable, HQL parser will be used.
15:49:26.205 [main] INFO  o.a.coyote.http11.Http11NioProtocol - Starting ProtocolHandler ["http-nio-8080"]
15:49:26.253 [main] INFO  o.s.b.w.e.tomcat.TomcatWebServer - Tomcat started on port 8080 (http) with context path ''
15:49:26.265 [main] INFO  c.p.c.ContactsdemoApplication - Started ContactsdemoApplication in 5.73 seconds (process running for 7.331)
15:49:28.243 [http-nio-8080-exec-1] INFO  o.a.c.c.C.[Tomcat].[localhost].[/] - Initializing Spring DispatcherServlet 'dispatcherServlet'
15:49:28.243 [http-nio-8080-exec-1] INFO  o.s.web.servlet.DispatcherServlet - Initializing Servlet 'dispatcherServlet'
15:49:28.244 [http-nio-8080-exec-1] INFO  o.s.web.servlet.DispatcherServlet - Completed initialization in 1 ms
15:49:28.251 [http-nio-8080-exec-1] INFO  c.p.c.f.HeadersLoggingFilter - Header content-type=0:0:0:0:0:0:0:1, IP = content-type
15:49:28.251 [http-nio-8080-exec-1] INFO  c.p.c.f.HeadersLoggingFilter - Header user-agent=0:0:0:0:0:0:0:1, IP = user-agent
15:49:28.251 [http-nio-8080-exec-1] INFO  c.p.c.f.HeadersLoggingFilter - Header accept=0:0:0:0:0:0:0:1, IP = accept
15:49:28.251 [http-nio-8080-exec-1] INFO  c.p.c.f.HeadersLoggingFilter - Header postman-token=0:0:0:0:0:0:0:1, IP = postman-token
15:49:28.251 [http-nio-8080-exec-1] INFO  c.p.c.f.HeadersLoggingFilter - Header host=0:0:0:0:0:0:0:1, IP = host
15:49:28.251 [http-nio-8080-exec-1] INFO  c.p.c.f.HeadersLoggingFilter - Header accept-encoding=0:0:0:0:0:0:0:1, IP = accept-encoding
15:49:28.251 [http-nio-8080-exec-1] INFO  c.p.c.f.HeadersLoggingFilter - Header connection=0:0:0:0:0:0:0:1, IP = connection
15:49:28.251 [http-nio-8080-exec-1] INFO  c.p.c.f.HeadersLoggingFilter - Header content-length=0:0:0:0:0:0:0:1, IP = content-length
15:49:28.252 [http-nio-8080-exec-1] INFO  c.p.c.loggingfilter.LoggingFilter - Request: Method=POST, URI=/api/savePerson, Headers=content-type=application/json; user-agent=PostmanRuntime/7.43.0; accept=*/*; postman-token=fadc36ac-2b8b-4e15-a38e-e835fa164ba8; host=localhost:8080; accept-encoding=gzip, deflate, br; connection=keep-alive; content-length=209; , Request ID: 16cd03d7-b216-4520-8c40-27050511401e, Request IP  =0:0:0:0:0:0:0:1
15:49:28.268 [http-nio-8080-exec-1] INFO  c.p.c.l.LoggingInterceptor - Request: POST /api/savePerson
15:49:28.506 [http-nio-8080-exec-1] INFO  c.p.c.l.LoggingInterceptor - Respone 500 /api/savePerson
15:49:28.507 [http-nio-8080-exec-1] INFO  c.p.c.loggingfilter.LoggingFilter - Response: Status=500, URI=/api/savePerson, Duration (Response Time)=255ms, Headers=[Content-Type, Transfer-Encoding, Date, Connection], Payload = org.apache.catalina.connector.ResponseFacade@1f63a890
15:49:33.316 [http-nio-8080-exec-4] INFO  c.p.c.f.HeadersLoggingFilter - Header content-type=0:0:0:0:0:0:0:1, IP = content-type
15:49:33.316 [http-nio-8080-exec-4] INFO  c.p.c.f.HeadersLoggingFilter - Header user-agent=0:0:0:0:0:0:0:1, IP = user-agent
15:49:33.316 [http-nio-8080-exec-4] INFO  c.p.c.f.HeadersLoggingFilter - Header accept=0:0:0:0:0:0:0:1, IP = accept
15:49:33.317 [http-nio-8080-exec-4] INFO  c.p.c.f.HeadersLoggingFilter - Header postman-token=0:0:0:0:0:0:0:1, IP = postman-token
15:49:33.317 [http-nio-8080-exec-4] INFO  c.p.c.f.HeadersLoggingFilter - Header host=0:0:0:0:0:0:0:1, IP = host
15:49:33.317 [http-nio-8080-exec-4] INFO  c.p.c.f.HeadersLoggingFilter - Header accept-encoding=0:0:0:0:0:0:0:1, IP = accept-encoding
15:49:33.317 [http-nio-8080-exec-4] INFO  c.p.c.f.HeadersLoggingFilter - Header connection=0:0:0:0:0:0:0:1, IP = connection
15:49:33.317 [http-nio-8080-exec-4] INFO  c.p.c.f.HeadersLoggingFilter - Header content-length=0:0:0:0:0:0:0:1, IP = content-length
15:49:33.317 [http-nio-8080-exec-4] INFO  c.p.c.loggingfilter.LoggingFilter - Request: Method=POST, URI=/api/savePerson, Headers=content-type=application/json; user-agent=PostmanRuntime/7.43.0; accept=*/*; postman-token=f9d04f9c-0efe-41a3-8bdd-b997e88c0345; host=localhost:8080; accept-encoding=gzip, deflate, br; connection=keep-alive; content-length=209; , Request ID: 18719c03-877e-4156-9fff-a489a6ab2b13, Request IP  =0:0:0:0:0:0:0:1
15:49:33.318 [http-nio-8080-exec-4] INFO  c.p.c.l.LoggingInterceptor - Request: POST /api/savePerson
15:49:45.835 [http-nio-8080-exec-4] INFO  c.p.c.l.LoggingInterceptor - Respone 500 /api/savePerson
15:49:45.835 [http-nio-8080-exec-4] INFO  c.p.c.loggingfilter.LoggingFilter - Response: Status=500, URI=/api/savePerson, Duration (Response Time)=12518ms, Headers=[Content-Type, Transfer-Encoding, Date, Connection], Payload = org.apache.catalina.connector.ResponseFacade@16e1986a
15:49:51.565 [http-nio-8080-exec-6] INFO  c.p.c.f.HeadersLoggingFilter - Header content-type=0:0:0:0:0:0:0:1, IP = content-type
15:49:51.565 [http-nio-8080-exec-6] INFO  c.p.c.f.HeadersLoggingFilter - Header user-agent=0:0:0:0:0:0:0:1, IP = user-agent
15:49:51.565 [http-nio-8080-exec-6] INFO  c.p.c.f.HeadersLoggingFilter - Header accept=0:0:0:0:0:0:0:1, IP = accept
15:49:51.565 [http-nio-8080-exec-6] INFO  c.p.c.f.HeadersLoggingFilter - Header postman-token=0:0:0:0:0:0:0:1, IP = postman-token
15:49:51.565 [http-nio-8080-exec-6] INFO  c.p.c.f.HeadersLoggingFilter - Header host=0:0:0:0:0:0:0:1, IP = host
15:49:51.565 [http-nio-8080-exec-6] INFO  c.p.c.f.HeadersLoggingFilter - Header accept-encoding=0:0:0:0:0:0:0:1, IP = accept-encoding
15:49:51.565 [http-nio-8080-exec-6] INFO  c.p.c.f.HeadersLoggingFilter - Header connection=0:0:0:0:0:0:0:1, IP = connection
15:49:51.565 [http-nio-8080-exec-6] INFO  c.p.c.f.HeadersLoggingFilter - Header content-length=0:0:0:0:0:0:0:1, IP = content-length
15:49:51.566 [http-nio-8080-exec-6] INFO  c.p.c.loggingfilter.LoggingFilter - Request: Method=POST, URI=/api/savePerson, Headers=content-type=application/json; user-agent=PostmanRuntime/7.43.0; accept=*/*; postman-token=b8e104b7-2f24-4ba5-96f0-f9aef9190b69; host=localhost:8080; accept-encoding=gzip, deflate, br; connection=keep-alive; content-length=209; , Request ID: 24de32f3-82f3-422c-8a79-fafa90b4e80d, Request IP  =0:0:0:0:0:0:0:1
15:49:51.566 [http-nio-8080-exec-6] INFO  c.p.c.l.LoggingInterceptor - Request: POST /api/savePerson
15:50:30.293 [http-nio-8080-exec-6] INFO  c.p.c.l.LoggingInterceptor - Respone 500 /api/savePerson
15:50:30.293 [http-nio-8080-exec-6] INFO  c.p.c.loggingfilter.LoggingFilter - Response: Status=500, URI=/api/savePerson, Duration (Response Time)=38727ms, Headers=[Content-Type, Transfer-Encoding, Date, Connection], Payload = org.apache.catalina.connector.ResponseFacade@28ec14cc
15:50:38.428 [SpringApplicationShutdownHook] INFO  o.s.o.j.LocalContainerEntityManagerFactoryBean - Closing JPA EntityManagerFactory for persistence unit 'default'
15:50:38.430 [SpringApplicationShutdownHook] INFO  com.zaxxer.hikari.HikariDataSource - HikariPool-1 - Shutdown initiated...
15:50:38.434 [SpringApplicationShutdownHook] INFO  com.zaxxer.hikari.HikariDataSource - HikariPool-1 - Shutdown completed.
15:50:41.880 [background-preinit] INFO  o.h.validator.internal.util.Version - HV000001: Hibernate Validator 8.0.1.Final
15:50:41.929 [main] INFO  c.p.c.ContactsdemoApplication - Starting ContactsdemoApplication using Java 17.0.12 with PID 22188 (C:\Ayse Ceren - crud projects\contactsdemo\build\classes\java\main started by 16381136672 in C:\Ayse Ceren - crud projects\contactsdemo)
15:50:41.930 [main] INFO  c.p.c.ContactsdemoApplication - No active profile set, falling back to 1 default profile: "default"
15:50:42.874 [main] INFO  o.s.d.r.c.RepositoryConfigurationDelegate - Bootstrapping Spring Data JPA repositories in DEFAULT mode.
15:50:42.970 [main] INFO  o.s.d.r.c.RepositoryConfigurationDelegate - Finished Spring Data repository scanning in 85 ms. Found 2 JPA repository interfaces.
15:50:43.616 [main] INFO  o.s.b.w.e.tomcat.TomcatWebServer - Tomcat initialized with port 8080 (http)
15:50:43.626 [main] INFO  o.a.coyote.http11.Http11NioProtocol - Initializing ProtocolHandler ["http-nio-8080"]
15:50:43.628 [main] INFO  o.a.catalina.core.StandardService - Starting service [Tomcat]
15:50:43.628 [main] INFO  o.a.catalina.core.StandardEngine - Starting Servlet engine: [Apache Tomcat/10.1.25]
15:50:43.716 [main] INFO  o.a.c.c.C.[Tomcat].[localhost].[/] - Initializing Spring embedded WebApplicationContext
15:50:43.716 [main] INFO  o.s.b.w.s.c.ServletWebServerApplicationContext - Root WebApplicationContext: initialization completed in 1740 ms
15:50:43.887 [main] INFO  o.h.jpa.internal.util.LogHelper - HHH000204: Processing PersistenceUnitInfo [name: default]
15:50:43.955 [main] INFO  org.hibernate.Version - HHH000412: Hibernate ORM core version 6.4.9.Final
15:50:43.996 [main] INFO  o.h.c.i.RegionFactoryInitiator - HHH000026: Second-level cache disabled
15:50:44.289 [main] INFO  o.s.o.j.p.SpringPersistenceUnitInfo - No LoadTimeWeaver setup: ignoring JPA class transformer
15:50:44.322 [main] INFO  com.zaxxer.hikari.HikariDataSource - HikariPool-1 - Starting...
15:50:44.495 [main] INFO  com.zaxxer.hikari.pool.HikariPool - HikariPool-1 - Added connection org.postgresql.jdbc.PgConnection@7aa15a80
15:50:44.497 [main] INFO  com.zaxxer.hikari.HikariDataSource - HikariPool-1 - Start completed.
15:50:44.533 [main] WARN  org.hibernate.orm.deprecation - HHH90000025: PostgreSQLDialect does not need to be specified explicitly using 'hibernate.dialect' (remove the property setting and it will be selected by default)
15:50:45.809 [main] INFO  o.s.o.j.LocalContainerEntityManagerFactoryBean - Initialized JPA EntityManagerFactory for persistence unit 'default'
15:50:47.361 [main] WARN  o.s.b.a.o.j.JpaBaseConfiguration$JpaWebConfiguration - spring.jpa.open-in-view is enabled by default. Therefore, database queries may be performed during view rendering. Explicitly configure spring.jpa.open-in-view to disable this warning
15:50:48.755 [main] INFO  o.s.d.j.r.query.QueryEnhancerFactory - Hibernate is in classpath; If applicable, HQL parser will be used.
15:50:49.658 [main] INFO  o.a.coyote.http11.Http11NioProtocol - Starting ProtocolHandler ["http-nio-8080"]
15:50:49.745 [main] INFO  o.s.b.w.e.tomcat.TomcatWebServer - Tomcat started on port 8080 (http) with context path ''
15:50:49.765 [main] INFO  c.p.c.ContactsdemoApplication - Started ContactsdemoApplication in 8.37 seconds (process running for 9.726)
15:50:54.299 [http-nio-8080-exec-1] INFO  o.a.c.c.C.[Tomcat].[localhost].[/] - Initializing Spring DispatcherServlet 'dispatcherServlet'
15:50:54.300 [http-nio-8080-exec-1] INFO  o.s.web.servlet.DispatcherServlet - Initializing Servlet 'dispatcherServlet'
15:50:54.301 [http-nio-8080-exec-1] INFO  o.s.web.servlet.DispatcherServlet - Completed initialization in 1 ms
15:50:54.322 [http-nio-8080-exec-1] INFO  c.p.c.f.HeadersLoggingFilter - Header content-type=0:0:0:0:0:0:0:1, IP = content-type
15:50:54.323 [http-nio-8080-exec-1] INFO  c.p.c.f.HeadersLoggingFilter - Header user-agent=0:0:0:0:0:0:0:1, IP = user-agent
15:50:54.323 [http-nio-8080-exec-1] INFO  c.p.c.f.HeadersLoggingFilter - Header accept=0:0:0:0:0:0:0:1, IP = accept
15:50:54.323 [http-nio-8080-exec-1] INFO  c.p.c.f.HeadersLoggingFilter - Header postman-token=0:0:0:0:0:0:0:1, IP = postman-token
15:50:54.323 [http-nio-8080-exec-1] INFO  c.p.c.f.HeadersLoggingFilter - Header host=0:0:0:0:0:0:0:1, IP = host
15:50:54.323 [http-nio-8080-exec-1] INFO  c.p.c.f.HeadersLoggingFilter - Header accept-encoding=0:0:0:0:0:0:0:1, IP = accept-encoding
15:50:54.323 [http-nio-8080-exec-1] INFO  c.p.c.f.HeadersLoggingFilter - Header connection=0:0:0:0:0:0:0:1, IP = connection
15:50:54.323 [http-nio-8080-exec-1] INFO  c.p.c.f.HeadersLoggingFilter - Header content-length=0:0:0:0:0:0:0:1, IP = content-length
15:50:54.326 [http-nio-8080-exec-1] INFO  c.p.c.loggingfilter.LoggingFilter - Request: Method=POST, URI=/api/savePerson, Headers=content-type=application/json; user-agent=PostmanRuntime/7.43.0; accept=*/*; postman-token=4e0c7f81-2d62-4752-add0-74829ac8b7a3; host=localhost:8080; accept-encoding=gzip, deflate, br; connection=keep-alive; content-length=209; , Request ID: ad5b5b8f-cb1e-4815-9aaf-779f6d3a0be2, Request IP  =0:0:0:0:0:0:0:1
15:50:54.378 [http-nio-8080-exec-1] INFO  c.p.c.l.LoggingInterceptor - Request: POST /api/savePerson
15:51:32.019 [HikariPool-1 housekeeper] WARN  com.zaxxer.hikari.pool.HikariPool - HikariPool-1 - Thread starvation or clock leap detected (housekeeper delta=47s412ms344µs).
15:51:46.097 [http-nio-8080-exec-1] INFO  c.p.c.l.LoggingInterceptor - Respone 500 /api/savePerson
15:51:46.100 [http-nio-8080-exec-1] INFO  c.p.c.loggingfilter.LoggingFilter - Response: Status=500, URI=/api/savePerson, Duration (Response Time)=51774ms, Headers=[Content-Type, Transfer-Encoding, Date, Connection], Payload = org.apache.catalina.connector.ResponseFacade@2a0efcab
15:51:49.454 [http-nio-8080-exec-4] INFO  c.p.c.f.HeadersLoggingFilter - Header content-type=0:0:0:0:0:0:0:1, IP = content-type
15:51:49.454 [http-nio-8080-exec-4] INFO  c.p.c.f.HeadersLoggingFilter - Header user-agent=0:0:0:0:0:0:0:1, IP = user-agent
15:51:49.455 [http-nio-8080-exec-4] INFO  c.p.c.f.HeadersLoggingFilter - Header accept=0:0:0:0:0:0:0:1, IP = accept
15:51:49.455 [http-nio-8080-exec-4] INFO  c.p.c.f.HeadersLoggingFilter - Header postman-token=0:0:0:0:0:0:0:1, IP = postman-token
15:51:49.455 [http-nio-8080-exec-4] INFO  c.p.c.f.HeadersLoggingFilter - Header host=0:0:0:0:0:0:0:1, IP = host
15:51:49.455 [http-nio-8080-exec-4] INFO  c.p.c.f.HeadersLoggingFilter - Header accept-encoding=0:0:0:0:0:0:0:1, IP = accept-encoding
15:51:49.455 [http-nio-8080-exec-4] INFO  c.p.c.f.HeadersLoggingFilter - Header connection=0:0:0:0:0:0:0:1, IP = connection
15:51:49.455 [http-nio-8080-exec-4] INFO  c.p.c.f.HeadersLoggingFilter - Header content-length=0:0:0:0:0:0:0:1, IP = content-length
15:51:49.455 [http-nio-8080-exec-4] INFO  c.p.c.loggingfilter.LoggingFilter - Request: Method=POST, URI=/api/savePerson, Headers=content-type=application/json; user-agent=PostmanRuntime/7.43.0; accept=*/*; postman-token=fb698005-5781-4de9-904e-319685fbcbce; host=localhost:8080; accept-encoding=gzip, deflate, br; connection=keep-alive; content-length=209; , Request ID: b7eb19d4-6825-47c6-a94c-d560c5a21ce4, Request IP  =0:0:0:0:0:0:0:1
15:51:49.455 [http-nio-8080-exec-4] INFO  c.p.c.l.LoggingInterceptor - Request: POST /api/savePerson
15:52:24.884 [HikariPool-1 housekeeper] WARN  com.zaxxer.hikari.pool.HikariPool - HikariPool-1 - Thread starvation or clock leap detected (housekeeper delta=52s865ms400µs300ns).
15:53:13.179 [HikariPool-1 housekeeper] WARN  com.zaxxer.hikari.pool.HikariPool - HikariPool-1 - Thread starvation or clock leap detected (housekeeper delta=48s295ms197µs900ns).
15:53:16.236 [http-nio-8080-exec-4] INFO  c.p.c.l.LoggingInterceptor - Respone 500 /api/savePerson
15:53:16.237 [http-nio-8080-exec-4] INFO  c.p.c.loggingfilter.LoggingFilter - Response: Status=500, URI=/api/savePerson, Duration (Response Time)=86782ms, Headers=[Content-Type, Transfer-Encoding, Date, Connection], Payload = org.apache.catalina.connector.ResponseFacade@2aa96966
15:54:14.943 [http-nio-8080-exec-6] INFO  c.p.c.f.HeadersLoggingFilter - Header content-type=0:0:0:0:0:0:0:1, IP = content-type
15:54:14.943 [http-nio-8080-exec-6] INFO  c.p.c.f.HeadersLoggingFilter - Header user-agent=0:0:0:0:0:0:0:1, IP = user-agent
15:54:14.944 [http-nio-8080-exec-6] INFO  c.p.c.f.HeadersLoggingFilter - Header accept=0:0:0:0:0:0:0:1, IP = accept
15:54:14.944 [http-nio-8080-exec-6] INFO  c.p.c.f.HeadersLoggingFilter - Header postman-token=0:0:0:0:0:0:0:1, IP = postman-token
15:54:14.944 [http-nio-8080-exec-6] INFO  c.p.c.f.HeadersLoggingFilter - Header host=0:0:0:0:0:0:0:1, IP = host
15:54:14.944 [http-nio-8080-exec-6] INFO  c.p.c.f.HeadersLoggingFilter - Header accept-encoding=0:0:0:0:0:0:0:1, IP = accept-encoding
15:54:14.944 [http-nio-8080-exec-6] INFO  c.p.c.f.HeadersLoggingFilter - Header connection=0:0:0:0:0:0:0:1, IP = connection
15:54:14.944 [http-nio-8080-exec-6] INFO  c.p.c.f.HeadersLoggingFilter - Header content-length=0:0:0:0:0:0:0:1, IP = content-length
15:54:14.944 [http-nio-8080-exec-6] INFO  c.p.c.loggingfilter.LoggingFilter - Request: Method=POST, URI=/api/savePerson, Headers=content-type=application/json; user-agent=PostmanRuntime/7.43.0; accept=*/*; postman-token=3a6101dd-6b7a-4ec2-85c7-b01e6a1f55e3; host=localhost:8080; accept-encoding=gzip, deflate, br; connection=keep-alive; content-length=206; , Request ID: 59334d81-e598-4615-bd54-a25dda48ae3b, Request IP  =0:0:0:0:0:0:0:1
15:54:14.944 [http-nio-8080-exec-6] INFO  c.p.c.l.LoggingInterceptor - Request: POST /api/savePerson
15:54:18.765 [http-nio-8080-exec-6] INFO  c.p.c.l.LoggingInterceptor - Respone 400 /api/savePerson
15:54:18.765 [http-nio-8080-exec-6] INFO  c.p.c.loggingfilter.LoggingFilter - Response: Status=400, URI=/api/savePerson, Duration (Response Time)=3821ms, Headers=[Content-Type, Transfer-Encoding, Date, Connection], Payload = org.apache.catalina.connector.ResponseFacade@694dbe40
15:54:30.212 [http-nio-8080-exec-8] INFO  c.p.c.f.HeadersLoggingFilter - Header content-type=0:0:0:0:0:0:0:1, IP = content-type
15:54:30.212 [http-nio-8080-exec-8] INFO  c.p.c.f.HeadersLoggingFilter - Header user-agent=0:0:0:0:0:0:0:1, IP = user-agent
15:54:30.212 [http-nio-8080-exec-8] INFO  c.p.c.f.HeadersLoggingFilter - Header accept=0:0:0:0:0:0:0:1, IP = accept
15:54:30.212 [http-nio-8080-exec-8] INFO  c.p.c.f.HeadersLoggingFilter - Header postman-token=0:0:0:0:0:0:0:1, IP = postman-token
15:54:30.212 [http-nio-8080-exec-8] INFO  c.p.c.f.HeadersLoggingFilter - Header host=0:0:0:0:0:0:0:1, IP = host
15:54:30.212 [http-nio-8080-exec-8] INFO  c.p.c.f.HeadersLoggingFilter - Header accept-encoding=0:0:0:0:0:0:0:1, IP = accept-encoding
15:54:30.212 [http-nio-8080-exec-8] INFO  c.p.c.f.HeadersLoggingFilter - Header connection=0:0:0:0:0:0:0:1, IP = connection
15:54:30.212 [http-nio-8080-exec-8] INFO  c.p.c.f.HeadersLoggingFilter - Header content-length=0:0:0:0:0:0:0:1, IP = content-length
15:54:30.212 [http-nio-8080-exec-8] INFO  c.p.c.loggingfilter.LoggingFilter - Request: Method=POST, URI=/api/savePerson, Headers=content-type=application/json; user-agent=PostmanRuntime/7.43.0; accept=*/*; postman-token=2bbdf834-1419-4630-87d5-769b9e4d1b33; host=localhost:8080; accept-encoding=gzip, deflate, br; connection=keep-alive; content-length=204; , Request ID: f5aa9d66-915e-4487-9cf9-a5102093b0eb, Request IP  =0:0:0:0:0:0:0:1
15:54:30.213 [http-nio-8080-exec-8] INFO  c.p.c.l.LoggingInterceptor - Request: POST /api/savePerson
15:54:31.379 [http-nio-8080-exec-8] INFO  c.p.c.l.LoggingInterceptor - Respone 400 /api/savePerson
15:54:31.379 [http-nio-8080-exec-8] INFO  c.p.c.loggingfilter.LoggingFilter - Response: Status=400, URI=/api/savePerson, Duration (Response Time)=1167ms, Headers=[Content-Type, Transfer-Encoding, Date, Connection], Payload = org.apache.catalina.connector.ResponseFacade@4ad8d337
15:54:47.841 [http-nio-8080-exec-10] INFO  c.p.c.f.HeadersLoggingFilter - Header content-type=0:0:0:0:0:0:0:1, IP = content-type
15:54:47.842 [http-nio-8080-exec-10] INFO  c.p.c.f.HeadersLoggingFilter - Header user-agent=0:0:0:0:0:0:0:1, IP = user-agent
15:54:47.842 [http-nio-8080-exec-10] INFO  c.p.c.f.HeadersLoggingFilter - Header accept=0:0:0:0:0:0:0:1, IP = accept
15:54:47.842 [http-nio-8080-exec-10] INFO  c.p.c.f.HeadersLoggingFilter - Header postman-token=0:0:0:0:0:0:0:1, IP = postman-token
15:54:47.842 [http-nio-8080-exec-10] INFO  c.p.c.f.HeadersLoggingFilter - Header host=0:0:0:0:0:0:0:1, IP = host
15:54:47.842 [http-nio-8080-exec-10] INFO  c.p.c.f.HeadersLoggingFilter - Header accept-encoding=0:0:0:0:0:0:0:1, IP = accept-encoding
15:54:47.842 [http-nio-8080-exec-10] INFO  c.p.c.f.HeadersLoggingFilter - Header connection=0:0:0:0:0:0:0:1, IP = connection
15:54:47.842 [http-nio-8080-exec-10] INFO  c.p.c.f.HeadersLoggingFilter - Header content-length=0:0:0:0:0:0:0:1, IP = content-length
15:54:47.842 [http-nio-8080-exec-10] INFO  c.p.c.loggingfilter.LoggingFilter - Request: Method=POST, URI=/api/savePerson, Headers=content-type=application/json; user-agent=PostmanRuntime/7.43.0; accept=*/*; postman-token=e062b7da-8ebc-4cad-b6b0-8bedfce89712; host=localhost:8080; accept-encoding=gzip, deflate, br; connection=keep-alive; content-length=209; , Request ID: 5831cef5-d464-45c9-87c2-3c85d2b871da, Request IP  =0:0:0:0:0:0:0:1
15:54:47.843 [http-nio-8080-exec-10] INFO  c.p.c.l.LoggingInterceptor - Request: POST /api/savePerson
15:54:47.846 [http-nio-8080-exec-10] INFO  c.p.c.l.LoggingInterceptor - Respone 500 /api/savePerson
15:54:47.846 [http-nio-8080-exec-10] INFO  c.p.c.loggingfilter.LoggingFilter - Response: Status=500, URI=/api/savePerson, Duration (Response Time)=4ms, Headers=[Content-Type, Transfer-Encoding, Date, Connection], Payload = org.apache.catalina.connector.ResponseFacade@34ccc06a
16:00:43.846 [SpringApplicationShutdownHook] INFO  o.s.o.j.LocalContainerEntityManagerFactoryBean - Closing JPA EntityManagerFactory for persistence unit 'default'
16:00:43.849 [SpringApplicationShutdownHook] INFO  com.zaxxer.hikari.HikariDataSource - HikariPool-1 - Shutdown initiated...
16:00:43.853 [SpringApplicationShutdownHook] INFO  com.zaxxer.hikari.HikariDataSource - HikariPool-1 - Shutdown completed.
16:00:52.238 [background-preinit] INFO  o.h.validator.internal.util.Version - HV000001: Hibernate Validator 8.0.1.Final
16:00:52.303 [main] INFO  c.p.c.ContactsdemoApplication - Starting ContactsdemoApplication using Java 17.0.12 with PID 29144 (C:\Ayse Ceren - crud projects\contactsdemo\build\classes\java\main started by 16381136672 in C:\Ayse Ceren - crud projects\contactsdemo)
16:00:52.304 [main] INFO  c.p.c.ContactsdemoApplication - No active profile set, falling back to 1 default profile: "default"
16:00:53.336 [main] INFO  o.s.d.r.c.RepositoryConfigurationDelegate - Bootstrapping Spring Data JPA repositories in DEFAULT mode.
16:00:53.432 [main] INFO  o.s.d.r.c.RepositoryConfigurationDelegate - Finished Spring Data repository scanning in 85 ms. Found 2 JPA repository interfaces.
16:00:54.082 [main] INFO  o.s.b.w.e.tomcat.TomcatWebServer - Tomcat initialized with port 8080 (http)
16:00:54.093 [main] INFO  o.a.coyote.http11.Http11NioProtocol - Initializing ProtocolHandler ["http-nio-8080"]
16:00:54.095 [main] INFO  o.a.catalina.core.StandardService - Starting service [Tomcat]
16:00:54.095 [main] INFO  o.a.catalina.core.StandardEngine - Starting Servlet engine: [Apache Tomcat/10.1.25]
16:00:54.176 [main] INFO  o.a.c.c.C.[Tomcat].[localhost].[/] - Initializing Spring embedded WebApplicationContext
16:00:54.176 [main] INFO  o.s.b.w.s.c.ServletWebServerApplicationContext - Root WebApplicationContext: initialization completed in 1792 ms
16:00:54.348 [main] INFO  o.h.jpa.internal.util.LogHelper - HHH000204: Processing PersistenceUnitInfo [name: default]
16:00:54.417 [main] INFO  org.hibernate.Version - HHH000412: Hibernate ORM core version 6.4.9.Final
16:00:54.467 [main] INFO  o.h.c.i.RegionFactoryInitiator - HHH000026: Second-level cache disabled
16:00:54.794 [main] INFO  o.s.o.j.p.SpringPersistenceUnitInfo - No LoadTimeWeaver setup: ignoring JPA class transformer
16:00:54.826 [main] INFO  com.zaxxer.hikari.HikariDataSource - HikariPool-1 - Starting...
16:00:54.995 [main] INFO  com.zaxxer.hikari.pool.HikariPool - HikariPool-1 - Added connection org.postgresql.jdbc.PgConnection@28519bfb
16:00:54.998 [main] INFO  com.zaxxer.hikari.HikariDataSource - HikariPool-1 - Start completed.
16:00:55.034 [main] WARN  org.hibernate.orm.deprecation - HHH90000025: PostgreSQLDialect does not need to be specified explicitly using 'hibernate.dialect' (remove the property setting and it will be selected by default)
16:00:56.293 [main] INFO  o.s.o.j.LocalContainerEntityManagerFactoryBean - Initialized JPA EntityManagerFactory for persistence unit 'default'
16:00:57.915 [main] WARN  o.s.b.a.o.j.JpaBaseConfiguration$JpaWebConfiguration - spring.jpa.open-in-view is enabled by default. Therefore, database queries may be performed during view rendering. Explicitly configure spring.jpa.open-in-view to disable this warning
16:00:59.474 [main] INFO  o.s.d.j.r.query.QueryEnhancerFactory - Hibernate is in classpath; If applicable, HQL parser will be used.
16:01:00.612 [main] INFO  o.a.coyote.http11.Http11NioProtocol - Starting ProtocolHandler ["http-nio-8080"]
16:01:00.736 [main] INFO  o.s.b.w.e.tomcat.TomcatWebServer - Tomcat started on port 8080 (http) with context path ''
16:01:00.765 [main] INFO  c.p.c.ContactsdemoApplication - Started ContactsdemoApplication in 9.07 seconds (process running for 10.586)
16:01:04.764 [http-nio-8080-exec-2] INFO  o.a.c.c.C.[Tomcat].[localhost].[/] - Initializing Spring DispatcherServlet 'dispatcherServlet'
16:01:04.765 [http-nio-8080-exec-2] INFO  o.s.web.servlet.DispatcherServlet - Initializing Servlet 'dispatcherServlet'
16:01:04.766 [http-nio-8080-exec-2] INFO  o.s.web.servlet.DispatcherServlet - Completed initialization in 1 ms
16:01:04.785 [http-nio-8080-exec-2] INFO  c.p.c.f.HeadersLoggingFilter - Header content-type=0:0:0:0:0:0:0:1, IP = content-type
16:01:04.786 [http-nio-8080-exec-2] INFO  c.p.c.f.HeadersLoggingFilter - Header user-agent=0:0:0:0:0:0:0:1, IP = user-agent
16:01:04.786 [http-nio-8080-exec-2] INFO  c.p.c.f.HeadersLoggingFilter - Header accept=0:0:0:0:0:0:0:1, IP = accept
16:01:04.786 [http-nio-8080-exec-2] INFO  c.p.c.f.HeadersLoggingFilter - Header postman-token=0:0:0:0:0:0:0:1, IP = postman-token
16:01:04.786 [http-nio-8080-exec-2] INFO  c.p.c.f.HeadersLoggingFilter - Header host=0:0:0:0:0:0:0:1, IP = host
16:01:04.786 [http-nio-8080-exec-2] INFO  c.p.c.f.HeadersLoggingFilter - Header accept-encoding=0:0:0:0:0:0:0:1, IP = accept-encoding
16:01:04.786 [http-nio-8080-exec-2] INFO  c.p.c.f.HeadersLoggingFilter - Header connection=0:0:0:0:0:0:0:1, IP = connection
16:01:04.786 [http-nio-8080-exec-2] INFO  c.p.c.f.HeadersLoggingFilter - Header content-length=0:0:0:0:0:0:0:1, IP = content-length
16:01:04.788 [http-nio-8080-exec-2] INFO  c.p.c.loggingfilter.LoggingFilter - Request: Method=POST, URI=/api/savePerson, Headers=content-type=application/json; user-agent=PostmanRuntime/7.43.0; accept=*/*; postman-token=942d6e9b-d18b-4f76-b9b4-427c88f8cd20; host=localhost:8080; accept-encoding=gzip, deflate, br; connection=keep-alive; content-length=209; , Request ID: 1d4590a8-2239-41eb-9202-5057047fb5d1, Request IP  =0:0:0:0:0:0:0:1
16:01:04.843 [http-nio-8080-exec-2] INFO  c.p.c.l.LoggingInterceptor - Request: POST /api/savePerson
16:01:09.577 [http-nio-8080-exec-2] INFO  c.p.c.l.LoggingInterceptor - Respone 400 /api/savePerson
16:01:09.577 [http-nio-8080-exec-2] INFO  c.p.c.loggingfilter.LoggingFilter - Response: Status=400, URI=/api/savePerson, Duration (Response Time)=4789ms, Headers=[Content-Type, Transfer-Encoding, Date, Connection], Payload = org.apache.catalina.connector.ResponseFacade@3b5793b2
16:04:11.335 [SpringApplicationShutdownHook] INFO  o.s.o.j.LocalContainerEntityManagerFactoryBean - Closing JPA EntityManagerFactory for persistence unit 'default'
16:04:11.338 [SpringApplicationShutdownHook] INFO  com.zaxxer.hikari.HikariDataSource - HikariPool-1 - Shutdown initiated...
16:04:11.342 [SpringApplicationShutdownHook] INFO  com.zaxxer.hikari.HikariDataSource - HikariPool-1 - Shutdown completed.
16:04:19.304 [background-preinit] INFO  o.h.validator.internal.util.Version - HV000001: Hibernate Validator 8.0.1.Final
16:04:19.360 [main] INFO  c.p.c.ContactsdemoApplication - Starting ContactsdemoApplication using Java 17.0.12 with PID 12180 (C:\Ayse Ceren - crud projects\contactsdemo\build\classes\java\main started by 16381136672 in C:\Ayse Ceren - crud projects\contactsdemo)
16:04:19.361 [main] INFO  c.p.c.ContactsdemoApplication - No active profile set, falling back to 1 default profile: "default"
16:04:20.333 [main] INFO  o.s.d.r.c.RepositoryConfigurationDelegate - Bootstrapping Spring Data JPA repositories in DEFAULT mode.
16:04:20.423 [main] INFO  o.s.d.r.c.RepositoryConfigurationDelegate - Finished Spring Data repository scanning in 81 ms. Found 2 JPA repository interfaces.
16:04:21.014 [main] INFO  o.s.b.w.e.tomcat.TomcatWebServer - Tomcat initialized with port 8080 (http)
16:04:21.025 [main] INFO  o.a.coyote.http11.Http11NioProtocol - Initializing ProtocolHandler ["http-nio-8080"]
16:04:21.028 [main] INFO  o.a.catalina.core.StandardService - Starting service [Tomcat]
16:04:21.028 [main] INFO  o.a.catalina.core.StandardEngine - Starting Servlet engine: [Apache Tomcat/10.1.25]
16:04:21.111 [main] INFO  o.a.c.c.C.[Tomcat].[localhost].[/] - Initializing Spring embedded WebApplicationContext
16:04:21.111 [main] INFO  o.s.b.w.s.c.ServletWebServerApplicationContext - Root WebApplicationContext: initialization completed in 1694 ms
16:04:21.264 [main] INFO  o.h.jpa.internal.util.LogHelper - HHH000204: Processing PersistenceUnitInfo [name: default]
16:04:21.338 [main] INFO  org.hibernate.Version - HHH000412: Hibernate ORM core version 6.4.9.Final
16:04:21.375 [main] INFO  o.h.c.i.RegionFactoryInitiator - HHH000026: Second-level cache disabled
16:04:21.650 [main] INFO  o.s.o.j.p.SpringPersistenceUnitInfo - No LoadTimeWeaver setup: ignoring JPA class transformer
16:04:21.680 [main] INFO  com.zaxxer.hikari.HikariDataSource - HikariPool-1 - Starting...
16:04:21.836 [main] INFO  com.zaxxer.hikari.pool.HikariPool - HikariPool-1 - Added connection org.postgresql.jdbc.PgConnection@3fd5d679
16:04:21.837 [main] INFO  com.zaxxer.hikari.HikariDataSource - HikariPool-1 - Start completed.
16:04:21.874 [main] WARN  org.hibernate.orm.deprecation - HHH90000025: PostgreSQLDialect does not need to be specified explicitly using 'hibernate.dialect' (remove the property setting and it will be selected by default)
16:04:23.088 [main] INFO  o.s.o.j.LocalContainerEntityManagerFactoryBean - Initialized JPA EntityManagerFactory for persistence unit 'default'
16:04:23.340 [main] WARN  o.s.b.a.o.j.JpaBaseConfiguration$JpaWebConfiguration - spring.jpa.open-in-view is enabled by default. Therefore, database queries may be performed during view rendering. Explicitly configure spring.jpa.open-in-view to disable this warning
16:04:23.913 [main] INFO  o.s.d.j.r.query.QueryEnhancerFactory - Hibernate is in classpath; If applicable, HQL parser will be used.
16:04:24.394 [main] INFO  o.a.coyote.http11.Http11NioProtocol - Starting ProtocolHandler ["http-nio-8080"]
16:04:24.437 [main] INFO  o.s.b.w.e.tomcat.TomcatWebServer - Tomcat started on port 8080 (http) with context path ''
16:04:24.450 [main] INFO  c.p.c.ContactsdemoApplication - Started ContactsdemoApplication in 5.741 seconds (process running for 7.109)
16:04:31.649 [http-nio-8080-exec-2] INFO  o.a.c.c.C.[Tomcat].[localhost].[/] - Initializing Spring DispatcherServlet 'dispatcherServlet'
16:04:31.649 [http-nio-8080-exec-2] INFO  o.s.web.servlet.DispatcherServlet - Initializing Servlet 'dispatcherServlet'
16:04:31.651 [http-nio-8080-exec-2] INFO  o.s.web.servlet.DispatcherServlet - Completed initialization in 1 ms
16:04:31.657 [http-nio-8080-exec-2] INFO  c.p.c.f.HeadersLoggingFilter - Header content-type=0:0:0:0:0:0:0:1, IP = content-type
16:04:31.657 [http-nio-8080-exec-2] INFO  c.p.c.f.HeadersLoggingFilter - Header user-agent=0:0:0:0:0:0:0:1, IP = user-agent
16:04:31.657 [http-nio-8080-exec-2] INFO  c.p.c.f.HeadersLoggingFilter - Header accept=0:0:0:0:0:0:0:1, IP = accept
16:04:31.657 [http-nio-8080-exec-2] INFO  c.p.c.f.HeadersLoggingFilter - Header postman-token=0:0:0:0:0:0:0:1, IP = postman-token
16:04:31.657 [http-nio-8080-exec-2] INFO  c.p.c.f.HeadersLoggingFilter - Header host=0:0:0:0:0:0:0:1, IP = host
16:04:31.658 [http-nio-8080-exec-2] INFO  c.p.c.f.HeadersLoggingFilter - Header accept-encoding=0:0:0:0:0:0:0:1, IP = accept-encoding
16:04:31.658 [http-nio-8080-exec-2] INFO  c.p.c.f.HeadersLoggingFilter - Header connection=0:0:0:0:0:0:0:1, IP = connection
16:04:31.658 [http-nio-8080-exec-2] INFO  c.p.c.f.HeadersLoggingFilter - Header content-length=0:0:0:0:0:0:0:1, IP = content-length
16:04:31.658 [http-nio-8080-exec-2] INFO  c.p.c.loggingfilter.LoggingFilter - Request: Method=POST, URI=/api/savePerson, Headers=content-type=application/json; user-agent=PostmanRuntime/7.43.0; accept=*/*; postman-token=d897cf1e-7f56-4484-9557-956f57bad581; host=localhost:8080; accept-encoding=gzip, deflate, br; connection=keep-alive; content-length=204; , Request ID: c827ae88-ed0c-400f-b46d-0d7bb9d486b0, Request IP  =0:0:0:0:0:0:0:1
16:04:31.671 [http-nio-8080-exec-2] INFO  c.p.c.l.LoggingInterceptor - Request: POST /api/savePerson
16:04:31.805 [http-nio-8080-exec-2] INFO  c.p.c.l.LoggingInterceptor - Respone 500 /api/savePerson
16:04:31.805 [http-nio-8080-exec-2] INFO  c.p.c.loggingfilter.LoggingFilter - Response: Status=500, URI=/api/savePerson, Duration (Response Time)=146ms, Headers=[Content-Type, Transfer-Encoding, Date, Connection], Payload = org.apache.catalina.connector.ResponseFacade@15b4e42d
16:06:26.945 [SpringApplicationShutdownHook] INFO  o.s.o.j.LocalContainerEntityManagerFactoryBean - Closing JPA EntityManagerFactory for persistence unit 'default'
16:06:26.947 [SpringApplicationShutdownHook] INFO  com.zaxxer.hikari.HikariDataSource - HikariPool-1 - Shutdown initiated...
16:06:26.951 [SpringApplicationShutdownHook] INFO  com.zaxxer.hikari.HikariDataSource - HikariPool-1 - Shutdown completed.
16:08:02.038 [background-preinit] INFO  o.h.validator.internal.util.Version - HV000001: Hibernate Validator 8.0.1.Final
16:08:02.122 [main] INFO  c.p.c.ContactsdemoApplication - Starting ContactsdemoApplication using Java 17.0.12 with PID 26940 (C:\Ayse Ceren - crud projects\contactsdemo\build\classes\java\main started by 16381136672 in C:\Ayse Ceren - crud projects\contactsdemo)
16:08:02.123 [main] INFO  c.p.c.ContactsdemoApplication - No active profile set, falling back to 1 default profile: "default"
16:08:03.266 [main] INFO  o.s.d.r.c.RepositoryConfigurationDelegate - Bootstrapping Spring Data JPA repositories in DEFAULT mode.
16:08:03.355 [main] INFO  o.s.d.r.c.RepositoryConfigurationDelegate - Finished Spring Data repository scanning in 78 ms. Found 2 JPA repository interfaces.
16:08:03.999 [main] INFO  o.s.b.w.e.tomcat.TomcatWebServer - Tomcat initialized with port 8080 (http)
16:08:04.013 [main] INFO  o.a.coyote.http11.Http11NioProtocol - Initializing ProtocolHandler ["http-nio-8080"]
16:08:04.015 [main] INFO  o.a.catalina.core.StandardService - Starting service [Tomcat]
16:08:04.015 [main] INFO  o.a.catalina.core.StandardEngine - Starting Servlet engine: [Apache Tomcat/10.1.25]
16:08:04.111 [main] INFO  o.a.c.c.C.[Tomcat].[localhost].[/] - Initializing Spring embedded WebApplicationContext
16:08:04.112 [main] INFO  o.s.b.w.s.c.ServletWebServerApplicationContext - Root WebApplicationContext: initialization completed in 1898 ms
16:08:04.296 [main] INFO  o.h.jpa.internal.util.LogHelper - HHH000204: Processing PersistenceUnitInfo [name: default]
16:08:04.376 [main] INFO  org.hibernate.Version - HHH000412: Hibernate ORM core version 6.4.9.Final
16:08:04.415 [main] INFO  o.h.c.i.RegionFactoryInitiator - HHH000026: Second-level cache disabled
16:08:04.717 [main] INFO  o.s.o.j.p.SpringPersistenceUnitInfo - No LoadTimeWeaver setup: ignoring JPA class transformer
16:08:04.755 [main] INFO  com.zaxxer.hikari.HikariDataSource - HikariPool-1 - Starting...
16:08:04.947 [main] INFO  com.zaxxer.hikari.pool.HikariPool - HikariPool-1 - Added connection org.postgresql.jdbc.PgConnection@7c0e4e4e
16:08:04.949 [main] INFO  com.zaxxer.hikari.HikariDataSource - HikariPool-1 - Start completed.
16:08:04.991 [main] WARN  org.hibernate.orm.deprecation - HHH90000025: PostgreSQLDialect does not need to be specified explicitly using 'hibernate.dialect' (remove the property setting and it will be selected by default)
16:08:06.348 [main] INFO  o.s.o.j.LocalContainerEntityManagerFactoryBean - Initialized JPA EntityManagerFactory for persistence unit 'default'
16:08:07.893 [main] WARN  o.s.b.a.o.j.JpaBaseConfiguration$JpaWebConfiguration - spring.jpa.open-in-view is enabled by default. Therefore, database queries may be performed during view rendering. Explicitly configure spring.jpa.open-in-view to disable this warning
16:08:09.307 [main] INFO  o.s.d.j.r.query.QueryEnhancerFactory - Hibernate is in classpath; If applicable, HQL parser will be used.
16:08:10.138 [main] INFO  o.a.coyote.http11.Http11NioProtocol - Starting ProtocolHandler ["http-nio-8080"]
16:08:10.222 [main] INFO  o.s.b.w.e.tomcat.TomcatWebServer - Tomcat started on port 8080 (http) with context path ''
16:08:10.241 [main] INFO  c.p.c.ContactsdemoApplication - Started ContactsdemoApplication in 9.006 seconds (process running for 10.772)
16:17:11.046 [SpringApplicationShutdownHook] INFO  o.s.o.j.LocalContainerEntityManagerFactoryBean - Closing JPA EntityManagerFactory for persistence unit 'default'
16:17:11.049 [SpringApplicationShutdownHook] INFO  com.zaxxer.hikari.HikariDataSource - HikariPool-1 - Shutdown initiated...
16:17:11.053 [SpringApplicationShutdownHook] INFO  com.zaxxer.hikari.HikariDataSource - HikariPool-1 - Shutdown completed.
16:17:18.134 [background-preinit] INFO  o.h.validator.internal.util.Version - HV000001: Hibernate Validator 8.0.1.Final
16:17:18.187 [main] INFO  c.p.c.ContactsdemoApplication - Starting ContactsdemoApplication using Java 17.0.12 with PID 29336 (C:\Ayse Ceren - crud projects\contactsdemo\build\classes\java\main started by 16381136672 in C:\Ayse Ceren - crud projects\contactsdemo)
16:17:18.188 [main] INFO  c.p.c.ContactsdemoApplication - No active profile set, falling back to 1 default profile: "default"
16:17:19.045 [main] INFO  o.s.d.r.c.RepositoryConfigurationDelegate - Bootstrapping Spring Data JPA repositories in DEFAULT mode.
16:17:19.134 [main] INFO  o.s.d.r.c.RepositoryConfigurationDelegate - Finished Spring Data repository scanning in 80 ms. Found 2 JPA repository interfaces.
16:17:19.725 [main] INFO  o.s.b.w.e.tomcat.TomcatWebServer - Tomcat initialized with port 8080 (http)
16:17:19.738 [main] INFO  o.a.coyote.http11.Http11NioProtocol - Initializing ProtocolHandler ["http-nio-8080"]
16:17:19.740 [main] INFO  o.a.catalina.core.StandardService - Starting service [Tomcat]
16:17:19.740 [main] INFO  o.a.catalina.core.StandardEngine - Starting Servlet engine: [Apache Tomcat/10.1.25]
16:17:19.834 [main] INFO  o.a.c.c.C.[Tomcat].[localhost].[/] - Initializing Spring embedded WebApplicationContext
16:17:19.834 [main] INFO  o.s.b.w.s.c.ServletWebServerApplicationContext - Root WebApplicationContext: initialization completed in 1586 ms
16:17:20.004 [main] INFO  o.h.jpa.internal.util.LogHelper - HHH000204: Processing PersistenceUnitInfo [name: default]
16:17:20.066 [main] INFO  org.hibernate.Version - HHH000412: Hibernate ORM core version 6.4.9.Final
16:17:20.109 [main] INFO  o.h.c.i.RegionFactoryInitiator - HHH000026: Second-level cache disabled
16:17:20.395 [main] INFO  o.s.o.j.p.SpringPersistenceUnitInfo - No LoadTimeWeaver setup: ignoring JPA class transformer
16:17:20.428 [main] INFO  com.zaxxer.hikari.HikariDataSource - HikariPool-1 - Starting...
16:17:20.587 [main] INFO  com.zaxxer.hikari.pool.HikariPool - HikariPool-1 - Added connection org.postgresql.jdbc.PgConnection@11f3400c
16:17:20.589 [main] INFO  com.zaxxer.hikari.HikariDataSource - HikariPool-1 - Start completed.
16:17:20.627 [main] WARN  org.hibernate.orm.deprecation - HHH90000025: PostgreSQLDialect does not need to be specified explicitly using 'hibernate.dialect' (remove the property setting and it will be selected by default)
16:17:21.972 [main] INFO  o.s.o.j.LocalContainerEntityManagerFactoryBean - Initialized JPA EntityManagerFactory for persistence unit 'default'
16:17:23.396 [main] WARN  o.s.b.a.o.j.JpaBaseConfiguration$JpaWebConfiguration - spring.jpa.open-in-view is enabled by default. Therefore, database queries may be performed during view rendering. Explicitly configure spring.jpa.open-in-view to disable this warning
16:17:24.824 [main] INFO  o.s.d.j.r.query.QueryEnhancerFactory - Hibernate is in classpath; If applicable, HQL parser will be used.
16:17:25.670 [main] INFO  o.a.coyote.http11.Http11NioProtocol - Starting ProtocolHandler ["http-nio-8080"]
16:17:25.760 [main] INFO  o.s.b.w.e.tomcat.TomcatWebServer - Tomcat started on port 8080 (http) with context path ''
16:17:25.779 [main] INFO  c.p.c.ContactsdemoApplication - Started ContactsdemoApplication in 8.079 seconds (process running for 9.379)
16:17:29.091 [http-nio-8080-exec-2] INFO  o.a.c.c.C.[Tomcat].[localhost].[/] - Initializing Spring DispatcherServlet 'dispatcherServlet'
16:17:29.091 [http-nio-8080-exec-2] INFO  o.s.web.servlet.DispatcherServlet - Initializing Servlet 'dispatcherServlet'
16:17:29.093 [http-nio-8080-exec-2] INFO  o.s.web.servlet.DispatcherServlet - Completed initialization in 1 ms
16:17:29.110 [http-nio-8080-exec-2] INFO  c.p.c.f.HeadersLoggingFilter - Header content-type=0:0:0:0:0:0:0:1, IP = content-type
16:17:29.110 [http-nio-8080-exec-2] INFO  c.p.c.f.HeadersLoggingFilter - Header user-agent=0:0:0:0:0:0:0:1, IP = user-agent
16:17:29.110 [http-nio-8080-exec-2] INFO  c.p.c.f.HeadersLoggingFilter - Header accept=0:0:0:0:0:0:0:1, IP = accept
16:17:29.110 [http-nio-8080-exec-2] INFO  c.p.c.f.HeadersLoggingFilter - Header postman-token=0:0:0:0:0:0:0:1, IP = postman-token
16:17:29.110 [http-nio-8080-exec-2] INFO  c.p.c.f.HeadersLoggingFilter - Header host=0:0:0:0:0:0:0:1, IP = host
16:17:29.110 [http-nio-8080-exec-2] INFO  c.p.c.f.HeadersLoggingFilter - Header accept-encoding=0:0:0:0:0:0:0:1, IP = accept-encoding
16:17:29.110 [http-nio-8080-exec-2] INFO  c.p.c.f.HeadersLoggingFilter - Header connection=0:0:0:0:0:0:0:1, IP = connection
16:17:29.110 [http-nio-8080-exec-2] INFO  c.p.c.f.HeadersLoggingFilter - Header content-length=0:0:0:0:0:0:0:1, IP = content-length
16:17:29.113 [http-nio-8080-exec-2] INFO  c.p.c.loggingfilter.LoggingFilter - Request: Method=POST, URI=/api/savePerson, Headers=content-type=application/json; user-agent=PostmanRuntime/7.43.0; accept=*/*; postman-token=8bc6413c-e4f6-425d-a044-ee67d0832537; host=localhost:8080; accept-encoding=gzip, deflate, br; connection=keep-alive; content-length=204; , Request ID: a494210d-6145-41f6-8c28-cedce085d516, Request IP  =0:0:0:0:0:0:0:1
16:17:29.156 [http-nio-8080-exec-2] INFO  c.p.c.l.LoggingInterceptor - Request: POST /api/savePerson
16:17:36.591 [http-nio-8080-exec-2] INFO  c.p.c.l.LoggingInterceptor - Respone 400 /api/savePerson
16:17:36.592 [http-nio-8080-exec-2] INFO  c.p.c.loggingfilter.LoggingFilter - Response: Status=400, URI=/api/savePerson, Duration (Response Time)=7479ms, Headers=[Content-Type, Transfer-Encoding, Date, Connection], Payload = org.apache.catalina.connector.ResponseFacade@2eb777d4
17:08:52.510 [SpringApplicationShutdownHook] INFO  o.s.o.j.LocalContainerEntityManagerFactoryBean - Closing JPA EntityManagerFactory for persistence unit 'default'
17:08:52.512 [SpringApplicationShutdownHook] INFO  com.zaxxer.hikari.HikariDataSource - HikariPool-1 - Shutdown initiated...
17:08:52.516 [SpringApplicationShutdownHook] INFO  com.zaxxer.hikari.HikariDataSource - HikariPool-1 - Shutdown completed.
