09:26:04.544 [background-preinit] INFO  o.h.validator.internal.util.Version - HV000001: Hibernate Validator 8.0.1.Final
09:26:04.608 [main] INFO  c.p.c.ContactsdemoApplication - Starting ContactsdemoApplication using Java 17.0.12 with PID 28352 (C:\Ayse Ceren - crud projects\contactsdemo\build\classes\java\main started by 16381136672 in C:\Ayse Ceren - crud projects\contactsdemo)
09:26:04.610 [main] INFO  c.p.c.ContactsdemoApplication - No active profile set, falling back to 1 default profile: "default"
09:26:05.567 [main] INFO  o.s.d.r.c.RepositoryConfigurationDelegate - Bootstrapping Spring Data JPA repositories in DEFAULT mode.
09:26:05.652 [main] INFO  o.s.d.r.c.RepositoryConfigurationDelegate - Finished Spring Data repository scanning in 76 ms. Found 2 JPA repository interfaces.
09:26:06.159 [main] INFO  o.s.b.w.e.tomcat.TomcatWebServer - Tomcat initialized with port 8080 (http)
09:26:06.168 [main] INFO  o.a.coyote.http11.Http11NioProtocol - Initializing ProtocolHandler ["http-nio-8080"]
09:26:06.170 [main] INFO  o.a.catalina.core.StandardService - Starting service [Tomcat]
09:26:06.170 [main] INFO  o.a.catalina.core.StandardEngine - Starting Servlet engine: [Apache Tomcat/10.1.25]
09:26:06.250 [main] INFO  o.a.c.c.C.[Tomcat].[localhost].[/] - Initializing Spring embedded WebApplicationContext
09:26:06.250 [main] INFO  o.s.b.w.s.c.ServletWebServerApplicationContext - Root WebApplicationContext: initialization completed in 1571 ms
09:26:06.394 [main] INFO  o.h.jpa.internal.util.LogHelper - HHH000204: Processing PersistenceUnitInfo [name: default]
09:26:06.457 [main] INFO  org.hibernate.Version - HHH000412: Hibernate ORM core version 6.4.9.Final
09:26:06.493 [main] INFO  o.h.c.i.RegionFactoryInitiator - HHH000026: Second-level cache disabled
09:26:06.740 [main] INFO  o.s.o.j.p.SpringPersistenceUnitInfo - No LoadTimeWeaver setup: ignoring JPA class transformer
09:26:06.771 [main] INFO  com.zaxxer.hikari.HikariDataSource - HikariPool-1 - Starting...
09:26:06.937 [main] INFO  com.zaxxer.hikari.pool.HikariPool - HikariPool-1 - Added connection org.postgresql.jdbc.PgConnection@59baf2c7
09:26:06.938 [main] INFO  com.zaxxer.hikari.HikariDataSource - HikariPool-1 - Start completed.
09:26:06.971 [main] WARN  org.hibernate.orm.deprecation - HHH90000025: PostgreSQLDialect does not need to be specified explicitly using 'hibernate.dialect' (remove the property setting and it will be selected by default)
09:26:08.029 [main] INFO  o.s.o.j.LocalContainerEntityManagerFactoryBean - Initialized JPA EntityManagerFactory for persistence unit 'default'
09:26:08.239 [main] WARN  o.s.b.a.o.j.JpaBaseConfiguration$JpaWebConfiguration - spring.jpa.open-in-view is enabled by default. Therefore, database queries may be performed during view rendering. Explicitly configure spring.jpa.open-in-view to disable this warning
09:26:08.758 [main] INFO  o.s.d.j.r.query.QueryEnhancerFactory - Hibernate is in classpath; If applicable, HQL parser will be used.
09:26:09.208 [main] INFO  o.a.coyote.http11.Http11NioProtocol - Starting ProtocolHandler ["http-nio-8080"]
09:26:09.260 [main] INFO  o.s.b.w.e.tomcat.TomcatWebServer - Tomcat started on port 8080 (http) with context path ''
09:26:09.271 [main] INFO  c.p.c.ContactsdemoApplication - Started ContactsdemoApplication in 5.196 seconds (process running for 6.414)
09:28:18.104 [http-nio-8080-exec-2] INFO  o.a.c.c.C.[Tomcat].[localhost].[/] - Initializing Spring DispatcherServlet 'dispatcherServlet'
09:28:18.104 [http-nio-8080-exec-2] INFO  o.s.web.servlet.DispatcherServlet - Initializing Servlet 'dispatcherServlet'
09:28:18.106 [http-nio-8080-exec-2] INFO  o.s.web.servlet.DispatcherServlet - Completed initialization in 2 ms
09:28:18.110 [http-nio-8080-exec-2] INFO  c.p.c.f.HeadersLoggingFilter - Header content-type=0:0:0:0:0:0:0:1, IP = content-type
09:28:18.110 [http-nio-8080-exec-2] INFO  c.p.c.f.HeadersLoggingFilter - Header user-agent=0:0:0:0:0:0:0:1, IP = user-agent
09:28:18.110 [http-nio-8080-exec-2] INFO  c.p.c.f.HeadersLoggingFilter - Header accept=0:0:0:0:0:0:0:1, IP = accept
09:28:18.110 [http-nio-8080-exec-2] INFO  c.p.c.f.HeadersLoggingFilter - Header postman-token=0:0:0:0:0:0:0:1, IP = postman-token
09:28:18.110 [http-nio-8080-exec-2] INFO  c.p.c.f.HeadersLoggingFilter - Header host=0:0:0:0:0:0:0:1, IP = host
09:28:18.110 [http-nio-8080-exec-2] INFO  c.p.c.f.HeadersLoggingFilter - Header accept-encoding=0:0:0:0:0:0:0:1, IP = accept-encoding
09:28:18.110 [http-nio-8080-exec-2] INFO  c.p.c.f.HeadersLoggingFilter - Header connection=0:0:0:0:0:0:0:1, IP = connection
09:28:18.110 [http-nio-8080-exec-2] INFO  c.p.c.f.HeadersLoggingFilter - Header content-length=0:0:0:0:0:0:0:1, IP = content-length
09:28:18.111 [http-nio-8080-exec-2] INFO  c.p.c.loggingfilter.LoggingFilter - Request: Method=POST, URI=/api/savePerson, Headers=content-type=application/json; user-agent=PostmanRuntime/7.43.0; accept=*/*; postman-token=1b9e7b58-aa17-4d64-ac5c-38ce49871844; host=localhost:8080; accept-encoding=gzip, deflate, br; connection=keep-alive; content-length=214; , Request ID: bb5c3ef0-c5b9-46ce-9102-ca2f9e5d8f28, Request IP  =0:0:0:0:0:0:0:1
09:28:18.121 [http-nio-8080-exec-2] INFO  c.p.c.l.LoggingInterceptor - Request: POST /api/savePerson
09:28:18.275 [http-nio-8080-exec-2] WARN  o.s.w.s.m.m.a.ExceptionHandlerExceptionResolver - Failure in @ExceptionHandler com.project.contactsdemo.exception.GlobalExceptionHandler#handleValidationErrors(ValidationException)
java.lang.IllegalStateException: Could not resolve parameter [0] in public org.springframework.http.ResponseEntity<?> com.project.contactsdemo.exception.GlobalExceptionHandler.handleValidationErrors(jakarta.validation.ValidationException): No suitable resolver
	at org.springframework.web.method.support.InvocableHandlerMethod.getMethodArgumentValues(InvocableHandlerMethod.java:221)
	at org.springframework.web.method.support.InvocableHandlerMethod.invokeForRequest(InvocableHandlerMethod.java:178)
	at org.springframework.web.servlet.mvc.method.annotation.ServletInvocableHandlerMethod.invokeAndHandle(ServletInvocableHandlerMethod.java:118)
	at org.springframework.web.servlet.mvc.method.annotation.ExceptionHandlerExceptionResolver.doResolveHandlerMethodException(ExceptionHandlerExceptionResolver.java:432)
	at org.springframework.web.servlet.handler.AbstractHandlerMethodExceptionResolver.doResolveException(AbstractHandlerMethodExceptionResolver.java:74)
	at org.springframework.web.servlet.handler.AbstractHandlerExceptionResolver.resolveException(AbstractHandlerExceptionResolver.java:175)
	at org.springframework.web.servlet.handler.HandlerExceptionResolverComposite.resolveException(HandlerExceptionResolverComposite.java:80)
	at org.springframework.web.servlet.DispatcherServlet.processHandlerException(DispatcherServlet.java:1357)
	at org.springframework.web.servlet.DispatcherServlet.processDispatchResult(DispatcherServlet.java:1160)
	at org.springframework.web.servlet.DispatcherServlet.doDispatch(DispatcherServlet.java:1106)
	at org.springframework.web.servlet.DispatcherServlet.doService(DispatcherServlet.java:979)
	at org.springframework.web.servlet.FrameworkServlet.processRequest(FrameworkServlet.java:1014)
	at org.springframework.web.servlet.FrameworkServlet.doPost(FrameworkServlet.java:914)
	at jakarta.servlet.http.HttpServlet.service(HttpServlet.java:590)
	at org.springframework.web.servlet.FrameworkServlet.service(FrameworkServlet.java:885)
	at jakarta.servlet.http.HttpServlet.service(HttpServlet.java:658)
	at org.apache.catalina.core.ApplicationFilterChain.internalDoFilter(ApplicationFilterChain.java:195)
	at org.apache.catalina.core.ApplicationFilterChain.doFilter(ApplicationFilterChain.java:140)
	at org.apache.tomcat.websocket.server.WsFilter.doFilter(WsFilter.java:51)
	at org.apache.catalina.core.ApplicationFilterChain.internalDoFilter(ApplicationFilterChain.java:164)
	at org.apache.catalina.core.ApplicationFilterChain.doFilter(ApplicationFilterChain.java:140)
	at com.project.contactsdemo.loggingfilter.LoggingFilter.doFilterInternal(LoggingFilter.java:45)
	at org.springframework.web.filter.OncePerRequestFilter.doFilter(OncePerRequestFilter.java:116)
	at org.apache.catalina.core.ApplicationFilterChain.internalDoFilter(ApplicationFilterChain.java:164)
	at org.apache.catalina.core.ApplicationFilterChain.doFilter(ApplicationFilterChain.java:140)
	at com.project.contactsdemo.filterdeneme.HeadersLoggingFilter.doFilter(HeadersLoggingFilter.java:28)
	at org.apache.catalina.core.ApplicationFilterChain.internalDoFilter(ApplicationFilterChain.java:164)
	at org.apache.catalina.core.ApplicationFilterChain.doFilter(ApplicationFilterChain.java:140)
	at org.springframework.web.filter.RequestContextFilter.doFilterInternal(RequestContextFilter.java:100)
	at org.springframework.web.filter.OncePerRequestFilter.doFilter(OncePerRequestFilter.java:116)
	at org.apache.catalina.core.ApplicationFilterChain.internalDoFilter(ApplicationFilterChain.java:164)
	at org.apache.catalina.core.ApplicationFilterChain.doFilter(ApplicationFilterChain.java:140)
	at org.springframework.web.filter.FormContentFilter.doFilterInternal(FormContentFilter.java:93)
	at org.springframework.web.filter.OncePerRequestFilter.doFilter(OncePerRequestFilter.java:116)
	at org.apache.catalina.core.ApplicationFilterChain.internalDoFilter(ApplicationFilterChain.java:164)
	at org.apache.catalina.core.ApplicationFilterChain.doFilter(ApplicationFilterChain.java:140)
	at org.springframework.web.filter.CharacterEncodingFilter.doFilterInternal(CharacterEncodingFilter.java:201)
	at org.springframework.web.filter.OncePerRequestFilter.doFilter(OncePerRequestFilter.java:116)
	at org.apache.catalina.core.ApplicationFilterChain.internalDoFilter(ApplicationFilterChain.java:164)
	at org.apache.catalina.core.ApplicationFilterChain.doFilter(ApplicationFilterChain.java:140)
	at org.apache.catalina.core.StandardWrapperValve.invoke(StandardWrapperValve.java:167)
	at org.apache.catalina.core.StandardContextValve.invoke(StandardContextValve.java:90)
	at org.apache.catalina.authenticator.AuthenticatorBase.invoke(AuthenticatorBase.java:482)
	at org.apache.catalina.core.StandardHostValve.invoke(StandardHostValve.java:115)
	at org.apache.catalina.valves.ErrorReportValve.invoke(ErrorReportValve.java:93)
	at org.apache.catalina.core.StandardEngineValve.invoke(StandardEngineValve.java:74)
	at org.apache.catalina.connector.CoyoteAdapter.service(CoyoteAdapter.java:344)
	at org.apache.coyote.http11.Http11Processor.service(Http11Processor.java:389)
	at org.apache.coyote.AbstractProcessorLight.process(AbstractProcessorLight.java:63)
	at org.apache.coyote.AbstractProtocol$ConnectionHandler.process(AbstractProtocol.java:904)
	at org.apache.tomcat.util.net.NioEndpoint$SocketProcessor.doRun(NioEndpoint.java:1741)
	at org.apache.tomcat.util.net.SocketProcessorBase.run(SocketProcessorBase.java:52)
	at org.apache.tomcat.util.threads.ThreadPoolExecutor.runWorker(ThreadPoolExecutor.java:1190)
	at org.apache.tomcat.util.threads.ThreadPoolExecutor$Worker.run(ThreadPoolExecutor.java:659)
	at org.apache.tomcat.util.threads.TaskThread$WrappingRunnable.run(TaskThread.java:63)
	at java.base/java.lang.Thread.run(Thread.java:842)
09:28:18.278 [http-nio-8080-exec-2] WARN  o.s.w.s.m.s.DefaultHandlerExceptionResolver - Resolved [org.springframework.web.bind.MethodArgumentNotValidException: Validation failed for argument [0] in public org.springframework.http.ResponseEntity<com.project.contactsdemo.dto.GenericDTO<com.project.contactsdemo.dto.PersonResponseDTO>> com.project.contactsdemo.controller.PersonContactController.savePerson(com.project.contactsdemo.dto.PersonRequestDTO) with 2 errors: [Field error in object 'personRequestDTO' on field 'phoneNumber': rejected value [+90588888888888]; codes [ValidPhoneNumber.personRequestDTO.phoneNumber,ValidPhoneNumber.phoneNumber,ValidPhoneNumber.java.lang.String,ValidPhoneNumber]; arguments [org.springframework.context.support.DefaultMessageSourceResolvable: codes [personRequestDTO.phoneNumber,phoneNumber]; arguments []; default message [phoneNumber]]; default message [Invalid phone number.]] [Field error in object 'personRequestDTO' on field 'birthDate': rejected value [20-02-2020]; codes [ValidBirthdate.personRequestDTO.birthDate,ValidBirthdate.birthDate,ValidBirthdate.java.lang.String,ValidBirthdate]; arguments [org.springframework.context.support.DefaultMessageSourceResolvable: codes [personRequestDTO.birthDate,birthDate]; arguments []; default message [birthDate]]; default message [Invalid birthdate. Date must be in the past, and the person must be at least 18 years old.]] ]
09:28:18.279 [http-nio-8080-exec-2] INFO  c.p.c.l.LoggingInterceptor - Respone 400 /api/savePerson
09:28:18.279 [http-nio-8080-exec-2] INFO  c.p.c.loggingfilter.LoggingFilter - Response: Status=400, URI=/api/savePerson, Duration (Response Time)=168ms, Headers=[], Payload = org.apache.catalina.connector.ResponseFacade@59616883
09:28:18.285 [http-nio-8080-exec-2] INFO  c.p.c.l.LoggingInterceptor - Request: POST /error
09:28:18.312 [http-nio-8080-exec-2] INFO  c.p.c.l.LoggingInterceptor - Respone 400 /error
09:29:13.494 [SpringApplicationShutdownHook] INFO  o.s.o.j.LocalContainerEntityManagerFactoryBean - Closing JPA EntityManagerFactory for persistence unit 'default'
09:29:13.496 [SpringApplicationShutdownHook] INFO  com.zaxxer.hikari.HikariDataSource - HikariPool-1 - Shutdown initiated...
09:29:13.500 [SpringApplicationShutdownHook] INFO  com.zaxxer.hikari.HikariDataSource - HikariPool-1 - Shutdown completed.
09:29:30.168 [background-preinit] INFO  o.h.validator.internal.util.Version - HV000001: Hibernate Validator 8.0.1.Final
09:29:30.247 [main] INFO  c.p.c.ContactsdemoApplication - Starting ContactsdemoApplication using Java 17.0.12 with PID 25568 (C:\Ayse Ceren - crud projects\contactsdemo\build\classes\java\main started by 16381136672 in C:\Ayse Ceren - crud projects\contactsdemo)
09:29:30.249 [main] INFO  c.p.c.ContactsdemoApplication - No active profile set, falling back to 1 default profile: "default"
09:29:31.225 [main] INFO  o.s.d.r.c.RepositoryConfigurationDelegate - Bootstrapping Spring Data JPA repositories in DEFAULT mode.
09:29:31.303 [main] INFO  o.s.d.r.c.RepositoryConfigurationDelegate - Finished Spring Data repository scanning in 70 ms. Found 2 JPA repository interfaces.
09:29:31.844 [main] INFO  o.s.b.w.e.tomcat.TomcatWebServer - Tomcat initialized with port 8080 (http)
09:29:31.852 [main] INFO  o.a.coyote.http11.Http11NioProtocol - Initializing ProtocolHandler ["http-nio-8080"]
09:29:31.855 [main] INFO  o.a.catalina.core.StandardService - Starting service [Tomcat]
09:29:31.855 [main] INFO  o.a.catalina.core.StandardEngine - Starting Servlet engine: [Apache Tomcat/10.1.25]
09:29:31.932 [main] INFO  o.a.c.c.C.[Tomcat].[localhost].[/] - Initializing Spring embedded WebApplicationContext
09:29:31.932 [main] INFO  o.s.b.w.s.c.ServletWebServerApplicationContext - Root WebApplicationContext: initialization completed in 1601 ms
09:29:32.090 [main] INFO  o.h.jpa.internal.util.LogHelper - HHH000204: Processing PersistenceUnitInfo [name: default]
09:29:32.148 [main] INFO  org.hibernate.Version - HHH000412: Hibernate ORM core version 6.4.9.Final
09:29:32.196 [main] INFO  o.h.c.i.RegionFactoryInitiator - HHH000026: Second-level cache disabled
09:29:32.448 [main] INFO  o.s.o.j.p.SpringPersistenceUnitInfo - No LoadTimeWeaver setup: ignoring JPA class transformer
09:29:32.474 [main] INFO  com.zaxxer.hikari.HikariDataSource - HikariPool-1 - Starting...
09:29:32.617 [main] INFO  com.zaxxer.hikari.pool.HikariPool - HikariPool-1 - Added connection org.postgresql.jdbc.PgConnection@5f45bc8e
09:29:32.619 [main] INFO  com.zaxxer.hikari.HikariDataSource - HikariPool-1 - Start completed.
09:29:32.654 [main] WARN  org.hibernate.orm.deprecation - HHH90000025: PostgreSQLDialect does not need to be specified explicitly using 'hibernate.dialect' (remove the property setting and it will be selected by default)
09:29:33.809 [main] INFO  o.s.o.j.LocalContainerEntityManagerFactoryBean - Initialized JPA EntityManagerFactory for persistence unit 'default'
09:29:34.043 [main] WARN  o.s.b.a.o.j.JpaBaseConfiguration$JpaWebConfiguration - spring.jpa.open-in-view is enabled by default. Therefore, database queries may be performed during view rendering. Explicitly configure spring.jpa.open-in-view to disable this warning
09:29:34.637 [main] INFO  o.s.d.j.r.query.QueryEnhancerFactory - Hibernate is in classpath; If applicable, HQL parser will be used.
09:29:35.157 [main] INFO  o.a.coyote.http11.Http11NioProtocol - Starting ProtocolHandler ["http-nio-8080"]
09:29:35.201 [main] INFO  o.s.b.w.e.tomcat.TomcatWebServer - Tomcat started on port 8080 (http) with context path ''
09:29:35.213 [main] INFO  c.p.c.ContactsdemoApplication - Started ContactsdemoApplication in 5.572 seconds (process running for 6.646)
09:29:41.060 [http-nio-8080-exec-2] INFO  o.a.c.c.C.[Tomcat].[localhost].[/] - Initializing Spring DispatcherServlet 'dispatcherServlet'
09:29:41.060 [http-nio-8080-exec-2] INFO  o.s.web.servlet.DispatcherServlet - Initializing Servlet 'dispatcherServlet'
09:29:41.061 [http-nio-8080-exec-2] INFO  o.s.web.servlet.DispatcherServlet - Completed initialization in 1 ms
09:29:41.066 [http-nio-8080-exec-2] INFO  c.p.c.f.HeadersLoggingFilter - Header content-type=0:0:0:0:0:0:0:1, IP = content-type
09:29:41.066 [http-nio-8080-exec-2] INFO  c.p.c.f.HeadersLoggingFilter - Header user-agent=0:0:0:0:0:0:0:1, IP = user-agent
09:29:41.066 [http-nio-8080-exec-2] INFO  c.p.c.f.HeadersLoggingFilter - Header accept=0:0:0:0:0:0:0:1, IP = accept
09:29:41.066 [http-nio-8080-exec-2] INFO  c.p.c.f.HeadersLoggingFilter - Header postman-token=0:0:0:0:0:0:0:1, IP = postman-token
09:29:41.066 [http-nio-8080-exec-2] INFO  c.p.c.f.HeadersLoggingFilter - Header host=0:0:0:0:0:0:0:1, IP = host
09:29:41.066 [http-nio-8080-exec-2] INFO  c.p.c.f.HeadersLoggingFilter - Header accept-encoding=0:0:0:0:0:0:0:1, IP = accept-encoding
09:29:41.066 [http-nio-8080-exec-2] INFO  c.p.c.f.HeadersLoggingFilter - Header connection=0:0:0:0:0:0:0:1, IP = connection
09:29:41.066 [http-nio-8080-exec-2] INFO  c.p.c.f.HeadersLoggingFilter - Header content-length=0:0:0:0:0:0:0:1, IP = content-length
09:29:41.067 [http-nio-8080-exec-2] INFO  c.p.c.loggingfilter.LoggingFilter - Request: Method=POST, URI=/api/savePerson, Headers=content-type=application/json; user-agent=PostmanRuntime/7.43.0; accept=*/*; postman-token=a5eeb5b4-72cf-480a-911d-91afd1e14b12; host=localhost:8080; accept-encoding=gzip, deflate, br; connection=keep-alive; content-length=214; , Request ID: df0ce6d3-c17b-4953-b4fa-ecdd906be535, Request IP  =0:0:0:0:0:0:0:1
09:29:41.077 [http-nio-8080-exec-2] INFO  c.p.c.l.LoggingInterceptor - Request: POST /api/savePerson
09:29:41.247 [http-nio-8080-exec-2] WARN  o.s.w.s.m.s.DefaultHandlerExceptionResolver - Resolved [org.springframework.web.bind.MethodArgumentNotValidException: Validation failed for argument [0] in public org.springframework.http.ResponseEntity<com.project.contactsdemo.dto.GenericDTO<com.project.contactsdemo.dto.PersonResponseDTO>> com.project.contactsdemo.controller.PersonContactController.savePerson(com.project.contactsdemo.dto.PersonRequestDTO) with 2 errors: [Field error in object 'personRequestDTO' on field 'birthDate': rejected value [20-02-2020]; codes [ValidBirthdate.personRequestDTO.birthDate,ValidBirthdate.birthDate,ValidBirthdate.java.lang.String,ValidBirthdate]; arguments [org.springframework.context.support.DefaultMessageSourceResolvable: codes [personRequestDTO.birthDate,birthDate]; arguments []; default message [birthDate]]; default message [Invalid birthdate. Date must be in the past, and the person must be at least 18 years old.]] [Field error in object 'personRequestDTO' on field 'phoneNumber': rejected value [+90588888888888]; codes [ValidPhoneNumber.personRequestDTO.phoneNumber,ValidPhoneNumber.phoneNumber,ValidPhoneNumber.java.lang.String,ValidPhoneNumber]; arguments [org.springframework.context.support.DefaultMessageSourceResolvable: codes [personRequestDTO.phoneNumber,phoneNumber]; arguments []; default message [phoneNumber]]; default message [Invalid phone number.]] ]
09:29:41.247 [http-nio-8080-exec-2] INFO  c.p.c.l.LoggingInterceptor - Respone 400 /api/savePerson
09:29:41.248 [http-nio-8080-exec-2] INFO  c.p.c.loggingfilter.LoggingFilter - Response: Status=400, URI=/api/savePerson, Duration (Response Time)=181ms, Headers=[], Payload = org.apache.catalina.connector.ResponseFacade@3c7b4602
09:29:41.255 [http-nio-8080-exec-2] INFO  c.p.c.l.LoggingInterceptor - Request: POST /error
09:29:41.281 [http-nio-8080-exec-2] INFO  c.p.c.l.LoggingInterceptor - Respone 400 /error
09:30:42.212 [http-nio-8080-exec-4] INFO  c.p.c.f.HeadersLoggingFilter - Header content-type=0:0:0:0:0:0:0:1, IP = content-type
09:30:42.212 [http-nio-8080-exec-4] INFO  c.p.c.f.HeadersLoggingFilter - Header user-agent=0:0:0:0:0:0:0:1, IP = user-agent
09:30:42.212 [http-nio-8080-exec-4] INFO  c.p.c.f.HeadersLoggingFilter - Header accept=0:0:0:0:0:0:0:1, IP = accept
09:30:42.212 [http-nio-8080-exec-4] INFO  c.p.c.f.HeadersLoggingFilter - Header postman-token=0:0:0:0:0:0:0:1, IP = postman-token
09:30:42.212 [http-nio-8080-exec-4] INFO  c.p.c.f.HeadersLoggingFilter - Header host=0:0:0:0:0:0:0:1, IP = host
09:30:42.212 [http-nio-8080-exec-4] INFO  c.p.c.f.HeadersLoggingFilter - Header accept-encoding=0:0:0:0:0:0:0:1, IP = accept-encoding
09:30:42.212 [http-nio-8080-exec-4] INFO  c.p.c.f.HeadersLoggingFilter - Header connection=0:0:0:0:0:0:0:1, IP = connection
09:30:42.212 [http-nio-8080-exec-4] INFO  c.p.c.f.HeadersLoggingFilter - Header content-length=0:0:0:0:0:0:0:1, IP = content-length
09:30:42.213 [http-nio-8080-exec-4] INFO  c.p.c.loggingfilter.LoggingFilter - Request: Method=POST, URI=/api/savePerson, Headers=content-type=application/json; user-agent=PostmanRuntime/7.43.0; accept=*/*; postman-token=b67dba08-ea86-4188-9278-6cd1499d03af; host=localhost:8080; accept-encoding=gzip, deflate, br; connection=keep-alive; content-length=214; , Request ID: f30d9cf8-35c9-4cf4-b31d-03497eb9e625, Request IP  =0:0:0:0:0:0:0:1
09:30:42.213 [http-nio-8080-exec-4] INFO  c.p.c.l.LoggingInterceptor - Request: POST /api/savePerson
09:30:42.215 [http-nio-8080-exec-4] WARN  o.s.w.s.m.s.DefaultHandlerExceptionResolver - Resolved [org.springframework.web.bind.MethodArgumentNotValidException: Validation failed for argument [0] in public org.springframework.http.ResponseEntity<com.project.contactsdemo.dto.GenericDTO<com.project.contactsdemo.dto.PersonResponseDTO>> com.project.contactsdemo.controller.PersonContactController.savePerson(com.project.contactsdemo.dto.PersonRequestDTO) with 2 errors: [Field error in object 'personRequestDTO' on field 'birthDate': rejected value [20-02-2020]; codes [ValidBirthdate.personRequestDTO.birthDate,ValidBirthdate.birthDate,ValidBirthdate.java.lang.String,ValidBirthdate]; arguments [org.springframework.context.support.DefaultMessageSourceResolvable: codes [personRequestDTO.birthDate,birthDate]; arguments []; default message [birthDate]]; default message [Invalid birthdate. Date must be in the past, and the person must be at least 18 years old.]] [Field error in object 'personRequestDTO' on field 'phoneNumber': rejected value [+90588888888888]; codes [ValidPhoneNumber.personRequestDTO.phoneNumber,ValidPhoneNumber.phoneNumber,ValidPhoneNumber.java.lang.String,ValidPhoneNumber]; arguments [org.springframework.context.support.DefaultMessageSourceResolvable: codes [personRequestDTO.phoneNumber,phoneNumber]; arguments []; default message [phoneNumber]]; default message [Invalid phone number.]] ]
09:30:42.216 [http-nio-8080-exec-4] INFO  c.p.c.l.LoggingInterceptor - Respone 400 /api/savePerson
09:30:42.216 [http-nio-8080-exec-4] INFO  c.p.c.loggingfilter.LoggingFilter - Response: Status=400, URI=/api/savePerson, Duration (Response Time)=3ms, Headers=[], Payload = org.apache.catalina.connector.ResponseFacade@1d8c43a6
09:30:42.217 [http-nio-8080-exec-4] INFO  c.p.c.l.LoggingInterceptor - Request: POST /error
09:30:42.218 [http-nio-8080-exec-4] INFO  c.p.c.l.LoggingInterceptor - Respone 400 /error
09:32:02.071 [SpringApplicationShutdownHook] INFO  o.s.o.j.LocalContainerEntityManagerFactoryBean - Closing JPA EntityManagerFactory for persistence unit 'default'
09:32:02.072 [SpringApplicationShutdownHook] INFO  com.zaxxer.hikari.HikariDataSource - HikariPool-1 - Shutdown initiated...
09:32:02.076 [SpringApplicationShutdownHook] INFO  com.zaxxer.hikari.HikariDataSource - HikariPool-1 - Shutdown completed.
09:32:14.516 [background-preinit] INFO  o.h.validator.internal.util.Version - HV000001: Hibernate Validator 8.0.1.Final
09:32:14.572 [main] INFO  c.p.c.ContactsdemoApplication - Starting ContactsdemoApplication using Java 17.0.12 with PID 21380 (C:\Ayse Ceren - crud projects\contactsdemo\build\classes\java\main started by 16381136672 in C:\Ayse Ceren - crud projects\contactsdemo)
09:32:14.573 [main] INFO  c.p.c.ContactsdemoApplication - No active profile set, falling back to 1 default profile: "default"
09:32:15.530 [main] INFO  o.s.d.r.c.RepositoryConfigurationDelegate - Bootstrapping Spring Data JPA repositories in DEFAULT mode.
09:32:15.611 [main] INFO  o.s.d.r.c.RepositoryConfigurationDelegate - Finished Spring Data repository scanning in 73 ms. Found 2 JPA repository interfaces.
09:32:16.119 [main] INFO  o.s.b.w.e.tomcat.TomcatWebServer - Tomcat initialized with port 8080 (http)
09:32:16.127 [main] INFO  o.a.coyote.http11.Http11NioProtocol - Initializing ProtocolHandler ["http-nio-8080"]
09:32:16.129 [main] INFO  o.a.catalina.core.StandardService - Starting service [Tomcat]
09:32:16.129 [main] INFO  o.a.catalina.core.StandardEngine - Starting Servlet engine: [Apache Tomcat/10.1.25]
09:32:16.202 [main] INFO  o.a.c.c.C.[Tomcat].[localhost].[/] - Initializing Spring embedded WebApplicationContext
09:32:16.202 [main] INFO  o.s.b.w.s.c.ServletWebServerApplicationContext - Root WebApplicationContext: initialization completed in 1576 ms
09:32:16.350 [main] INFO  o.h.jpa.internal.util.LogHelper - HHH000204: Processing PersistenceUnitInfo [name: default]
09:32:16.418 [main] INFO  org.hibernate.Version - HHH000412: Hibernate ORM core version 6.4.9.Final
09:32:16.450 [main] INFO  o.h.c.i.RegionFactoryInitiator - HHH000026: Second-level cache disabled
09:32:16.727 [main] INFO  o.s.o.j.p.SpringPersistenceUnitInfo - No LoadTimeWeaver setup: ignoring JPA class transformer
09:32:16.762 [main] INFO  com.zaxxer.hikari.HikariDataSource - HikariPool-1 - Starting...
09:32:16.923 [main] INFO  com.zaxxer.hikari.pool.HikariPool - HikariPool-1 - Added connection org.postgresql.jdbc.PgConnection@709d86a2
09:32:16.925 [main] INFO  com.zaxxer.hikari.HikariDataSource - HikariPool-1 - Start completed.
09:32:16.956 [main] WARN  org.hibernate.orm.deprecation - HHH90000025: PostgreSQLDialect does not need to be specified explicitly using 'hibernate.dialect' (remove the property setting and it will be selected by default)
09:32:18.077 [main] INFO  o.s.o.j.LocalContainerEntityManagerFactoryBean - Initialized JPA EntityManagerFactory for persistence unit 'default'
09:32:18.284 [main] WARN  o.s.b.a.o.j.JpaBaseConfiguration$JpaWebConfiguration - spring.jpa.open-in-view is enabled by default. Therefore, database queries may be performed during view rendering. Explicitly configure spring.jpa.open-in-view to disable this warning
09:32:18.808 [main] INFO  o.s.d.j.r.query.QueryEnhancerFactory - Hibernate is in classpath; If applicable, HQL parser will be used.
09:32:19.215 [main] INFO  o.a.coyote.http11.Http11NioProtocol - Starting ProtocolHandler ["http-nio-8080"]
09:32:19.251 [main] INFO  o.s.b.w.e.tomcat.TomcatWebServer - Tomcat started on port 8080 (http) with context path ''
09:32:19.263 [main] INFO  c.p.c.ContactsdemoApplication - Started ContactsdemoApplication in 5.168 seconds (process running for 6.307)
09:32:26.567 [http-nio-8080-exec-2] INFO  o.a.c.c.C.[Tomcat].[localhost].[/] - Initializing Spring DispatcherServlet 'dispatcherServlet'
09:32:26.567 [http-nio-8080-exec-2] INFO  o.s.web.servlet.DispatcherServlet - Initializing Servlet 'dispatcherServlet'
09:32:26.568 [http-nio-8080-exec-2] INFO  o.s.web.servlet.DispatcherServlet - Completed initialization in 1 ms
09:32:26.572 [http-nio-8080-exec-2] INFO  c.p.c.f.HeadersLoggingFilter - Header content-type=0:0:0:0:0:0:0:1, IP = content-type
09:32:26.573 [http-nio-8080-exec-2] INFO  c.p.c.f.HeadersLoggingFilter - Header user-agent=0:0:0:0:0:0:0:1, IP = user-agent
09:32:26.573 [http-nio-8080-exec-2] INFO  c.p.c.f.HeadersLoggingFilter - Header accept=0:0:0:0:0:0:0:1, IP = accept
09:32:26.573 [http-nio-8080-exec-2] INFO  c.p.c.f.HeadersLoggingFilter - Header postman-token=0:0:0:0:0:0:0:1, IP = postman-token
09:32:26.573 [http-nio-8080-exec-2] INFO  c.p.c.f.HeadersLoggingFilter - Header host=0:0:0:0:0:0:0:1, IP = host
09:32:26.573 [http-nio-8080-exec-2] INFO  c.p.c.f.HeadersLoggingFilter - Header accept-encoding=0:0:0:0:0:0:0:1, IP = accept-encoding
09:32:26.573 [http-nio-8080-exec-2] INFO  c.p.c.f.HeadersLoggingFilter - Header connection=0:0:0:0:0:0:0:1, IP = connection
09:32:26.573 [http-nio-8080-exec-2] INFO  c.p.c.f.HeadersLoggingFilter - Header content-length=0:0:0:0:0:0:0:1, IP = content-length
09:32:26.574 [http-nio-8080-exec-2] INFO  c.p.c.loggingfilter.LoggingFilter - Request: Method=POST, URI=/api/savePerson, Headers=content-type=application/json; user-agent=PostmanRuntime/7.43.0; accept=*/*; postman-token=bcbea1c0-6b6f-4b6c-8a14-118e2edd0fb5; host=localhost:8080; accept-encoding=gzip, deflate, br; connection=keep-alive; content-length=214; , Request ID: fcde7be6-a6af-49b8-8a56-807a3463ba96, Request IP  =0:0:0:0:0:0:0:1
09:32:26.585 [http-nio-8080-exec-2] INFO  c.p.c.l.LoggingInterceptor - Request: POST /api/savePerson
09:32:26.761 [http-nio-8080-exec-2] WARN  o.s.w.s.m.s.DefaultHandlerExceptionResolver - Resolved [org.springframework.web.bind.MethodArgumentNotValidException: Validation failed for argument [0] in public org.springframework.http.ResponseEntity<com.project.contactsdemo.dto.GenericDTO<com.project.contactsdemo.dto.PersonResponseDTO>> com.project.contactsdemo.controller.PersonContactController.savePerson(com.project.contactsdemo.dto.PersonRequestDTO) with 2 errors: [Field error in object 'personRequestDTO' on field 'phoneNumber': rejected value [+90588888888888]; codes [ValidPhoneNumber.personRequestDTO.phoneNumber,ValidPhoneNumber.phoneNumber,ValidPhoneNumber.java.lang.String,ValidPhoneNumber]; arguments [org.springframework.context.support.DefaultMessageSourceResolvable: codes [personRequestDTO.phoneNumber,phoneNumber]; arguments []; default message [phoneNumber]]; default message [Invalid phone number.]] [Field error in object 'personRequestDTO' on field 'birthDate': rejected value [20-02-2020]; codes [ValidBirthdate.personRequestDTO.birthDate,ValidBirthdate.birthDate,ValidBirthdate.java.lang.String,ValidBirthdate]; arguments [org.springframework.context.support.DefaultMessageSourceResolvable: codes [personRequestDTO.birthDate,birthDate]; arguments []; default message [birthDate]]; default message [Invalid birthdate. Date must be in the past, and the person must be at least 18 years old.]] ]
09:32:26.761 [http-nio-8080-exec-2] INFO  c.p.c.l.LoggingInterceptor - Respone 400 /api/savePerson
09:32:26.763 [http-nio-8080-exec-2] INFO  c.p.c.loggingfilter.LoggingFilter - Response: Status=400, URI=/api/savePerson, Duration (Response Time)=189ms, Headers=[], Payload = org.apache.catalina.connector.ResponseFacade@40f5269a
09:32:26.769 [http-nio-8080-exec-2] INFO  c.p.c.l.LoggingInterceptor - Request: POST /error
09:32:26.804 [http-nio-8080-exec-2] INFO  c.p.c.l.LoggingInterceptor - Respone 400 /error
09:33:23.155 [SpringApplicationShutdownHook] INFO  o.s.o.j.LocalContainerEntityManagerFactoryBean - Closing JPA EntityManagerFactory for persistence unit 'default'
09:33:23.157 [SpringApplicationShutdownHook] INFO  com.zaxxer.hikari.HikariDataSource - HikariPool-1 - Shutdown initiated...
09:33:23.161 [SpringApplicationShutdownHook] INFO  com.zaxxer.hikari.HikariDataSource - HikariPool-1 - Shutdown completed.
09:33:28.193 [background-preinit] INFO  o.h.validator.internal.util.Version - HV000001: Hibernate Validator 8.0.1.Final
09:33:28.243 [main] INFO  c.p.c.ContactsdemoApplication - Starting ContactsdemoApplication using Java 17.0.12 with PID 20832 (C:\Ayse Ceren - crud projects\contactsdemo\build\classes\java\main started by 16381136672 in C:\Ayse Ceren - crud projects\contactsdemo)
09:33:28.245 [main] INFO  c.p.c.ContactsdemoApplication - No active profile set, falling back to 1 default profile: "default"
09:33:29.208 [main] INFO  o.s.d.r.c.RepositoryConfigurationDelegate - Bootstrapping Spring Data JPA repositories in DEFAULT mode.
09:33:29.296 [main] INFO  o.s.d.r.c.RepositoryConfigurationDelegate - Finished Spring Data repository scanning in 79 ms. Found 2 JPA repository interfaces.
09:33:29.903 [main] INFO  o.s.b.w.e.tomcat.TomcatWebServer - Tomcat initialized with port 8080 (http)
09:33:29.914 [main] INFO  o.a.coyote.http11.Http11NioProtocol - Initializing ProtocolHandler ["http-nio-8080"]
09:33:29.916 [main] INFO  o.a.catalina.core.StandardService - Starting service [Tomcat]
09:33:29.916 [main] INFO  o.a.catalina.core.StandardEngine - Starting Servlet engine: [Apache Tomcat/10.1.25]
09:33:30.002 [main] INFO  o.a.c.c.C.[Tomcat].[localhost].[/] - Initializing Spring embedded WebApplicationContext
09:33:30.002 [main] INFO  o.s.b.w.s.c.ServletWebServerApplicationContext - Root WebApplicationContext: initialization completed in 1699 ms
09:33:30.179 [main] INFO  o.h.jpa.internal.util.LogHelper - HHH000204: Processing PersistenceUnitInfo [name: default]
09:33:30.254 [main] INFO  org.hibernate.Version - HHH000412: Hibernate ORM core version 6.4.9.Final
09:33:30.295 [main] INFO  o.h.c.i.RegionFactoryInitiator - HHH000026: Second-level cache disabled
09:33:30.627 [main] INFO  o.s.o.j.p.SpringPersistenceUnitInfo - No LoadTimeWeaver setup: ignoring JPA class transformer
09:33:30.659 [main] INFO  com.zaxxer.hikari.HikariDataSource - HikariPool-1 - Starting...
09:33:30.821 [main] INFO  com.zaxxer.hikari.pool.HikariPool - HikariPool-1 - Added connection org.postgresql.jdbc.PgConnection@7c4ca87c
09:33:30.823 [main] INFO  com.zaxxer.hikari.HikariDataSource - HikariPool-1 - Start completed.
09:33:30.857 [main] WARN  org.hibernate.orm.deprecation - HHH90000025: PostgreSQLDialect does not need to be specified explicitly using 'hibernate.dialect' (remove the property setting and it will be selected by default)
09:33:32.305 [main] INFO  o.s.o.j.LocalContainerEntityManagerFactoryBean - Initialized JPA EntityManagerFactory for persistence unit 'default'
09:33:33.980 [main] WARN  o.s.b.a.o.j.JpaBaseConfiguration$JpaWebConfiguration - spring.jpa.open-in-view is enabled by default. Therefore, database queries may be performed during view rendering. Explicitly configure spring.jpa.open-in-view to disable this warning
09:33:35.908 [main] INFO  o.s.d.j.r.query.QueryEnhancerFactory - Hibernate is in classpath; If applicable, HQL parser will be used.
09:33:36.953 [main] INFO  o.a.coyote.http11.Http11NioProtocol - Starting ProtocolHandler ["http-nio-8080"]
09:33:37.060 [main] INFO  o.s.b.w.e.tomcat.TomcatWebServer - Tomcat started on port 8080 (http) with context path ''
09:33:37.083 [main] INFO  c.p.c.ContactsdemoApplication - Started ContactsdemoApplication in 9.34 seconds (process running for 11.182)
09:33:39.223 [http-nio-8080-exec-2] INFO  o.a.c.c.C.[Tomcat].[localhost].[/] - Initializing Spring DispatcherServlet 'dispatcherServlet'
09:33:39.224 [http-nio-8080-exec-2] INFO  o.s.web.servlet.DispatcherServlet - Initializing Servlet 'dispatcherServlet'
09:33:39.225 [http-nio-8080-exec-2] INFO  o.s.web.servlet.DispatcherServlet - Completed initialization in 1 ms
09:33:39.246 [http-nio-8080-exec-2] INFO  c.p.c.f.HeadersLoggingFilter - Header content-type=0:0:0:0:0:0:0:1, IP = content-type
09:33:39.246 [http-nio-8080-exec-2] INFO  c.p.c.f.HeadersLoggingFilter - Header user-agent=0:0:0:0:0:0:0:1, IP = user-agent
09:33:39.247 [http-nio-8080-exec-2] INFO  c.p.c.f.HeadersLoggingFilter - Header accept=0:0:0:0:0:0:0:1, IP = accept
09:33:39.247 [http-nio-8080-exec-2] INFO  c.p.c.f.HeadersLoggingFilter - Header postman-token=0:0:0:0:0:0:0:1, IP = postman-token
09:33:39.247 [http-nio-8080-exec-2] INFO  c.p.c.f.HeadersLoggingFilter - Header host=0:0:0:0:0:0:0:1, IP = host
09:33:39.247 [http-nio-8080-exec-2] INFO  c.p.c.f.HeadersLoggingFilter - Header accept-encoding=0:0:0:0:0:0:0:1, IP = accept-encoding
09:33:39.247 [http-nio-8080-exec-2] INFO  c.p.c.f.HeadersLoggingFilter - Header connection=0:0:0:0:0:0:0:1, IP = connection
09:33:39.247 [http-nio-8080-exec-2] INFO  c.p.c.f.HeadersLoggingFilter - Header content-length=0:0:0:0:0:0:0:1, IP = content-length
09:33:39.250 [http-nio-8080-exec-2] INFO  c.p.c.loggingfilter.LoggingFilter - Request: Method=POST, URI=/api/savePerson, Headers=content-type=application/json; user-agent=PostmanRuntime/7.43.0; accept=*/*; postman-token=0c6ae4f0-03aa-474d-87a5-c60132539067; host=localhost:8080; accept-encoding=gzip, deflate, br; connection=keep-alive; content-length=214; , Request ID: c4744631-3ae3-41d4-8c63-4c8af35fc892, Request IP  =0:0:0:0:0:0:0:1
09:33:39.302 [http-nio-8080-exec-2] INFO  c.p.c.l.LoggingInterceptor - Request: POST /api/savePerson
09:33:39.835 [http-nio-8080-exec-2] WARN  o.s.w.s.m.s.DefaultHandlerExceptionResolver - Resolved [org.springframework.web.bind.MethodArgumentNotValidException: Validation failed for argument [0] in public org.springframework.http.ResponseEntity<com.project.contactsdemo.dto.GenericDTO<com.project.contactsdemo.dto.PersonResponseDTO>> com.project.contactsdemo.controller.PersonContactController.savePerson(com.project.contactsdemo.dto.PersonRequestDTO) with 2 errors: [Field error in object 'personRequestDTO' on field 'birthDate': rejected value [20-02-2020]; codes [ValidBirthdate.personRequestDTO.birthDate,ValidBirthdate.birthDate,ValidBirthdate.java.lang.String,ValidBirthdate]; arguments [org.springframework.context.support.DefaultMessageSourceResolvable: codes [personRequestDTO.birthDate,birthDate]; arguments []; default message [birthDate]]; default message [Invalid birthdate. Date must be in the past, and the person must be at least 18 years old.]] [Field error in object 'personRequestDTO' on field 'phoneNumber': rejected value [+90588888888888]; codes [ValidPhoneNumber.personRequestDTO.phoneNumber,ValidPhoneNumber.phoneNumber,ValidPhoneNumber.java.lang.String,ValidPhoneNumber]; arguments [org.springframework.context.support.DefaultMessageSourceResolvable: codes [personRequestDTO.phoneNumber,phoneNumber]; arguments []; default message [phoneNumber]]; default message [Invalid phone number.]] ]
09:33:39.835 [http-nio-8080-exec-2] INFO  c.p.c.l.LoggingInterceptor - Respone 400 /api/savePerson
09:33:39.839 [http-nio-8080-exec-2] INFO  c.p.c.loggingfilter.LoggingFilter - Response: Status=400, URI=/api/savePerson, Duration (Response Time)=588ms, Headers=[], Payload = org.apache.catalina.connector.ResponseFacade@1081cc2f
09:33:39.865 [http-nio-8080-exec-2] INFO  c.p.c.l.LoggingInterceptor - Request: POST /error
09:33:39.951 [http-nio-8080-exec-2] INFO  c.p.c.l.LoggingInterceptor - Respone 400 /error
09:34:45.087 [SpringApplicationShutdownHook] INFO  o.s.o.j.LocalContainerEntityManagerFactoryBean - Closing JPA EntityManagerFactory for persistence unit 'default'
09:34:45.089 [SpringApplicationShutdownHook] INFO  com.zaxxer.hikari.HikariDataSource - HikariPool-1 - Shutdown initiated...
09:34:45.093 [SpringApplicationShutdownHook] INFO  com.zaxxer.hikari.HikariDataSource - HikariPool-1 - Shutdown completed.
09:34:48.906 [background-preinit] INFO  o.h.validator.internal.util.Version - HV000001: Hibernate Validator 8.0.1.Final
09:34:48.955 [main] INFO  c.p.c.ContactsdemoApplication - Starting ContactsdemoApplication using Java 17.0.12 with PID 19492 (C:\Ayse Ceren - crud projects\contactsdemo\build\classes\java\main started by 16381136672 in C:\Ayse Ceren - crud projects\contactsdemo)
09:34:48.955 [main] INFO  c.p.c.ContactsdemoApplication - No active profile set, falling back to 1 default profile: "default"
09:34:49.862 [main] INFO  o.s.d.r.c.RepositoryConfigurationDelegate - Bootstrapping Spring Data JPA repositories in DEFAULT mode.
09:34:49.958 [main] INFO  o.s.d.r.c.RepositoryConfigurationDelegate - Finished Spring Data repository scanning in 86 ms. Found 2 JPA repository interfaces.
09:34:50.604 [main] INFO  o.s.b.w.e.tomcat.TomcatWebServer - Tomcat initialized with port 8080 (http)
09:34:50.615 [main] INFO  o.a.coyote.http11.Http11NioProtocol - Initializing ProtocolHandler ["http-nio-8080"]
09:34:50.617 [main] INFO  o.a.catalina.core.StandardService - Starting service [Tomcat]
09:34:50.618 [main] INFO  o.a.catalina.core.StandardEngine - Starting Servlet engine: [Apache Tomcat/10.1.25]
09:34:50.704 [main] INFO  o.a.c.c.C.[Tomcat].[localhost].[/] - Initializing Spring embedded WebApplicationContext
09:34:50.705 [main] INFO  o.s.b.w.s.c.ServletWebServerApplicationContext - Root WebApplicationContext: initialization completed in 1689 ms
09:34:50.865 [main] INFO  o.h.jpa.internal.util.LogHelper - HHH000204: Processing PersistenceUnitInfo [name: default]
09:34:50.928 [main] INFO  org.hibernate.Version - HHH000412: Hibernate ORM core version 6.4.9.Final
09:34:50.966 [main] INFO  o.h.c.i.RegionFactoryInitiator - HHH000026: Second-level cache disabled
09:34:51.238 [main] INFO  o.s.o.j.p.SpringPersistenceUnitInfo - No LoadTimeWeaver setup: ignoring JPA class transformer
09:34:51.269 [main] INFO  com.zaxxer.hikari.HikariDataSource - HikariPool-1 - Starting...
09:34:51.423 [main] INFO  com.zaxxer.hikari.pool.HikariPool - HikariPool-1 - Added connection org.postgresql.jdbc.PgConnection@495da9a7
09:34:51.425 [main] INFO  com.zaxxer.hikari.HikariDataSource - HikariPool-1 - Start completed.
09:34:51.460 [main] WARN  org.hibernate.orm.deprecation - HHH90000025: PostgreSQLDialect does not need to be specified explicitly using 'hibernate.dialect' (remove the property setting and it will be selected by default)
09:34:52.676 [main] INFO  o.s.o.j.LocalContainerEntityManagerFactoryBean - Initialized JPA EntityManagerFactory for persistence unit 'default'
09:34:53.640 [main] WARN  o.s.b.a.o.j.JpaBaseConfiguration$JpaWebConfiguration - spring.jpa.open-in-view is enabled by default. Therefore, database queries may be performed during view rendering. Explicitly configure spring.jpa.open-in-view to disable this warning
09:34:54.988 [main] INFO  o.s.d.j.r.query.QueryEnhancerFactory - Hibernate is in classpath; If applicable, HQL parser will be used.
09:34:55.899 [main] INFO  o.a.coyote.http11.Http11NioProtocol - Starting ProtocolHandler ["http-nio-8080"]
09:34:55.992 [main] INFO  o.s.b.w.e.tomcat.TomcatWebServer - Tomcat started on port 8080 (http) with context path ''
09:34:56.016 [main] INFO  c.p.c.ContactsdemoApplication - Started ContactsdemoApplication in 7.536 seconds (process running for 8.827)
09:35:06.119 [http-nio-8080-exec-2] INFO  o.a.c.c.C.[Tomcat].[localhost].[/] - Initializing Spring DispatcherServlet 'dispatcherServlet'
09:35:06.119 [http-nio-8080-exec-2] INFO  o.s.web.servlet.DispatcherServlet - Initializing Servlet 'dispatcherServlet'
09:35:06.120 [http-nio-8080-exec-2] INFO  o.s.web.servlet.DispatcherServlet - Completed initialization in 1 ms
09:35:06.139 [http-nio-8080-exec-2] INFO  c.p.c.f.HeadersLoggingFilter - Header content-type=0:0:0:0:0:0:0:1, IP = content-type
09:35:06.139 [http-nio-8080-exec-2] INFO  c.p.c.f.HeadersLoggingFilter - Header user-agent=0:0:0:0:0:0:0:1, IP = user-agent
09:35:06.139 [http-nio-8080-exec-2] INFO  c.p.c.f.HeadersLoggingFilter - Header accept=0:0:0:0:0:0:0:1, IP = accept
09:35:06.139 [http-nio-8080-exec-2] INFO  c.p.c.f.HeadersLoggingFilter - Header postman-token=0:0:0:0:0:0:0:1, IP = postman-token
09:35:06.140 [http-nio-8080-exec-2] INFO  c.p.c.f.HeadersLoggingFilter - Header host=0:0:0:0:0:0:0:1, IP = host
09:35:06.140 [http-nio-8080-exec-2] INFO  c.p.c.f.HeadersLoggingFilter - Header accept-encoding=0:0:0:0:0:0:0:1, IP = accept-encoding
09:35:06.140 [http-nio-8080-exec-2] INFO  c.p.c.f.HeadersLoggingFilter - Header connection=0:0:0:0:0:0:0:1, IP = connection
09:35:06.140 [http-nio-8080-exec-2] INFO  c.p.c.f.HeadersLoggingFilter - Header content-length=0:0:0:0:0:0:0:1, IP = content-length
09:35:06.143 [http-nio-8080-exec-2] INFO  c.p.c.loggingfilter.LoggingFilter - Request: Method=POST, URI=/api/savePerson, Headers=content-type=application/json; user-agent=PostmanRuntime/7.43.0; accept=*/*; postman-token=1aa27714-c6a8-4afd-a8cb-87a0ec9205e6; host=localhost:8080; accept-encoding=gzip, deflate, br; connection=keep-alive; content-length=214; , Request ID: e01fb751-8a52-45f7-8dbb-6d557064d180, Request IP  =0:0:0:0:0:0:0:1
09:35:06.192 [http-nio-8080-exec-2] INFO  c.p.c.l.LoggingInterceptor - Request: POST /api/savePerson
09:35:06.640 [http-nio-8080-exec-2] WARN  o.s.w.s.m.s.DefaultHandlerExceptionResolver - Resolved [org.springframework.web.bind.MethodArgumentNotValidException: Validation failed for argument [0] in public org.springframework.http.ResponseEntity<com.project.contactsdemo.dto.GenericDTO<com.project.contactsdemo.dto.PersonResponseDTO>> com.project.contactsdemo.controller.PersonContactController.savePerson(com.project.contactsdemo.dto.PersonRequestDTO) with 2 errors: [Field error in object 'personRequestDTO' on field 'birthDate': rejected value [20-02-2020]; codes [ValidBirthdate.personRequestDTO.birthDate,ValidBirthdate.birthDate,ValidBirthdate.java.lang.String,ValidBirthdate]; arguments [org.springframework.context.support.DefaultMessageSourceResolvable: codes [personRequestDTO.birthDate,birthDate]; arguments []; default message [birthDate]]; default message [Invalid birthdate. Date must be in the past, and the person must be at least 18 years old.]] [Field error in object 'personRequestDTO' on field 'phoneNumber': rejected value [+90588888888888]; codes [ValidPhoneNumber.personRequestDTO.phoneNumber,ValidPhoneNumber.phoneNumber,ValidPhoneNumber.java.lang.String,ValidPhoneNumber]; arguments [org.springframework.context.support.DefaultMessageSourceResolvable: codes [personRequestDTO.phoneNumber,phoneNumber]; arguments []; default message [phoneNumber]]; default message [Invalid phone number.]] ]
09:35:06.641 [http-nio-8080-exec-2] INFO  c.p.c.l.LoggingInterceptor - Respone 400 /api/savePerson
09:35:06.643 [http-nio-8080-exec-2] INFO  c.p.c.loggingfilter.LoggingFilter - Response: Status=400, URI=/api/savePerson, Duration (Response Time)=500ms, Headers=[], Payload = org.apache.catalina.connector.ResponseFacade@2c410e2f
09:35:06.664 [http-nio-8080-exec-2] INFO  c.p.c.l.LoggingInterceptor - Request: POST /error
09:35:06.753 [http-nio-8080-exec-2] INFO  c.p.c.l.LoggingInterceptor - Respone 400 /error
09:43:24.433 [http-nio-8080-exec-4] INFO  c.p.c.f.HeadersLoggingFilter - Header content-type=0:0:0:0:0:0:0:1, IP = content-type
09:43:24.433 [http-nio-8080-exec-4] INFO  c.p.c.f.HeadersLoggingFilter - Header user-agent=0:0:0:0:0:0:0:1, IP = user-agent
09:43:24.433 [http-nio-8080-exec-4] INFO  c.p.c.f.HeadersLoggingFilter - Header accept=0:0:0:0:0:0:0:1, IP = accept
09:43:24.433 [http-nio-8080-exec-4] INFO  c.p.c.f.HeadersLoggingFilter - Header postman-token=0:0:0:0:0:0:0:1, IP = postman-token
09:43:24.434 [http-nio-8080-exec-4] INFO  c.p.c.f.HeadersLoggingFilter - Header host=0:0:0:0:0:0:0:1, IP = host
09:43:24.434 [http-nio-8080-exec-4] INFO  c.p.c.f.HeadersLoggingFilter - Header accept-encoding=0:0:0:0:0:0:0:1, IP = accept-encoding
09:43:24.434 [http-nio-8080-exec-4] INFO  c.p.c.f.HeadersLoggingFilter - Header connection=0:0:0:0:0:0:0:1, IP = connection
09:43:24.434 [http-nio-8080-exec-4] INFO  c.p.c.f.HeadersLoggingFilter - Header content-length=0:0:0:0:0:0:0:1, IP = content-length
09:43:24.434 [http-nio-8080-exec-4] INFO  c.p.c.loggingfilter.LoggingFilter - Request: Method=POST, URI=/api/savePerson, Headers=content-type=application/json; user-agent=PostmanRuntime/7.43.0; accept=*/*; postman-token=f9b33a76-289f-460c-8ceb-162448b79f84; host=localhost:8080; accept-encoding=gzip, deflate, br; connection=keep-alive; content-length=214; , Request ID: e3019eaa-137f-43e6-82b7-9a2af8211fe5, Request IP  =0:0:0:0:0:0:0:1
09:43:24.434 [http-nio-8080-exec-4] INFO  c.p.c.l.LoggingInterceptor - Request: POST /api/savePerson
09:43:24.437 [http-nio-8080-exec-4] WARN  o.s.w.s.m.s.DefaultHandlerExceptionResolver - Resolved [org.springframework.web.bind.MethodArgumentNotValidException: Validation failed for argument [0] in public org.springframework.http.ResponseEntity<com.project.contactsdemo.dto.GenericDTO<com.project.contactsdemo.dto.PersonResponseDTO>> com.project.contactsdemo.controller.PersonContactController.savePerson(com.project.contactsdemo.dto.PersonRequestDTO) with 2 errors: [Field error in object 'personRequestDTO' on field 'phoneNumber': rejected value [+90588888888888]; codes [ValidPhoneNumber.personRequestDTO.phoneNumber,ValidPhoneNumber.phoneNumber,ValidPhoneNumber.java.lang.String,ValidPhoneNumber]; arguments [org.springframework.context.support.DefaultMessageSourceResolvable: codes [personRequestDTO.phoneNumber,phoneNumber]; arguments []; default message [phoneNumber]]; default message [Invalid phone number.]] [Field error in object 'personRequestDTO' on field 'birthDate': rejected value [20-02-2020]; codes [ValidBirthdate.personRequestDTO.birthDate,ValidBirthdate.birthDate,ValidBirthdate.java.lang.String,ValidBirthdate]; arguments [org.springframework.context.support.DefaultMessageSourceResolvable: codes [personRequestDTO.birthDate,birthDate]; arguments []; default message [birthDate]]; default message [Invalid birthdate. Date must be in the past, and the person must be at least 18 years old.]] ]
09:43:24.437 [http-nio-8080-exec-4] INFO  c.p.c.l.LoggingInterceptor - Respone 400 /api/savePerson
09:43:24.437 [http-nio-8080-exec-4] INFO  c.p.c.loggingfilter.LoggingFilter - Response: Status=400, URI=/api/savePerson, Duration (Response Time)=3ms, Headers=[], Payload = org.apache.catalina.connector.ResponseFacade@22795764
09:43:24.437 [http-nio-8080-exec-4] INFO  c.p.c.l.LoggingInterceptor - Request: POST /error
09:43:24.441 [http-nio-8080-exec-4] INFO  c.p.c.l.LoggingInterceptor - Respone 400 /error
09:45:56.125 [SpringApplicationShutdownHook] INFO  o.s.o.j.LocalContainerEntityManagerFactoryBean - Closing JPA EntityManagerFactory for persistence unit 'default'
09:45:56.130 [SpringApplicationShutdownHook] INFO  com.zaxxer.hikari.HikariDataSource - HikariPool-1 - Shutdown initiated...
09:45:56.138 [SpringApplicationShutdownHook] INFO  com.zaxxer.hikari.HikariDataSource - HikariPool-1 - Shutdown completed.
09:50:45.039 [background-preinit] INFO  o.h.validator.internal.util.Version - HV000001: Hibernate Validator 8.0.1.Final
09:50:45.096 [main] INFO  c.p.c.ContactsdemoApplication - Starting ContactsdemoApplication using Java 17.0.12 with PID 23260 (C:\Ayse Ceren - crud projects\contactsdemo\build\classes\java\main started by 16381136672 in C:\Ayse Ceren - crud projects\contactsdemo)
09:50:45.098 [main] INFO  c.p.c.ContactsdemoApplication - No active profile set, falling back to 1 default profile: "default"
09:50:46.093 [main] INFO  o.s.d.r.c.RepositoryConfigurationDelegate - Bootstrapping Spring Data JPA repositories in DEFAULT mode.
09:50:46.183 [main] INFO  o.s.d.r.c.RepositoryConfigurationDelegate - Finished Spring Data repository scanning in 81 ms. Found 2 JPA repository interfaces.
09:50:46.789 [main] INFO  o.s.b.w.e.tomcat.TomcatWebServer - Tomcat initialized with port 8080 (http)
09:50:46.799 [main] INFO  o.a.coyote.http11.Http11NioProtocol - Initializing ProtocolHandler ["http-nio-8080"]
09:50:46.801 [main] INFO  o.a.catalina.core.StandardService - Starting service [Tomcat]
09:50:46.801 [main] INFO  o.a.catalina.core.StandardEngine - Starting Servlet engine: [Apache Tomcat/10.1.25]
09:50:46.889 [main] INFO  o.a.c.c.C.[Tomcat].[localhost].[/] - Initializing Spring embedded WebApplicationContext
09:50:46.891 [main] INFO  o.s.b.w.s.c.ServletWebServerApplicationContext - Root WebApplicationContext: initialization completed in 1741 ms
09:50:47.055 [main] INFO  o.h.jpa.internal.util.LogHelper - HHH000204: Processing PersistenceUnitInfo [name: default]
09:50:47.130 [main] INFO  org.hibernate.Version - HHH000412: Hibernate ORM core version 6.4.9.Final
09:50:47.173 [main] INFO  o.h.c.i.RegionFactoryInitiator - HHH000026: Second-level cache disabled
09:50:47.454 [main] INFO  o.s.o.j.p.SpringPersistenceUnitInfo - No LoadTimeWeaver setup: ignoring JPA class transformer
09:50:47.488 [main] INFO  com.zaxxer.hikari.HikariDataSource - HikariPool-1 - Starting...
09:50:47.648 [main] INFO  com.zaxxer.hikari.pool.HikariPool - HikariPool-1 - Added connection org.postgresql.jdbc.PgConnection@df9d400
09:50:47.651 [main] INFO  com.zaxxer.hikari.HikariDataSource - HikariPool-1 - Start completed.
09:50:47.684 [main] WARN  org.hibernate.orm.deprecation - HHH90000025: PostgreSQLDialect does not need to be specified explicitly using 'hibernate.dialect' (remove the property setting and it will be selected by default)
09:50:48.869 [main] INFO  o.s.o.j.LocalContainerEntityManagerFactoryBean - Initialized JPA EntityManagerFactory for persistence unit 'default'
09:50:50.190 [main] WARN  o.s.b.a.o.j.JpaBaseConfiguration$JpaWebConfiguration - spring.jpa.open-in-view is enabled by default. Therefore, database queries may be performed during view rendering. Explicitly configure spring.jpa.open-in-view to disable this warning
09:50:52.661 [main] INFO  o.s.d.j.r.query.QueryEnhancerFactory - Hibernate is in classpath; If applicable, HQL parser will be used.
09:50:54.224 [main] INFO  o.a.coyote.http11.Http11NioProtocol - Starting ProtocolHandler ["http-nio-8080"]
09:50:54.330 [main] INFO  o.s.b.w.e.tomcat.TomcatWebServer - Tomcat started on port 8080 (http) with context path ''
09:50:54.359 [main] INFO  c.p.c.ContactsdemoApplication - Started ContactsdemoApplication in 9.77 seconds (process running for 11.344)
09:50:59.721 [http-nio-8080-exec-1] INFO  o.a.c.c.C.[Tomcat].[localhost].[/] - Initializing Spring DispatcherServlet 'dispatcherServlet'
09:50:59.722 [http-nio-8080-exec-1] INFO  o.s.web.servlet.DispatcherServlet - Initializing Servlet 'dispatcherServlet'
09:50:59.723 [http-nio-8080-exec-1] INFO  o.s.web.servlet.DispatcherServlet - Completed initialization in 1 ms
09:50:59.744 [http-nio-8080-exec-1] INFO  c.p.c.f.HeadersLoggingFilter - Header content-type=0:0:0:0:0:0:0:1, IP = content-type
09:50:59.744 [http-nio-8080-exec-1] INFO  c.p.c.f.HeadersLoggingFilter - Header user-agent=0:0:0:0:0:0:0:1, IP = user-agent
09:50:59.745 [http-nio-8080-exec-1] INFO  c.p.c.f.HeadersLoggingFilter - Header accept=0:0:0:0:0:0:0:1, IP = accept
09:50:59.745 [http-nio-8080-exec-1] INFO  c.p.c.f.HeadersLoggingFilter - Header postman-token=0:0:0:0:0:0:0:1, IP = postman-token
09:50:59.745 [http-nio-8080-exec-1] INFO  c.p.c.f.HeadersLoggingFilter - Header host=0:0:0:0:0:0:0:1, IP = host
09:50:59.745 [http-nio-8080-exec-1] INFO  c.p.c.f.HeadersLoggingFilter - Header accept-encoding=0:0:0:0:0:0:0:1, IP = accept-encoding
09:50:59.745 [http-nio-8080-exec-1] INFO  c.p.c.f.HeadersLoggingFilter - Header connection=0:0:0:0:0:0:0:1, IP = connection
09:50:59.745 [http-nio-8080-exec-1] INFO  c.p.c.f.HeadersLoggingFilter - Header content-length=0:0:0:0:0:0:0:1, IP = content-length
09:50:59.748 [http-nio-8080-exec-1] INFO  c.p.c.loggingfilter.LoggingFilter - Request: Method=POST, URI=/api/savePerson, Headers=content-type=application/json; user-agent=PostmanRuntime/7.43.0; accept=*/*; postman-token=d2293fdf-fc80-4a2e-8aad-716bd1564114; host=localhost:8080; accept-encoding=gzip, deflate, br; connection=keep-alive; content-length=214; , Request ID: f0a52002-80a4-4016-85f8-300805286a38, Request IP  =0:0:0:0:0:0:0:1
09:50:59.798 [http-nio-8080-exec-1] INFO  c.p.c.l.LoggingInterceptor - Request: POST /api/savePerson
09:51:40.071 [http-nio-8080-exec-1] INFO  c.p.c.l.LoggingInterceptor - Respone 201 /api/savePerson
09:51:40.074 [http-nio-8080-exec-1] INFO  c.p.c.loggingfilter.LoggingFilter - Response: Status=201, URI=/api/savePerson, Duration (Response Time)=40326ms, Headers=[Content-Type, Transfer-Encoding, Date, Keep-Alive, Connection], Payload = org.apache.catalina.connector.ResponseFacade@2f82b4e6
10:04:17.925 [SpringApplicationShutdownHook] INFO  o.s.o.j.LocalContainerEntityManagerFactoryBean - Closing JPA EntityManagerFactory for persistence unit 'default'
10:04:17.927 [SpringApplicationShutdownHook] INFO  com.zaxxer.hikari.HikariDataSource - HikariPool-1 - Shutdown initiated...
10:04:17.936 [SpringApplicationShutdownHook] INFO  com.zaxxer.hikari.HikariDataSource - HikariPool-1 - Shutdown completed.
10:04:22.360 [background-preinit] INFO  o.h.validator.internal.util.Version - HV000001: Hibernate Validator 8.0.1.Final
10:04:22.414 [main] INFO  c.p.c.ContactsdemoApplication - Starting ContactsdemoApplication using Java 17.0.12 with PID 32040 (C:\Ayse Ceren - crud projects\contactsdemo\build\classes\java\main started by 16381136672 in C:\Ayse Ceren - crud projects\contactsdemo)
10:04:22.416 [main] INFO  c.p.c.ContactsdemoApplication - No active profile set, falling back to 1 default profile: "default"
10:04:23.374 [main] INFO  o.s.d.r.c.RepositoryConfigurationDelegate - Bootstrapping Spring Data JPA repositories in DEFAULT mode.
10:04:23.478 [main] INFO  o.s.d.r.c.RepositoryConfigurationDelegate - Finished Spring Data repository scanning in 93 ms. Found 2 JPA repository interfaces.
10:04:24.124 [main] INFO  o.s.b.w.e.tomcat.TomcatWebServer - Tomcat initialized with port 8080 (http)
10:04:24.136 [main] INFO  o.a.coyote.http11.Http11NioProtocol - Initializing ProtocolHandler ["http-nio-8080"]
10:04:24.138 [main] INFO  o.a.catalina.core.StandardService - Starting service [Tomcat]
10:04:24.138 [main] INFO  o.a.catalina.core.StandardEngine - Starting Servlet engine: [Apache Tomcat/10.1.25]
10:04:24.221 [main] INFO  o.a.c.c.C.[Tomcat].[localhost].[/] - Initializing Spring embedded WebApplicationContext
10:04:24.222 [main] INFO  o.s.b.w.s.c.ServletWebServerApplicationContext - Root WebApplicationContext: initialization completed in 1730 ms
10:04:24.383 [main] INFO  o.h.jpa.internal.util.LogHelper - HHH000204: Processing PersistenceUnitInfo [name: default]
10:04:24.447 [main] INFO  org.hibernate.Version - HHH000412: Hibernate ORM core version 6.4.9.Final
10:04:24.485 [main] INFO  o.h.c.i.RegionFactoryInitiator - HHH000026: Second-level cache disabled
10:04:24.782 [main] INFO  o.s.o.j.p.SpringPersistenceUnitInfo - No LoadTimeWeaver setup: ignoring JPA class transformer
10:04:24.812 [main] INFO  com.zaxxer.hikari.HikariDataSource - HikariPool-1 - Starting...
10:04:24.968 [main] INFO  com.zaxxer.hikari.pool.HikariPool - HikariPool-1 - Added connection org.postgresql.jdbc.PgConnection@4d065e1a
10:04:24.970 [main] INFO  com.zaxxer.hikari.HikariDataSource - HikariPool-1 - Start completed.
10:04:25.003 [main] WARN  org.hibernate.orm.deprecation - HHH90000025: PostgreSQLDialect does not need to be specified explicitly using 'hibernate.dialect' (remove the property setting and it will be selected by default)
10:04:26.261 [main] INFO  o.s.o.j.LocalContainerEntityManagerFactoryBean - Initialized JPA EntityManagerFactory for persistence unit 'default'
10:04:27.899 [main] WARN  o.s.b.a.o.j.JpaBaseConfiguration$JpaWebConfiguration - spring.jpa.open-in-view is enabled by default. Therefore, database queries may be performed during view rendering. Explicitly configure spring.jpa.open-in-view to disable this warning
10:04:29.408 [main] INFO  o.s.d.j.r.query.QueryEnhancerFactory - Hibernate is in classpath; If applicable, HQL parser will be used.
10:04:30.369 [main] INFO  o.a.coyote.http11.Http11NioProtocol - Starting ProtocolHandler ["http-nio-8080"]
10:04:30.465 [main] INFO  o.s.b.w.e.tomcat.TomcatWebServer - Tomcat started on port 8080 (http) with context path ''
10:04:30.486 [main] INFO  c.p.c.ContactsdemoApplication - Started ContactsdemoApplication in 8.565 seconds (process running for 9.992)
10:04:53.685 [http-nio-8080-exec-1] INFO  o.a.c.c.C.[Tomcat].[localhost].[/] - Initializing Spring DispatcherServlet 'dispatcherServlet'
10:04:53.686 [http-nio-8080-exec-1] INFO  o.s.web.servlet.DispatcherServlet - Initializing Servlet 'dispatcherServlet'
10:04:53.686 [http-nio-8080-exec-1] INFO  o.s.web.servlet.DispatcherServlet - Completed initialization in 0 ms
10:04:53.702 [http-nio-8080-exec-1] INFO  c.p.c.f.HeadersLoggingFilter - Header content-type=0:0:0:0:0:0:0:1, IP = content-type
10:04:53.702 [http-nio-8080-exec-1] INFO  c.p.c.f.HeadersLoggingFilter - Header user-agent=0:0:0:0:0:0:0:1, IP = user-agent
10:04:53.702 [http-nio-8080-exec-1] INFO  c.p.c.f.HeadersLoggingFilter - Header accept=0:0:0:0:0:0:0:1, IP = accept
10:04:53.702 [http-nio-8080-exec-1] INFO  c.p.c.f.HeadersLoggingFilter - Header postman-token=0:0:0:0:0:0:0:1, IP = postman-token
10:04:53.702 [http-nio-8080-exec-1] INFO  c.p.c.f.HeadersLoggingFilter - Header host=0:0:0:0:0:0:0:1, IP = host
10:04:53.702 [http-nio-8080-exec-1] INFO  c.p.c.f.HeadersLoggingFilter - Header accept-encoding=0:0:0:0:0:0:0:1, IP = accept-encoding
10:04:53.702 [http-nio-8080-exec-1] INFO  c.p.c.f.HeadersLoggingFilter - Header connection=0:0:0:0:0:0:0:1, IP = connection
10:04:53.702 [http-nio-8080-exec-1] INFO  c.p.c.f.HeadersLoggingFilter - Header content-length=0:0:0:0:0:0:0:1, IP = content-length
10:04:53.704 [http-nio-8080-exec-1] INFO  c.p.c.loggingfilter.LoggingFilter - Request: Method=POST, URI=/api/savePerson, Headers=content-type=application/json; user-agent=PostmanRuntime/7.43.0; accept=*/*; postman-token=8c1a0fda-608c-48c0-8656-8340b7ca9447; host=localhost:8080; accept-encoding=gzip, deflate, br; connection=keep-alive; content-length=214; , Request ID: f02fc3db-c5f3-4af6-9dc6-98c8c45b3c4e, Request IP  =0:0:0:0:0:0:0:1
10:04:53.749 [http-nio-8080-exec-1] INFO  c.p.c.l.LoggingInterceptor - Request: POST /api/savePerson
10:04:54.202 [http-nio-8080-exec-1] WARN  o.s.w.s.m.s.DefaultHandlerExceptionResolver - Resolved [org.springframework.web.bind.MethodArgumentNotValidException: Validation failed for argument [0] in public org.springframework.http.ResponseEntity<com.project.contactsdemo.dto.GenericDTO<com.project.contactsdemo.dto.PersonResponseDTO>> com.project.contactsdemo.controller.PersonContactController.savePerson(com.project.contactsdemo.dto.PersonRequestDTO) with 2 errors: [Field error in object 'personRequestDTO' on field 'phoneNumber': rejected value [+90588888888888]; codes [ValidPhoneNumber.personRequestDTO.phoneNumber,ValidPhoneNumber.phoneNumber,ValidPhoneNumber.java.lang.String,ValidPhoneNumber]; arguments [org.springframework.context.support.DefaultMessageSourceResolvable: codes [personRequestDTO.phoneNumber,phoneNumber]; arguments []; default message [phoneNumber]]; default message [Invalid phone number.]] [Field error in object 'personRequestDTO' on field 'birthDate': rejected value [20-02-2020]; codes [ValidBirthdate.personRequestDTO.birthDate,ValidBirthdate.birthDate,ValidBirthdate.java.lang.String,ValidBirthdate]; arguments [org.springframework.context.support.DefaultMessageSourceResolvable: codes [personRequestDTO.birthDate,birthDate]; arguments []; default message [birthDate]]; default message [Invalid birthdate. Date must be in the past, and the person must be at least 18 years old.]] ]
10:04:54.202 [http-nio-8080-exec-1] INFO  c.p.c.l.LoggingInterceptor - Respone 400 /api/savePerson
10:04:54.204 [http-nio-8080-exec-1] INFO  c.p.c.loggingfilter.LoggingFilter - Response: Status=400, URI=/api/savePerson, Duration (Response Time)=500ms, Headers=[], Payload = org.apache.catalina.connector.ResponseFacade@3f53b5c5
10:04:54.222 [http-nio-8080-exec-1] INFO  c.p.c.l.LoggingInterceptor - Request: POST /error
10:04:54.286 [http-nio-8080-exec-1] INFO  c.p.c.l.LoggingInterceptor - Respone 400 /error
10:06:12.088 [SpringApplicationShutdownHook] INFO  o.s.o.j.LocalContainerEntityManagerFactoryBean - Closing JPA EntityManagerFactory for persistence unit 'default'
10:06:12.090 [SpringApplicationShutdownHook] INFO  com.zaxxer.hikari.HikariDataSource - HikariPool-1 - Shutdown initiated...
10:06:12.095 [SpringApplicationShutdownHook] INFO  com.zaxxer.hikari.HikariDataSource - HikariPool-1 - Shutdown completed.
10:06:15.840 [background-preinit] INFO  o.h.validator.internal.util.Version - HV000001: Hibernate Validator 8.0.1.Final
10:06:15.894 [main] INFO  c.p.c.ContactsdemoApplication - Starting ContactsdemoApplication using Java 17.0.12 with PID 22820 (C:\Ayse Ceren - crud projects\contactsdemo\build\classes\java\main started by 16381136672 in C:\Ayse Ceren - crud projects\contactsdemo)
10:06:15.895 [main] INFO  c.p.c.ContactsdemoApplication - No active profile set, falling back to 1 default profile: "default"
10:06:16.822 [main] INFO  o.s.d.r.c.RepositoryConfigurationDelegate - Bootstrapping Spring Data JPA repositories in DEFAULT mode.
10:06:16.913 [main] INFO  o.s.d.r.c.RepositoryConfigurationDelegate - Finished Spring Data repository scanning in 82 ms. Found 2 JPA repository interfaces.
10:06:17.480 [main] INFO  o.s.b.w.e.tomcat.TomcatWebServer - Tomcat initialized with port 8080 (http)
10:06:17.492 [main] INFO  o.a.coyote.http11.Http11NioProtocol - Initializing ProtocolHandler ["http-nio-8080"]
10:06:17.494 [main] INFO  o.a.catalina.core.StandardService - Starting service [Tomcat]
10:06:17.495 [main] INFO  o.a.catalina.core.StandardEngine - Starting Servlet engine: [Apache Tomcat/10.1.25]
10:06:17.577 [main] INFO  o.a.c.c.C.[Tomcat].[localhost].[/] - Initializing Spring embedded WebApplicationContext
10:06:17.578 [main] INFO  o.s.b.w.s.c.ServletWebServerApplicationContext - Root WebApplicationContext: initialization completed in 1621 ms
10:06:17.735 [main] INFO  o.h.jpa.internal.util.LogHelper - HHH000204: Processing PersistenceUnitInfo [name: default]
10:06:17.795 [main] INFO  org.hibernate.Version - HHH000412: Hibernate ORM core version 6.4.9.Final
10:06:17.832 [main] INFO  o.h.c.i.RegionFactoryInitiator - HHH000026: Second-level cache disabled
10:06:18.109 [main] INFO  o.s.o.j.p.SpringPersistenceUnitInfo - No LoadTimeWeaver setup: ignoring JPA class transformer
10:06:18.138 [main] INFO  com.zaxxer.hikari.HikariDataSource - HikariPool-1 - Starting...
10:06:18.292 [main] INFO  com.zaxxer.hikari.pool.HikariPool - HikariPool-1 - Added connection org.postgresql.jdbc.PgConnection@7c4ca87c
10:06:18.294 [main] INFO  com.zaxxer.hikari.HikariDataSource - HikariPool-1 - Start completed.
10:06:18.327 [main] WARN  org.hibernate.orm.deprecation - HHH90000025: PostgreSQLDialect does not need to be specified explicitly using 'hibernate.dialect' (remove the property setting and it will be selected by default)
10:06:19.489 [main] INFO  o.s.o.j.LocalContainerEntityManagerFactoryBean - Initialized JPA EntityManagerFactory for persistence unit 'default'
10:06:20.759 [main] WARN  o.s.b.a.o.j.JpaBaseConfiguration$JpaWebConfiguration - spring.jpa.open-in-view is enabled by default. Therefore, database queries may be performed during view rendering. Explicitly configure spring.jpa.open-in-view to disable this warning
10:06:22.216 [main] INFO  o.s.d.j.r.query.QueryEnhancerFactory - Hibernate is in classpath; If applicable, HQL parser will be used.
10:06:23.039 [main] INFO  o.a.coyote.http11.Http11NioProtocol - Starting ProtocolHandler ["http-nio-8080"]
10:06:23.123 [main] INFO  o.s.b.w.e.tomcat.TomcatWebServer - Tomcat started on port 8080 (http) with context path ''
10:06:23.145 [main] INFO  c.p.c.ContactsdemoApplication - Started ContactsdemoApplication in 7.738 seconds (process running for 9.112)
10:06:28.571 [http-nio-8080-exec-1] INFO  o.a.c.c.C.[Tomcat].[localhost].[/] - Initializing Spring DispatcherServlet 'dispatcherServlet'
10:06:28.571 [http-nio-8080-exec-1] INFO  o.s.web.servlet.DispatcherServlet - Initializing Servlet 'dispatcherServlet'
10:06:28.572 [http-nio-8080-exec-1] INFO  o.s.web.servlet.DispatcherServlet - Completed initialization in 1 ms
10:06:28.592 [http-nio-8080-exec-1] INFO  c.p.c.f.HeadersLoggingFilter - Header content-type=0:0:0:0:0:0:0:1, IP = content-type
10:06:28.592 [http-nio-8080-exec-1] INFO  c.p.c.f.HeadersLoggingFilter - Header user-agent=0:0:0:0:0:0:0:1, IP = user-agent
10:06:28.592 [http-nio-8080-exec-1] INFO  c.p.c.f.HeadersLoggingFilter - Header accept=0:0:0:0:0:0:0:1, IP = accept
10:06:28.593 [http-nio-8080-exec-1] INFO  c.p.c.f.HeadersLoggingFilter - Header postman-token=0:0:0:0:0:0:0:1, IP = postman-token
10:06:28.593 [http-nio-8080-exec-1] INFO  c.p.c.f.HeadersLoggingFilter - Header host=0:0:0:0:0:0:0:1, IP = host
10:06:28.593 [http-nio-8080-exec-1] INFO  c.p.c.f.HeadersLoggingFilter - Header accept-encoding=0:0:0:0:0:0:0:1, IP = accept-encoding
10:06:28.593 [http-nio-8080-exec-1] INFO  c.p.c.f.HeadersLoggingFilter - Header connection=0:0:0:0:0:0:0:1, IP = connection
10:06:28.593 [http-nio-8080-exec-1] INFO  c.p.c.f.HeadersLoggingFilter - Header content-length=0:0:0:0:0:0:0:1, IP = content-length
10:06:28.596 [http-nio-8080-exec-1] INFO  c.p.c.loggingfilter.LoggingFilter - Request: Method=POST, URI=/api/saveContact, Headers=content-type=application/json; user-agent=PostmanRuntime/7.43.0; accept=*/*; postman-token=d3a20ce7-c100-480b-9a79-9a99503fc7e9; host=localhost:8080; accept-encoding=gzip, deflate, br; connection=keep-alive; content-length=89; , Request ID: aa482909-3aeb-496b-9387-6321d36c1d47, Request IP  =0:0:0:0:0:0:0:1
10:06:28.647 [http-nio-8080-exec-1] INFO  c.p.c.l.LoggingInterceptor - Request: POST /api/saveContact
10:06:34.202 [http-nio-8080-exec-1] INFO  c.p.c.l.LoggingInterceptor - Respone 400 /api/saveContact
10:06:34.205 [http-nio-8080-exec-1] INFO  c.p.c.loggingfilter.LoggingFilter - Response: Status=400, URI=/api/saveContact, Duration (Response Time)=5609ms, Headers=[Content-Type, Transfer-Encoding, Date, Connection], Payload = org.apache.catalina.connector.ResponseFacade@7f45af6a
10:08:29.864 [http-nio-8080-exec-4] INFO  c.p.c.f.HeadersLoggingFilter - Header content-type=0:0:0:0:0:0:0:1, IP = content-type
10:08:29.864 [http-nio-8080-exec-4] INFO  c.p.c.f.HeadersLoggingFilter - Header user-agent=0:0:0:0:0:0:0:1, IP = user-agent
10:08:29.864 [http-nio-8080-exec-4] INFO  c.p.c.f.HeadersLoggingFilter - Header accept=0:0:0:0:0:0:0:1, IP = accept
10:08:29.864 [http-nio-8080-exec-4] INFO  c.p.c.f.HeadersLoggingFilter - Header postman-token=0:0:0:0:0:0:0:1, IP = postman-token
10:08:29.865 [http-nio-8080-exec-4] INFO  c.p.c.f.HeadersLoggingFilter - Header host=0:0:0:0:0:0:0:1, IP = host
10:08:29.865 [http-nio-8080-exec-4] INFO  c.p.c.f.HeadersLoggingFilter - Header accept-encoding=0:0:0:0:0:0:0:1, IP = accept-encoding
10:08:29.865 [http-nio-8080-exec-4] INFO  c.p.c.f.HeadersLoggingFilter - Header connection=0:0:0:0:0:0:0:1, IP = connection
10:08:29.865 [http-nio-8080-exec-4] INFO  c.p.c.f.HeadersLoggingFilter - Header content-length=0:0:0:0:0:0:0:1, IP = content-length
10:08:29.866 [http-nio-8080-exec-4] INFO  c.p.c.loggingfilter.LoggingFilter - Request: Method=POST, URI=/api/saveContact, Headers=content-type=application/json; user-agent=PostmanRuntime/7.43.0; accept=*/*; postman-token=9bc833fe-e130-40ca-a3d4-79ea18ffb58c; host=localhost:8080; accept-encoding=gzip, deflate, br; connection=keep-alive; content-length=89; , Request ID: c3f81f11-c5ea-403a-ab7f-9b764b3d012c, Request IP  =0:0:0:0:0:0:0:1
10:08:29.867 [http-nio-8080-exec-4] INFO  c.p.c.l.LoggingInterceptor - Request: POST /api/saveContact
10:08:34.683 [http-nio-8080-exec-4] INFO  c.p.c.l.LoggingInterceptor - Respone 400 /api/saveContact
10:08:34.684 [http-nio-8080-exec-4] INFO  c.p.c.loggingfilter.LoggingFilter - Response: Status=400, URI=/api/saveContact, Duration (Response Time)=4818ms, Headers=[Content-Type, Transfer-Encoding, Date, Connection], Payload = org.apache.catalina.connector.ResponseFacade@492c9878
10:10:00.083 [http-nio-8080-exec-5] INFO  c.p.c.f.HeadersLoggingFilter - Header content-type=0:0:0:0:0:0:0:1, IP = content-type
10:10:00.083 [http-nio-8080-exec-5] INFO  c.p.c.f.HeadersLoggingFilter - Header user-agent=0:0:0:0:0:0:0:1, IP = user-agent
10:10:00.083 [http-nio-8080-exec-5] INFO  c.p.c.f.HeadersLoggingFilter - Header accept=0:0:0:0:0:0:0:1, IP = accept
10:10:00.083 [http-nio-8080-exec-5] INFO  c.p.c.f.HeadersLoggingFilter - Header postman-token=0:0:0:0:0:0:0:1, IP = postman-token
10:10:00.083 [http-nio-8080-exec-5] INFO  c.p.c.f.HeadersLoggingFilter - Header host=0:0:0:0:0:0:0:1, IP = host
10:10:00.083 [http-nio-8080-exec-5] INFO  c.p.c.f.HeadersLoggingFilter - Header accept-encoding=0:0:0:0:0:0:0:1, IP = accept-encoding
10:10:00.084 [http-nio-8080-exec-5] INFO  c.p.c.f.HeadersLoggingFilter - Header connection=0:0:0:0:0:0:0:1, IP = connection
10:10:00.084 [http-nio-8080-exec-5] INFO  c.p.c.f.HeadersLoggingFilter - Header content-length=0:0:0:0:0:0:0:1, IP = content-length
10:10:00.088 [http-nio-8080-exec-5] INFO  c.p.c.loggingfilter.LoggingFilter - Request: Method=POST, URI=/api/saveContact, Headers=content-type=application/json; user-agent=PostmanRuntime/7.43.0; accept=*/*; postman-token=fba8047f-7eb1-4d0d-906d-79eca34bdfae; host=localhost:8080; accept-encoding=gzip, deflate, br; connection=keep-alive; content-length=89; , Request ID: f17e73e3-1b97-40d6-8c52-bce47aa22f29, Request IP  =0:0:0:0:0:0:0:1
10:10:00.088 [http-nio-8080-exec-5] INFO  c.p.c.l.LoggingInterceptor - Request: POST /api/saveContact
10:10:18.376 [http-nio-8080-exec-5] WARN  o.h.e.jdbc.spi.SqlExceptionHelper - SQL Error: 0, SQLState: 23505
10:10:18.377 [http-nio-8080-exec-5] ERROR o.h.e.jdbc.spi.SqlExceptionHelper - ERROR: duplicate key value violates unique constraint "uk_rp36gnpl2si1n78ikgqtf0suo"
  Ayrıntı: Key (contact_name)=(yeni yeni) already exists.
10:10:20.645 [http-nio-8080-exec-5] INFO  c.p.c.l.LoggingInterceptor - Respone 500 /api/saveContact
10:10:20.645 [http-nio-8080-exec-5] INFO  c.p.c.loggingfilter.LoggingFilter - Response: Status=500, URI=/api/saveContact, Duration (Response Time)=20557ms, Headers=[Content-Type, Transfer-Encoding, Date, Connection], Payload = org.apache.catalina.connector.ResponseFacade@70c41807
10:10:37.862 [http-nio-8080-exec-8] INFO  c.p.c.f.HeadersLoggingFilter - Header content-type=0:0:0:0:0:0:0:1, IP = content-type
10:10:37.862 [http-nio-8080-exec-8] INFO  c.p.c.f.HeadersLoggingFilter - Header user-agent=0:0:0:0:0:0:0:1, IP = user-agent
10:10:37.862 [http-nio-8080-exec-8] INFO  c.p.c.f.HeadersLoggingFilter - Header accept=0:0:0:0:0:0:0:1, IP = accept
10:10:37.862 [http-nio-8080-exec-8] INFO  c.p.c.f.HeadersLoggingFilter - Header postman-token=0:0:0:0:0:0:0:1, IP = postman-token
10:10:37.863 [http-nio-8080-exec-8] INFO  c.p.c.f.HeadersLoggingFilter - Header host=0:0:0:0:0:0:0:1, IP = host
10:10:37.863 [http-nio-8080-exec-8] INFO  c.p.c.f.HeadersLoggingFilter - Header accept-encoding=0:0:0:0:0:0:0:1, IP = accept-encoding
10:10:37.863 [http-nio-8080-exec-8] INFO  c.p.c.f.HeadersLoggingFilter - Header connection=0:0:0:0:0:0:0:1, IP = connection
10:10:37.863 [http-nio-8080-exec-8] INFO  c.p.c.f.HeadersLoggingFilter - Header content-length=0:0:0:0:0:0:0:1, IP = content-length
10:10:37.863 [http-nio-8080-exec-8] INFO  c.p.c.loggingfilter.LoggingFilter - Request: Method=POST, URI=/api/saveContact, Headers=content-type=application/json; user-agent=PostmanRuntime/7.43.0; accept=*/*; postman-token=0bdb0e23-d606-454c-bfb0-e4a8de44eadb; host=localhost:8080; accept-encoding=gzip, deflate, br; connection=keep-alive; content-length=88; , Request ID: b1f55009-c761-4f23-ae43-1847d956e4a1, Request IP  =0:0:0:0:0:0:0:1
10:10:37.863 [http-nio-8080-exec-8] INFO  c.p.c.l.LoggingInterceptor - Request: POST /api/saveContact
10:10:41.876 [http-nio-8080-exec-8] INFO  c.p.c.l.LoggingInterceptor - Respone 201 /api/saveContact
10:10:41.876 [http-nio-8080-exec-8] INFO  c.p.c.loggingfilter.LoggingFilter - Response: Status=201, URI=/api/saveContact, Duration (Response Time)=4013ms, Headers=[Content-Type, Transfer-Encoding, Date, Keep-Alive, Connection], Payload = org.apache.catalina.connector.ResponseFacade@5699f433
10:13:04.380 [http-nio-8080-exec-2] INFO  c.p.c.f.HeadersLoggingFilter - Header content-type=0:0:0:0:0:0:0:1, IP = content-type
10:13:04.381 [http-nio-8080-exec-2] INFO  c.p.c.f.HeadersLoggingFilter - Header user-agent=0:0:0:0:0:0:0:1, IP = user-agent
10:13:04.381 [http-nio-8080-exec-2] INFO  c.p.c.f.HeadersLoggingFilter - Header accept=0:0:0:0:0:0:0:1, IP = accept
10:13:04.381 [http-nio-8080-exec-2] INFO  c.p.c.f.HeadersLoggingFilter - Header postman-token=0:0:0:0:0:0:0:1, IP = postman-token
10:13:04.381 [http-nio-8080-exec-2] INFO  c.p.c.f.HeadersLoggingFilter - Header host=0:0:0:0:0:0:0:1, IP = host
10:13:04.381 [http-nio-8080-exec-2] INFO  c.p.c.f.HeadersLoggingFilter - Header accept-encoding=0:0:0:0:0:0:0:1, IP = accept-encoding
10:13:04.381 [http-nio-8080-exec-2] INFO  c.p.c.f.HeadersLoggingFilter - Header connection=0:0:0:0:0:0:0:1, IP = connection
10:13:04.381 [http-nio-8080-exec-2] INFO  c.p.c.f.HeadersLoggingFilter - Header content-length=0:0:0:0:0:0:0:1, IP = content-length
10:13:04.381 [http-nio-8080-exec-2] INFO  c.p.c.loggingfilter.LoggingFilter - Request: Method=POST, URI=/api/saveContact, Headers=content-type=application/json; user-agent=PostmanRuntime/7.43.0; accept=*/*; postman-token=6a22f8d0-2340-4ccd-9cb9-921df8701eec; host=localhost:8080; accept-encoding=gzip, deflate, br; connection=keep-alive; content-length=88; , Request ID: d41cb1ca-969a-4b8b-8044-5fcef01cc355, Request IP  =0:0:0:0:0:0:0:1
10:13:04.381 [http-nio-8080-exec-2] INFO  c.p.c.l.LoggingInterceptor - Request: POST /api/saveContact
10:13:11.150 [http-nio-8080-exec-2] WARN  o.h.e.jdbc.spi.SqlExceptionHelper - SQL Error: 0, SQLState: 23505
10:13:11.150 [http-nio-8080-exec-2] ERROR o.h.e.jdbc.spi.SqlExceptionHelper - ERROR: duplicate key value violates unique constraint "uk_rp36gnpl2si1n78ikgqtf0suo"
  Ayrıntı: Key (contact_name)=(yeni yen) already exists.
10:13:20.343 [http-nio-8080-exec-2] INFO  c.p.c.l.LoggingInterceptor - Respone 500 /api/saveContact
10:13:20.343 [http-nio-8080-exec-2] INFO  c.p.c.loggingfilter.LoggingFilter - Response: Status=500, URI=/api/saveContact, Duration (Response Time)=15962ms, Headers=[Content-Type, Transfer-Encoding, Date, Connection], Payload = org.apache.catalina.connector.ResponseFacade@35068fe4
10:16:49.541 [http-nio-8080-exec-3] INFO  c.p.c.f.HeadersLoggingFilter - Header content-type=0:0:0:0:0:0:0:1, IP = content-type
10:16:49.541 [http-nio-8080-exec-3] INFO  c.p.c.f.HeadersLoggingFilter - Header user-agent=0:0:0:0:0:0:0:1, IP = user-agent
10:16:49.541 [http-nio-8080-exec-3] INFO  c.p.c.f.HeadersLoggingFilter - Header accept=0:0:0:0:0:0:0:1, IP = accept
10:16:49.541 [http-nio-8080-exec-3] INFO  c.p.c.f.HeadersLoggingFilter - Header postman-token=0:0:0:0:0:0:0:1, IP = postman-token
10:16:49.541 [http-nio-8080-exec-3] INFO  c.p.c.f.HeadersLoggingFilter - Header host=0:0:0:0:0:0:0:1, IP = host
10:16:49.541 [http-nio-8080-exec-3] INFO  c.p.c.f.HeadersLoggingFilter - Header accept-encoding=0:0:0:0:0:0:0:1, IP = accept-encoding
10:16:49.541 [http-nio-8080-exec-3] INFO  c.p.c.f.HeadersLoggingFilter - Header connection=0:0:0:0:0:0:0:1, IP = connection
10:16:49.541 [http-nio-8080-exec-3] INFO  c.p.c.f.HeadersLoggingFilter - Header content-length=0:0:0:0:0:0:0:1, IP = content-length
10:16:49.541 [http-nio-8080-exec-3] INFO  c.p.c.loggingfilter.LoggingFilter - Request: Method=POST, URI=/api/saveContact, Headers=content-type=application/json; user-agent=PostmanRuntime/7.43.0; accept=*/*; postman-token=f83b83a5-b149-4ced-bcac-8828c6b70f89; host=localhost:8080; accept-encoding=gzip, deflate, br; connection=keep-alive; content-length=88; , Request ID: 9a974cc6-bea7-4b22-90f0-8e0840d8b908, Request IP  =0:0:0:0:0:0:0:1
10:16:49.542 [http-nio-8080-exec-3] INFO  c.p.c.l.LoggingInterceptor - Request: POST /api/saveContact
10:16:53.458 [http-nio-8080-exec-3] WARN  o.h.e.jdbc.spi.SqlExceptionHelper - SQL Error: 0, SQLState: 23505
10:16:53.458 [http-nio-8080-exec-3] ERROR o.h.e.jdbc.spi.SqlExceptionHelper - ERROR: duplicate key value violates unique constraint "uk_rp36gnpl2si1n78ikgqtf0suo"
  Ayrıntı: Key (contact_name)=(yeni yen) already exists.
10:26:02.870 [HikariPool-1 housekeeper] WARN  com.zaxxer.hikari.pool.HikariPool - HikariPool-1 - Thread starvation or clock leap detected (housekeeper delta=9m11s751ms679µs700ns).
10:26:02.876 [http-nio-8080-exec-3] INFO  c.p.c.l.LoggingInterceptor - Respone 500 /api/saveContact
10:26:02.877 [http-nio-8080-exec-3] INFO  c.p.c.loggingfilter.LoggingFilter - Response: Status=500, URI=/api/saveContact, Duration (Response Time)=553334ms, Headers=[Content-Type, Transfer-Encoding, Date, Connection], Payload = org.apache.catalina.connector.ResponseFacade@12832518
10:26:05.866 [http-nio-8080-exec-6] INFO  c.p.c.f.HeadersLoggingFilter - Header content-type=0:0:0:0:0:0:0:1, IP = content-type
10:26:05.866 [http-nio-8080-exec-6] INFO  c.p.c.f.HeadersLoggingFilter - Header user-agent=0:0:0:0:0:0:0:1, IP = user-agent
10:26:05.866 [http-nio-8080-exec-6] INFO  c.p.c.f.HeadersLoggingFilter - Header accept=0:0:0:0:0:0:0:1, IP = accept
10:26:05.866 [http-nio-8080-exec-6] INFO  c.p.c.f.HeadersLoggingFilter - Header postman-token=0:0:0:0:0:0:0:1, IP = postman-token
10:26:05.866 [http-nio-8080-exec-6] INFO  c.p.c.f.HeadersLoggingFilter - Header host=0:0:0:0:0:0:0:1, IP = host
10:26:05.867 [http-nio-8080-exec-6] INFO  c.p.c.f.HeadersLoggingFilter - Header accept-encoding=0:0:0:0:0:0:0:1, IP = accept-encoding
10:26:05.867 [http-nio-8080-exec-6] INFO  c.p.c.f.HeadersLoggingFilter - Header connection=0:0:0:0:0:0:0:1, IP = connection
10:26:05.867 [http-nio-8080-exec-6] INFO  c.p.c.f.HeadersLoggingFilter - Header content-length=0:0:0:0:0:0:0:1, IP = content-length
10:26:05.867 [http-nio-8080-exec-6] INFO  c.p.c.loggingfilter.LoggingFilter - Request: Method=POST, URI=/api/saveContact, Headers=content-type=application/json; user-agent=PostmanRuntime/7.43.0; accept=*/*; postman-token=d6baa378-9145-4373-99e3-3357689e1d8e; host=localhost:8080; accept-encoding=gzip, deflate, br; connection=keep-alive; content-length=88; , Request ID: 0fd76fcf-5958-4774-a505-fb2c3bc278a8, Request IP  =0:0:0:0:0:0:0:1
10:26:05.867 [http-nio-8080-exec-6] INFO  c.p.c.l.LoggingInterceptor - Request: POST /api/saveContact
10:26:09.029 [http-nio-8080-exec-6] WARN  o.h.e.jdbc.spi.SqlExceptionHelper - SQL Error: 0, SQLState: 23505
10:26:09.029 [http-nio-8080-exec-6] ERROR o.h.e.jdbc.spi.SqlExceptionHelper - ERROR: duplicate key value violates unique constraint "uk_rp36gnpl2si1n78ikgqtf0suo"
  Ayrıntı: Key (contact_name)=(yeni yen) already exists.
10:26:10.760 [http-nio-8080-exec-6] INFO  c.p.c.l.LoggingInterceptor - Respone 500 /api/saveContact
10:26:10.760 [http-nio-8080-exec-6] INFO  c.p.c.loggingfilter.LoggingFilter - Response: Status=500, URI=/api/saveContact, Duration (Response Time)=4893ms, Headers=[Content-Type, Transfer-Encoding, Date, Connection], Payload = org.apache.catalina.connector.ResponseFacade@6477c901
10:27:24.197 [http-nio-8080-exec-7] INFO  c.p.c.f.HeadersLoggingFilter - Header content-type=0:0:0:0:0:0:0:1, IP = content-type
10:27:24.197 [http-nio-8080-exec-7] INFO  c.p.c.f.HeadersLoggingFilter - Header user-agent=0:0:0:0:0:0:0:1, IP = user-agent
10:27:24.197 [http-nio-8080-exec-7] INFO  c.p.c.f.HeadersLoggingFilter - Header accept=0:0:0:0:0:0:0:1, IP = accept
10:27:24.197 [http-nio-8080-exec-7] INFO  c.p.c.f.HeadersLoggingFilter - Header postman-token=0:0:0:0:0:0:0:1, IP = postman-token
10:27:24.197 [http-nio-8080-exec-7] INFO  c.p.c.f.HeadersLoggingFilter - Header host=0:0:0:0:0:0:0:1, IP = host
10:27:24.197 [http-nio-8080-exec-7] INFO  c.p.c.f.HeadersLoggingFilter - Header accept-encoding=0:0:0:0:0:0:0:1, IP = accept-encoding
10:27:24.197 [http-nio-8080-exec-7] INFO  c.p.c.f.HeadersLoggingFilter - Header connection=0:0:0:0:0:0:0:1, IP = connection
10:27:24.199 [http-nio-8080-exec-7] INFO  c.p.c.f.HeadersLoggingFilter - Header content-length=0:0:0:0:0:0:0:1, IP = content-length
10:27:24.199 [http-nio-8080-exec-7] INFO  c.p.c.loggingfilter.LoggingFilter - Request: Method=POST, URI=/api/saveContact, Headers=content-type=application/json; user-agent=PostmanRuntime/7.43.0; accept=*/*; postman-token=9c8fd88f-9eff-450d-a2e3-afca5d992f15; host=localhost:8080; accept-encoding=gzip, deflate, br; connection=keep-alive; content-length=87; , Request ID: 54b37dd1-53df-4119-8ec9-e4f5aeaf58b9, Request IP  =0:0:0:0:0:0:0:1
10:27:24.199 [http-nio-8080-exec-7] INFO  c.p.c.l.LoggingInterceptor - Request: POST /api/saveContact
10:27:27.336 [http-nio-8080-exec-7] INFO  c.p.c.l.LoggingInterceptor - Respone 201 /api/saveContact
10:27:27.336 [http-nio-8080-exec-7] INFO  c.p.c.loggingfilter.LoggingFilter - Response: Status=201, URI=/api/saveContact, Duration (Response Time)=3137ms, Headers=[Content-Type, Transfer-Encoding, Date, Keep-Alive, Connection], Payload = org.apache.catalina.connector.ResponseFacade@7d5ac4ff
10:27:29.750 [http-nio-8080-exec-8] INFO  c.p.c.f.HeadersLoggingFilter - Header content-type=0:0:0:0:0:0:0:1, IP = content-type
10:27:29.751 [http-nio-8080-exec-8] INFO  c.p.c.f.HeadersLoggingFilter - Header user-agent=0:0:0:0:0:0:0:1, IP = user-agent
10:27:29.751 [http-nio-8080-exec-8] INFO  c.p.c.f.HeadersLoggingFilter - Header accept=0:0:0:0:0:0:0:1, IP = accept
10:27:29.751 [http-nio-8080-exec-8] INFO  c.p.c.f.HeadersLoggingFilter - Header postman-token=0:0:0:0:0:0:0:1, IP = postman-token
10:27:29.751 [http-nio-8080-exec-8] INFO  c.p.c.f.HeadersLoggingFilter - Header host=0:0:0:0:0:0:0:1, IP = host
10:27:29.751 [http-nio-8080-exec-8] INFO  c.p.c.f.HeadersLoggingFilter - Header accept-encoding=0:0:0:0:0:0:0:1, IP = accept-encoding
10:27:29.751 [http-nio-8080-exec-8] INFO  c.p.c.f.HeadersLoggingFilter - Header connection=0:0:0:0:0:0:0:1, IP = connection
10:27:29.751 [http-nio-8080-exec-8] INFO  c.p.c.f.HeadersLoggingFilter - Header content-length=0:0:0:0:0:0:0:1, IP = content-length
10:27:29.751 [http-nio-8080-exec-8] INFO  c.p.c.loggingfilter.LoggingFilter - Request: Method=POST, URI=/api/saveContact, Headers=content-type=application/json; user-agent=PostmanRuntime/7.43.0; accept=*/*; postman-token=bf64e40a-7302-4e6f-86f3-d97154980de0; host=localhost:8080; accept-encoding=gzip, deflate, br; connection=keep-alive; content-length=87; , Request ID: c1a8e2dd-6cc8-484d-86ef-48b9d043e2ce, Request IP  =0:0:0:0:0:0:0:1
10:27:29.752 [http-nio-8080-exec-8] INFO  c.p.c.l.LoggingInterceptor - Request: POST /api/saveContact
10:27:40.922 [http-nio-8080-exec-8] WARN  o.h.e.jdbc.spi.SqlExceptionHelper - SQL Error: 0, SQLState: 23505
10:27:40.923 [http-nio-8080-exec-8] ERROR o.h.e.jdbc.spi.SqlExceptionHelper - ERROR: duplicate key value violates unique constraint "uk_rp36gnpl2si1n78ikgqtf0suo"
  Ayrıntı: Key (contact_name)=(yeni ye) already exists.
10:29:27.457 [HikariPool-1 housekeeper] WARN  com.zaxxer.hikari.pool.HikariPool - HikariPool-1 - Thread starvation or clock leap detected (housekeeper delta=1m46s544ms763µs500ns).
10:29:27.494 [http-nio-8080-exec-8] INFO  c.p.c.l.LoggingInterceptor - Respone 500 /api/saveContact
10:29:27.494 [http-nio-8080-exec-8] INFO  c.p.c.loggingfilter.LoggingFilter - Response: Status=500, URI=/api/saveContact, Duration (Response Time)=117743ms, Headers=[Content-Type, Transfer-Encoding, Date, Connection], Payload = org.apache.catalina.connector.ResponseFacade@109bb13b
10:30:49.811 [http-nio-8080-exec-10] INFO  c.p.c.f.HeadersLoggingFilter - Header content-type=0:0:0:0:0:0:0:1, IP = content-type
10:30:49.811 [http-nio-8080-exec-10] INFO  c.p.c.f.HeadersLoggingFilter - Header user-agent=0:0:0:0:0:0:0:1, IP = user-agent
10:30:49.811 [http-nio-8080-exec-10] INFO  c.p.c.f.HeadersLoggingFilter - Header accept=0:0:0:0:0:0:0:1, IP = accept
10:30:49.811 [http-nio-8080-exec-10] INFO  c.p.c.f.HeadersLoggingFilter - Header postman-token=0:0:0:0:0:0:0:1, IP = postman-token
10:30:49.811 [http-nio-8080-exec-10] INFO  c.p.c.f.HeadersLoggingFilter - Header host=0:0:0:0:0:0:0:1, IP = host
10:30:49.811 [http-nio-8080-exec-10] INFO  c.p.c.f.HeadersLoggingFilter - Header accept-encoding=0:0:0:0:0:0:0:1, IP = accept-encoding
10:30:49.811 [http-nio-8080-exec-10] INFO  c.p.c.f.HeadersLoggingFilter - Header connection=0:0:0:0:0:0:0:1, IP = connection
10:30:49.811 [http-nio-8080-exec-10] INFO  c.p.c.f.HeadersLoggingFilter - Header content-length=0:0:0:0:0:0:0:1, IP = content-length
10:30:49.813 [http-nio-8080-exec-10] INFO  c.p.c.loggingfilter.LoggingFilter - Request: Method=POST, URI=/api/saveContact, Headers=content-type=application/json; user-agent=PostmanRuntime/7.43.0; accept=*/*; postman-token=ab6f3dc5-1df2-4f0f-9c81-de83421ea582; host=localhost:8080; accept-encoding=gzip, deflate, br; connection=keep-alive; content-length=87; , Request ID: 75a78c9d-7685-45f6-8615-ce614e1e3d96, Request IP  =0:0:0:0:0:0:0:1
10:30:49.813 [http-nio-8080-exec-10] INFO  c.p.c.l.LoggingInterceptor - Request: POST /api/saveContact
10:30:55.444 [http-nio-8080-exec-10] WARN  o.h.e.jdbc.spi.SqlExceptionHelper - SQL Error: 0, SQLState: 23505
10:30:55.444 [http-nio-8080-exec-10] ERROR o.h.e.jdbc.spi.SqlExceptionHelper - ERROR: duplicate key value violates unique constraint "uk_rp36gnpl2si1n78ikgqtf0suo"
  Ayrıntı: Key (contact_name)=(yeni ye) already exists.
10:31:04.820 [http-nio-8080-exec-10] INFO  c.p.c.l.LoggingInterceptor - Respone 500 /api/saveContact
10:31:04.820 [http-nio-8080-exec-10] INFO  c.p.c.loggingfilter.LoggingFilter - Response: Status=500, URI=/api/saveContact, Duration (Response Time)=15007ms, Headers=[Content-Type, Transfer-Encoding, Date, Connection], Payload = org.apache.catalina.connector.ResponseFacade@76c99c3b
10:31:36.141 [http-nio-8080-exec-2] INFO  c.p.c.f.HeadersLoggingFilter - Header content-type=0:0:0:0:0:0:0:1, IP = content-type
10:31:36.141 [http-nio-8080-exec-2] INFO  c.p.c.f.HeadersLoggingFilter - Header user-agent=0:0:0:0:0:0:0:1, IP = user-agent
10:31:36.141 [http-nio-8080-exec-2] INFO  c.p.c.f.HeadersLoggingFilter - Header accept=0:0:0:0:0:0:0:1, IP = accept
10:31:36.141 [http-nio-8080-exec-2] INFO  c.p.c.f.HeadersLoggingFilter - Header postman-token=0:0:0:0:0:0:0:1, IP = postman-token
10:31:36.141 [http-nio-8080-exec-2] INFO  c.p.c.f.HeadersLoggingFilter - Header host=0:0:0:0:0:0:0:1, IP = host
10:31:36.142 [http-nio-8080-exec-2] INFO  c.p.c.f.HeadersLoggingFilter - Header accept-encoding=0:0:0:0:0:0:0:1, IP = accept-encoding
10:31:36.142 [http-nio-8080-exec-2] INFO  c.p.c.f.HeadersLoggingFilter - Header connection=0:0:0:0:0:0:0:1, IP = connection
10:31:36.142 [http-nio-8080-exec-2] INFO  c.p.c.f.HeadersLoggingFilter - Header content-length=0:0:0:0:0:0:0:1, IP = content-length
10:31:36.143 [http-nio-8080-exec-2] INFO  c.p.c.loggingfilter.LoggingFilter - Request: Method=POST, URI=/api/saveContact, Headers=content-type=application/json; user-agent=PostmanRuntime/7.43.0; accept=*/*; postman-token=7eced77a-c2bd-4405-a9c0-f6da2ce95f35; host=localhost:8080; accept-encoding=gzip, deflate, br; connection=keep-alive; content-length=87; , Request ID: d01ce3ba-b2f6-417a-b6db-66810910c6a6, Request IP  =0:0:0:0:0:0:0:1
10:31:36.144 [http-nio-8080-exec-2] INFO  c.p.c.l.LoggingInterceptor - Request: POST /api/saveContact
10:31:40.407 [http-nio-8080-exec-2] WARN  o.h.e.jdbc.spi.SqlExceptionHelper - SQL Error: 0, SQLState: 23505
10:31:40.407 [http-nio-8080-exec-2] ERROR o.h.e.jdbc.spi.SqlExceptionHelper - ERROR: duplicate key value violates unique constraint "uk_rp36gnpl2si1n78ikgqtf0suo"
  Ayrıntı: Key (contact_name)=(yeni ye) already exists.
10:31:44.685 [http-nio-8080-exec-2] INFO  c.p.c.l.LoggingInterceptor - Respone 500 /api/saveContact
10:31:44.686 [http-nio-8080-exec-2] INFO  c.p.c.loggingfilter.LoggingFilter - Response: Status=500, URI=/api/saveContact, Duration (Response Time)=8542ms, Headers=[Content-Type, Transfer-Encoding, Date, Connection], Payload = org.apache.catalina.connector.ResponseFacade@21a141ae
10:34:24.978 [http-nio-8080-exec-3] INFO  c.p.c.f.HeadersLoggingFilter - Header content-type=0:0:0:0:0:0:0:1, IP = content-type
10:34:24.979 [http-nio-8080-exec-3] INFO  c.p.c.f.HeadersLoggingFilter - Header user-agent=0:0:0:0:0:0:0:1, IP = user-agent
10:34:24.979 [http-nio-8080-exec-3] INFO  c.p.c.f.HeadersLoggingFilter - Header accept=0:0:0:0:0:0:0:1, IP = accept
10:34:24.979 [http-nio-8080-exec-3] INFO  c.p.c.f.HeadersLoggingFilter - Header postman-token=0:0:0:0:0:0:0:1, IP = postman-token
10:34:24.979 [http-nio-8080-exec-3] INFO  c.p.c.f.HeadersLoggingFilter - Header host=0:0:0:0:0:0:0:1, IP = host
10:34:24.979 [http-nio-8080-exec-3] INFO  c.p.c.f.HeadersLoggingFilter - Header accept-encoding=0:0:0:0:0:0:0:1, IP = accept-encoding
10:34:24.979 [http-nio-8080-exec-3] INFO  c.p.c.f.HeadersLoggingFilter - Header connection=0:0:0:0:0:0:0:1, IP = connection
10:34:24.979 [http-nio-8080-exec-3] INFO  c.p.c.f.HeadersLoggingFilter - Header content-length=0:0:0:0:0:0:0:1, IP = content-length
10:34:24.979 [http-nio-8080-exec-3] INFO  c.p.c.loggingfilter.LoggingFilter - Request: Method=POST, URI=/api/saveContact, Headers=content-type=application/json; user-agent=PostmanRuntime/7.43.0; accept=*/*; postman-token=17028b9f-ee43-470d-b7ba-f656d1bf2033; host=localhost:8080; accept-encoding=gzip, deflate, br; connection=keep-alive; content-length=87; , Request ID: b6342c39-be96-4f0f-accb-47368e1ca888, Request IP  =0:0:0:0:0:0:0:1
10:34:24.979 [http-nio-8080-exec-3] INFO  c.p.c.l.LoggingInterceptor - Request: POST /api/saveContact
10:34:27.320 [http-nio-8080-exec-3] WARN  o.h.e.jdbc.spi.SqlExceptionHelper - SQL Error: 0, SQLState: 23505
10:34:27.320 [http-nio-8080-exec-3] ERROR o.h.e.jdbc.spi.SqlExceptionHelper - ERROR: duplicate key value violates unique constraint "uk_rp36gnpl2si1n78ikgqtf0suo"
  Ayrıntı: Key (contact_name)=(yeni ye) already exists.
10:34:28.129 [http-nio-8080-exec-3] INFO  c.p.c.l.LoggingInterceptor - Respone 500 /api/saveContact
10:34:28.129 [http-nio-8080-exec-3] INFO  c.p.c.loggingfilter.LoggingFilter - Response: Status=500, URI=/api/saveContact, Duration (Response Time)=3150ms, Headers=[Content-Type, Transfer-Encoding, Date, Connection], Payload = org.apache.catalina.connector.ResponseFacade@6a962dcb
10:34:44.085 [http-nio-8080-exec-5] INFO  c.p.c.f.HeadersLoggingFilter - Header content-type=0:0:0:0:0:0:0:1, IP = content-type
10:34:44.085 [http-nio-8080-exec-5] INFO  c.p.c.f.HeadersLoggingFilter - Header user-agent=0:0:0:0:0:0:0:1, IP = user-agent
10:34:44.085 [http-nio-8080-exec-5] INFO  c.p.c.f.HeadersLoggingFilter - Header accept=0:0:0:0:0:0:0:1, IP = accept
10:34:44.085 [http-nio-8080-exec-5] INFO  c.p.c.f.HeadersLoggingFilter - Header postman-token=0:0:0:0:0:0:0:1, IP = postman-token
10:34:44.085 [http-nio-8080-exec-5] INFO  c.p.c.f.HeadersLoggingFilter - Header host=0:0:0:0:0:0:0:1, IP = host
10:34:44.085 [http-nio-8080-exec-5] INFO  c.p.c.f.HeadersLoggingFilter - Header accept-encoding=0:0:0:0:0:0:0:1, IP = accept-encoding
10:34:44.085 [http-nio-8080-exec-5] INFO  c.p.c.f.HeadersLoggingFilter - Header connection=0:0:0:0:0:0:0:1, IP = connection
10:34:44.085 [http-nio-8080-exec-5] INFO  c.p.c.f.HeadersLoggingFilter - Header content-length=0:0:0:0:0:0:0:1, IP = content-length
10:34:44.085 [http-nio-8080-exec-5] INFO  c.p.c.loggingfilter.LoggingFilter - Request: Method=POST, URI=/api/saveContact, Headers=content-type=application/json; user-agent=PostmanRuntime/7.43.0; accept=*/*; postman-token=555cd380-ec97-4c5f-8a4b-15a64350bc2d; host=localhost:8080; accept-encoding=gzip, deflate, br; connection=keep-alive; content-length=86; , Request ID: 967fb8df-6458-4601-975e-005834fa16dc, Request IP  =0:0:0:0:0:0:0:1
10:34:44.086 [http-nio-8080-exec-5] INFO  c.p.c.l.LoggingInterceptor - Request: POST /api/saveContact
10:34:46.163 [http-nio-8080-exec-5] WARN  o.h.e.jdbc.spi.SqlExceptionHelper - SQL Error: 0, SQLState: 23505
10:34:46.163 [http-nio-8080-exec-5] ERROR o.h.e.jdbc.spi.SqlExceptionHelper - ERROR: duplicate key value violates unique constraint "uk_rp36gnpl2si1n78ikgqtf0suo"
  Ayrıntı: Key (contact_name)=(yeni ye) already exists.
10:34:54.152 [http-nio-8080-exec-5] INFO  c.p.c.l.LoggingInterceptor - Respone 500 /api/saveContact
10:34:54.152 [http-nio-8080-exec-5] INFO  c.p.c.loggingfilter.LoggingFilter - Response: Status=500, URI=/api/saveContact, Duration (Response Time)=10066ms, Headers=[Content-Type, Transfer-Encoding, Date, Connection], Payload = org.apache.catalina.connector.ResponseFacade@36ff910d
10:35:00.847 [http-nio-8080-exec-8] INFO  c.p.c.f.HeadersLoggingFilter - Header content-type=0:0:0:0:0:0:0:1, IP = content-type
10:35:00.847 [http-nio-8080-exec-8] INFO  c.p.c.f.HeadersLoggingFilter - Header user-agent=0:0:0:0:0:0:0:1, IP = user-agent
10:35:00.847 [http-nio-8080-exec-8] INFO  c.p.c.f.HeadersLoggingFilter - Header accept=0:0:0:0:0:0:0:1, IP = accept
10:35:00.847 [http-nio-8080-exec-8] INFO  c.p.c.f.HeadersLoggingFilter - Header postman-token=0:0:0:0:0:0:0:1, IP = postman-token
10:35:00.847 [http-nio-8080-exec-8] INFO  c.p.c.f.HeadersLoggingFilter - Header host=0:0:0:0:0:0:0:1, IP = host
10:35:00.847 [http-nio-8080-exec-8] INFO  c.p.c.f.HeadersLoggingFilter - Header accept-encoding=0:0:0:0:0:0:0:1, IP = accept-encoding
10:35:00.847 [http-nio-8080-exec-8] INFO  c.p.c.f.HeadersLoggingFilter - Header connection=0:0:0:0:0:0:0:1, IP = connection
10:35:00.847 [http-nio-8080-exec-8] INFO  c.p.c.f.HeadersLoggingFilter - Header content-length=0:0:0:0:0:0:0:1, IP = content-length
10:35:00.848 [http-nio-8080-exec-8] INFO  c.p.c.loggingfilter.LoggingFilter - Request: Method=POST, URI=/api/saveContact, Headers=content-type=application/json; user-agent=PostmanRuntime/7.43.0; accept=*/*; postman-token=17104289-11d5-4b18-9c9e-760198f08a36; host=localhost:8080; accept-encoding=gzip, deflate, br; connection=keep-alive; content-length=87; , Request ID: 196799e2-5637-40e4-8eca-5b5b6ec0a466, Request IP  =0:0:0:0:0:0:0:1
10:35:00.848 [http-nio-8080-exec-8] INFO  c.p.c.l.LoggingInterceptor - Request: POST /api/saveContact
10:35:03.564 [http-nio-8080-exec-8] WARN  o.h.e.jdbc.spi.SqlExceptionHelper - SQL Error: 0, SQLState: 23505
10:35:03.564 [http-nio-8080-exec-8] ERROR o.h.e.jdbc.spi.SqlExceptionHelper - ERROR: duplicate key value violates unique constraint "uk_rp36gnpl2si1n78ikgqtf0suo"
  Ayrıntı: Key (contact_name)=(yeni yen) already exists.
10:35:04.577 [http-nio-8080-exec-8] INFO  c.p.c.l.LoggingInterceptor - Respone 500 /api/saveContact
10:35:04.578 [http-nio-8080-exec-8] INFO  c.p.c.loggingfilter.LoggingFilter - Response: Status=500, URI=/api/saveContact, Duration (Response Time)=3730ms, Headers=[Content-Type, Transfer-Encoding, Date, Connection], Payload = org.apache.catalina.connector.ResponseFacade@4a0d55ee
10:35:57.920 [http-nio-8080-exec-10] INFO  c.p.c.f.HeadersLoggingFilter - Header content-type=0:0:0:0:0:0:0:1, IP = content-type
10:35:57.920 [http-nio-8080-exec-10] INFO  c.p.c.f.HeadersLoggingFilter - Header user-agent=0:0:0:0:0:0:0:1, IP = user-agent
10:35:57.920 [http-nio-8080-exec-10] INFO  c.p.c.f.HeadersLoggingFilter - Header accept=0:0:0:0:0:0:0:1, IP = accept
10:35:57.920 [http-nio-8080-exec-10] INFO  c.p.c.f.HeadersLoggingFilter - Header postman-token=0:0:0:0:0:0:0:1, IP = postman-token
10:35:57.921 [http-nio-8080-exec-10] INFO  c.p.c.f.HeadersLoggingFilter - Header host=0:0:0:0:0:0:0:1, IP = host
10:35:57.921 [http-nio-8080-exec-10] INFO  c.p.c.f.HeadersLoggingFilter - Header accept-encoding=0:0:0:0:0:0:0:1, IP = accept-encoding
10:35:57.921 [http-nio-8080-exec-10] INFO  c.p.c.f.HeadersLoggingFilter - Header connection=0:0:0:0:0:0:0:1, IP = connection
10:35:57.921 [http-nio-8080-exec-10] INFO  c.p.c.f.HeadersLoggingFilter - Header content-length=0:0:0:0:0:0:0:1, IP = content-length
10:35:57.921 [http-nio-8080-exec-10] INFO  c.p.c.loggingfilter.LoggingFilter - Request: Method=POST, URI=/api/saveContact, Headers=content-type=application/json; user-agent=PostmanRuntime/7.43.0; accept=*/*; postman-token=2ef714f5-1c00-4baa-b1f6-70b328d3bfbd; host=localhost:8080; accept-encoding=gzip, deflate, br; connection=keep-alive; content-length=87; , Request ID: ad3920f9-fe12-4dfa-88b7-74acaad8ae78, Request IP  =0:0:0:0:0:0:0:1
10:35:57.921 [http-nio-8080-exec-10] INFO  c.p.c.l.LoggingInterceptor - Request: POST /api/saveContact
10:36:04.767 [http-nio-8080-exec-10] WARN  o.h.e.jdbc.spi.SqlExceptionHelper - SQL Error: 0, SQLState: 23505
10:36:04.768 [http-nio-8080-exec-10] ERROR o.h.e.jdbc.spi.SqlExceptionHelper - ERROR: duplicate key value violates unique constraint "uk_rp36gnpl2si1n78ikgqtf0suo"
  Ayrıntı: Key (contact_name)=(Ali Deli) already exists.
10:36:04.772 [http-nio-8080-exec-10] INFO  c.p.c.l.LoggingInterceptor - Respone 500 /api/saveContact
10:36:04.772 [http-nio-8080-exec-10] INFO  c.p.c.loggingfilter.LoggingFilter - Response: Status=500, URI=/api/saveContact, Duration (Response Time)=6851ms, Headers=[Content-Type, Transfer-Encoding, Date, Connection], Payload = org.apache.catalina.connector.ResponseFacade@3b23262b
10:36:04.934 [SpringApplicationShutdownHook] INFO  o.s.o.j.LocalContainerEntityManagerFactoryBean - Closing JPA EntityManagerFactory for persistence unit 'default'
10:36:04.936 [SpringApplicationShutdownHook] INFO  com.zaxxer.hikari.HikariDataSource - HikariPool-1 - Shutdown initiated...
10:36:04.938 [SpringApplicationShutdownHook] INFO  com.zaxxer.hikari.HikariDataSource - HikariPool-1 - Shutdown completed.
10:36:13.218 [background-preinit] INFO  o.h.validator.internal.util.Version - HV000001: Hibernate Validator 8.0.1.Final
10:36:13.272 [main] INFO  c.p.c.ContactsdemoApplication - Starting ContactsdemoApplication using Java 17.0.12 with PID 26640 (C:\Ayse Ceren - crud projects\contactsdemo\build\classes\java\main started by 16381136672 in C:\Ayse Ceren - crud projects\contactsdemo)
10:36:13.273 [main] INFO  c.p.c.ContactsdemoApplication - No active profile set, falling back to 1 default profile: "default"
10:36:14.214 [main] INFO  o.s.d.r.c.RepositoryConfigurationDelegate - Bootstrapping Spring Data JPA repositories in DEFAULT mode.
10:36:14.291 [main] INFO  o.s.d.r.c.RepositoryConfigurationDelegate - Finished Spring Data repository scanning in 70 ms. Found 2 JPA repository interfaces.
10:36:14.814 [main] INFO  o.s.b.w.e.tomcat.TomcatWebServer - Tomcat initialized with port 8080 (http)
10:36:14.823 [main] INFO  o.a.coyote.http11.Http11NioProtocol - Initializing ProtocolHandler ["http-nio-8080"]
10:36:14.825 [main] INFO  o.a.catalina.core.StandardService - Starting service [Tomcat]
10:36:14.825 [main] INFO  o.a.catalina.core.StandardEngine - Starting Servlet engine: [Apache Tomcat/10.1.25]
10:36:14.905 [main] INFO  o.a.c.c.C.[Tomcat].[localhost].[/] - Initializing Spring embedded WebApplicationContext
10:36:14.906 [main] INFO  o.s.b.w.s.c.ServletWebServerApplicationContext - Root WebApplicationContext: initialization completed in 1570 ms
10:36:15.061 [main] INFO  o.h.jpa.internal.util.LogHelper - HHH000204: Processing PersistenceUnitInfo [name: default]
10:36:15.121 [main] INFO  org.hibernate.Version - HHH000412: Hibernate ORM core version 6.4.9.Final
10:36:15.165 [main] INFO  o.h.c.i.RegionFactoryInitiator - HHH000026: Second-level cache disabled
10:36:15.438 [main] INFO  o.s.o.j.p.SpringPersistenceUnitInfo - No LoadTimeWeaver setup: ignoring JPA class transformer
10:36:15.464 [main] INFO  com.zaxxer.hikari.HikariDataSource - HikariPool-1 - Starting...
10:36:15.666 [main] INFO  com.zaxxer.hikari.pool.HikariPool - HikariPool-1 - Added connection org.postgresql.jdbc.PgConnection@f76872f
10:36:15.668 [main] INFO  com.zaxxer.hikari.HikariDataSource - HikariPool-1 - Start completed.
10:36:15.701 [main] WARN  org.hibernate.orm.deprecation - HHH90000025: PostgreSQLDialect does not need to be specified explicitly using 'hibernate.dialect' (remove the property setting and it will be selected by default)
10:36:16.814 [main] INFO  o.s.o.j.LocalContainerEntityManagerFactoryBean - Initialized JPA EntityManagerFactory for persistence unit 'default'
10:36:17.031 [main] WARN  o.s.b.a.o.j.JpaBaseConfiguration$JpaWebConfiguration - spring.jpa.open-in-view is enabled by default. Therefore, database queries may be performed during view rendering. Explicitly configure spring.jpa.open-in-view to disable this warning
10:36:17.528 [main] INFO  o.s.d.j.r.query.QueryEnhancerFactory - Hibernate is in classpath; If applicable, HQL parser will be used.
10:36:17.959 [main] INFO  o.a.coyote.http11.Http11NioProtocol - Starting ProtocolHandler ["http-nio-8080"]
10:36:18.004 [main] INFO  o.s.b.w.e.tomcat.TomcatWebServer - Tomcat started on port 8080 (http) with context path ''
10:36:18.014 [main] INFO  c.p.c.ContactsdemoApplication - Started ContactsdemoApplication in 5.269 seconds (process running for 6.561)
10:36:33.386 [http-nio-8080-exec-1] INFO  o.a.c.c.C.[Tomcat].[localhost].[/] - Initializing Spring DispatcherServlet 'dispatcherServlet'
10:36:33.387 [http-nio-8080-exec-1] INFO  o.s.web.servlet.DispatcherServlet - Initializing Servlet 'dispatcherServlet'
10:36:33.388 [http-nio-8080-exec-1] INFO  o.s.web.servlet.DispatcherServlet - Completed initialization in 1 ms
10:36:33.393 [http-nio-8080-exec-1] INFO  c.p.c.f.HeadersLoggingFilter - Header content-type=0:0:0:0:0:0:0:1, IP = content-type
10:36:33.393 [http-nio-8080-exec-1] INFO  c.p.c.f.HeadersLoggingFilter - Header user-agent=0:0:0:0:0:0:0:1, IP = user-agent
10:36:33.393 [http-nio-8080-exec-1] INFO  c.p.c.f.HeadersLoggingFilter - Header accept=0:0:0:0:0:0:0:1, IP = accept
10:36:33.393 [http-nio-8080-exec-1] INFO  c.p.c.f.HeadersLoggingFilter - Header postman-token=0:0:0:0:0:0:0:1, IP = postman-token
10:36:33.393 [http-nio-8080-exec-1] INFO  c.p.c.f.HeadersLoggingFilter - Header host=0:0:0:0:0:0:0:1, IP = host
10:36:33.393 [http-nio-8080-exec-1] INFO  c.p.c.f.HeadersLoggingFilter - Header accept-encoding=0:0:0:0:0:0:0:1, IP = accept-encoding
10:36:33.394 [http-nio-8080-exec-1] INFO  c.p.c.f.HeadersLoggingFilter - Header connection=0:0:0:0:0:0:0:1, IP = connection
10:36:33.394 [http-nio-8080-exec-1] INFO  c.p.c.f.HeadersLoggingFilter - Header content-length=0:0:0:0:0:0:0:1, IP = content-length
10:36:33.394 [http-nio-8080-exec-1] INFO  c.p.c.loggingfilter.LoggingFilter - Request: Method=POST, URI=/api/saveContact, Headers=content-type=application/json; user-agent=PostmanRuntime/7.43.0; accept=*/*; postman-token=1dafc52e-56e9-4082-97eb-bb069055a499; host=localhost:8080; accept-encoding=gzip, deflate, br; connection=keep-alive; content-length=87; , Request ID: 8c1ee934-2dec-4d32-bae6-580b34e46c86, Request IP  =0:0:0:0:0:0:0:1
10:36:33.408 [http-nio-8080-exec-1] INFO  c.p.c.l.LoggingInterceptor - Request: POST /api/saveContact
10:36:33.660 [http-nio-8080-exec-1] WARN  o.h.e.jdbc.spi.SqlExceptionHelper - SQL Error: 0, SQLState: 23505
10:36:33.660 [http-nio-8080-exec-1] ERROR o.h.e.jdbc.spi.SqlExceptionHelper - ERROR: duplicate key value violates unique constraint "uk_rp36gnpl2si1n78ikgqtf0suo"
  Ayrıntı: Key (contact_name)=(Ali Deli) already exists.
10:36:33.701 [http-nio-8080-exec-1] INFO  c.p.c.l.LoggingInterceptor - Respone 500 /api/saveContact
10:36:33.703 [http-nio-8080-exec-1] INFO  c.p.c.loggingfilter.LoggingFilter - Response: Status=500, URI=/api/saveContact, Duration (Response Time)=309ms, Headers=[Content-Type, Transfer-Encoding, Date, Connection], Payload = org.apache.catalina.connector.ResponseFacade@519a0824
10:36:38.621 [http-nio-8080-exec-4] INFO  c.p.c.f.HeadersLoggingFilter - Header content-type=0:0:0:0:0:0:0:1, IP = content-type
10:36:38.622 [http-nio-8080-exec-4] INFO  c.p.c.f.HeadersLoggingFilter - Header user-agent=0:0:0:0:0:0:0:1, IP = user-agent
10:36:38.622 [http-nio-8080-exec-4] INFO  c.p.c.f.HeadersLoggingFilter - Header accept=0:0:0:0:0:0:0:1, IP = accept
10:36:38.622 [http-nio-8080-exec-4] INFO  c.p.c.f.HeadersLoggingFilter - Header postman-token=0:0:0:0:0:0:0:1, IP = postman-token
10:36:38.622 [http-nio-8080-exec-4] INFO  c.p.c.f.HeadersLoggingFilter - Header host=0:0:0:0:0:0:0:1, IP = host
10:36:38.622 [http-nio-8080-exec-4] INFO  c.p.c.f.HeadersLoggingFilter - Header accept-encoding=0:0:0:0:0:0:0:1, IP = accept-encoding
10:36:38.622 [http-nio-8080-exec-4] INFO  c.p.c.f.HeadersLoggingFilter - Header connection=0:0:0:0:0:0:0:1, IP = connection
10:36:38.622 [http-nio-8080-exec-4] INFO  c.p.c.f.HeadersLoggingFilter - Header content-length=0:0:0:0:0:0:0:1, IP = content-length
10:36:38.622 [http-nio-8080-exec-4] INFO  c.p.c.loggingfilter.LoggingFilter - Request: Method=POST, URI=/api/saveContact, Headers=content-type=application/json; user-agent=PostmanRuntime/7.43.0; accept=*/*; postman-token=67be322d-ac85-4e07-965f-d88ebedc9496; host=localhost:8080; accept-encoding=gzip, deflate, br; connection=keep-alive; content-length=82; , Request ID: 48669225-f935-42d1-91d0-2a6ef6d8480b, Request IP  =0:0:0:0:0:0:0:1
10:36:38.623 [http-nio-8080-exec-4] INFO  c.p.c.l.LoggingInterceptor - Request: POST /api/saveContact
10:36:38.644 [http-nio-8080-exec-4] INFO  c.p.c.l.LoggingInterceptor - Respone 201 /api/saveContact
10:36:38.644 [http-nio-8080-exec-4] INFO  c.p.c.loggingfilter.LoggingFilter - Response: Status=201, URI=/api/saveContact, Duration (Response Time)=22ms, Headers=[Content-Type, Transfer-Encoding, Date, Keep-Alive, Connection], Payload = org.apache.catalina.connector.ResponseFacade@104b717b
10:37:19.921 [http-nio-8080-exec-5] INFO  c.p.c.f.HeadersLoggingFilter - Header content-type=0:0:0:0:0:0:0:1, IP = content-type
10:37:19.921 [http-nio-8080-exec-5] INFO  c.p.c.f.HeadersLoggingFilter - Header user-agent=0:0:0:0:0:0:0:1, IP = user-agent
10:37:19.921 [http-nio-8080-exec-5] INFO  c.p.c.f.HeadersLoggingFilter - Header accept=0:0:0:0:0:0:0:1, IP = accept
10:37:19.921 [http-nio-8080-exec-5] INFO  c.p.c.f.HeadersLoggingFilter - Header postman-token=0:0:0:0:0:0:0:1, IP = postman-token
10:37:19.921 [http-nio-8080-exec-5] INFO  c.p.c.f.HeadersLoggingFilter - Header host=0:0:0:0:0:0:0:1, IP = host
10:37:19.922 [http-nio-8080-exec-5] INFO  c.p.c.f.HeadersLoggingFilter - Header accept-encoding=0:0:0:0:0:0:0:1, IP = accept-encoding
10:37:19.922 [http-nio-8080-exec-5] INFO  c.p.c.f.HeadersLoggingFilter - Header connection=0:0:0:0:0:0:0:1, IP = connection
10:37:19.922 [http-nio-8080-exec-5] INFO  c.p.c.f.HeadersLoggingFilter - Header content-length=0:0:0:0:0:0:0:1, IP = content-length
10:37:19.922 [http-nio-8080-exec-5] INFO  c.p.c.loggingfilter.LoggingFilter - Request: Method=POST, URI=/api/saveContact, Headers=content-type=application/json; user-agent=PostmanRuntime/7.43.0; accept=*/*; postman-token=c0e856c4-23d0-4f97-b2e7-a7388eeea30f; host=localhost:8080; accept-encoding=gzip, deflate, br; connection=keep-alive; content-length=82; , Request ID: 06f8ec86-c071-4a86-8216-7aecd11222a9, Request IP  =0:0:0:0:0:0:0:1
10:37:19.922 [http-nio-8080-exec-5] INFO  c.p.c.l.LoggingInterceptor - Request: POST /api/saveContact
10:37:19.933 [http-nio-8080-exec-5] WARN  o.h.e.jdbc.spi.SqlExceptionHelper - SQL Error: 0, SQLState: 23505
10:37:19.933 [http-nio-8080-exec-5] ERROR o.h.e.jdbc.spi.SqlExceptionHelper - ERROR: duplicate key value violates unique constraint "uk_rp36gnpl2si1n78ikgqtf0suo"
  Ayrıntı: Key (contact_name)=(Ali) already exists.
10:37:19.936 [http-nio-8080-exec-5] INFO  c.p.c.l.LoggingInterceptor - Respone 500 /api/saveContact
10:37:19.936 [http-nio-8080-exec-5] INFO  c.p.c.loggingfilter.LoggingFilter - Response: Status=500, URI=/api/saveContact, Duration (Response Time)=14ms, Headers=[Content-Type, Transfer-Encoding, Date, Connection], Payload = org.apache.catalina.connector.ResponseFacade@240fd74d
10:37:34.884 [http-nio-8080-exec-6] INFO  c.p.c.f.HeadersLoggingFilter - Header content-type=0:0:0:0:0:0:0:1, IP = content-type
10:37:34.884 [http-nio-8080-exec-6] INFO  c.p.c.f.HeadersLoggingFilter - Header user-agent=0:0:0:0:0:0:0:1, IP = user-agent
10:37:34.884 [http-nio-8080-exec-6] INFO  c.p.c.f.HeadersLoggingFilter - Header accept=0:0:0:0:0:0:0:1, IP = accept
10:37:34.884 [http-nio-8080-exec-6] INFO  c.p.c.f.HeadersLoggingFilter - Header postman-token=0:0:0:0:0:0:0:1, IP = postman-token
10:37:34.884 [http-nio-8080-exec-6] INFO  c.p.c.f.HeadersLoggingFilter - Header host=0:0:0:0:0:0:0:1, IP = host
10:37:34.884 [http-nio-8080-exec-6] INFO  c.p.c.f.HeadersLoggingFilter - Header accept-encoding=0:0:0:0:0:0:0:1, IP = accept-encoding
10:37:34.884 [http-nio-8080-exec-6] INFO  c.p.c.f.HeadersLoggingFilter - Header connection=0:0:0:0:0:0:0:1, IP = connection
10:37:34.884 [http-nio-8080-exec-6] INFO  c.p.c.f.HeadersLoggingFilter - Header content-length=0:0:0:0:0:0:0:1, IP = content-length
10:37:34.884 [http-nio-8080-exec-6] INFO  c.p.c.loggingfilter.LoggingFilter - Request: Method=POST, URI=/api/saveContact, Headers=content-type=application/json; user-agent=PostmanRuntime/7.43.0; accept=*/*; postman-token=1587c403-1e7c-4eba-8d15-d607148d7748; host=localhost:8080; accept-encoding=gzip, deflate, br; connection=keep-alive; content-length=82; , Request ID: 429b0c5d-5845-4075-b299-b6c265b75b68, Request IP  =0:0:0:0:0:0:0:1
10:37:34.887 [http-nio-8080-exec-6] INFO  c.p.c.l.LoggingInterceptor - Request: POST /api/saveContact
10:37:34.899 [http-nio-8080-exec-6] WARN  o.h.e.jdbc.spi.SqlExceptionHelper - SQL Error: 0, SQLState: 23505
10:37:34.899 [http-nio-8080-exec-6] ERROR o.h.e.jdbc.spi.SqlExceptionHelper - ERROR: duplicate key value violates unique constraint "uk_rp36gnpl2si1n78ikgqtf0suo"
  Ayrıntı: Key (contact_name)=(Ali) already exists.
10:37:34.903 [http-nio-8080-exec-6] INFO  c.p.c.l.LoggingInterceptor - Respone 500 /api/saveContact
10:37:34.903 [http-nio-8080-exec-6] INFO  c.p.c.loggingfilter.LoggingFilter - Response: Status=500, URI=/api/saveContact, Duration (Response Time)=19ms, Headers=[Content-Type, Transfer-Encoding, Date, Connection], Payload = org.apache.catalina.connector.ResponseFacade@5738c688
10:37:43.144 [http-nio-8080-exec-9] INFO  c.p.c.f.HeadersLoggingFilter - Header content-type=0:0:0:0:0:0:0:1, IP = content-type
10:37:43.145 [http-nio-8080-exec-9] INFO  c.p.c.f.HeadersLoggingFilter - Header user-agent=0:0:0:0:0:0:0:1, IP = user-agent
10:37:43.145 [http-nio-8080-exec-9] INFO  c.p.c.f.HeadersLoggingFilter - Header accept=0:0:0:0:0:0:0:1, IP = accept
10:37:43.145 [http-nio-8080-exec-9] INFO  c.p.c.f.HeadersLoggingFilter - Header postman-token=0:0:0:0:0:0:0:1, IP = postman-token
10:37:43.145 [http-nio-8080-exec-9] INFO  c.p.c.f.HeadersLoggingFilter - Header host=0:0:0:0:0:0:0:1, IP = host
10:37:43.145 [http-nio-8080-exec-9] INFO  c.p.c.f.HeadersLoggingFilter - Header accept-encoding=0:0:0:0:0:0:0:1, IP = accept-encoding
10:37:43.145 [http-nio-8080-exec-9] INFO  c.p.c.f.HeadersLoggingFilter - Header connection=0:0:0:0:0:0:0:1, IP = connection
10:37:43.145 [http-nio-8080-exec-9] INFO  c.p.c.f.HeadersLoggingFilter - Header content-length=0:0:0:0:0:0:0:1, IP = content-length
10:37:43.145 [http-nio-8080-exec-9] INFO  c.p.c.loggingfilter.LoggingFilter - Request: Method=POST, URI=/api/saveContact, Headers=content-type=application/json; user-agent=PostmanRuntime/7.43.0; accept=*/*; postman-token=1880dae5-db9a-4a8a-a918-1eaf88d23fbd; host=localhost:8080; accept-encoding=gzip, deflate, br; connection=keep-alive; content-length=82; , Request ID: 94beb428-a071-4da0-97bd-36f27a7bf054, Request IP  =0:0:0:0:0:0:0:1
10:37:43.145 [http-nio-8080-exec-9] INFO  c.p.c.l.LoggingInterceptor - Request: POST /api/saveContact
10:37:43.157 [http-nio-8080-exec-9] WARN  o.h.e.jdbc.spi.SqlExceptionHelper - SQL Error: 0, SQLState: 23505
10:37:43.157 [http-nio-8080-exec-9] ERROR o.h.e.jdbc.spi.SqlExceptionHelper - ERROR: duplicate key value violates unique constraint "uk_rp36gnpl2si1n78ikgqtf0suo"
  Ayrıntı: Key (contact_name)=(Ali) already exists.
10:37:43.165 [http-nio-8080-exec-9] INFO  c.p.c.l.LoggingInterceptor - Respone 500 /api/saveContact
10:37:43.165 [http-nio-8080-exec-9] INFO  c.p.c.loggingfilter.LoggingFilter - Response: Status=500, URI=/api/saveContact, Duration (Response Time)=20ms, Headers=[Content-Type, Transfer-Encoding, Date, Connection], Payload = org.apache.catalina.connector.ResponseFacade@19767f1b
10:38:55.952 [SpringApplicationShutdownHook] INFO  o.s.o.j.LocalContainerEntityManagerFactoryBean - Closing JPA EntityManagerFactory for persistence unit 'default'
10:38:55.954 [SpringApplicationShutdownHook] INFO  com.zaxxer.hikari.HikariDataSource - HikariPool-1 - Shutdown initiated...
10:38:55.959 [SpringApplicationShutdownHook] INFO  com.zaxxer.hikari.HikariDataSource - HikariPool-1 - Shutdown completed.
10:39:03.260 [background-preinit] INFO  o.h.validator.internal.util.Version - HV000001: Hibernate Validator 8.0.1.Final
10:39:03.331 [main] INFO  c.p.c.ContactsdemoApplication - Starting ContactsdemoApplication using Java 17.0.12 with PID 32420 (C:\Ayse Ceren - crud projects\contactsdemo\build\classes\java\main started by 16381136672 in C:\Ayse Ceren - crud projects\contactsdemo)
10:39:03.332 [main] INFO  c.p.c.ContactsdemoApplication - No active profile set, falling back to 1 default profile: "default"
10:39:04.268 [main] INFO  o.s.d.r.c.RepositoryConfigurationDelegate - Bootstrapping Spring Data JPA repositories in DEFAULT mode.
10:39:04.356 [main] INFO  o.s.d.r.c.RepositoryConfigurationDelegate - Finished Spring Data repository scanning in 79 ms. Found 2 JPA repository interfaces.
10:39:04.920 [main] INFO  o.s.b.w.e.tomcat.TomcatWebServer - Tomcat initialized with port 8080 (http)
10:39:04.929 [main] INFO  o.a.coyote.http11.Http11NioProtocol - Initializing ProtocolHandler ["http-nio-8080"]
10:39:04.930 [main] INFO  o.a.catalina.core.StandardService - Starting service [Tomcat]
10:39:04.931 [main] INFO  o.a.catalina.core.StandardEngine - Starting Servlet engine: [Apache Tomcat/10.1.25]
10:39:05.004 [main] INFO  o.a.c.c.C.[Tomcat].[localhost].[/] - Initializing Spring embedded WebApplicationContext
10:39:05.004 [main] INFO  o.s.b.w.s.c.ServletWebServerApplicationContext - Root WebApplicationContext: initialization completed in 1614 ms
10:39:05.141 [main] INFO  o.h.jpa.internal.util.LogHelper - HHH000204: Processing PersistenceUnitInfo [name: default]
10:39:05.207 [main] INFO  org.hibernate.Version - HHH000412: Hibernate ORM core version 6.4.9.Final
10:39:05.258 [main] INFO  o.h.c.i.RegionFactoryInitiator - HHH000026: Second-level cache disabled
10:39:05.505 [main] INFO  o.s.o.j.p.SpringPersistenceUnitInfo - No LoadTimeWeaver setup: ignoring JPA class transformer
10:39:05.532 [main] INFO  com.zaxxer.hikari.HikariDataSource - HikariPool-1 - Starting...
10:39:05.690 [main] INFO  com.zaxxer.hikari.pool.HikariPool - HikariPool-1 - Added connection org.postgresql.jdbc.PgConnection@5b665a30
10:39:05.693 [main] INFO  com.zaxxer.hikari.HikariDataSource - HikariPool-1 - Start completed.
10:39:05.729 [main] WARN  org.hibernate.orm.deprecation - HHH90000025: PostgreSQLDialect does not need to be specified explicitly using 'hibernate.dialect' (remove the property setting and it will be selected by default)
10:39:06.839 [main] INFO  o.s.o.j.LocalContainerEntityManagerFactoryBean - Initialized JPA EntityManagerFactory for persistence unit 'default'
10:39:07.058 [main] WARN  o.s.b.a.o.j.JpaBaseConfiguration$JpaWebConfiguration - spring.jpa.open-in-view is enabled by default. Therefore, database queries may be performed during view rendering. Explicitly configure spring.jpa.open-in-view to disable this warning
10:39:07.629 [main] INFO  o.s.d.j.r.query.QueryEnhancerFactory - Hibernate is in classpath; If applicable, HQL parser will be used.
10:39:08.127 [main] INFO  o.a.coyote.http11.Http11NioProtocol - Starting ProtocolHandler ["http-nio-8080"]
10:39:08.176 [main] INFO  o.s.b.w.e.tomcat.TomcatWebServer - Tomcat started on port 8080 (http) with context path ''
10:39:08.187 [main] INFO  c.p.c.ContactsdemoApplication - Started ContactsdemoApplication in 5.402 seconds (process running for 6.526)
10:40:45.903 [SpringApplicationShutdownHook] INFO  o.s.o.j.LocalContainerEntityManagerFactoryBean - Closing JPA EntityManagerFactory for persistence unit 'default'
10:40:45.906 [SpringApplicationShutdownHook] INFO  com.zaxxer.hikari.HikariDataSource - HikariPool-1 - Shutdown initiated...
10:40:45.909 [SpringApplicationShutdownHook] INFO  com.zaxxer.hikari.HikariDataSource - HikariPool-1 - Shutdown completed.
10:40:54.170 [background-preinit] INFO  o.h.validator.internal.util.Version - HV000001: Hibernate Validator 8.0.1.Final
10:40:54.225 [main] INFO  c.p.c.ContactsdemoApplication - Starting ContactsdemoApplication using Java 17.0.12 with PID 22644 (C:\Ayse Ceren - crud projects\contactsdemo\build\classes\java\main started by 16381136672 in C:\Ayse Ceren - crud projects\contactsdemo)
10:40:54.226 [main] INFO  c.p.c.ContactsdemoApplication - No active profile set, falling back to 1 default profile: "default"
10:40:55.273 [main] INFO  o.s.d.r.c.RepositoryConfigurationDelegate - Bootstrapping Spring Data JPA repositories in DEFAULT mode.
10:40:55.365 [main] INFO  o.s.d.r.c.RepositoryConfigurationDelegate - Finished Spring Data repository scanning in 83 ms. Found 2 JPA repository interfaces.
10:40:56.042 [main] INFO  o.s.b.w.e.tomcat.TomcatWebServer - Tomcat initialized with port 8080 (http)
10:40:56.051 [main] INFO  o.a.coyote.http11.Http11NioProtocol - Initializing ProtocolHandler ["http-nio-8080"]
10:40:56.052 [main] INFO  o.a.catalina.core.StandardService - Starting service [Tomcat]
10:40:56.053 [main] INFO  o.a.catalina.core.StandardEngine - Starting Servlet engine: [Apache Tomcat/10.1.25]
10:40:56.137 [main] INFO  o.a.c.c.C.[Tomcat].[localhost].[/] - Initializing Spring embedded WebApplicationContext
10:40:56.139 [main] INFO  o.s.b.w.s.c.ServletWebServerApplicationContext - Root WebApplicationContext: initialization completed in 1851 ms
10:40:56.307 [main] INFO  o.h.jpa.internal.util.LogHelper - HHH000204: Processing PersistenceUnitInfo [name: default]
10:40:56.383 [main] INFO  org.hibernate.Version - HHH000412: Hibernate ORM core version 6.4.9.Final
10:40:56.424 [main] INFO  o.h.c.i.RegionFactoryInitiator - HHH000026: Second-level cache disabled
10:40:56.711 [main] INFO  o.s.o.j.p.SpringPersistenceUnitInfo - No LoadTimeWeaver setup: ignoring JPA class transformer
10:40:56.749 [main] INFO  com.zaxxer.hikari.HikariDataSource - HikariPool-1 - Starting...
10:40:56.908 [main] INFO  com.zaxxer.hikari.pool.HikariPool - HikariPool-1 - Added connection org.postgresql.jdbc.PgConnection@f3876ef
10:40:56.910 [main] INFO  com.zaxxer.hikari.HikariDataSource - HikariPool-1 - Start completed.
10:40:56.951 [main] WARN  org.hibernate.orm.deprecation - HHH90000025: PostgreSQLDialect does not need to be specified explicitly using 'hibernate.dialect' (remove the property setting and it will be selected by default)
10:40:58.277 [main] INFO  o.s.o.j.LocalContainerEntityManagerFactoryBean - Initialized JPA EntityManagerFactory for persistence unit 'default'
10:40:59.768 [main] WARN  o.s.b.a.o.j.JpaBaseConfiguration$JpaWebConfiguration - spring.jpa.open-in-view is enabled by default. Therefore, database queries may be performed during view rendering. Explicitly configure spring.jpa.open-in-view to disable this warning
10:41:01.520 [main] INFO  o.s.d.j.r.query.QueryEnhancerFactory - Hibernate is in classpath; If applicable, HQL parser will be used.
10:41:02.482 [main] INFO  o.a.coyote.http11.Http11NioProtocol - Starting ProtocolHandler ["http-nio-8080"]
10:41:02.570 [main] INFO  o.s.b.w.e.tomcat.TomcatWebServer - Tomcat started on port 8080 (http) with context path ''
10:41:02.590 [main] INFO  c.p.c.ContactsdemoApplication - Started ContactsdemoApplication in 8.956 seconds (process running for 10.814)
10:41:14.073 [http-nio-8080-exec-1] INFO  o.a.c.c.C.[Tomcat].[localhost].[/] - Initializing Spring DispatcherServlet 'dispatcherServlet'
10:41:14.073 [http-nio-8080-exec-1] INFO  o.s.web.servlet.DispatcherServlet - Initializing Servlet 'dispatcherServlet'
10:41:14.074 [http-nio-8080-exec-1] INFO  o.s.web.servlet.DispatcherServlet - Completed initialization in 1 ms
10:41:14.089 [http-nio-8080-exec-1] INFO  c.p.c.f.HeadersLoggingFilter - Header content-type=0:0:0:0:0:0:0:1, IP = content-type
10:41:14.089 [http-nio-8080-exec-1] INFO  c.p.c.f.HeadersLoggingFilter - Header user-agent=0:0:0:0:0:0:0:1, IP = user-agent
10:41:14.090 [http-nio-8080-exec-1] INFO  c.p.c.f.HeadersLoggingFilter - Header accept=0:0:0:0:0:0:0:1, IP = accept
10:41:14.090 [http-nio-8080-exec-1] INFO  c.p.c.f.HeadersLoggingFilter - Header postman-token=0:0:0:0:0:0:0:1, IP = postman-token
10:41:14.090 [http-nio-8080-exec-1] INFO  c.p.c.f.HeadersLoggingFilter - Header host=0:0:0:0:0:0:0:1, IP = host
10:41:14.090 [http-nio-8080-exec-1] INFO  c.p.c.f.HeadersLoggingFilter - Header accept-encoding=0:0:0:0:0:0:0:1, IP = accept-encoding
10:41:14.090 [http-nio-8080-exec-1] INFO  c.p.c.f.HeadersLoggingFilter - Header connection=0:0:0:0:0:0:0:1, IP = connection
10:41:14.090 [http-nio-8080-exec-1] INFO  c.p.c.f.HeadersLoggingFilter - Header content-length=0:0:0:0:0:0:0:1, IP = content-length
10:41:14.092 [http-nio-8080-exec-1] INFO  c.p.c.loggingfilter.LoggingFilter - Request: Method=POST, URI=/api/saveContact, Headers=content-type=application/json; user-agent=PostmanRuntime/7.43.0; accept=*/*; postman-token=c1e441a4-8963-4b56-a084-038341eb9cad; host=localhost:8080; accept-encoding=gzip, deflate, br; connection=keep-alive; content-length=82; , Request ID: 3d3aa8f1-ae5c-43bb-a2b7-167790be32dd, Request IP  =0:0:0:0:0:0:0:1
10:41:14.129 [http-nio-8080-exec-1] INFO  c.p.c.l.LoggingInterceptor - Request: POST /api/saveContact
10:41:42.598 [http-nio-8080-exec-1] WARN  o.h.e.jdbc.spi.SqlExceptionHelper - SQL Error: 0, SQLState: 23505
10:41:42.598 [http-nio-8080-exec-1] ERROR o.h.e.jdbc.spi.SqlExceptionHelper - ERROR: duplicate key value violates unique constraint "uk_rp36gnpl2si1n78ikgqtf0suo"
  Ayrıntı: Key (contact_name)=(Ali) already exists.
10:57:18.852 [HikariPool-1 housekeeper] WARN  com.zaxxer.hikari.pool.HikariPool - HikariPool-1 - Thread starvation or clock leap detected (housekeeper delta=15m44s834ms665µs300ns).
10:57:18.935 [http-nio-8080-exec-1] INFO  c.p.c.l.LoggingInterceptor - Respone 500 /api/saveContact
10:57:18.938 [http-nio-8080-exec-1] INFO  c.p.c.loggingfilter.LoggingFilter - Response: Status=500, URI=/api/saveContact, Duration (Response Time)=964846ms, Headers=[Content-Type, Transfer-Encoding, Date, Connection], Payload = org.apache.catalina.connector.ResponseFacade@2a0d9b51
10:57:21.032 [http-nio-8080-exec-4] INFO  c.p.c.f.HeadersLoggingFilter - Header content-type=0:0:0:0:0:0:0:1, IP = content-type
10:57:21.032 [http-nio-8080-exec-4] INFO  c.p.c.f.HeadersLoggingFilter - Header user-agent=0:0:0:0:0:0:0:1, IP = user-agent
10:57:21.032 [http-nio-8080-exec-4] INFO  c.p.c.f.HeadersLoggingFilter - Header accept=0:0:0:0:0:0:0:1, IP = accept
10:57:21.032 [http-nio-8080-exec-4] INFO  c.p.c.f.HeadersLoggingFilter - Header postman-token=0:0:0:0:0:0:0:1, IP = postman-token
10:57:21.032 [http-nio-8080-exec-4] INFO  c.p.c.f.HeadersLoggingFilter - Header host=0:0:0:0:0:0:0:1, IP = host
10:57:21.032 [http-nio-8080-exec-4] INFO  c.p.c.f.HeadersLoggingFilter - Header accept-encoding=0:0:0:0:0:0:0:1, IP = accept-encoding
10:57:21.032 [http-nio-8080-exec-4] INFO  c.p.c.f.HeadersLoggingFilter - Header connection=0:0:0:0:0:0:0:1, IP = connection
10:57:21.033 [http-nio-8080-exec-4] INFO  c.p.c.f.HeadersLoggingFilter - Header content-length=0:0:0:0:0:0:0:1, IP = content-length
10:57:21.034 [http-nio-8080-exec-4] INFO  c.p.c.loggingfilter.LoggingFilter - Request: Method=POST, URI=/api/saveContact, Headers=content-type=application/json; user-agent=PostmanRuntime/7.43.0; accept=*/*; postman-token=a12c92ae-45de-4dc6-9c76-fdcee170778f; host=localhost:8080; accept-encoding=gzip, deflate, br; connection=keep-alive; content-length=109; , Request ID: c742d1fb-bdbe-4b45-acb4-bc79dbc25c63, Request IP  =0:0:0:0:0:0:0:1
10:57:21.034 [http-nio-8080-exec-4] INFO  c.p.c.l.LoggingInterceptor - Request: POST /api/saveContact
10:57:34.546 [http-nio-8080-exec-4] WARN  o.h.e.jdbc.spi.SqlExceptionHelper - SQL Error: 0, SQLState: 23505
10:57:34.547 [http-nio-8080-exec-4] ERROR o.h.e.jdbc.spi.SqlExceptionHelper - ERROR: duplicate key value violates unique constraint "uk_rp36gnpl2si1n78ikgqtf0suo"
  Ayrıntı: Key (contact_name)=(Ali) already exists.
10:58:30.712 [HikariPool-1 housekeeper] WARN  com.zaxxer.hikari.pool.HikariPool - HikariPool-1 - Thread starvation or clock leap detected (housekeeper delta=1m11s859ms282µs500ns).
10:58:30.721 [http-nio-8080-exec-4] INFO  c.p.c.l.LoggingInterceptor - Respone 500 /api/saveContact
10:58:30.721 [http-nio-8080-exec-4] INFO  c.p.c.loggingfilter.LoggingFilter - Response: Status=500, URI=/api/saveContact, Duration (Response Time)=69687ms, Headers=[Content-Type, Transfer-Encoding, Date, Connection], Payload = org.apache.catalina.connector.ResponseFacade@5738d4b3
10:58:30.893 [SpringApplicationShutdownHook] INFO  o.s.o.j.LocalContainerEntityManagerFactoryBean - Closing JPA EntityManagerFactory for persistence unit 'default'
10:58:30.895 [SpringApplicationShutdownHook] INFO  com.zaxxer.hikari.HikariDataSource - HikariPool-1 - Shutdown initiated...
10:58:30.898 [SpringApplicationShutdownHook] INFO  com.zaxxer.hikari.HikariDataSource - HikariPool-1 - Shutdown completed.
10:58:40.308 [background-preinit] INFO  o.h.validator.internal.util.Version - HV000001: Hibernate Validator 8.0.1.Final
10:58:40.359 [main] INFO  c.p.c.ContactsdemoApplication - Starting ContactsdemoApplication using Java 17.0.12 with PID 30488 (C:\Ayse Ceren - crud projects\contactsdemo\build\classes\java\main started by 16381136672 in C:\Ayse Ceren - crud projects\contactsdemo)
10:58:40.360 [main] INFO  c.p.c.ContactsdemoApplication - No active profile set, falling back to 1 default profile: "default"
10:58:41.311 [main] INFO  o.s.d.r.c.RepositoryConfigurationDelegate - Bootstrapping Spring Data JPA repositories in DEFAULT mode.
10:58:41.408 [main] INFO  o.s.d.r.c.RepositoryConfigurationDelegate - Finished Spring Data repository scanning in 89 ms. Found 2 JPA repository interfaces.
10:58:42.008 [main] INFO  o.s.b.w.e.tomcat.TomcatWebServer - Tomcat initialized with port 8080 (http)
10:58:42.019 [main] INFO  o.a.coyote.http11.Http11NioProtocol - Initializing ProtocolHandler ["http-nio-8080"]
10:58:42.021 [main] INFO  o.a.catalina.core.StandardService - Starting service [Tomcat]
10:58:42.021 [main] INFO  o.a.catalina.core.StandardEngine - Starting Servlet engine: [Apache Tomcat/10.1.25]
10:58:42.102 [main] INFO  o.a.c.c.C.[Tomcat].[localhost].[/] - Initializing Spring embedded WebApplicationContext
10:58:42.103 [main] INFO  o.s.b.w.s.c.ServletWebServerApplicationContext - Root WebApplicationContext: initialization completed in 1690 ms
10:58:42.268 [main] INFO  o.h.jpa.internal.util.LogHelper - HHH000204: Processing PersistenceUnitInfo [name: default]
10:58:42.325 [main] INFO  org.hibernate.Version - HHH000412: Hibernate ORM core version 6.4.9.Final
10:58:42.362 [main] INFO  o.h.c.i.RegionFactoryInitiator - HHH000026: Second-level cache disabled
10:58:42.650 [main] INFO  o.s.o.j.p.SpringPersistenceUnitInfo - No LoadTimeWeaver setup: ignoring JPA class transformer
10:58:42.685 [main] INFO  com.zaxxer.hikari.HikariDataSource - HikariPool-1 - Starting...
10:58:42.865 [main] INFO  com.zaxxer.hikari.pool.HikariPool - HikariPool-1 - Added connection org.postgresql.jdbc.PgConnection@428eb3d5
10:58:42.869 [main] INFO  com.zaxxer.hikari.HikariDataSource - HikariPool-1 - Start completed.
10:58:42.910 [main] WARN  org.hibernate.orm.deprecation - HHH90000025: PostgreSQLDialect does not need to be specified explicitly using 'hibernate.dialect' (remove the property setting and it will be selected by default)
10:58:44.208 [main] INFO  o.s.o.j.LocalContainerEntityManagerFactoryBean - Initialized JPA EntityManagerFactory for persistence unit 'default'
10:58:45.656 [main] WARN  o.s.b.a.o.j.JpaBaseConfiguration$JpaWebConfiguration - spring.jpa.open-in-view is enabled by default. Therefore, database queries may be performed during view rendering. Explicitly configure spring.jpa.open-in-view to disable this warning
10:58:47.262 [main] INFO  o.s.d.j.r.query.QueryEnhancerFactory - Hibernate is in classpath; If applicable, HQL parser will be used.
10:58:48.060 [main] INFO  o.a.coyote.http11.Http11NioProtocol - Starting ProtocolHandler ["http-nio-8080"]
10:58:48.142 [main] INFO  o.s.b.w.e.tomcat.TomcatWebServer - Tomcat started on port 8080 (http) with context path ''
10:58:48.166 [main] INFO  c.p.c.ContactsdemoApplication - Started ContactsdemoApplication in 8.328 seconds (process running for 9.689)
10:58:54.237 [http-nio-8080-exec-1] INFO  o.a.c.c.C.[Tomcat].[localhost].[/] - Initializing Spring DispatcherServlet 'dispatcherServlet'
10:58:54.237 [http-nio-8080-exec-1] INFO  o.s.web.servlet.DispatcherServlet - Initializing Servlet 'dispatcherServlet'
10:58:54.239 [http-nio-8080-exec-1] INFO  o.s.web.servlet.DispatcherServlet - Completed initialization in 1 ms
10:58:54.257 [http-nio-8080-exec-1] INFO  c.p.c.f.HeadersLoggingFilter - Header content-type=0:0:0:0:0:0:0:1, IP = content-type
10:58:54.257 [http-nio-8080-exec-1] INFO  c.p.c.f.HeadersLoggingFilter - Header user-agent=0:0:0:0:0:0:0:1, IP = user-agent
10:58:54.257 [http-nio-8080-exec-1] INFO  c.p.c.f.HeadersLoggingFilter - Header accept=0:0:0:0:0:0:0:1, IP = accept
10:58:54.257 [http-nio-8080-exec-1] INFO  c.p.c.f.HeadersLoggingFilter - Header postman-token=0:0:0:0:0:0:0:1, IP = postman-token
10:58:54.257 [http-nio-8080-exec-1] INFO  c.p.c.f.HeadersLoggingFilter - Header host=0:0:0:0:0:0:0:1, IP = host
10:58:54.258 [http-nio-8080-exec-1] INFO  c.p.c.f.HeadersLoggingFilter - Header accept-encoding=0:0:0:0:0:0:0:1, IP = accept-encoding
10:58:54.258 [http-nio-8080-exec-1] INFO  c.p.c.f.HeadersLoggingFilter - Header connection=0:0:0:0:0:0:0:1, IP = connection
10:58:54.258 [http-nio-8080-exec-1] INFO  c.p.c.f.HeadersLoggingFilter - Header content-length=0:0:0:0:0:0:0:1, IP = content-length
10:58:54.260 [http-nio-8080-exec-1] INFO  c.p.c.loggingfilter.LoggingFilter - Request: Method=POST, URI=/api/saveContact, Headers=content-type=application/json; user-agent=PostmanRuntime/7.43.0; accept=*/*; postman-token=d08b33db-d779-4a3e-97c9-0b5647ab333a; host=localhost:8080; accept-encoding=gzip, deflate, br; connection=keep-alive; content-length=118; , Request ID: ce5f2a2d-58d3-416f-b313-d37a8046aa9c, Request IP  =0:0:0:0:0:0:0:1
10:58:54.312 [http-nio-8080-exec-1] INFO  c.p.c.l.LoggingInterceptor - Request: POST /api/saveContact
10:59:22.314 [http-nio-8080-exec-1] INFO  c.p.c.l.LoggingInterceptor - Respone 201 /api/saveContact
10:59:22.316 [http-nio-8080-exec-1] INFO  c.p.c.loggingfilter.LoggingFilter - Response: Status=201, URI=/api/saveContact, Duration (Response Time)=28055ms, Headers=[Content-Type, Transfer-Encoding, Date, Keep-Alive, Connection], Payload = org.apache.catalina.connector.ResponseFacade@a05b3da
10:59:37.502 [http-nio-8080-exec-3] INFO  c.p.c.f.HeadersLoggingFilter - Header content-type=0:0:0:0:0:0:0:1, IP = content-type
10:59:37.503 [http-nio-8080-exec-3] INFO  c.p.c.f.HeadersLoggingFilter - Header user-agent=0:0:0:0:0:0:0:1, IP = user-agent
10:59:37.503 [http-nio-8080-exec-3] INFO  c.p.c.f.HeadersLoggingFilter - Header accept=0:0:0:0:0:0:0:1, IP = accept
10:59:37.503 [http-nio-8080-exec-3] INFO  c.p.c.f.HeadersLoggingFilter - Header postman-token=0:0:0:0:0:0:0:1, IP = postman-token
10:59:37.503 [http-nio-8080-exec-3] INFO  c.p.c.f.HeadersLoggingFilter - Header host=0:0:0:0:0:0:0:1, IP = host
10:59:37.503 [http-nio-8080-exec-3] INFO  c.p.c.f.HeadersLoggingFilter - Header accept-encoding=0:0:0:0:0:0:0:1, IP = accept-encoding
10:59:37.503 [http-nio-8080-exec-3] INFO  c.p.c.f.HeadersLoggingFilter - Header connection=0:0:0:0:0:0:0:1, IP = connection
10:59:37.504 [http-nio-8080-exec-3] INFO  c.p.c.f.HeadersLoggingFilter - Header content-length=0:0:0:0:0:0:0:1, IP = content-length
10:59:37.504 [http-nio-8080-exec-3] INFO  c.p.c.loggingfilter.LoggingFilter - Request: Method=POST, URI=/api/saveContact, Headers=content-type=application/json; user-agent=PostmanRuntime/7.43.0; accept=*/*; postman-token=9ee563a1-2544-41b9-a7b3-b2e3570d6d8c; host=localhost:8080; accept-encoding=gzip, deflate, br; connection=keep-alive; content-length=124; , Request ID: 163a23e6-a1b7-40a0-968a-f18bbbbc5826, Request IP  =0:0:0:0:0:0:0:1
10:59:37.504 [http-nio-8080-exec-3] INFO  c.p.c.l.LoggingInterceptor - Request: POST /api/saveContact
10:59:43.801 [http-nio-8080-exec-3] WARN  o.h.e.jdbc.spi.SqlExceptionHelper - SQL Error: 0, SQLState: 23505
10:59:43.801 [http-nio-8080-exec-3] ERROR o.h.e.jdbc.spi.SqlExceptionHelper - ERROR: duplicate key value violates unique constraint "uk_rp36gnpl2si1n78ikgqtf0suo"
  Ayrıntı: Key (contact_name)=(Merve Cavdar) already exists.
10:59:46.534 [http-nio-8080-exec-3] INFO  c.p.c.l.LoggingInterceptor - Respone 500 /api/saveContact
10:59:46.535 [http-nio-8080-exec-3] INFO  c.p.c.loggingfilter.LoggingFilter - Response: Status=500, URI=/api/saveContact, Duration (Response Time)=9031ms, Headers=[Content-Type, Transfer-Encoding, Date, Connection], Payload = org.apache.catalina.connector.ResponseFacade@440ed448
10:59:53.574 [http-nio-8080-exec-5] INFO  c.p.c.f.HeadersLoggingFilter - Header content-type=0:0:0:0:0:0:0:1, IP = content-type
10:59:53.575 [http-nio-8080-exec-5] INFO  c.p.c.f.HeadersLoggingFilter - Header user-agent=0:0:0:0:0:0:0:1, IP = user-agent
10:59:53.575 [http-nio-8080-exec-5] INFO  c.p.c.f.HeadersLoggingFilter - Header accept=0:0:0:0:0:0:0:1, IP = accept
10:59:53.575 [http-nio-8080-exec-5] INFO  c.p.c.f.HeadersLoggingFilter - Header postman-token=0:0:0:0:0:0:0:1, IP = postman-token
10:59:53.575 [http-nio-8080-exec-5] INFO  c.p.c.f.HeadersLoggingFilter - Header host=0:0:0:0:0:0:0:1, IP = host
10:59:53.575 [http-nio-8080-exec-5] INFO  c.p.c.f.HeadersLoggingFilter - Header accept-encoding=0:0:0:0:0:0:0:1, IP = accept-encoding
10:59:53.575 [http-nio-8080-exec-5] INFO  c.p.c.f.HeadersLoggingFilter - Header connection=0:0:0:0:0:0:0:1, IP = connection
10:59:53.575 [http-nio-8080-exec-5] INFO  c.p.c.f.HeadersLoggingFilter - Header content-length=0:0:0:0:0:0:0:1, IP = content-length
10:59:53.575 [http-nio-8080-exec-5] INFO  c.p.c.loggingfilter.LoggingFilter - Request: Method=POST, URI=/api/saveContact, Headers=content-type=application/json; user-agent=PostmanRuntime/7.43.0; accept=*/*; postman-token=b8cef868-4cc6-495d-a232-3142fb645c4a; host=localhost:8080; accept-encoding=gzip, deflate, br; connection=keep-alive; content-length=124; , Request ID: a85e59f3-e572-488d-b411-47791c9bb5d5, Request IP  =0:0:0:0:0:0:0:1
10:59:53.576 [http-nio-8080-exec-5] INFO  c.p.c.l.LoggingInterceptor - Request: POST /api/saveContact
10:59:57.265 [http-nio-8080-exec-5] WARN  o.h.e.jdbc.spi.SqlExceptionHelper - SQL Error: 0, SQLState: 23505
10:59:57.266 [http-nio-8080-exec-5] ERROR o.h.e.jdbc.spi.SqlExceptionHelper - ERROR: duplicate key value violates unique constraint "uk_rp36gnpl2si1n78ikgqtf0suo"
  Ayrıntı: Key (contact_name)=(Merve Cavdar) already exists.
11:00:42.202 [HikariPool-1 housekeeper] WARN  com.zaxxer.hikari.pool.HikariPool - HikariPool-1 - Thread starvation or clock leap detected (housekeeper delta=49s971ms3µs500ns).
11:00:42.205 [http-nio-8080-exec-5] INFO  c.p.c.l.LoggingInterceptor - Respone 500 /api/saveContact
11:00:42.206 [http-nio-8080-exec-5] INFO  c.p.c.loggingfilter.LoggingFilter - Response: Status=500, URI=/api/saveContact, Duration (Response Time)=48631ms, Headers=[Content-Type, Transfer-Encoding, Date, Connection], Payload = org.apache.catalina.connector.ResponseFacade@4fa86f9b
11:00:43.716 [http-nio-8080-exec-7] INFO  c.p.c.f.HeadersLoggingFilter - Header content-type=0:0:0:0:0:0:0:1, IP = content-type
11:00:43.716 [http-nio-8080-exec-7] INFO  c.p.c.f.HeadersLoggingFilter - Header user-agent=0:0:0:0:0:0:0:1, IP = user-agent
11:00:43.717 [http-nio-8080-exec-7] INFO  c.p.c.f.HeadersLoggingFilter - Header accept=0:0:0:0:0:0:0:1, IP = accept
11:00:43.717 [http-nio-8080-exec-7] INFO  c.p.c.f.HeadersLoggingFilter - Header postman-token=0:0:0:0:0:0:0:1, IP = postman-token
11:00:43.717 [http-nio-8080-exec-7] INFO  c.p.c.f.HeadersLoggingFilter - Header host=0:0:0:0:0:0:0:1, IP = host
11:00:43.717 [http-nio-8080-exec-7] INFO  c.p.c.f.HeadersLoggingFilter - Header accept-encoding=0:0:0:0:0:0:0:1, IP = accept-encoding
11:00:43.717 [http-nio-8080-exec-7] INFO  c.p.c.f.HeadersLoggingFilter - Header connection=0:0:0:0:0:0:0:1, IP = connection
11:00:43.717 [http-nio-8080-exec-7] INFO  c.p.c.f.HeadersLoggingFilter - Header content-length=0:0:0:0:0:0:0:1, IP = content-length
11:00:43.717 [http-nio-8080-exec-7] INFO  c.p.c.loggingfilter.LoggingFilter - Request: Method=POST, URI=/api/saveContact, Headers=content-type=application/json; user-agent=PostmanRuntime/7.43.0; accept=*/*; postman-token=bd693bfb-f1d7-412d-9aa1-0d51b10a3ed9; host=localhost:8080; accept-encoding=gzip, deflate, br; connection=keep-alive; content-length=123; , Request ID: 2915adb7-de5c-4170-a93f-1eac59f9a1bc, Request IP  =0:0:0:0:0:0:0:1
11:00:43.717 [http-nio-8080-exec-7] INFO  c.p.c.l.LoggingInterceptor - Request: POST /api/saveContact
11:00:54.306 [http-nio-8080-exec-7] INFO  c.p.c.l.LoggingInterceptor - Respone 201 /api/saveContact
11:00:54.307 [http-nio-8080-exec-7] INFO  c.p.c.loggingfilter.LoggingFilter - Response: Status=201, URI=/api/saveContact, Duration (Response Time)=10590ms, Headers=[Content-Type, Transfer-Encoding, Date, Keep-Alive, Connection], Payload = org.apache.catalina.connector.ResponseFacade@5107ba47
11:03:37.330 [http-nio-8080-exec-10] INFO  c.p.c.f.HeadersLoggingFilter - Header content-type=0:0:0:0:0:0:0:1, IP = content-type
11:03:37.330 [http-nio-8080-exec-10] INFO  c.p.c.f.HeadersLoggingFilter - Header user-agent=0:0:0:0:0:0:0:1, IP = user-agent
11:03:37.330 [http-nio-8080-exec-10] INFO  c.p.c.f.HeadersLoggingFilter - Header accept=0:0:0:0:0:0:0:1, IP = accept
11:03:37.330 [http-nio-8080-exec-10] INFO  c.p.c.f.HeadersLoggingFilter - Header postman-token=0:0:0:0:0:0:0:1, IP = postman-token
11:03:37.330 [http-nio-8080-exec-10] INFO  c.p.c.f.HeadersLoggingFilter - Header host=0:0:0:0:0:0:0:1, IP = host
11:03:37.330 [http-nio-8080-exec-10] INFO  c.p.c.f.HeadersLoggingFilter - Header accept-encoding=0:0:0:0:0:0:0:1, IP = accept-encoding
11:03:37.331 [http-nio-8080-exec-10] INFO  c.p.c.f.HeadersLoggingFilter - Header connection=0:0:0:0:0:0:0:1, IP = connection
11:03:37.331 [http-nio-8080-exec-10] INFO  c.p.c.f.HeadersLoggingFilter - Header content-length=0:0:0:0:0:0:0:1, IP = content-length
11:03:37.331 [http-nio-8080-exec-10] INFO  c.p.c.loggingfilter.LoggingFilter - Request: Method=POST, URI=/api/saveContact, Headers=content-type=application/json; user-agent=PostmanRuntime/7.43.0; accept=*/*; postman-token=24d08980-f75d-4f87-9f86-c985bc2b94e8; host=localhost:8080; accept-encoding=gzip, deflate, br; connection=keep-alive; content-length=123; , Request ID: c6c056b9-a411-476d-9394-a48b219e2eda, Request IP  =0:0:0:0:0:0:0:1
11:03:37.331 [http-nio-8080-exec-10] INFO  c.p.c.l.LoggingInterceptor - Request: POST /api/saveContact
11:03:40.274 [http-nio-8080-exec-10] WARN  o.h.e.jdbc.spi.SqlExceptionHelper - SQL Error: 0, SQLState: 23505
11:03:40.274 [http-nio-8080-exec-10] ERROR o.h.e.jdbc.spi.SqlExceptionHelper - ERROR: duplicate key value violates unique constraint "uk_rp36gnpl2si1n78ikgqtf0suo"
  Ayrıntı: Key (contact_name)=(Merve Merve) already exists.
11:08:09.613 [HikariPool-1 housekeeper] WARN  com.zaxxer.hikari.pool.HikariPool - HikariPool-1 - Thread starvation or clock leap detected (housekeeper delta=4m57s374ms999µs700ns).
11:08:09.620 [http-nio-8080-exec-10] INFO  c.p.c.l.LoggingInterceptor - Respone 500 /api/saveContact
11:08:09.620 [http-nio-8080-exec-10] INFO  c.p.c.loggingfilter.LoggingFilter - Response: Status=500, URI=/api/saveContact, Duration (Response Time)=272289ms, Headers=[Content-Type, Transfer-Encoding, Date, Connection], Payload = org.apache.catalina.connector.ResponseFacade@d73c829
13:31:06.445 [http-nio-8080-exec-1] INFO  c.p.c.f.HeadersLoggingFilter - Header user-agent=0:0:0:0:0:0:0:1, IP = user-agent
13:31:06.446 [http-nio-8080-exec-1] INFO  c.p.c.f.HeadersLoggingFilter - Header accept=0:0:0:0:0:0:0:1, IP = accept
13:31:06.446 [http-nio-8080-exec-1] INFO  c.p.c.f.HeadersLoggingFilter - Header postman-token=0:0:0:0:0:0:0:1, IP = postman-token
13:31:06.446 [http-nio-8080-exec-1] INFO  c.p.c.f.HeadersLoggingFilter - Header host=0:0:0:0:0:0:0:1, IP = host
13:31:06.446 [http-nio-8080-exec-1] INFO  c.p.c.f.HeadersLoggingFilter - Header accept-encoding=0:0:0:0:0:0:0:1, IP = accept-encoding
13:31:06.446 [http-nio-8080-exec-1] INFO  c.p.c.f.HeadersLoggingFilter - Header connection=0:0:0:0:0:0:0:1, IP = connection
13:31:06.447 [http-nio-8080-exec-1] INFO  c.p.c.loggingfilter.LoggingFilter - Request: Method=GET, URI=/api/getAllContactsOfPerson/10000, Headers=user-agent=PostmanRuntime/7.43.0; accept=*/*; postman-token=6241c47c-9467-40cd-97a1-30d58d766eb1; host=localhost:8080; accept-encoding=gzip, deflate, br; connection=keep-alive; , Request ID: 7860a03c-1722-477a-acfe-1b5f61798625, Request IP  =0:0:0:0:0:0:0:1
13:31:06.448 [http-nio-8080-exec-1] INFO  c.p.c.l.LoggingInterceptor - Request: GET /api/getAllContactsOfPerson/10000
13:31:12.860 [http-nio-8080-exec-1] INFO  c.p.c.l.LoggingInterceptor - Respone 400 /api/getAllContactsOfPerson/10000
13:31:12.860 [http-nio-8080-exec-1] INFO  c.p.c.loggingfilter.LoggingFilter - Response: Status=400, URI=/api/getAllContactsOfPerson/10000, Duration (Response Time)=6413ms, Headers=[Content-Type, Transfer-Encoding, Date, Connection], Payload = org.apache.catalina.connector.ResponseFacade@57ef153a
13:31:23.923 [SpringApplicationShutdownHook] INFO  o.s.o.j.LocalContainerEntityManagerFactoryBean - Closing JPA EntityManagerFactory for persistence unit 'default'
13:31:23.925 [SpringApplicationShutdownHook] INFO  com.zaxxer.hikari.HikariDataSource - HikariPool-1 - Shutdown initiated...
13:31:23.928 [SpringApplicationShutdownHook] INFO  com.zaxxer.hikari.HikariDataSource - HikariPool-1 - Shutdown completed.
13:31:27.504 [background-preinit] INFO  o.h.validator.internal.util.Version - HV000001: Hibernate Validator 8.0.1.Final
13:31:27.552 [main] INFO  c.p.c.ContactsdemoApplication - Starting ContactsdemoApplication using Java 17.0.12 with PID 26532 (C:\Ayse Ceren - crud projects\contactsdemo\build\classes\java\main started by 16381136672 in C:\Ayse Ceren - crud projects\contactsdemo)
13:31:27.553 [main] INFO  c.p.c.ContactsdemoApplication - No active profile set, falling back to 1 default profile: "default"
13:31:28.411 [main] INFO  o.s.d.r.c.RepositoryConfigurationDelegate - Bootstrapping Spring Data JPA repositories in DEFAULT mode.
13:31:28.486 [main] INFO  o.s.d.r.c.RepositoryConfigurationDelegate - Finished Spring Data repository scanning in 67 ms. Found 2 JPA repository interfaces.
13:31:29.013 [main] INFO  o.s.b.w.e.tomcat.TomcatWebServer - Tomcat initialized with port 8080 (http)
13:31:29.023 [main] INFO  o.a.coyote.http11.Http11NioProtocol - Initializing ProtocolHandler ["http-nio-8080"]
13:31:29.025 [main] INFO  o.a.catalina.core.StandardService - Starting service [Tomcat]
13:31:29.025 [main] INFO  o.a.catalina.core.StandardEngine - Starting Servlet engine: [Apache Tomcat/10.1.25]
13:31:29.102 [main] INFO  o.a.c.c.C.[Tomcat].[localhost].[/] - Initializing Spring embedded WebApplicationContext
13:31:29.102 [main] INFO  o.s.b.w.s.c.ServletWebServerApplicationContext - Root WebApplicationContext: initialization completed in 1491 ms
13:31:29.256 [main] INFO  o.h.jpa.internal.util.LogHelper - HHH000204: Processing PersistenceUnitInfo [name: default]
13:31:29.328 [main] INFO  org.hibernate.Version - HHH000412: Hibernate ORM core version 6.4.9.Final
13:31:29.365 [main] INFO  o.h.c.i.RegionFactoryInitiator - HHH000026: Second-level cache disabled
13:31:29.644 [main] INFO  o.s.o.j.p.SpringPersistenceUnitInfo - No LoadTimeWeaver setup: ignoring JPA class transformer
13:31:29.673 [main] INFO  com.zaxxer.hikari.HikariDataSource - HikariPool-1 - Starting...
13:31:29.833 [main] INFO  com.zaxxer.hikari.pool.HikariPool - HikariPool-1 - Added connection org.postgresql.jdbc.PgConnection@40017e98
13:31:29.835 [main] INFO  com.zaxxer.hikari.HikariDataSource - HikariPool-1 - Start completed.
13:31:29.866 [main] WARN  org.hibernate.orm.deprecation - HHH90000025: PostgreSQLDialect does not need to be specified explicitly using 'hibernate.dialect' (remove the property setting and it will be selected by default)
13:31:31.035 [main] INFO  o.s.o.j.LocalContainerEntityManagerFactoryBean - Initialized JPA EntityManagerFactory for persistence unit 'default'
13:31:32.457 [main] WARN  o.s.b.a.o.j.JpaBaseConfiguration$JpaWebConfiguration - spring.jpa.open-in-view is enabled by default. Therefore, database queries may be performed during view rendering. Explicitly configure spring.jpa.open-in-view to disable this warning
13:31:33.682 [main] INFO  o.s.d.j.r.query.QueryEnhancerFactory - Hibernate is in classpath; If applicable, HQL parser will be used.
13:31:34.526 [main] INFO  o.a.coyote.http11.Http11NioProtocol - Starting ProtocolHandler ["http-nio-8080"]
13:31:34.618 [main] INFO  o.s.b.w.e.tomcat.TomcatWebServer - Tomcat started on port 8080 (http) with context path ''
13:31:34.637 [main] INFO  c.p.c.ContactsdemoApplication - Started ContactsdemoApplication in 7.567 seconds (process running for 8.907)
13:31:45.464 [http-nio-8080-exec-2] INFO  o.a.c.c.C.[Tomcat].[localhost].[/] - Initializing Spring DispatcherServlet 'dispatcherServlet'
13:31:45.464 [http-nio-8080-exec-2] INFO  o.s.web.servlet.DispatcherServlet - Initializing Servlet 'dispatcherServlet'
13:31:45.465 [http-nio-8080-exec-2] INFO  o.s.web.servlet.DispatcherServlet - Completed initialization in 1 ms
13:31:45.483 [http-nio-8080-exec-2] INFO  c.p.c.f.HeadersLoggingFilter - Header user-agent=0:0:0:0:0:0:0:1, IP = user-agent
13:31:45.483 [http-nio-8080-exec-2] INFO  c.p.c.f.HeadersLoggingFilter - Header accept=0:0:0:0:0:0:0:1, IP = accept
13:31:45.483 [http-nio-8080-exec-2] INFO  c.p.c.f.HeadersLoggingFilter - Header postman-token=0:0:0:0:0:0:0:1, IP = postman-token
13:31:45.483 [http-nio-8080-exec-2] INFO  c.p.c.f.HeadersLoggingFilter - Header host=0:0:0:0:0:0:0:1, IP = host
13:31:45.483 [http-nio-8080-exec-2] INFO  c.p.c.f.HeadersLoggingFilter - Header accept-encoding=0:0:0:0:0:0:0:1, IP = accept-encoding
13:31:45.483 [http-nio-8080-exec-2] INFO  c.p.c.f.HeadersLoggingFilter - Header connection=0:0:0:0:0:0:0:1, IP = connection
13:31:45.486 [http-nio-8080-exec-2] INFO  c.p.c.loggingfilter.LoggingFilter - Request: Method=GET, URI=/api/getAllContactsOfPerson/10000, Headers=user-agent=PostmanRuntime/7.43.0; accept=*/*; postman-token=02dc6a16-2298-4e45-9567-38aea6444b2b; host=localhost:8080; accept-encoding=gzip, deflate, br; connection=keep-alive; , Request ID: 828f1401-9ae6-41a4-b983-09be93995017, Request IP  =0:0:0:0:0:0:0:1
13:31:45.533 [http-nio-8080-exec-2] INFO  c.p.c.l.LoggingInterceptor - Request: GET /api/getAllContactsOfPerson/10000
13:31:50.864 [http-nio-8080-exec-2] INFO  c.p.c.l.LoggingInterceptor - Respone 200 /api/getAllContactsOfPerson/10000
13:31:50.864 [http-nio-8080-exec-2] ERROR c.p.c.l.LoggingInterceptor - Exception: 
com.project.contactsdemo.exception.NoDataFoundException: No contacts found for person id: 10000
	at com.project.contactsdemo.service.PersonContactService.getAllContactsOfPerson(PersonContactService.java:82)
	at java.base/jdk.internal.reflect.NativeMethodAccessorImpl.invoke0(Native Method)
	at java.base/jdk.internal.reflect.NativeMethodAccessorImpl.invoke(NativeMethodAccessorImpl.java:77)
	at java.base/jdk.internal.reflect.DelegatingMethodAccessorImpl.invoke(DelegatingMethodAccessorImpl.java:43)
	at java.base/java.lang.reflect.Method.invoke(Method.java:568)
	at org.springframework.aop.support.AopUtils.invokeJoinpointUsingReflection(AopUtils.java:354)
	at org.springframework.aop.framework.ReflectiveMethodInvocation.invokeJoinpoint(ReflectiveMethodInvocation.java:196)
	at org.springframework.aop.framework.ReflectiveMethodInvocation.proceed(ReflectiveMethodInvocation.java:163)
	at org.springframework.aop.framework.CglibAopProxy$CglibMethodInvocation.proceed(CglibAopProxy.java:768)
	at org.springframework.transaction.interceptor.TransactionInterceptor$1.proceedWithInvocation(TransactionInterceptor.java:123)
	at org.springframework.transaction.interceptor.TransactionAspectSupport.invokeWithinTransaction(TransactionAspectSupport.java:392)
	at org.springframework.transaction.interceptor.TransactionInterceptor.invoke(TransactionInterceptor.java:119)
	at org.springframework.aop.framework.ReflectiveMethodInvocation.proceed(ReflectiveMethodInvocation.java:184)
	at org.springframework.aop.framework.CglibAopProxy$CglibMethodInvocation.proceed(CglibAopProxy.java:768)
	at org.springframework.aop.framework.CglibAopProxy$DynamicAdvisedInterceptor.intercept(CglibAopProxy.java:720)
	at com.project.contactsdemo.service.PersonContactService$$SpringCGLIB$$0.getAllContactsOfPerson(<generated>)
	at com.project.contactsdemo.controller.PersonContactController.getAllContactsOfPerson(PersonContactController.java:144)
	at java.base/jdk.internal.reflect.NativeMethodAccessorImpl.invoke0(Native Method)
	at java.base/jdk.internal.reflect.NativeMethodAccessorImpl.invoke(NativeMethodAccessorImpl.java:77)
	at java.base/jdk.internal.reflect.DelegatingMethodAccessorImpl.invoke(DelegatingMethodAccessorImpl.java:43)
	at java.base/java.lang.reflect.Method.invoke(Method.java:568)
	at org.springframework.aop.support.AopUtils.invokeJoinpointUsingReflection(AopUtils.java:354)
	at org.springframework.aop.framework.ReflectiveMethodInvocation.invokeJoinpoint(ReflectiveMethodInvocation.java:196)
	at org.springframework.aop.framework.ReflectiveMethodInvocation.proceed(ReflectiveMethodInvocation.java:163)
	at org.springframework.aop.framework.CglibAopProxy$CglibMethodInvocation.proceed(CglibAopProxy.java:768)
	at org.springframework.validation.beanvalidation.MethodValidationInterceptor.invoke(MethodValidationInterceptor.java:174)
	at org.springframework.aop.framework.ReflectiveMethodInvocation.proceed(ReflectiveMethodInvocation.java:184)
	at org.springframework.aop.framework.CglibAopProxy$CglibMethodInvocation.proceed(CglibAopProxy.java:768)
	at org.springframework.aop.framework.CglibAopProxy$DynamicAdvisedInterceptor.intercept(CglibAopProxy.java:720)
	at com.project.contactsdemo.controller.PersonContactController$$SpringCGLIB$$0.getAllContactsOfPerson(<generated>)
	at java.base/jdk.internal.reflect.NativeMethodAccessorImpl.invoke0(Native Method)
	at java.base/jdk.internal.reflect.NativeMethodAccessorImpl.invoke(NativeMethodAccessorImpl.java:77)
	at java.base/jdk.internal.reflect.DelegatingMethodAccessorImpl.invoke(DelegatingMethodAccessorImpl.java:43)
	at java.base/java.lang.reflect.Method.invoke(Method.java:568)
	at org.springframework.web.method.support.InvocableHandlerMethod.doInvoke(InvocableHandlerMethod.java:255)
	at org.springframework.web.method.support.InvocableHandlerMethod.invokeForRequest(InvocableHandlerMethod.java:188)
	at org.springframework.web.servlet.mvc.method.annotation.ServletInvocableHandlerMethod.invokeAndHandle(ServletInvocableHandlerMethod.java:118)
	at org.springframework.web.servlet.mvc.method.annotation.RequestMappingHandlerAdapter.invokeHandlerMethod(RequestMappingHandlerAdapter.java:926)
	at org.springframework.web.servlet.mvc.method.annotation.RequestMappingHandlerAdapter.handleInternal(RequestMappingHandlerAdapter.java:831)
	at org.springframework.web.servlet.mvc.method.AbstractHandlerMethodAdapter.handle(AbstractHandlerMethodAdapter.java:87)
	at org.springframework.web.servlet.DispatcherServlet.doDispatch(DispatcherServlet.java:1089)
	at org.springframework.web.servlet.DispatcherServlet.doService(DispatcherServlet.java:979)
	at org.springframework.web.servlet.FrameworkServlet.processRequest(FrameworkServlet.java:1014)
	at org.springframework.web.servlet.FrameworkServlet.doGet(FrameworkServlet.java:903)
	at jakarta.servlet.http.HttpServlet.service(HttpServlet.java:564)
	at org.springframework.web.servlet.FrameworkServlet.service(FrameworkServlet.java:885)
	at jakarta.servlet.http.HttpServlet.service(HttpServlet.java:658)
	at org.apache.catalina.core.ApplicationFilterChain.internalDoFilter(ApplicationFilterChain.java:195)
	at org.apache.catalina.core.ApplicationFilterChain.doFilter(ApplicationFilterChain.java:140)
	at org.apache.tomcat.websocket.server.WsFilter.doFilter(WsFilter.java:51)
	at org.apache.catalina.core.ApplicationFilterChain.internalDoFilter(ApplicationFilterChain.java:164)
	at org.apache.catalina.core.ApplicationFilterChain.doFilter(ApplicationFilterChain.java:140)
	at com.project.contactsdemo.loggingfilter.LoggingFilter.doFilterInternal(LoggingFilter.java:45)
	at org.springframework.web.filter.OncePerRequestFilter.doFilter(OncePerRequestFilter.java:116)
	at org.apache.catalina.core.ApplicationFilterChain.internalDoFilter(ApplicationFilterChain.java:164)
	at org.apache.catalina.core.ApplicationFilterChain.doFilter(ApplicationFilterChain.java:140)
	at com.project.contactsdemo.filterdeneme.HeadersLoggingFilter.doFilter(HeadersLoggingFilter.java:28)
	at org.apache.catalina.core.ApplicationFilterChain.internalDoFilter(ApplicationFilterChain.java:164)
	at org.apache.catalina.core.ApplicationFilterChain.doFilter(ApplicationFilterChain.java:140)
	at org.springframework.web.filter.RequestContextFilter.doFilterInternal(RequestContextFilter.java:100)
	at org.springframework.web.filter.OncePerRequestFilter.doFilter(OncePerRequestFilter.java:116)
	at org.apache.catalina.core.ApplicationFilterChain.internalDoFilter(ApplicationFilterChain.java:164)
	at org.apache.catalina.core.ApplicationFilterChain.doFilter(ApplicationFilterChain.java:140)
	at org.springframework.web.filter.FormContentFilter.doFilterInternal(FormContentFilter.java:93)
	at org.springframework.web.filter.OncePerRequestFilter.doFilter(OncePerRequestFilter.java:116)
	at org.apache.catalina.core.ApplicationFilterChain.internalDoFilter(ApplicationFilterChain.java:164)
	at org.apache.catalina.core.ApplicationFilterChain.doFilter(ApplicationFilterChain.java:140)
	at org.springframework.web.filter.CharacterEncodingFilter.doFilterInternal(CharacterEncodingFilter.java:201)
	at org.springframework.web.filter.OncePerRequestFilter.doFilter(OncePerRequestFilter.java:116)
	at org.apache.catalina.core.ApplicationFilterChain.internalDoFilter(ApplicationFilterChain.java:164)
	at org.apache.catalina.core.ApplicationFilterChain.doFilter(ApplicationFilterChain.java:140)
	at org.apache.catalina.core.StandardWrapperValve.invoke(StandardWrapperValve.java:167)
	at org.apache.catalina.core.StandardContextValve.invoke(StandardContextValve.java:90)
	at org.apache.catalina.authenticator.AuthenticatorBase.invoke(AuthenticatorBase.java:482)
	at org.apache.catalina.core.StandardHostValve.invoke(StandardHostValve.java:115)
	at org.apache.catalina.valves.ErrorReportValve.invoke(ErrorReportValve.java:93)
	at org.apache.catalina.core.StandardEngineValve.invoke(StandardEngineValve.java:74)
	at org.apache.catalina.connector.CoyoteAdapter.service(CoyoteAdapter.java:344)
	at org.apache.coyote.http11.Http11Processor.service(Http11Processor.java:389)
	at org.apache.coyote.AbstractProcessorLight.process(AbstractProcessorLight.java:63)
	at org.apache.coyote.AbstractProtocol$ConnectionHandler.process(AbstractProtocol.java:904)
	at org.apache.tomcat.util.net.NioEndpoint$SocketProcessor.doRun(NioEndpoint.java:1741)
	at org.apache.tomcat.util.net.SocketProcessorBase.run(SocketProcessorBase.java:52)
	at org.apache.tomcat.util.threads.ThreadPoolExecutor.runWorker(ThreadPoolExecutor.java:1190)
	at org.apache.tomcat.util.threads.ThreadPoolExecutor$Worker.run(ThreadPoolExecutor.java:659)
	at org.apache.tomcat.util.threads.TaskThread$WrappingRunnable.run(TaskThread.java:63)
	at java.base/java.lang.Thread.run(Thread.java:842)
13:31:50.871 [http-nio-8080-exec-2] INFO  c.p.c.loggingfilter.LoggingFilter - Response: Status=200, URI=/api/getAllContactsOfPerson/10000, Duration (Response Time)=5385ms, Headers=[], Payload = org.apache.catalina.connector.ResponseFacade@729f8d8d
13:31:50.871 [http-nio-8080-exec-2] ERROR o.a.c.c.C.[.[.[.[dispatcherServlet] - Servlet.service() for servlet [dispatcherServlet] in context with path [] threw exception [Request processing failed: com.project.contactsdemo.exception.NoDataFoundException: No contacts found for person id: 10000] with root cause
com.project.contactsdemo.exception.NoDataFoundException: No contacts found for person id: 10000
	at com.project.contactsdemo.service.PersonContactService.getAllContactsOfPerson(PersonContactService.java:82)
	at java.base/jdk.internal.reflect.NativeMethodAccessorImpl.invoke0(Native Method)
	at java.base/jdk.internal.reflect.NativeMethodAccessorImpl.invoke(NativeMethodAccessorImpl.java:77)
	at java.base/jdk.internal.reflect.DelegatingMethodAccessorImpl.invoke(DelegatingMethodAccessorImpl.java:43)
	at java.base/java.lang.reflect.Method.invoke(Method.java:568)
	at org.springframework.aop.support.AopUtils.invokeJoinpointUsingReflection(AopUtils.java:354)
	at org.springframework.aop.framework.ReflectiveMethodInvocation.invokeJoinpoint(ReflectiveMethodInvocation.java:196)
	at org.springframework.aop.framework.ReflectiveMethodInvocation.proceed(ReflectiveMethodInvocation.java:163)
	at org.springframework.aop.framework.CglibAopProxy$CglibMethodInvocation.proceed(CglibAopProxy.java:768)
	at org.springframework.transaction.interceptor.TransactionInterceptor$1.proceedWithInvocation(TransactionInterceptor.java:123)
	at org.springframework.transaction.interceptor.TransactionAspectSupport.invokeWithinTransaction(TransactionAspectSupport.java:392)
	at org.springframework.transaction.interceptor.TransactionInterceptor.invoke(TransactionInterceptor.java:119)
	at org.springframework.aop.framework.ReflectiveMethodInvocation.proceed(ReflectiveMethodInvocation.java:184)
	at org.springframework.aop.framework.CglibAopProxy$CglibMethodInvocation.proceed(CglibAopProxy.java:768)
	at org.springframework.aop.framework.CglibAopProxy$DynamicAdvisedInterceptor.intercept(CglibAopProxy.java:720)
	at com.project.contactsdemo.service.PersonContactService$$SpringCGLIB$$0.getAllContactsOfPerson(<generated>)
	at com.project.contactsdemo.controller.PersonContactController.getAllContactsOfPerson(PersonContactController.java:144)
	at java.base/jdk.internal.reflect.NativeMethodAccessorImpl.invoke0(Native Method)
	at java.base/jdk.internal.reflect.NativeMethodAccessorImpl.invoke(NativeMethodAccessorImpl.java:77)
	at java.base/jdk.internal.reflect.DelegatingMethodAccessorImpl.invoke(DelegatingMethodAccessorImpl.java:43)
	at java.base/java.lang.reflect.Method.invoke(Method.java:568)
	at org.springframework.aop.support.AopUtils.invokeJoinpointUsingReflection(AopUtils.java:354)
	at org.springframework.aop.framework.ReflectiveMethodInvocation.invokeJoinpoint(ReflectiveMethodInvocation.java:196)
	at org.springframework.aop.framework.ReflectiveMethodInvocation.proceed(ReflectiveMethodInvocation.java:163)
	at org.springframework.aop.framework.CglibAopProxy$CglibMethodInvocation.proceed(CglibAopProxy.java:768)
	at org.springframework.validation.beanvalidation.MethodValidationInterceptor.invoke(MethodValidationInterceptor.java:174)
	at org.springframework.aop.framework.ReflectiveMethodInvocation.proceed(ReflectiveMethodInvocation.java:184)
	at org.springframework.aop.framework.CglibAopProxy$CglibMethodInvocation.proceed(CglibAopProxy.java:768)
	at org.springframework.aop.framework.CglibAopProxy$DynamicAdvisedInterceptor.intercept(CglibAopProxy.java:720)
	at com.project.contactsdemo.controller.PersonContactController$$SpringCGLIB$$0.getAllContactsOfPerson(<generated>)
	at java.base/jdk.internal.reflect.NativeMethodAccessorImpl.invoke0(Native Method)
	at java.base/jdk.internal.reflect.NativeMethodAccessorImpl.invoke(NativeMethodAccessorImpl.java:77)
	at java.base/jdk.internal.reflect.DelegatingMethodAccessorImpl.invoke(DelegatingMethodAccessorImpl.java:43)
	at java.base/java.lang.reflect.Method.invoke(Method.java:568)
	at org.springframework.web.method.support.InvocableHandlerMethod.doInvoke(InvocableHandlerMethod.java:255)
	at org.springframework.web.method.support.InvocableHandlerMethod.invokeForRequest(InvocableHandlerMethod.java:188)
	at org.springframework.web.servlet.mvc.method.annotation.ServletInvocableHandlerMethod.invokeAndHandle(ServletInvocableHandlerMethod.java:118)
	at org.springframework.web.servlet.mvc.method.annotation.RequestMappingHandlerAdapter.invokeHandlerMethod(RequestMappingHandlerAdapter.java:926)
	at org.springframework.web.servlet.mvc.method.annotation.RequestMappingHandlerAdapter.handleInternal(RequestMappingHandlerAdapter.java:831)
	at org.springframework.web.servlet.mvc.method.AbstractHandlerMethodAdapter.handle(AbstractHandlerMethodAdapter.java:87)
	at org.springframework.web.servlet.DispatcherServlet.doDispatch(DispatcherServlet.java:1089)
	at org.springframework.web.servlet.DispatcherServlet.doService(DispatcherServlet.java:979)
	at org.springframework.web.servlet.FrameworkServlet.processRequest(FrameworkServlet.java:1014)
	at org.springframework.web.servlet.FrameworkServlet.doGet(FrameworkServlet.java:903)
	at jakarta.servlet.http.HttpServlet.service(HttpServlet.java:564)
	at org.springframework.web.servlet.FrameworkServlet.service(FrameworkServlet.java:885)
	at jakarta.servlet.http.HttpServlet.service(HttpServlet.java:658)
	at org.apache.catalina.core.ApplicationFilterChain.internalDoFilter(ApplicationFilterChain.java:195)
	at org.apache.catalina.core.ApplicationFilterChain.doFilter(ApplicationFilterChain.java:140)
	at org.apache.tomcat.websocket.server.WsFilter.doFilter(WsFilter.java:51)
	at org.apache.catalina.core.ApplicationFilterChain.internalDoFilter(ApplicationFilterChain.java:164)
	at org.apache.catalina.core.ApplicationFilterChain.doFilter(ApplicationFilterChain.java:140)
	at com.project.contactsdemo.loggingfilter.LoggingFilter.doFilterInternal(LoggingFilter.java:45)
	at org.springframework.web.filter.OncePerRequestFilter.doFilter(OncePerRequestFilter.java:116)
	at org.apache.catalina.core.ApplicationFilterChain.internalDoFilter(ApplicationFilterChain.java:164)
	at org.apache.catalina.core.ApplicationFilterChain.doFilter(ApplicationFilterChain.java:140)
	at com.project.contactsdemo.filterdeneme.HeadersLoggingFilter.doFilter(HeadersLoggingFilter.java:28)
	at org.apache.catalina.core.ApplicationFilterChain.internalDoFilter(ApplicationFilterChain.java:164)
	at org.apache.catalina.core.ApplicationFilterChain.doFilter(ApplicationFilterChain.java:140)
	at org.springframework.web.filter.RequestContextFilter.doFilterInternal(RequestContextFilter.java:100)
	at org.springframework.web.filter.OncePerRequestFilter.doFilter(OncePerRequestFilter.java:116)
	at org.apache.catalina.core.ApplicationFilterChain.internalDoFilter(ApplicationFilterChain.java:164)
	at org.apache.catalina.core.ApplicationFilterChain.doFilter(ApplicationFilterChain.java:140)
	at org.springframework.web.filter.FormContentFilter.doFilterInternal(FormContentFilter.java:93)
	at org.springframework.web.filter.OncePerRequestFilter.doFilter(OncePerRequestFilter.java:116)
	at org.apache.catalina.core.ApplicationFilterChain.internalDoFilter(ApplicationFilterChain.java:164)
	at org.apache.catalina.core.ApplicationFilterChain.doFilter(ApplicationFilterChain.java:140)
	at org.springframework.web.filter.CharacterEncodingFilter.doFilterInternal(CharacterEncodingFilter.java:201)
	at org.springframework.web.filter.OncePerRequestFilter.doFilter(OncePerRequestFilter.java:116)
	at org.apache.catalina.core.ApplicationFilterChain.internalDoFilter(ApplicationFilterChain.java:164)
	at org.apache.catalina.core.ApplicationFilterChain.doFilter(ApplicationFilterChain.java:140)
	at org.apache.catalina.core.StandardWrapperValve.invoke(StandardWrapperValve.java:167)
	at org.apache.catalina.core.StandardContextValve.invoke(StandardContextValve.java:90)
	at org.apache.catalina.authenticator.AuthenticatorBase.invoke(AuthenticatorBase.java:482)
	at org.apache.catalina.core.StandardHostValve.invoke(StandardHostValve.java:115)
	at org.apache.catalina.valves.ErrorReportValve.invoke(ErrorReportValve.java:93)
	at org.apache.catalina.core.StandardEngineValve.invoke(StandardEngineValve.java:74)
	at org.apache.catalina.connector.CoyoteAdapter.service(CoyoteAdapter.java:344)
	at org.apache.coyote.http11.Http11Processor.service(Http11Processor.java:389)
	at org.apache.coyote.AbstractProcessorLight.process(AbstractProcessorLight.java:63)
	at org.apache.coyote.AbstractProtocol$ConnectionHandler.process(AbstractProtocol.java:904)
	at org.apache.tomcat.util.net.NioEndpoint$SocketProcessor.doRun(NioEndpoint.java:1741)
	at org.apache.tomcat.util.net.SocketProcessorBase.run(SocketProcessorBase.java:52)
	at org.apache.tomcat.util.threads.ThreadPoolExecutor.runWorker(ThreadPoolExecutor.java:1190)
	at org.apache.tomcat.util.threads.ThreadPoolExecutor$Worker.run(ThreadPoolExecutor.java:659)
	at org.apache.tomcat.util.threads.TaskThread$WrappingRunnable.run(TaskThread.java:63)
	at java.base/java.lang.Thread.run(Thread.java:842)
13:31:50.890 [http-nio-8080-exec-2] INFO  c.p.c.l.LoggingInterceptor - Request: GET /error
13:31:51.036 [http-nio-8080-exec-2] INFO  c.p.c.l.LoggingInterceptor - Respone 500 /error
13:32:07.973 [http-nio-8080-exec-4] INFO  c.p.c.f.HeadersLoggingFilter - Header user-agent=0:0:0:0:0:0:0:1, IP = user-agent
13:32:07.974 [http-nio-8080-exec-4] INFO  c.p.c.f.HeadersLoggingFilter - Header accept=0:0:0:0:0:0:0:1, IP = accept
13:32:07.974 [http-nio-8080-exec-4] INFO  c.p.c.f.HeadersLoggingFilter - Header postman-token=0:0:0:0:0:0:0:1, IP = postman-token
13:32:07.974 [http-nio-8080-exec-4] INFO  c.p.c.f.HeadersLoggingFilter - Header host=0:0:0:0:0:0:0:1, IP = host
13:32:07.974 [http-nio-8080-exec-4] INFO  c.p.c.f.HeadersLoggingFilter - Header accept-encoding=0:0:0:0:0:0:0:1, IP = accept-encoding
13:32:07.974 [http-nio-8080-exec-4] INFO  c.p.c.f.HeadersLoggingFilter - Header connection=0:0:0:0:0:0:0:1, IP = connection
13:32:07.974 [http-nio-8080-exec-4] INFO  c.p.c.loggingfilter.LoggingFilter - Request: Method=GET, URI=/api/getAllContactsOfPerson/10000, Headers=user-agent=PostmanRuntime/7.43.0; accept=*/*; postman-token=9061a157-c20d-4250-a14b-da96b9b75281; host=localhost:8080; accept-encoding=gzip, deflate, br; connection=keep-alive; , Request ID: 4e0ffcd2-7a63-4354-97bf-3d92ddc11893, Request IP  =0:0:0:0:0:0:0:1
13:32:07.974 [http-nio-8080-exec-4] INFO  c.p.c.l.LoggingInterceptor - Request: GET /api/getAllContactsOfPerson/10000
13:32:17.768 [http-nio-8080-exec-4] INFO  c.p.c.l.LoggingInterceptor - Respone 200 /api/getAllContactsOfPerson/10000
13:32:17.768 [http-nio-8080-exec-4] ERROR c.p.c.l.LoggingInterceptor - Exception: 
com.project.contactsdemo.exception.NoDataFoundException: No contacts found for person id: 10000
	at com.project.contactsdemo.service.PersonContactService.getAllContactsOfPerson(PersonContactService.java:82)
	at java.base/jdk.internal.reflect.NativeMethodAccessorImpl.invoke0(Native Method)
	at java.base/jdk.internal.reflect.NativeMethodAccessorImpl.invoke(NativeMethodAccessorImpl.java:77)
	at java.base/jdk.internal.reflect.DelegatingMethodAccessorImpl.invoke(DelegatingMethodAccessorImpl.java:43)
	at java.base/java.lang.reflect.Method.invoke(Method.java:568)
	at org.springframework.aop.support.AopUtils.invokeJoinpointUsingReflection(AopUtils.java:354)
	at org.springframework.aop.framework.ReflectiveMethodInvocation.invokeJoinpoint(ReflectiveMethodInvocation.java:196)
	at org.springframework.aop.framework.ReflectiveMethodInvocation.proceed(ReflectiveMethodInvocation.java:163)
	at org.springframework.aop.framework.CglibAopProxy$CglibMethodInvocation.proceed(CglibAopProxy.java:768)
	at org.springframework.transaction.interceptor.TransactionInterceptor$1.proceedWithInvocation(TransactionInterceptor.java:123)
	at org.springframework.transaction.interceptor.TransactionAspectSupport.invokeWithinTransaction(TransactionAspectSupport.java:392)
	at org.springframework.transaction.interceptor.TransactionInterceptor.invoke(TransactionInterceptor.java:119)
	at org.springframework.aop.framework.ReflectiveMethodInvocation.proceed(ReflectiveMethodInvocation.java:184)
	at org.springframework.aop.framework.CglibAopProxy$CglibMethodInvocation.proceed(CglibAopProxy.java:768)
	at org.springframework.aop.framework.CglibAopProxy$DynamicAdvisedInterceptor.intercept(CglibAopProxy.java:720)
	at com.project.contactsdemo.service.PersonContactService$$SpringCGLIB$$0.getAllContactsOfPerson(<generated>)
	at com.project.contactsdemo.controller.PersonContactController.getAllContactsOfPerson(PersonContactController.java:144)
	at java.base/jdk.internal.reflect.NativeMethodAccessorImpl.invoke0(Native Method)
	at java.base/jdk.internal.reflect.NativeMethodAccessorImpl.invoke(NativeMethodAccessorImpl.java:77)
	at java.base/jdk.internal.reflect.DelegatingMethodAccessorImpl.invoke(DelegatingMethodAccessorImpl.java:43)
	at java.base/java.lang.reflect.Method.invoke(Method.java:568)
	at org.springframework.aop.support.AopUtils.invokeJoinpointUsingReflection(AopUtils.java:354)
	at org.springframework.aop.framework.ReflectiveMethodInvocation.invokeJoinpoint(ReflectiveMethodInvocation.java:196)
	at org.springframework.aop.framework.ReflectiveMethodInvocation.proceed(ReflectiveMethodInvocation.java:163)
	at org.springframework.aop.framework.CglibAopProxy$CglibMethodInvocation.proceed(CglibAopProxy.java:768)
	at org.springframework.validation.beanvalidation.MethodValidationInterceptor.invoke(MethodValidationInterceptor.java:174)
	at org.springframework.aop.framework.ReflectiveMethodInvocation.proceed(ReflectiveMethodInvocation.java:184)
	at org.springframework.aop.framework.CglibAopProxy$CglibMethodInvocation.proceed(CglibAopProxy.java:768)
	at org.springframework.aop.framework.CglibAopProxy$DynamicAdvisedInterceptor.intercept(CglibAopProxy.java:720)
	at com.project.contactsdemo.controller.PersonContactController$$SpringCGLIB$$0.getAllContactsOfPerson(<generated>)
	at java.base/jdk.internal.reflect.NativeMethodAccessorImpl.invoke0(Native Method)
	at java.base/jdk.internal.reflect.NativeMethodAccessorImpl.invoke(NativeMethodAccessorImpl.java:77)
	at java.base/jdk.internal.reflect.DelegatingMethodAccessorImpl.invoke(DelegatingMethodAccessorImpl.java:43)
	at java.base/java.lang.reflect.Method.invoke(Method.java:568)
	at org.springframework.web.method.support.InvocableHandlerMethod.doInvoke(InvocableHandlerMethod.java:255)
	at org.springframework.web.method.support.InvocableHandlerMethod.invokeForRequest(InvocableHandlerMethod.java:188)
	at org.springframework.web.servlet.mvc.method.annotation.ServletInvocableHandlerMethod.invokeAndHandle(ServletInvocableHandlerMethod.java:118)
	at org.springframework.web.servlet.mvc.method.annotation.RequestMappingHandlerAdapter.invokeHandlerMethod(RequestMappingHandlerAdapter.java:926)
	at org.springframework.web.servlet.mvc.method.annotation.RequestMappingHandlerAdapter.handleInternal(RequestMappingHandlerAdapter.java:831)
	at org.springframework.web.servlet.mvc.method.AbstractHandlerMethodAdapter.handle(AbstractHandlerMethodAdapter.java:87)
	at org.springframework.web.servlet.DispatcherServlet.doDispatch(DispatcherServlet.java:1089)
	at org.springframework.web.servlet.DispatcherServlet.doService(DispatcherServlet.java:979)
	at org.springframework.web.servlet.FrameworkServlet.processRequest(FrameworkServlet.java:1014)
	at org.springframework.web.servlet.FrameworkServlet.doGet(FrameworkServlet.java:903)
	at jakarta.servlet.http.HttpServlet.service(HttpServlet.java:564)
	at org.springframework.web.servlet.FrameworkServlet.service(FrameworkServlet.java:885)
	at jakarta.servlet.http.HttpServlet.service(HttpServlet.java:658)
	at org.apache.catalina.core.ApplicationFilterChain.internalDoFilter(ApplicationFilterChain.java:195)
	at org.apache.catalina.core.ApplicationFilterChain.doFilter(ApplicationFilterChain.java:140)
	at org.apache.tomcat.websocket.server.WsFilter.doFilter(WsFilter.java:51)
	at org.apache.catalina.core.ApplicationFilterChain.internalDoFilter(ApplicationFilterChain.java:164)
	at org.apache.catalina.core.ApplicationFilterChain.doFilter(ApplicationFilterChain.java:140)
	at com.project.contactsdemo.loggingfilter.LoggingFilter.doFilterInternal(LoggingFilter.java:45)
	at org.springframework.web.filter.OncePerRequestFilter.doFilter(OncePerRequestFilter.java:116)
	at org.apache.catalina.core.ApplicationFilterChain.internalDoFilter(ApplicationFilterChain.java:164)
	at org.apache.catalina.core.ApplicationFilterChain.doFilter(ApplicationFilterChain.java:140)
	at com.project.contactsdemo.filterdeneme.HeadersLoggingFilter.doFilter(HeadersLoggingFilter.java:28)
	at org.apache.catalina.core.ApplicationFilterChain.internalDoFilter(ApplicationFilterChain.java:164)
	at org.apache.catalina.core.ApplicationFilterChain.doFilter(ApplicationFilterChain.java:140)
	at org.springframework.web.filter.RequestContextFilter.doFilterInternal(RequestContextFilter.java:100)
	at org.springframework.web.filter.OncePerRequestFilter.doFilter(OncePerRequestFilter.java:116)
	at org.apache.catalina.core.ApplicationFilterChain.internalDoFilter(ApplicationFilterChain.java:164)
	at org.apache.catalina.core.ApplicationFilterChain.doFilter(ApplicationFilterChain.java:140)
	at org.springframework.web.filter.FormContentFilter.doFilterInternal(FormContentFilter.java:93)
	at org.springframework.web.filter.OncePerRequestFilter.doFilter(OncePerRequestFilter.java:116)
	at org.apache.catalina.core.ApplicationFilterChain.internalDoFilter(ApplicationFilterChain.java:164)
	at org.apache.catalina.core.ApplicationFilterChain.doFilter(ApplicationFilterChain.java:140)
	at org.springframework.web.filter.CharacterEncodingFilter.doFilterInternal(CharacterEncodingFilter.java:201)
	at org.springframework.web.filter.OncePerRequestFilter.doFilter(OncePerRequestFilter.java:116)
	at org.apache.catalina.core.ApplicationFilterChain.internalDoFilter(ApplicationFilterChain.java:164)
	at org.apache.catalina.core.ApplicationFilterChain.doFilter(ApplicationFilterChain.java:140)
	at org.apache.catalina.core.StandardWrapperValve.invoke(StandardWrapperValve.java:167)
	at org.apache.catalina.core.StandardContextValve.invoke(StandardContextValve.java:90)
	at org.apache.catalina.authenticator.AuthenticatorBase.invoke(AuthenticatorBase.java:482)
	at org.apache.catalina.core.StandardHostValve.invoke(StandardHostValve.java:115)
	at org.apache.catalina.valves.ErrorReportValve.invoke(ErrorReportValve.java:93)
	at org.apache.catalina.core.StandardEngineValve.invoke(StandardEngineValve.java:74)
	at org.apache.catalina.connector.CoyoteAdapter.service(CoyoteAdapter.java:344)
	at org.apache.coyote.http11.Http11Processor.service(Http11Processor.java:389)
	at org.apache.coyote.AbstractProcessorLight.process(AbstractProcessorLight.java:63)
	at org.apache.coyote.AbstractProtocol$ConnectionHandler.process(AbstractProtocol.java:904)
	at org.apache.tomcat.util.net.NioEndpoint$SocketProcessor.doRun(NioEndpoint.java:1741)
	at org.apache.tomcat.util.net.SocketProcessorBase.run(SocketProcessorBase.java:52)
	at org.apache.tomcat.util.threads.ThreadPoolExecutor.runWorker(ThreadPoolExecutor.java:1190)
	at org.apache.tomcat.util.threads.ThreadPoolExecutor$Worker.run(ThreadPoolExecutor.java:659)
	at org.apache.tomcat.util.threads.TaskThread$WrappingRunnable.run(TaskThread.java:63)
	at java.base/java.lang.Thread.run(Thread.java:842)
13:32:17.769 [http-nio-8080-exec-4] INFO  c.p.c.loggingfilter.LoggingFilter - Response: Status=200, URI=/api/getAllContactsOfPerson/10000, Duration (Response Time)=9795ms, Headers=[], Payload = org.apache.catalina.connector.ResponseFacade@66e2eaf8
13:32:17.769 [http-nio-8080-exec-4] ERROR o.a.c.c.C.[.[.[.[dispatcherServlet] - Servlet.service() for servlet [dispatcherServlet] in context with path [] threw exception [Request processing failed: com.project.contactsdemo.exception.NoDataFoundException: No contacts found for person id: 10000] with root cause
com.project.contactsdemo.exception.NoDataFoundException: No contacts found for person id: 10000
	at com.project.contactsdemo.service.PersonContactService.getAllContactsOfPerson(PersonContactService.java:82)
	at java.base/jdk.internal.reflect.NativeMethodAccessorImpl.invoke0(Native Method)
	at java.base/jdk.internal.reflect.NativeMethodAccessorImpl.invoke(NativeMethodAccessorImpl.java:77)
	at java.base/jdk.internal.reflect.DelegatingMethodAccessorImpl.invoke(DelegatingMethodAccessorImpl.java:43)
	at java.base/java.lang.reflect.Method.invoke(Method.java:568)
	at org.springframework.aop.support.AopUtils.invokeJoinpointUsingReflection(AopUtils.java:354)
	at org.springframework.aop.framework.ReflectiveMethodInvocation.invokeJoinpoint(ReflectiveMethodInvocation.java:196)
	at org.springframework.aop.framework.ReflectiveMethodInvocation.proceed(ReflectiveMethodInvocation.java:163)
	at org.springframework.aop.framework.CglibAopProxy$CglibMethodInvocation.proceed(CglibAopProxy.java:768)
	at org.springframework.transaction.interceptor.TransactionInterceptor$1.proceedWithInvocation(TransactionInterceptor.java:123)
	at org.springframework.transaction.interceptor.TransactionAspectSupport.invokeWithinTransaction(TransactionAspectSupport.java:392)
	at org.springframework.transaction.interceptor.TransactionInterceptor.invoke(TransactionInterceptor.java:119)
	at org.springframework.aop.framework.ReflectiveMethodInvocation.proceed(ReflectiveMethodInvocation.java:184)
	at org.springframework.aop.framework.CglibAopProxy$CglibMethodInvocation.proceed(CglibAopProxy.java:768)
	at org.springframework.aop.framework.CglibAopProxy$DynamicAdvisedInterceptor.intercept(CglibAopProxy.java:720)
	at com.project.contactsdemo.service.PersonContactService$$SpringCGLIB$$0.getAllContactsOfPerson(<generated>)
	at com.project.contactsdemo.controller.PersonContactController.getAllContactsOfPerson(PersonContactController.java:144)
	at java.base/jdk.internal.reflect.NativeMethodAccessorImpl.invoke0(Native Method)
	at java.base/jdk.internal.reflect.NativeMethodAccessorImpl.invoke(NativeMethodAccessorImpl.java:77)
	at java.base/jdk.internal.reflect.DelegatingMethodAccessorImpl.invoke(DelegatingMethodAccessorImpl.java:43)
	at java.base/java.lang.reflect.Method.invoke(Method.java:568)
	at org.springframework.aop.support.AopUtils.invokeJoinpointUsingReflection(AopUtils.java:354)
	at org.springframework.aop.framework.ReflectiveMethodInvocation.invokeJoinpoint(ReflectiveMethodInvocation.java:196)
	at org.springframework.aop.framework.ReflectiveMethodInvocation.proceed(ReflectiveMethodInvocation.java:163)
	at org.springframework.aop.framework.CglibAopProxy$CglibMethodInvocation.proceed(CglibAopProxy.java:768)
	at org.springframework.validation.beanvalidation.MethodValidationInterceptor.invoke(MethodValidationInterceptor.java:174)
	at org.springframework.aop.framework.ReflectiveMethodInvocation.proceed(ReflectiveMethodInvocation.java:184)
	at org.springframework.aop.framework.CglibAopProxy$CglibMethodInvocation.proceed(CglibAopProxy.java:768)
	at org.springframework.aop.framework.CglibAopProxy$DynamicAdvisedInterceptor.intercept(CglibAopProxy.java:720)
	at com.project.contactsdemo.controller.PersonContactController$$SpringCGLIB$$0.getAllContactsOfPerson(<generated>)
	at java.base/jdk.internal.reflect.NativeMethodAccessorImpl.invoke0(Native Method)
	at java.base/jdk.internal.reflect.NativeMethodAccessorImpl.invoke(NativeMethodAccessorImpl.java:77)
	at java.base/jdk.internal.reflect.DelegatingMethodAccessorImpl.invoke(DelegatingMethodAccessorImpl.java:43)
	at java.base/java.lang.reflect.Method.invoke(Method.java:568)
	at org.springframework.web.method.support.InvocableHandlerMethod.doInvoke(InvocableHandlerMethod.java:255)
	at org.springframework.web.method.support.InvocableHandlerMethod.invokeForRequest(InvocableHandlerMethod.java:188)
	at org.springframework.web.servlet.mvc.method.annotation.ServletInvocableHandlerMethod.invokeAndHandle(ServletInvocableHandlerMethod.java:118)
	at org.springframework.web.servlet.mvc.method.annotation.RequestMappingHandlerAdapter.invokeHandlerMethod(RequestMappingHandlerAdapter.java:926)
	at org.springframework.web.servlet.mvc.method.annotation.RequestMappingHandlerAdapter.handleInternal(RequestMappingHandlerAdapter.java:831)
	at org.springframework.web.servlet.mvc.method.AbstractHandlerMethodAdapter.handle(AbstractHandlerMethodAdapter.java:87)
	at org.springframework.web.servlet.DispatcherServlet.doDispatch(DispatcherServlet.java:1089)
	at org.springframework.web.servlet.DispatcherServlet.doService(DispatcherServlet.java:979)
	at org.springframework.web.servlet.FrameworkServlet.processRequest(FrameworkServlet.java:1014)
	at org.springframework.web.servlet.FrameworkServlet.doGet(FrameworkServlet.java:903)
	at jakarta.servlet.http.HttpServlet.service(HttpServlet.java:564)
	at org.springframework.web.servlet.FrameworkServlet.service(FrameworkServlet.java:885)
	at jakarta.servlet.http.HttpServlet.service(HttpServlet.java:658)
	at org.apache.catalina.core.ApplicationFilterChain.internalDoFilter(ApplicationFilterChain.java:195)
	at org.apache.catalina.core.ApplicationFilterChain.doFilter(ApplicationFilterChain.java:140)
	at org.apache.tomcat.websocket.server.WsFilter.doFilter(WsFilter.java:51)
	at org.apache.catalina.core.ApplicationFilterChain.internalDoFilter(ApplicationFilterChain.java:164)
	at org.apache.catalina.core.ApplicationFilterChain.doFilter(ApplicationFilterChain.java:140)
	at com.project.contactsdemo.loggingfilter.LoggingFilter.doFilterInternal(LoggingFilter.java:45)
	at org.springframework.web.filter.OncePerRequestFilter.doFilter(OncePerRequestFilter.java:116)
	at org.apache.catalina.core.ApplicationFilterChain.internalDoFilter(ApplicationFilterChain.java:164)
	at org.apache.catalina.core.ApplicationFilterChain.doFilter(ApplicationFilterChain.java:140)
	at com.project.contactsdemo.filterdeneme.HeadersLoggingFilter.doFilter(HeadersLoggingFilter.java:28)
	at org.apache.catalina.core.ApplicationFilterChain.internalDoFilter(ApplicationFilterChain.java:164)
	at org.apache.catalina.core.ApplicationFilterChain.doFilter(ApplicationFilterChain.java:140)
	at org.springframework.web.filter.RequestContextFilter.doFilterInternal(RequestContextFilter.java:100)
	at org.springframework.web.filter.OncePerRequestFilter.doFilter(OncePerRequestFilter.java:116)
	at org.apache.catalina.core.ApplicationFilterChain.internalDoFilter(ApplicationFilterChain.java:164)
	at org.apache.catalina.core.ApplicationFilterChain.doFilter(ApplicationFilterChain.java:140)
	at org.springframework.web.filter.FormContentFilter.doFilterInternal(FormContentFilter.java:93)
	at org.springframework.web.filter.OncePerRequestFilter.doFilter(OncePerRequestFilter.java:116)
	at org.apache.catalina.core.ApplicationFilterChain.internalDoFilter(ApplicationFilterChain.java:164)
	at org.apache.catalina.core.ApplicationFilterChain.doFilter(ApplicationFilterChain.java:140)
	at org.springframework.web.filter.CharacterEncodingFilter.doFilterInternal(CharacterEncodingFilter.java:201)
	at org.springframework.web.filter.OncePerRequestFilter.doFilter(OncePerRequestFilter.java:116)
	at org.apache.catalina.core.ApplicationFilterChain.internalDoFilter(ApplicationFilterChain.java:164)
	at org.apache.catalina.core.ApplicationFilterChain.doFilter(ApplicationFilterChain.java:140)
	at org.apache.catalina.core.StandardWrapperValve.invoke(StandardWrapperValve.java:167)
	at org.apache.catalina.core.StandardContextValve.invoke(StandardContextValve.java:90)
	at org.apache.catalina.authenticator.AuthenticatorBase.invoke(AuthenticatorBase.java:482)
	at org.apache.catalina.core.StandardHostValve.invoke(StandardHostValve.java:115)
	at org.apache.catalina.valves.ErrorReportValve.invoke(ErrorReportValve.java:93)
	at org.apache.catalina.core.StandardEngineValve.invoke(StandardEngineValve.java:74)
	at org.apache.catalina.connector.CoyoteAdapter.service(CoyoteAdapter.java:344)
	at org.apache.coyote.http11.Http11Processor.service(Http11Processor.java:389)
	at org.apache.coyote.AbstractProcessorLight.process(AbstractProcessorLight.java:63)
	at org.apache.coyote.AbstractProtocol$ConnectionHandler.process(AbstractProtocol.java:904)
	at org.apache.tomcat.util.net.NioEndpoint$SocketProcessor.doRun(NioEndpoint.java:1741)
	at org.apache.tomcat.util.net.SocketProcessorBase.run(SocketProcessorBase.java:52)
	at org.apache.tomcat.util.threads.ThreadPoolExecutor.runWorker(ThreadPoolExecutor.java:1190)
	at org.apache.tomcat.util.threads.ThreadPoolExecutor$Worker.run(ThreadPoolExecutor.java:659)
	at org.apache.tomcat.util.threads.TaskThread$WrappingRunnable.run(TaskThread.java:63)
	at java.base/java.lang.Thread.run(Thread.java:842)
13:32:17.770 [http-nio-8080-exec-4] INFO  c.p.c.l.LoggingInterceptor - Request: GET /error
13:32:17.772 [http-nio-8080-exec-4] INFO  c.p.c.l.LoggingInterceptor - Respone 500 /error
13:33:52.995 [http-nio-8080-exec-6] INFO  c.p.c.f.HeadersLoggingFilter - Header user-agent=0:0:0:0:0:0:0:1, IP = user-agent
13:33:52.995 [http-nio-8080-exec-6] INFO  c.p.c.f.HeadersLoggingFilter - Header accept=0:0:0:0:0:0:0:1, IP = accept
13:33:52.995 [http-nio-8080-exec-6] INFO  c.p.c.f.HeadersLoggingFilter - Header postman-token=0:0:0:0:0:0:0:1, IP = postman-token
13:33:52.995 [http-nio-8080-exec-6] INFO  c.p.c.f.HeadersLoggingFilter - Header host=0:0:0:0:0:0:0:1, IP = host
13:33:52.995 [http-nio-8080-exec-6] INFO  c.p.c.f.HeadersLoggingFilter - Header accept-encoding=0:0:0:0:0:0:0:1, IP = accept-encoding
13:33:52.995 [http-nio-8080-exec-6] INFO  c.p.c.f.HeadersLoggingFilter - Header connection=0:0:0:0:0:0:0:1, IP = connection
13:33:52.995 [http-nio-8080-exec-6] INFO  c.p.c.loggingfilter.LoggingFilter - Request: Method=GET, URI=/api/getAllContactsOfPerson/10000, Headers=user-agent=PostmanRuntime/7.43.0; accept=*/*; postman-token=3f93909d-10be-43fa-9196-cb11d08bbeef; host=localhost:8080; accept-encoding=gzip, deflate, br; connection=keep-alive; , Request ID: 485f8f99-a08c-4f78-a553-32c553376b73, Request IP  =0:0:0:0:0:0:0:1
13:33:52.996 [http-nio-8080-exec-6] INFO  c.p.c.l.LoggingInterceptor - Request: GET /api/getAllContactsOfPerson/10000
13:34:15.572 [HikariPool-1 housekeeper] WARN  com.zaxxer.hikari.pool.HikariPool - HikariPool-1 - Thread starvation or clock leap detected (housekeeper delta=45s587ms892µs100ns).
13:34:15.577 [http-nio-8080-exec-6] INFO  c.p.c.l.LoggingInterceptor - Respone 200 /api/getAllContactsOfPerson/10000
13:34:15.577 [http-nio-8080-exec-6] ERROR c.p.c.l.LoggingInterceptor - Exception: 
com.project.contactsdemo.exception.NoDataFoundException: No contacts found for person id: 10000
	at com.project.contactsdemo.service.PersonContactService.getAllContactsOfPerson(PersonContactService.java:82)
	at java.base/jdk.internal.reflect.NativeMethodAccessorImpl.invoke0(Native Method)
	at java.base/jdk.internal.reflect.NativeMethodAccessorImpl.invoke(NativeMethodAccessorImpl.java:77)
	at java.base/jdk.internal.reflect.DelegatingMethodAccessorImpl.invoke(DelegatingMethodAccessorImpl.java:43)
	at java.base/java.lang.reflect.Method.invoke(Method.java:568)
	at org.springframework.aop.support.AopUtils.invokeJoinpointUsingReflection(AopUtils.java:354)
	at org.springframework.aop.framework.ReflectiveMethodInvocation.invokeJoinpoint(ReflectiveMethodInvocation.java:196)
	at org.springframework.aop.framework.ReflectiveMethodInvocation.proceed(ReflectiveMethodInvocation.java:163)
	at org.springframework.aop.framework.CglibAopProxy$CglibMethodInvocation.proceed(CglibAopProxy.java:768)
	at org.springframework.transaction.interceptor.TransactionInterceptor$1.proceedWithInvocation(TransactionInterceptor.java:123)
	at org.springframework.transaction.interceptor.TransactionAspectSupport.invokeWithinTransaction(TransactionAspectSupport.java:392)
	at org.springframework.transaction.interceptor.TransactionInterceptor.invoke(TransactionInterceptor.java:119)
	at org.springframework.aop.framework.ReflectiveMethodInvocation.proceed(ReflectiveMethodInvocation.java:184)
	at org.springframework.aop.framework.CglibAopProxy$CglibMethodInvocation.proceed(CglibAopProxy.java:768)
	at org.springframework.aop.framework.CglibAopProxy$DynamicAdvisedInterceptor.intercept(CglibAopProxy.java:720)
	at com.project.contactsdemo.service.PersonContactService$$SpringCGLIB$$0.getAllContactsOfPerson(<generated>)
	at com.project.contactsdemo.controller.PersonContactController.getAllContactsOfPerson(PersonContactController.java:144)
	at java.base/jdk.internal.reflect.NativeMethodAccessorImpl.invoke0(Native Method)
	at java.base/jdk.internal.reflect.NativeMethodAccessorImpl.invoke(NativeMethodAccessorImpl.java:77)
	at java.base/jdk.internal.reflect.DelegatingMethodAccessorImpl.invoke(DelegatingMethodAccessorImpl.java:43)
	at java.base/java.lang.reflect.Method.invoke(Method.java:568)
	at org.springframework.aop.support.AopUtils.invokeJoinpointUsingReflection(AopUtils.java:354)
	at org.springframework.aop.framework.ReflectiveMethodInvocation.invokeJoinpoint(ReflectiveMethodInvocation.java:196)
	at org.springframework.aop.framework.ReflectiveMethodInvocation.proceed(ReflectiveMethodInvocation.java:163)
	at org.springframework.aop.framework.CglibAopProxy$CglibMethodInvocation.proceed(CglibAopProxy.java:768)
	at org.springframework.validation.beanvalidation.MethodValidationInterceptor.invoke(MethodValidationInterceptor.java:174)
	at org.springframework.aop.framework.ReflectiveMethodInvocation.proceed(ReflectiveMethodInvocation.java:184)
	at org.springframework.aop.framework.CglibAopProxy$CglibMethodInvocation.proceed(CglibAopProxy.java:768)
	at org.springframework.aop.framework.CglibAopProxy$DynamicAdvisedInterceptor.intercept(CglibAopProxy.java:720)
	at com.project.contactsdemo.controller.PersonContactController$$SpringCGLIB$$0.getAllContactsOfPerson(<generated>)
	at java.base/jdk.internal.reflect.NativeMethodAccessorImpl.invoke0(Native Method)
	at java.base/jdk.internal.reflect.NativeMethodAccessorImpl.invoke(NativeMethodAccessorImpl.java:77)
	at java.base/jdk.internal.reflect.DelegatingMethodAccessorImpl.invoke(DelegatingMethodAccessorImpl.java:43)
	at java.base/java.lang.reflect.Method.invoke(Method.java:568)
	at org.springframework.web.method.support.InvocableHandlerMethod.doInvoke(InvocableHandlerMethod.java:255)
	at org.springframework.web.method.support.InvocableHandlerMethod.invokeForRequest(InvocableHandlerMethod.java:188)
	at org.springframework.web.servlet.mvc.method.annotation.ServletInvocableHandlerMethod.invokeAndHandle(ServletInvocableHandlerMethod.java:118)
	at org.springframework.web.servlet.mvc.method.annotation.RequestMappingHandlerAdapter.invokeHandlerMethod(RequestMappingHandlerAdapter.java:926)
	at org.springframework.web.servlet.mvc.method.annotation.RequestMappingHandlerAdapter.handleInternal(RequestMappingHandlerAdapter.java:831)
	at org.springframework.web.servlet.mvc.method.AbstractHandlerMethodAdapter.handle(AbstractHandlerMethodAdapter.java:87)
	at org.springframework.web.servlet.DispatcherServlet.doDispatch(DispatcherServlet.java:1089)
	at org.springframework.web.servlet.DispatcherServlet.doService(DispatcherServlet.java:979)
	at org.springframework.web.servlet.FrameworkServlet.processRequest(FrameworkServlet.java:1014)
	at org.springframework.web.servlet.FrameworkServlet.doGet(FrameworkServlet.java:903)
	at jakarta.servlet.http.HttpServlet.service(HttpServlet.java:564)
	at org.springframework.web.servlet.FrameworkServlet.service(FrameworkServlet.java:885)
	at jakarta.servlet.http.HttpServlet.service(HttpServlet.java:658)
	at org.apache.catalina.core.ApplicationFilterChain.internalDoFilter(ApplicationFilterChain.java:195)
	at org.apache.catalina.core.ApplicationFilterChain.doFilter(ApplicationFilterChain.java:140)
	at org.apache.tomcat.websocket.server.WsFilter.doFilter(WsFilter.java:51)
	at org.apache.catalina.core.ApplicationFilterChain.internalDoFilter(ApplicationFilterChain.java:164)
	at org.apache.catalina.core.ApplicationFilterChain.doFilter(ApplicationFilterChain.java:140)
	at com.project.contactsdemo.loggingfilter.LoggingFilter.doFilterInternal(LoggingFilter.java:45)
	at org.springframework.web.filter.OncePerRequestFilter.doFilter(OncePerRequestFilter.java:116)
	at org.apache.catalina.core.ApplicationFilterChain.internalDoFilter(ApplicationFilterChain.java:164)
	at org.apache.catalina.core.ApplicationFilterChain.doFilter(ApplicationFilterChain.java:140)
	at com.project.contactsdemo.filterdeneme.HeadersLoggingFilter.doFilter(HeadersLoggingFilter.java:28)
	at org.apache.catalina.core.ApplicationFilterChain.internalDoFilter(ApplicationFilterChain.java:164)
	at org.apache.catalina.core.ApplicationFilterChain.doFilter(ApplicationFilterChain.java:140)
	at org.springframework.web.filter.RequestContextFilter.doFilterInternal(RequestContextFilter.java:100)
	at org.springframework.web.filter.OncePerRequestFilter.doFilter(OncePerRequestFilter.java:116)
	at org.apache.catalina.core.ApplicationFilterChain.internalDoFilter(ApplicationFilterChain.java:164)
	at org.apache.catalina.core.ApplicationFilterChain.doFilter(ApplicationFilterChain.java:140)
	at org.springframework.web.filter.FormContentFilter.doFilterInternal(FormContentFilter.java:93)
	at org.springframework.web.filter.OncePerRequestFilter.doFilter(OncePerRequestFilter.java:116)
	at org.apache.catalina.core.ApplicationFilterChain.internalDoFilter(ApplicationFilterChain.java:164)
	at org.apache.catalina.core.ApplicationFilterChain.doFilter(ApplicationFilterChain.java:140)
	at org.springframework.web.filter.CharacterEncodingFilter.doFilterInternal(CharacterEncodingFilter.java:201)
	at org.springframework.web.filter.OncePerRequestFilter.doFilter(OncePerRequestFilter.java:116)
	at org.apache.catalina.core.ApplicationFilterChain.internalDoFilter(ApplicationFilterChain.java:164)
	at org.apache.catalina.core.ApplicationFilterChain.doFilter(ApplicationFilterChain.java:140)
	at org.apache.catalina.core.StandardWrapperValve.invoke(StandardWrapperValve.java:167)
	at org.apache.catalina.core.StandardContextValve.invoke(StandardContextValve.java:90)
	at org.apache.catalina.authenticator.AuthenticatorBase.invoke(AuthenticatorBase.java:482)
	at org.apache.catalina.core.StandardHostValve.invoke(StandardHostValve.java:115)
	at org.apache.catalina.valves.ErrorReportValve.invoke(ErrorReportValve.java:93)
	at org.apache.catalina.core.StandardEngineValve.invoke(StandardEngineValve.java:74)
	at org.apache.catalina.connector.CoyoteAdapter.service(CoyoteAdapter.java:344)
	at org.apache.coyote.http11.Http11Processor.service(Http11Processor.java:389)
	at org.apache.coyote.AbstractProcessorLight.process(AbstractProcessorLight.java:63)
	at org.apache.coyote.AbstractProtocol$ConnectionHandler.process(AbstractProtocol.java:904)
	at org.apache.tomcat.util.net.NioEndpoint$SocketProcessor.doRun(NioEndpoint.java:1741)
	at org.apache.tomcat.util.net.SocketProcessorBase.run(SocketProcessorBase.java:52)
	at org.apache.tomcat.util.threads.ThreadPoolExecutor.runWorker(ThreadPoolExecutor.java:1190)
	at org.apache.tomcat.util.threads.ThreadPoolExecutor$Worker.run(ThreadPoolExecutor.java:659)
	at org.apache.tomcat.util.threads.TaskThread$WrappingRunnable.run(TaskThread.java:63)
	at java.base/java.lang.Thread.run(Thread.java:842)
13:34:15.578 [http-nio-8080-exec-6] INFO  c.p.c.loggingfilter.LoggingFilter - Response: Status=200, URI=/api/getAllContactsOfPerson/10000, Duration (Response Time)=22583ms, Headers=[], Payload = org.apache.catalina.connector.ResponseFacade@11fb045f
13:34:15.579 [http-nio-8080-exec-6] ERROR o.a.c.c.C.[.[.[.[dispatcherServlet] - Servlet.service() for servlet [dispatcherServlet] in context with path [] threw exception [Request processing failed: com.project.contactsdemo.exception.NoDataFoundException: No contacts found for person id: 10000] with root cause
com.project.contactsdemo.exception.NoDataFoundException: No contacts found for person id: 10000
	at com.project.contactsdemo.service.PersonContactService.getAllContactsOfPerson(PersonContactService.java:82)
	at java.base/jdk.internal.reflect.NativeMethodAccessorImpl.invoke0(Native Method)
	at java.base/jdk.internal.reflect.NativeMethodAccessorImpl.invoke(NativeMethodAccessorImpl.java:77)
	at java.base/jdk.internal.reflect.DelegatingMethodAccessorImpl.invoke(DelegatingMethodAccessorImpl.java:43)
	at java.base/java.lang.reflect.Method.invoke(Method.java:568)
	at org.springframework.aop.support.AopUtils.invokeJoinpointUsingReflection(AopUtils.java:354)
	at org.springframework.aop.framework.ReflectiveMethodInvocation.invokeJoinpoint(ReflectiveMethodInvocation.java:196)
	at org.springframework.aop.framework.ReflectiveMethodInvocation.proceed(ReflectiveMethodInvocation.java:163)
	at org.springframework.aop.framework.CglibAopProxy$CglibMethodInvocation.proceed(CglibAopProxy.java:768)
	at org.springframework.transaction.interceptor.TransactionInterceptor$1.proceedWithInvocation(TransactionInterceptor.java:123)
	at org.springframework.transaction.interceptor.TransactionAspectSupport.invokeWithinTransaction(TransactionAspectSupport.java:392)
	at org.springframework.transaction.interceptor.TransactionInterceptor.invoke(TransactionInterceptor.java:119)
	at org.springframework.aop.framework.ReflectiveMethodInvocation.proceed(ReflectiveMethodInvocation.java:184)
	at org.springframework.aop.framework.CglibAopProxy$CglibMethodInvocation.proceed(CglibAopProxy.java:768)
	at org.springframework.aop.framework.CglibAopProxy$DynamicAdvisedInterceptor.intercept(CglibAopProxy.java:720)
	at com.project.contactsdemo.service.PersonContactService$$SpringCGLIB$$0.getAllContactsOfPerson(<generated>)
	at com.project.contactsdemo.controller.PersonContactController.getAllContactsOfPerson(PersonContactController.java:144)
	at java.base/jdk.internal.reflect.NativeMethodAccessorImpl.invoke0(Native Method)
	at java.base/jdk.internal.reflect.NativeMethodAccessorImpl.invoke(NativeMethodAccessorImpl.java:77)
	at java.base/jdk.internal.reflect.DelegatingMethodAccessorImpl.invoke(DelegatingMethodAccessorImpl.java:43)
	at java.base/java.lang.reflect.Method.invoke(Method.java:568)
	at org.springframework.aop.support.AopUtils.invokeJoinpointUsingReflection(AopUtils.java:354)
	at org.springframework.aop.framework.ReflectiveMethodInvocation.invokeJoinpoint(ReflectiveMethodInvocation.java:196)
	at org.springframework.aop.framework.ReflectiveMethodInvocation.proceed(ReflectiveMethodInvocation.java:163)
	at org.springframework.aop.framework.CglibAopProxy$CglibMethodInvocation.proceed(CglibAopProxy.java:768)
	at org.springframework.validation.beanvalidation.MethodValidationInterceptor.invoke(MethodValidationInterceptor.java:174)
	at org.springframework.aop.framework.ReflectiveMethodInvocation.proceed(ReflectiveMethodInvocation.java:184)
	at org.springframework.aop.framework.CglibAopProxy$CglibMethodInvocation.proceed(CglibAopProxy.java:768)
	at org.springframework.aop.framework.CglibAopProxy$DynamicAdvisedInterceptor.intercept(CglibAopProxy.java:720)
	at com.project.contactsdemo.controller.PersonContactController$$SpringCGLIB$$0.getAllContactsOfPerson(<generated>)
	at java.base/jdk.internal.reflect.NativeMethodAccessorImpl.invoke0(Native Method)
	at java.base/jdk.internal.reflect.NativeMethodAccessorImpl.invoke(NativeMethodAccessorImpl.java:77)
	at java.base/jdk.internal.reflect.DelegatingMethodAccessorImpl.invoke(DelegatingMethodAccessorImpl.java:43)
	at java.base/java.lang.reflect.Method.invoke(Method.java:568)
	at org.springframework.web.method.support.InvocableHandlerMethod.doInvoke(InvocableHandlerMethod.java:255)
	at org.springframework.web.method.support.InvocableHandlerMethod.invokeForRequest(InvocableHandlerMethod.java:188)
	at org.springframework.web.servlet.mvc.method.annotation.ServletInvocableHandlerMethod.invokeAndHandle(ServletInvocableHandlerMethod.java:118)
	at org.springframework.web.servlet.mvc.method.annotation.RequestMappingHandlerAdapter.invokeHandlerMethod(RequestMappingHandlerAdapter.java:926)
	at org.springframework.web.servlet.mvc.method.annotation.RequestMappingHandlerAdapter.handleInternal(RequestMappingHandlerAdapter.java:831)
	at org.springframework.web.servlet.mvc.method.AbstractHandlerMethodAdapter.handle(AbstractHandlerMethodAdapter.java:87)
	at org.springframework.web.servlet.DispatcherServlet.doDispatch(DispatcherServlet.java:1089)
	at org.springframework.web.servlet.DispatcherServlet.doService(DispatcherServlet.java:979)
	at org.springframework.web.servlet.FrameworkServlet.processRequest(FrameworkServlet.java:1014)
	at org.springframework.web.servlet.FrameworkServlet.doGet(FrameworkServlet.java:903)
	at jakarta.servlet.http.HttpServlet.service(HttpServlet.java:564)
	at org.springframework.web.servlet.FrameworkServlet.service(FrameworkServlet.java:885)
	at jakarta.servlet.http.HttpServlet.service(HttpServlet.java:658)
	at org.apache.catalina.core.ApplicationFilterChain.internalDoFilter(ApplicationFilterChain.java:195)
	at org.apache.catalina.core.ApplicationFilterChain.doFilter(ApplicationFilterChain.java:140)
	at org.apache.tomcat.websocket.server.WsFilter.doFilter(WsFilter.java:51)
	at org.apache.catalina.core.ApplicationFilterChain.internalDoFilter(ApplicationFilterChain.java:164)
	at org.apache.catalina.core.ApplicationFilterChain.doFilter(ApplicationFilterChain.java:140)
	at com.project.contactsdemo.loggingfilter.LoggingFilter.doFilterInternal(LoggingFilter.java:45)
	at org.springframework.web.filter.OncePerRequestFilter.doFilter(OncePerRequestFilter.java:116)
	at org.apache.catalina.core.ApplicationFilterChain.internalDoFilter(ApplicationFilterChain.java:164)
	at org.apache.catalina.core.ApplicationFilterChain.doFilter(ApplicationFilterChain.java:140)
	at com.project.contactsdemo.filterdeneme.HeadersLoggingFilter.doFilter(HeadersLoggingFilter.java:28)
	at org.apache.catalina.core.ApplicationFilterChain.internalDoFilter(ApplicationFilterChain.java:164)
	at org.apache.catalina.core.ApplicationFilterChain.doFilter(ApplicationFilterChain.java:140)
	at org.springframework.web.filter.RequestContextFilter.doFilterInternal(RequestContextFilter.java:100)
	at org.springframework.web.filter.OncePerRequestFilter.doFilter(OncePerRequestFilter.java:116)
	at org.apache.catalina.core.ApplicationFilterChain.internalDoFilter(ApplicationFilterChain.java:164)
	at org.apache.catalina.core.ApplicationFilterChain.doFilter(ApplicationFilterChain.java:140)
	at org.springframework.web.filter.FormContentFilter.doFilterInternal(FormContentFilter.java:93)
	at org.springframework.web.filter.OncePerRequestFilter.doFilter(OncePerRequestFilter.java:116)
	at org.apache.catalina.core.ApplicationFilterChain.internalDoFilter(ApplicationFilterChain.java:164)
	at org.apache.catalina.core.ApplicationFilterChain.doFilter(ApplicationFilterChain.java:140)
	at org.springframework.web.filter.CharacterEncodingFilter.doFilterInternal(CharacterEncodingFilter.java:201)
	at org.springframework.web.filter.OncePerRequestFilter.doFilter(OncePerRequestFilter.java:116)
	at org.apache.catalina.core.ApplicationFilterChain.internalDoFilter(ApplicationFilterChain.java:164)
	at org.apache.catalina.core.ApplicationFilterChain.doFilter(ApplicationFilterChain.java:140)
	at org.apache.catalina.core.StandardWrapperValve.invoke(StandardWrapperValve.java:167)
	at org.apache.catalina.core.StandardContextValve.invoke(StandardContextValve.java:90)
	at org.apache.catalina.authenticator.AuthenticatorBase.invoke(AuthenticatorBase.java:482)
	at org.apache.catalina.core.StandardHostValve.invoke(StandardHostValve.java:115)
	at org.apache.catalina.valves.ErrorReportValve.invoke(ErrorReportValve.java:93)
	at org.apache.catalina.core.StandardEngineValve.invoke(StandardEngineValve.java:74)
	at org.apache.catalina.connector.CoyoteAdapter.service(CoyoteAdapter.java:344)
	at org.apache.coyote.http11.Http11Processor.service(Http11Processor.java:389)
	at org.apache.coyote.AbstractProcessorLight.process(AbstractProcessorLight.java:63)
	at org.apache.coyote.AbstractProtocol$ConnectionHandler.process(AbstractProtocol.java:904)
	at org.apache.tomcat.util.net.NioEndpoint$SocketProcessor.doRun(NioEndpoint.java:1741)
	at org.apache.tomcat.util.net.SocketProcessorBase.run(SocketProcessorBase.java:52)
	at org.apache.tomcat.util.threads.ThreadPoolExecutor.runWorker(ThreadPoolExecutor.java:1190)
	at org.apache.tomcat.util.threads.ThreadPoolExecutor$Worker.run(ThreadPoolExecutor.java:659)
	at org.apache.tomcat.util.threads.TaskThread$WrappingRunnable.run(TaskThread.java:63)
	at java.base/java.lang.Thread.run(Thread.java:842)
13:34:15.579 [http-nio-8080-exec-6] INFO  c.p.c.l.LoggingInterceptor - Request: GET /error
13:34:15.580 [http-nio-8080-exec-6] INFO  c.p.c.l.LoggingInterceptor - Respone 500 /error
14:35:17.442 [SpringApplicationShutdownHook] INFO  o.s.o.j.LocalContainerEntityManagerFactoryBean - Closing JPA EntityManagerFactory for persistence unit 'default'
14:35:17.446 [SpringApplicationShutdownHook] INFO  com.zaxxer.hikari.HikariDataSource - HikariPool-1 - Shutdown initiated...
14:35:17.452 [SpringApplicationShutdownHook] INFO  com.zaxxer.hikari.HikariDataSource - HikariPool-1 - Shutdown completed.
14:35:26.223 [background-preinit] INFO  o.h.validator.internal.util.Version - HV000001: Hibernate Validator 8.0.1.Final
14:35:26.282 [main] INFO  c.p.c.ContactsdemoApplication - Starting ContactsdemoApplication using Java 17.0.12 with PID 17028 (C:\Ayse Ceren - crud projects\contactsdemo\build\classes\java\main started by 16381136672 in C:\Ayse Ceren - crud projects\contactsdemo)
14:35:26.284 [main] INFO  c.p.c.ContactsdemoApplication - No active profile set, falling back to 1 default profile: "default"
14:35:27.297 [main] INFO  o.s.d.r.c.RepositoryConfigurationDelegate - Bootstrapping Spring Data JPA repositories in DEFAULT mode.
14:35:27.374 [main] INFO  o.s.d.r.c.RepositoryConfigurationDelegate - Finished Spring Data repository scanning in 69 ms. Found 2 JPA repository interfaces.
14:35:27.980 [main] INFO  o.s.b.w.e.tomcat.TomcatWebServer - Tomcat initialized with port 8080 (http)
14:35:27.993 [main] INFO  o.a.coyote.http11.Http11NioProtocol - Initializing ProtocolHandler ["http-nio-8080"]
14:35:27.996 [main] INFO  o.a.catalina.core.StandardService - Starting service [Tomcat]
14:35:27.996 [main] INFO  o.a.catalina.core.StandardEngine - Starting Servlet engine: [Apache Tomcat/10.1.25]
14:35:28.089 [main] INFO  o.a.c.c.C.[Tomcat].[localhost].[/] - Initializing Spring embedded WebApplicationContext
14:35:28.089 [main] INFO  o.s.b.w.s.c.ServletWebServerApplicationContext - Root WebApplicationContext: initialization completed in 1754 ms
14:35:28.254 [main] INFO  o.h.jpa.internal.util.LogHelper - HHH000204: Processing PersistenceUnitInfo [name: default]
14:35:28.330 [main] INFO  org.hibernate.Version - HHH000412: Hibernate ORM core version 6.4.9.Final
14:35:28.372 [main] INFO  o.h.c.i.RegionFactoryInitiator - HHH000026: Second-level cache disabled
14:35:28.678 [main] INFO  o.s.o.j.p.SpringPersistenceUnitInfo - No LoadTimeWeaver setup: ignoring JPA class transformer
14:35:28.716 [main] INFO  com.zaxxer.hikari.HikariDataSource - HikariPool-1 - Starting...
14:35:28.916 [main] INFO  com.zaxxer.hikari.pool.HikariPool - HikariPool-1 - Added connection org.postgresql.jdbc.PgConnection@4ec0229c
14:35:28.919 [main] INFO  com.zaxxer.hikari.HikariDataSource - HikariPool-1 - Start completed.
14:35:28.958 [main] WARN  org.hibernate.orm.deprecation - HHH90000025: PostgreSQLDialect does not need to be specified explicitly using 'hibernate.dialect' (remove the property setting and it will be selected by default)
14:35:30.433 [main] INFO  o.s.o.j.LocalContainerEntityManagerFactoryBean - Initialized JPA EntityManagerFactory for persistence unit 'default'
14:35:31.507 [main] WARN  o.s.b.a.o.j.JpaBaseConfiguration$JpaWebConfiguration - spring.jpa.open-in-view is enabled by default. Therefore, database queries may be performed during view rendering. Explicitly configure spring.jpa.open-in-view to disable this warning
14:35:33.248 [main] INFO  o.s.d.j.r.query.QueryEnhancerFactory - Hibernate is in classpath; If applicable, HQL parser will be used.
14:35:34.186 [main] INFO  o.a.coyote.http11.Http11NioProtocol - Starting ProtocolHandler ["http-nio-8080"]
14:35:34.293 [main] INFO  o.s.b.w.e.tomcat.TomcatWebServer - Tomcat started on port 8080 (http) with context path ''
14:35:34.318 [main] INFO  c.p.c.ContactsdemoApplication - Started ContactsdemoApplication in 8.587 seconds (process running for 10.381)
14:35:35.726 [http-nio-8080-exec-2] INFO  o.a.c.c.C.[Tomcat].[localhost].[/] - Initializing Spring DispatcherServlet 'dispatcherServlet'
14:35:35.726 [http-nio-8080-exec-2] INFO  o.s.web.servlet.DispatcherServlet - Initializing Servlet 'dispatcherServlet'
14:35:35.728 [http-nio-8080-exec-2] INFO  o.s.web.servlet.DispatcherServlet - Completed initialization in 2 ms
14:35:35.747 [http-nio-8080-exec-2] INFO  c.p.c.f.HeadersLoggingFilter - Header user-agent=0:0:0:0:0:0:0:1, IP = user-agent
14:35:35.748 [http-nio-8080-exec-2] INFO  c.p.c.f.HeadersLoggingFilter - Header accept=0:0:0:0:0:0:0:1, IP = accept
14:35:35.748 [http-nio-8080-exec-2] INFO  c.p.c.f.HeadersLoggingFilter - Header postman-token=0:0:0:0:0:0:0:1, IP = postman-token
14:35:35.748 [http-nio-8080-exec-2] INFO  c.p.c.f.HeadersLoggingFilter - Header host=0:0:0:0:0:0:0:1, IP = host
14:35:35.748 [http-nio-8080-exec-2] INFO  c.p.c.f.HeadersLoggingFilter - Header accept-encoding=0:0:0:0:0:0:0:1, IP = accept-encoding
14:35:35.748 [http-nio-8080-exec-2] INFO  c.p.c.f.HeadersLoggingFilter - Header connection=0:0:0:0:0:0:0:1, IP = connection
14:35:35.750 [http-nio-8080-exec-2] INFO  c.p.c.loggingfilter.LoggingFilter - Request: Method=GET, URI=/api/getAllContactsOfPerson/10000, Headers=user-agent=PostmanRuntime/7.43.0; accept=*/*; postman-token=dea61e91-6d80-4674-b130-a8bb1b475130; host=localhost:8080; accept-encoding=gzip, deflate, br; connection=keep-alive; , Request ID: 19aed5b6-c41f-4dd1-addc-83256ba97635, Request IP  =0:0:0:0:0:0:0:1
14:35:35.803 [http-nio-8080-exec-2] INFO  c.p.c.l.LoggingInterceptor - Request: GET /api/getAllContactsOfPerson/10000
14:35:43.941 [http-nio-8080-exec-2] INFO  c.p.c.l.LoggingInterceptor - Respone 200 /api/getAllContactsOfPerson/10000
14:35:43.941 [http-nio-8080-exec-2] ERROR c.p.c.l.LoggingInterceptor - Exception: 
com.project.contactsdemo.exception.NoDataFoundException: No contacts found for person id: 10000
	at com.project.contactsdemo.service.PersonContactService.getAllContactsOfPerson(PersonContactService.java:82)
	at java.base/jdk.internal.reflect.NativeMethodAccessorImpl.invoke0(Native Method)
	at java.base/jdk.internal.reflect.NativeMethodAccessorImpl.invoke(NativeMethodAccessorImpl.java:77)
	at java.base/jdk.internal.reflect.DelegatingMethodAccessorImpl.invoke(DelegatingMethodAccessorImpl.java:43)
	at java.base/java.lang.reflect.Method.invoke(Method.java:568)
	at org.springframework.aop.support.AopUtils.invokeJoinpointUsingReflection(AopUtils.java:354)
	at org.springframework.aop.framework.ReflectiveMethodInvocation.invokeJoinpoint(ReflectiveMethodInvocation.java:196)
	at org.springframework.aop.framework.ReflectiveMethodInvocation.proceed(ReflectiveMethodInvocation.java:163)
	at org.springframework.aop.framework.CglibAopProxy$CglibMethodInvocation.proceed(CglibAopProxy.java:768)
	at org.springframework.transaction.interceptor.TransactionInterceptor$1.proceedWithInvocation(TransactionInterceptor.java:123)
	at org.springframework.transaction.interceptor.TransactionAspectSupport.invokeWithinTransaction(TransactionAspectSupport.java:392)
	at org.springframework.transaction.interceptor.TransactionInterceptor.invoke(TransactionInterceptor.java:119)
	at org.springframework.aop.framework.ReflectiveMethodInvocation.proceed(ReflectiveMethodInvocation.java:184)
	at org.springframework.aop.framework.CglibAopProxy$CglibMethodInvocation.proceed(CglibAopProxy.java:768)
	at org.springframework.aop.framework.CglibAopProxy$DynamicAdvisedInterceptor.intercept(CglibAopProxy.java:720)
	at com.project.contactsdemo.service.PersonContactService$$SpringCGLIB$$0.getAllContactsOfPerson(<generated>)
	at com.project.contactsdemo.controller.PersonContactController.getAllContactsOfPerson(PersonContactController.java:144)
	at java.base/jdk.internal.reflect.NativeMethodAccessorImpl.invoke0(Native Method)
	at java.base/jdk.internal.reflect.NativeMethodAccessorImpl.invoke(NativeMethodAccessorImpl.java:77)
	at java.base/jdk.internal.reflect.DelegatingMethodAccessorImpl.invoke(DelegatingMethodAccessorImpl.java:43)
	at java.base/java.lang.reflect.Method.invoke(Method.java:568)
	at org.springframework.aop.support.AopUtils.invokeJoinpointUsingReflection(AopUtils.java:354)
	at org.springframework.aop.framework.ReflectiveMethodInvocation.invokeJoinpoint(ReflectiveMethodInvocation.java:196)
	at org.springframework.aop.framework.ReflectiveMethodInvocation.proceed(ReflectiveMethodInvocation.java:163)
	at org.springframework.aop.framework.CglibAopProxy$CglibMethodInvocation.proceed(CglibAopProxy.java:768)
	at org.springframework.validation.beanvalidation.MethodValidationInterceptor.invoke(MethodValidationInterceptor.java:174)
	at org.springframework.aop.framework.ReflectiveMethodInvocation.proceed(ReflectiveMethodInvocation.java:184)
	at org.springframework.aop.framework.CglibAopProxy$CglibMethodInvocation.proceed(CglibAopProxy.java:768)
	at org.springframework.aop.framework.CglibAopProxy$DynamicAdvisedInterceptor.intercept(CglibAopProxy.java:720)
	at com.project.contactsdemo.controller.PersonContactController$$SpringCGLIB$$0.getAllContactsOfPerson(<generated>)
	at java.base/jdk.internal.reflect.NativeMethodAccessorImpl.invoke0(Native Method)
	at java.base/jdk.internal.reflect.NativeMethodAccessorImpl.invoke(NativeMethodAccessorImpl.java:77)
	at java.base/jdk.internal.reflect.DelegatingMethodAccessorImpl.invoke(DelegatingMethodAccessorImpl.java:43)
	at java.base/java.lang.reflect.Method.invoke(Method.java:568)
	at org.springframework.web.method.support.InvocableHandlerMethod.doInvoke(InvocableHandlerMethod.java:255)
	at org.springframework.web.method.support.InvocableHandlerMethod.invokeForRequest(InvocableHandlerMethod.java:188)
	at org.springframework.web.servlet.mvc.method.annotation.ServletInvocableHandlerMethod.invokeAndHandle(ServletInvocableHandlerMethod.java:118)
	at org.springframework.web.servlet.mvc.method.annotation.RequestMappingHandlerAdapter.invokeHandlerMethod(RequestMappingHandlerAdapter.java:926)
	at org.springframework.web.servlet.mvc.method.annotation.RequestMappingHandlerAdapter.handleInternal(RequestMappingHandlerAdapter.java:831)
	at org.springframework.web.servlet.mvc.method.AbstractHandlerMethodAdapter.handle(AbstractHandlerMethodAdapter.java:87)
	at org.springframework.web.servlet.DispatcherServlet.doDispatch(DispatcherServlet.java:1089)
	at org.springframework.web.servlet.DispatcherServlet.doService(DispatcherServlet.java:979)
	at org.springframework.web.servlet.FrameworkServlet.processRequest(FrameworkServlet.java:1014)
	at org.springframework.web.servlet.FrameworkServlet.doGet(FrameworkServlet.java:903)
	at jakarta.servlet.http.HttpServlet.service(HttpServlet.java:564)
	at org.springframework.web.servlet.FrameworkServlet.service(FrameworkServlet.java:885)
	at jakarta.servlet.http.HttpServlet.service(HttpServlet.java:658)
	at org.apache.catalina.core.ApplicationFilterChain.internalDoFilter(ApplicationFilterChain.java:195)
	at org.apache.catalina.core.ApplicationFilterChain.doFilter(ApplicationFilterChain.java:140)
	at org.apache.tomcat.websocket.server.WsFilter.doFilter(WsFilter.java:51)
	at org.apache.catalina.core.ApplicationFilterChain.internalDoFilter(ApplicationFilterChain.java:164)
	at org.apache.catalina.core.ApplicationFilterChain.doFilter(ApplicationFilterChain.java:140)
	at com.project.contactsdemo.loggingfilter.LoggingFilter.doFilterInternal(LoggingFilter.java:45)
	at org.springframework.web.filter.OncePerRequestFilter.doFilter(OncePerRequestFilter.java:116)
	at org.apache.catalina.core.ApplicationFilterChain.internalDoFilter(ApplicationFilterChain.java:164)
	at org.apache.catalina.core.ApplicationFilterChain.doFilter(ApplicationFilterChain.java:140)
	at com.project.contactsdemo.filterdeneme.HeadersLoggingFilter.doFilter(HeadersLoggingFilter.java:28)
	at org.apache.catalina.core.ApplicationFilterChain.internalDoFilter(ApplicationFilterChain.java:164)
	at org.apache.catalina.core.ApplicationFilterChain.doFilter(ApplicationFilterChain.java:140)
	at org.springframework.web.filter.RequestContextFilter.doFilterInternal(RequestContextFilter.java:100)
	at org.springframework.web.filter.OncePerRequestFilter.doFilter(OncePerRequestFilter.java:116)
	at org.apache.catalina.core.ApplicationFilterChain.internalDoFilter(ApplicationFilterChain.java:164)
	at org.apache.catalina.core.ApplicationFilterChain.doFilter(ApplicationFilterChain.java:140)
	at org.springframework.web.filter.FormContentFilter.doFilterInternal(FormContentFilter.java:93)
	at org.springframework.web.filter.OncePerRequestFilter.doFilter(OncePerRequestFilter.java:116)
	at org.apache.catalina.core.ApplicationFilterChain.internalDoFilter(ApplicationFilterChain.java:164)
	at org.apache.catalina.core.ApplicationFilterChain.doFilter(ApplicationFilterChain.java:140)
	at org.springframework.web.filter.CharacterEncodingFilter.doFilterInternal(CharacterEncodingFilter.java:201)
	at org.springframework.web.filter.OncePerRequestFilter.doFilter(OncePerRequestFilter.java:116)
	at org.apache.catalina.core.ApplicationFilterChain.internalDoFilter(ApplicationFilterChain.java:164)
	at org.apache.catalina.core.ApplicationFilterChain.doFilter(ApplicationFilterChain.java:140)
	at org.apache.catalina.core.StandardWrapperValve.invoke(StandardWrapperValve.java:167)
	at org.apache.catalina.core.StandardContextValve.invoke(StandardContextValve.java:90)
	at org.apache.catalina.authenticator.AuthenticatorBase.invoke(AuthenticatorBase.java:482)
	at org.apache.catalina.core.StandardHostValve.invoke(StandardHostValve.java:115)
	at org.apache.catalina.valves.ErrorReportValve.invoke(ErrorReportValve.java:93)
	at org.apache.catalina.core.StandardEngineValve.invoke(StandardEngineValve.java:74)
	at org.apache.catalina.connector.CoyoteAdapter.service(CoyoteAdapter.java:344)
	at org.apache.coyote.http11.Http11Processor.service(Http11Processor.java:389)
	at org.apache.coyote.AbstractProcessorLight.process(AbstractProcessorLight.java:63)
	at org.apache.coyote.AbstractProtocol$ConnectionHandler.process(AbstractProtocol.java:904)
	at org.apache.tomcat.util.net.NioEndpoint$SocketProcessor.doRun(NioEndpoint.java:1741)
	at org.apache.tomcat.util.net.SocketProcessorBase.run(SocketProcessorBase.java:52)
	at org.apache.tomcat.util.threads.ThreadPoolExecutor.runWorker(ThreadPoolExecutor.java:1190)
	at org.apache.tomcat.util.threads.ThreadPoolExecutor$Worker.run(ThreadPoolExecutor.java:659)
	at org.apache.tomcat.util.threads.TaskThread$WrappingRunnable.run(TaskThread.java:63)
	at java.base/java.lang.Thread.run(Thread.java:842)
14:35:43.953 [http-nio-8080-exec-2] INFO  c.p.c.loggingfilter.LoggingFilter - Response: Status=200, URI=/api/getAllContactsOfPerson/10000, Duration (Response Time)=8202ms, Headers=[], Payload = org.apache.catalina.connector.ResponseFacade@64c6cd58
14:35:43.953 [http-nio-8080-exec-2] ERROR o.a.c.c.C.[.[.[.[dispatcherServlet] - Servlet.service() for servlet [dispatcherServlet] in context with path [] threw exception [Request processing failed: com.project.contactsdemo.exception.NoDataFoundException: No contacts found for person id: 10000] with root cause
com.project.contactsdemo.exception.NoDataFoundException: No contacts found for person id: 10000
	at com.project.contactsdemo.service.PersonContactService.getAllContactsOfPerson(PersonContactService.java:82)
	at java.base/jdk.internal.reflect.NativeMethodAccessorImpl.invoke0(Native Method)
	at java.base/jdk.internal.reflect.NativeMethodAccessorImpl.invoke(NativeMethodAccessorImpl.java:77)
	at java.base/jdk.internal.reflect.DelegatingMethodAccessorImpl.invoke(DelegatingMethodAccessorImpl.java:43)
	at java.base/java.lang.reflect.Method.invoke(Method.java:568)
	at org.springframework.aop.support.AopUtils.invokeJoinpointUsingReflection(AopUtils.java:354)
	at org.springframework.aop.framework.ReflectiveMethodInvocation.invokeJoinpoint(ReflectiveMethodInvocation.java:196)
	at org.springframework.aop.framework.ReflectiveMethodInvocation.proceed(ReflectiveMethodInvocation.java:163)
	at org.springframework.aop.framework.CglibAopProxy$CglibMethodInvocation.proceed(CglibAopProxy.java:768)
	at org.springframework.transaction.interceptor.TransactionInterceptor$1.proceedWithInvocation(TransactionInterceptor.java:123)
	at org.springframework.transaction.interceptor.TransactionAspectSupport.invokeWithinTransaction(TransactionAspectSupport.java:392)
	at org.springframework.transaction.interceptor.TransactionInterceptor.invoke(TransactionInterceptor.java:119)
	at org.springframework.aop.framework.ReflectiveMethodInvocation.proceed(ReflectiveMethodInvocation.java:184)
	at org.springframework.aop.framework.CglibAopProxy$CglibMethodInvocation.proceed(CglibAopProxy.java:768)
	at org.springframework.aop.framework.CglibAopProxy$DynamicAdvisedInterceptor.intercept(CglibAopProxy.java:720)
	at com.project.contactsdemo.service.PersonContactService$$SpringCGLIB$$0.getAllContactsOfPerson(<generated>)
	at com.project.contactsdemo.controller.PersonContactController.getAllContactsOfPerson(PersonContactController.java:144)
	at java.base/jdk.internal.reflect.NativeMethodAccessorImpl.invoke0(Native Method)
	at java.base/jdk.internal.reflect.NativeMethodAccessorImpl.invoke(NativeMethodAccessorImpl.java:77)
	at java.base/jdk.internal.reflect.DelegatingMethodAccessorImpl.invoke(DelegatingMethodAccessorImpl.java:43)
	at java.base/java.lang.reflect.Method.invoke(Method.java:568)
	at org.springframework.aop.support.AopUtils.invokeJoinpointUsingReflection(AopUtils.java:354)
	at org.springframework.aop.framework.ReflectiveMethodInvocation.invokeJoinpoint(ReflectiveMethodInvocation.java:196)
	at org.springframework.aop.framework.ReflectiveMethodInvocation.proceed(ReflectiveMethodInvocation.java:163)
	at org.springframework.aop.framework.CglibAopProxy$CglibMethodInvocation.proceed(CglibAopProxy.java:768)
	at org.springframework.validation.beanvalidation.MethodValidationInterceptor.invoke(MethodValidationInterceptor.java:174)
	at org.springframework.aop.framework.ReflectiveMethodInvocation.proceed(ReflectiveMethodInvocation.java:184)
	at org.springframework.aop.framework.CglibAopProxy$CglibMethodInvocation.proceed(CglibAopProxy.java:768)
	at org.springframework.aop.framework.CglibAopProxy$DynamicAdvisedInterceptor.intercept(CglibAopProxy.java:720)
	at com.project.contactsdemo.controller.PersonContactController$$SpringCGLIB$$0.getAllContactsOfPerson(<generated>)
	at java.base/jdk.internal.reflect.NativeMethodAccessorImpl.invoke0(Native Method)
	at java.base/jdk.internal.reflect.NativeMethodAccessorImpl.invoke(NativeMethodAccessorImpl.java:77)
	at java.base/jdk.internal.reflect.DelegatingMethodAccessorImpl.invoke(DelegatingMethodAccessorImpl.java:43)
	at java.base/java.lang.reflect.Method.invoke(Method.java:568)
	at org.springframework.web.method.support.InvocableHandlerMethod.doInvoke(InvocableHandlerMethod.java:255)
	at org.springframework.web.method.support.InvocableHandlerMethod.invokeForRequest(InvocableHandlerMethod.java:188)
	at org.springframework.web.servlet.mvc.method.annotation.ServletInvocableHandlerMethod.invokeAndHandle(ServletInvocableHandlerMethod.java:118)
	at org.springframework.web.servlet.mvc.method.annotation.RequestMappingHandlerAdapter.invokeHandlerMethod(RequestMappingHandlerAdapter.java:926)
	at org.springframework.web.servlet.mvc.method.annotation.RequestMappingHandlerAdapter.handleInternal(RequestMappingHandlerAdapter.java:831)
	at org.springframework.web.servlet.mvc.method.AbstractHandlerMethodAdapter.handle(AbstractHandlerMethodAdapter.java:87)
	at org.springframework.web.servlet.DispatcherServlet.doDispatch(DispatcherServlet.java:1089)
	at org.springframework.web.servlet.DispatcherServlet.doService(DispatcherServlet.java:979)
	at org.springframework.web.servlet.FrameworkServlet.processRequest(FrameworkServlet.java:1014)
	at org.springframework.web.servlet.FrameworkServlet.doGet(FrameworkServlet.java:903)
	at jakarta.servlet.http.HttpServlet.service(HttpServlet.java:564)
	at org.springframework.web.servlet.FrameworkServlet.service(FrameworkServlet.java:885)
	at jakarta.servlet.http.HttpServlet.service(HttpServlet.java:658)
	at org.apache.catalina.core.ApplicationFilterChain.internalDoFilter(ApplicationFilterChain.java:195)
	at org.apache.catalina.core.ApplicationFilterChain.doFilter(ApplicationFilterChain.java:140)
	at org.apache.tomcat.websocket.server.WsFilter.doFilter(WsFilter.java:51)
	at org.apache.catalina.core.ApplicationFilterChain.internalDoFilter(ApplicationFilterChain.java:164)
	at org.apache.catalina.core.ApplicationFilterChain.doFilter(ApplicationFilterChain.java:140)
	at com.project.contactsdemo.loggingfilter.LoggingFilter.doFilterInternal(LoggingFilter.java:45)
	at org.springframework.web.filter.OncePerRequestFilter.doFilter(OncePerRequestFilter.java:116)
	at org.apache.catalina.core.ApplicationFilterChain.internalDoFilter(ApplicationFilterChain.java:164)
	at org.apache.catalina.core.ApplicationFilterChain.doFilter(ApplicationFilterChain.java:140)
	at com.project.contactsdemo.filterdeneme.HeadersLoggingFilter.doFilter(HeadersLoggingFilter.java:28)
	at org.apache.catalina.core.ApplicationFilterChain.internalDoFilter(ApplicationFilterChain.java:164)
	at org.apache.catalina.core.ApplicationFilterChain.doFilter(ApplicationFilterChain.java:140)
	at org.springframework.web.filter.RequestContextFilter.doFilterInternal(RequestContextFilter.java:100)
	at org.springframework.web.filter.OncePerRequestFilter.doFilter(OncePerRequestFilter.java:116)
	at org.apache.catalina.core.ApplicationFilterChain.internalDoFilter(ApplicationFilterChain.java:164)
	at org.apache.catalina.core.ApplicationFilterChain.doFilter(ApplicationFilterChain.java:140)
	at org.springframework.web.filter.FormContentFilter.doFilterInternal(FormContentFilter.java:93)
	at org.springframework.web.filter.OncePerRequestFilter.doFilter(OncePerRequestFilter.java:116)
	at org.apache.catalina.core.ApplicationFilterChain.internalDoFilter(ApplicationFilterChain.java:164)
	at org.apache.catalina.core.ApplicationFilterChain.doFilter(ApplicationFilterChain.java:140)
	at org.springframework.web.filter.CharacterEncodingFilter.doFilterInternal(CharacterEncodingFilter.java:201)
	at org.springframework.web.filter.OncePerRequestFilter.doFilter(OncePerRequestFilter.java:116)
	at org.apache.catalina.core.ApplicationFilterChain.internalDoFilter(ApplicationFilterChain.java:164)
	at org.apache.catalina.core.ApplicationFilterChain.doFilter(ApplicationFilterChain.java:140)
	at org.apache.catalina.core.StandardWrapperValve.invoke(StandardWrapperValve.java:167)
	at org.apache.catalina.core.StandardContextValve.invoke(StandardContextValve.java:90)
	at org.apache.catalina.authenticator.AuthenticatorBase.invoke(AuthenticatorBase.java:482)
	at org.apache.catalina.core.StandardHostValve.invoke(StandardHostValve.java:115)
	at org.apache.catalina.valves.ErrorReportValve.invoke(ErrorReportValve.java:93)
	at org.apache.catalina.core.StandardEngineValve.invoke(StandardEngineValve.java:74)
	at org.apache.catalina.connector.CoyoteAdapter.service(CoyoteAdapter.java:344)
	at org.apache.coyote.http11.Http11Processor.service(Http11Processor.java:389)
	at org.apache.coyote.AbstractProcessorLight.process(AbstractProcessorLight.java:63)
	at org.apache.coyote.AbstractProtocol$ConnectionHandler.process(AbstractProtocol.java:904)
	at org.apache.tomcat.util.net.NioEndpoint$SocketProcessor.doRun(NioEndpoint.java:1741)
	at org.apache.tomcat.util.net.SocketProcessorBase.run(SocketProcessorBase.java:52)
	at org.apache.tomcat.util.threads.ThreadPoolExecutor.runWorker(ThreadPoolExecutor.java:1190)
	at org.apache.tomcat.util.threads.ThreadPoolExecutor$Worker.run(ThreadPoolExecutor.java:659)
	at org.apache.tomcat.util.threads.TaskThread$WrappingRunnable.run(TaskThread.java:63)
	at java.base/java.lang.Thread.run(Thread.java:842)
14:35:43.987 [http-nio-8080-exec-2] INFO  c.p.c.l.LoggingInterceptor - Request: GET /error
14:35:44.195 [http-nio-8080-exec-2] INFO  c.p.c.l.LoggingInterceptor - Respone 500 /error
14:42:14.953 [http-nio-8080-exec-4] INFO  c.p.c.f.HeadersLoggingFilter - Header user-agent=0:0:0:0:0:0:0:1, IP = user-agent
14:42:14.954 [http-nio-8080-exec-4] INFO  c.p.c.f.HeadersLoggingFilter - Header accept=0:0:0:0:0:0:0:1, IP = accept
14:42:14.954 [http-nio-8080-exec-4] INFO  c.p.c.f.HeadersLoggingFilter - Header postman-token=0:0:0:0:0:0:0:1, IP = postman-token
14:42:14.954 [http-nio-8080-exec-4] INFO  c.p.c.f.HeadersLoggingFilter - Header host=0:0:0:0:0:0:0:1, IP = host
14:42:14.954 [http-nio-8080-exec-4] INFO  c.p.c.f.HeadersLoggingFilter - Header accept-encoding=0:0:0:0:0:0:0:1, IP = accept-encoding
14:42:14.954 [http-nio-8080-exec-4] INFO  c.p.c.f.HeadersLoggingFilter - Header connection=0:0:0:0:0:0:0:1, IP = connection
14:42:14.955 [http-nio-8080-exec-4] INFO  c.p.c.loggingfilter.LoggingFilter - Request: Method=GET, URI=/api/getAllContactsOfPerson/10000, Headers=user-agent=PostmanRuntime/7.43.0; accept=*/*; postman-token=382e6af6-89b8-493c-8142-f5c7a3e18f22; host=localhost:8080; accept-encoding=gzip, deflate, br; connection=keep-alive; , Request ID: 4fe44d5e-9373-432d-bdb4-e6cf3f1247e9, Request IP  =0:0:0:0:0:0:0:1
14:42:14.956 [http-nio-8080-exec-4] INFO  c.p.c.l.LoggingInterceptor - Request: GET /api/getAllContactsOfPerson/10000
14:42:37.181 [http-nio-8080-exec-4] INFO  c.p.c.l.LoggingInterceptor - Respone 200 /api/getAllContactsOfPerson/10000
14:42:37.181 [http-nio-8080-exec-4] ERROR c.p.c.l.LoggingInterceptor - Exception: 
com.project.contactsdemo.exception.NoDataFoundException: No contacts found for person id: 10000
	at com.project.contactsdemo.service.PersonContactService.getAllContactsOfPerson(PersonContactService.java:82)
	at java.base/jdk.internal.reflect.NativeMethodAccessorImpl.invoke0(Native Method)
	at java.base/jdk.internal.reflect.NativeMethodAccessorImpl.invoke(NativeMethodAccessorImpl.java:77)
	at java.base/jdk.internal.reflect.DelegatingMethodAccessorImpl.invoke(DelegatingMethodAccessorImpl.java:43)
	at java.base/java.lang.reflect.Method.invoke(Method.java:568)
	at org.springframework.aop.support.AopUtils.invokeJoinpointUsingReflection(AopUtils.java:354)
	at org.springframework.aop.framework.ReflectiveMethodInvocation.invokeJoinpoint(ReflectiveMethodInvocation.java:196)
	at org.springframework.aop.framework.ReflectiveMethodInvocation.proceed(ReflectiveMethodInvocation.java:163)
	at org.springframework.aop.framework.CglibAopProxy$CglibMethodInvocation.proceed(CglibAopProxy.java:768)
	at org.springframework.transaction.interceptor.TransactionInterceptor$1.proceedWithInvocation(TransactionInterceptor.java:123)
	at org.springframework.transaction.interceptor.TransactionAspectSupport.invokeWithinTransaction(TransactionAspectSupport.java:392)
	at org.springframework.transaction.interceptor.TransactionInterceptor.invoke(TransactionInterceptor.java:119)
	at org.springframework.aop.framework.ReflectiveMethodInvocation.proceed(ReflectiveMethodInvocation.java:184)
	at org.springframework.aop.framework.CglibAopProxy$CglibMethodInvocation.proceed(CglibAopProxy.java:768)
	at org.springframework.aop.framework.CglibAopProxy$DynamicAdvisedInterceptor.intercept(CglibAopProxy.java:720)
	at com.project.contactsdemo.service.PersonContactService$$SpringCGLIB$$0.getAllContactsOfPerson(<generated>)
	at com.project.contactsdemo.controller.PersonContactController.getAllContactsOfPerson(PersonContactController.java:144)
	at java.base/jdk.internal.reflect.NativeMethodAccessorImpl.invoke0(Native Method)
	at java.base/jdk.internal.reflect.NativeMethodAccessorImpl.invoke(NativeMethodAccessorImpl.java:77)
	at java.base/jdk.internal.reflect.DelegatingMethodAccessorImpl.invoke(DelegatingMethodAccessorImpl.java:43)
	at java.base/java.lang.reflect.Method.invoke(Method.java:568)
	at org.springframework.aop.support.AopUtils.invokeJoinpointUsingReflection(AopUtils.java:354)
	at org.springframework.aop.framework.ReflectiveMethodInvocation.invokeJoinpoint(ReflectiveMethodInvocation.java:196)
	at org.springframework.aop.framework.ReflectiveMethodInvocation.proceed(ReflectiveMethodInvocation.java:163)
	at org.springframework.aop.framework.CglibAopProxy$CglibMethodInvocation.proceed(CglibAopProxy.java:768)
	at org.springframework.validation.beanvalidation.MethodValidationInterceptor.invoke(MethodValidationInterceptor.java:174)
	at org.springframework.aop.framework.ReflectiveMethodInvocation.proceed(ReflectiveMethodInvocation.java:184)
	at org.springframework.aop.framework.CglibAopProxy$CglibMethodInvocation.proceed(CglibAopProxy.java:768)
	at org.springframework.aop.framework.CglibAopProxy$DynamicAdvisedInterceptor.intercept(CglibAopProxy.java:720)
	at com.project.contactsdemo.controller.PersonContactController$$SpringCGLIB$$0.getAllContactsOfPerson(<generated>)
	at java.base/jdk.internal.reflect.NativeMethodAccessorImpl.invoke0(Native Method)
	at java.base/jdk.internal.reflect.NativeMethodAccessorImpl.invoke(NativeMethodAccessorImpl.java:77)
	at java.base/jdk.internal.reflect.DelegatingMethodAccessorImpl.invoke(DelegatingMethodAccessorImpl.java:43)
	at java.base/java.lang.reflect.Method.invoke(Method.java:568)
	at org.springframework.web.method.support.InvocableHandlerMethod.doInvoke(InvocableHandlerMethod.java:255)
	at org.springframework.web.method.support.InvocableHandlerMethod.invokeForRequest(InvocableHandlerMethod.java:188)
	at org.springframework.web.servlet.mvc.method.annotation.ServletInvocableHandlerMethod.invokeAndHandle(ServletInvocableHandlerMethod.java:118)
	at org.springframework.web.servlet.mvc.method.annotation.RequestMappingHandlerAdapter.invokeHandlerMethod(RequestMappingHandlerAdapter.java:926)
	at org.springframework.web.servlet.mvc.method.annotation.RequestMappingHandlerAdapter.handleInternal(RequestMappingHandlerAdapter.java:831)
	at org.springframework.web.servlet.mvc.method.AbstractHandlerMethodAdapter.handle(AbstractHandlerMethodAdapter.java:87)
	at org.springframework.web.servlet.DispatcherServlet.doDispatch(DispatcherServlet.java:1089)
	at org.springframework.web.servlet.DispatcherServlet.doService(DispatcherServlet.java:979)
	at org.springframework.web.servlet.FrameworkServlet.processRequest(FrameworkServlet.java:1014)
	at org.springframework.web.servlet.FrameworkServlet.doGet(FrameworkServlet.java:903)
	at jakarta.servlet.http.HttpServlet.service(HttpServlet.java:564)
	at org.springframework.web.servlet.FrameworkServlet.service(FrameworkServlet.java:885)
	at jakarta.servlet.http.HttpServlet.service(HttpServlet.java:658)
	at org.apache.catalina.core.ApplicationFilterChain.internalDoFilter(ApplicationFilterChain.java:195)
	at org.apache.catalina.core.ApplicationFilterChain.doFilter(ApplicationFilterChain.java:140)
	at org.apache.tomcat.websocket.server.WsFilter.doFilter(WsFilter.java:51)
	at org.apache.catalina.core.ApplicationFilterChain.internalDoFilter(ApplicationFilterChain.java:164)
	at org.apache.catalina.core.ApplicationFilterChain.doFilter(ApplicationFilterChain.java:140)
	at com.project.contactsdemo.loggingfilter.LoggingFilter.doFilterInternal(LoggingFilter.java:45)
	at org.springframework.web.filter.OncePerRequestFilter.doFilter(OncePerRequestFilter.java:116)
	at org.apache.catalina.core.ApplicationFilterChain.internalDoFilter(ApplicationFilterChain.java:164)
	at org.apache.catalina.core.ApplicationFilterChain.doFilter(ApplicationFilterChain.java:140)
	at com.project.contactsdemo.filterdeneme.HeadersLoggingFilter.doFilter(HeadersLoggingFilter.java:28)
	at org.apache.catalina.core.ApplicationFilterChain.internalDoFilter(ApplicationFilterChain.java:164)
	at org.apache.catalina.core.ApplicationFilterChain.doFilter(ApplicationFilterChain.java:140)
	at org.springframework.web.filter.RequestContextFilter.doFilterInternal(RequestContextFilter.java:100)
	at org.springframework.web.filter.OncePerRequestFilter.doFilter(OncePerRequestFilter.java:116)
	at org.apache.catalina.core.ApplicationFilterChain.internalDoFilter(ApplicationFilterChain.java:164)
	at org.apache.catalina.core.ApplicationFilterChain.doFilter(ApplicationFilterChain.java:140)
	at org.springframework.web.filter.FormContentFilter.doFilterInternal(FormContentFilter.java:93)
	at org.springframework.web.filter.OncePerRequestFilter.doFilter(OncePerRequestFilter.java:116)
	at org.apache.catalina.core.ApplicationFilterChain.internalDoFilter(ApplicationFilterChain.java:164)
	at org.apache.catalina.core.ApplicationFilterChain.doFilter(ApplicationFilterChain.java:140)
	at org.springframework.web.filter.CharacterEncodingFilter.doFilterInternal(CharacterEncodingFilter.java:201)
	at org.springframework.web.filter.OncePerRequestFilter.doFilter(OncePerRequestFilter.java:116)
	at org.apache.catalina.core.ApplicationFilterChain.internalDoFilter(ApplicationFilterChain.java:164)
	at org.apache.catalina.core.ApplicationFilterChain.doFilter(ApplicationFilterChain.java:140)
	at org.apache.catalina.core.StandardWrapperValve.invoke(StandardWrapperValve.java:167)
	at org.apache.catalina.core.StandardContextValve.invoke(StandardContextValve.java:90)
	at org.apache.catalina.authenticator.AuthenticatorBase.invoke(AuthenticatorBase.java:482)
	at org.apache.catalina.core.StandardHostValve.invoke(StandardHostValve.java:115)
	at org.apache.catalina.valves.ErrorReportValve.invoke(ErrorReportValve.java:93)
	at org.apache.catalina.core.StandardEngineValve.invoke(StandardEngineValve.java:74)
	at org.apache.catalina.connector.CoyoteAdapter.service(CoyoteAdapter.java:344)
	at org.apache.coyote.http11.Http11Processor.service(Http11Processor.java:389)
	at org.apache.coyote.AbstractProcessorLight.process(AbstractProcessorLight.java:63)
	at org.apache.coyote.AbstractProtocol$ConnectionHandler.process(AbstractProtocol.java:904)
	at org.apache.tomcat.util.net.NioEndpoint$SocketProcessor.doRun(NioEndpoint.java:1741)
	at org.apache.tomcat.util.net.SocketProcessorBase.run(SocketProcessorBase.java:52)
	at org.apache.tomcat.util.threads.ThreadPoolExecutor.runWorker(ThreadPoolExecutor.java:1190)
	at org.apache.tomcat.util.threads.ThreadPoolExecutor$Worker.run(ThreadPoolExecutor.java:659)
	at org.apache.tomcat.util.threads.TaskThread$WrappingRunnable.run(TaskThread.java:63)
	at java.base/java.lang.Thread.run(Thread.java:842)
14:42:37.182 [http-nio-8080-exec-4] INFO  c.p.c.loggingfilter.LoggingFilter - Response: Status=200, URI=/api/getAllContactsOfPerson/10000, Duration (Response Time)=22227ms, Headers=[], Payload = org.apache.catalina.connector.ResponseFacade@1bd4f1ab
14:42:37.182 [http-nio-8080-exec-4] ERROR o.a.c.c.C.[.[.[.[dispatcherServlet] - Servlet.service() for servlet [dispatcherServlet] in context with path [] threw exception [Request processing failed: com.project.contactsdemo.exception.NoDataFoundException: No contacts found for person id: 10000] with root cause
com.project.contactsdemo.exception.NoDataFoundException: No contacts found for person id: 10000
	at com.project.contactsdemo.service.PersonContactService.getAllContactsOfPerson(PersonContactService.java:82)
	at java.base/jdk.internal.reflect.NativeMethodAccessorImpl.invoke0(Native Method)
	at java.base/jdk.internal.reflect.NativeMethodAccessorImpl.invoke(NativeMethodAccessorImpl.java:77)
	at java.base/jdk.internal.reflect.DelegatingMethodAccessorImpl.invoke(DelegatingMethodAccessorImpl.java:43)
	at java.base/java.lang.reflect.Method.invoke(Method.java:568)
	at org.springframework.aop.support.AopUtils.invokeJoinpointUsingReflection(AopUtils.java:354)
	at org.springframework.aop.framework.ReflectiveMethodInvocation.invokeJoinpoint(ReflectiveMethodInvocation.java:196)
	at org.springframework.aop.framework.ReflectiveMethodInvocation.proceed(ReflectiveMethodInvocation.java:163)
	at org.springframework.aop.framework.CglibAopProxy$CglibMethodInvocation.proceed(CglibAopProxy.java:768)
	at org.springframework.transaction.interceptor.TransactionInterceptor$1.proceedWithInvocation(TransactionInterceptor.java:123)
	at org.springframework.transaction.interceptor.TransactionAspectSupport.invokeWithinTransaction(TransactionAspectSupport.java:392)
	at org.springframework.transaction.interceptor.TransactionInterceptor.invoke(TransactionInterceptor.java:119)
	at org.springframework.aop.framework.ReflectiveMethodInvocation.proceed(ReflectiveMethodInvocation.java:184)
	at org.springframework.aop.framework.CglibAopProxy$CglibMethodInvocation.proceed(CglibAopProxy.java:768)
	at org.springframework.aop.framework.CglibAopProxy$DynamicAdvisedInterceptor.intercept(CglibAopProxy.java:720)
	at com.project.contactsdemo.service.PersonContactService$$SpringCGLIB$$0.getAllContactsOfPerson(<generated>)
	at com.project.contactsdemo.controller.PersonContactController.getAllContactsOfPerson(PersonContactController.java:144)
	at java.base/jdk.internal.reflect.NativeMethodAccessorImpl.invoke0(Native Method)
	at java.base/jdk.internal.reflect.NativeMethodAccessorImpl.invoke(NativeMethodAccessorImpl.java:77)
	at java.base/jdk.internal.reflect.DelegatingMethodAccessorImpl.invoke(DelegatingMethodAccessorImpl.java:43)
	at java.base/java.lang.reflect.Method.invoke(Method.java:568)
	at org.springframework.aop.support.AopUtils.invokeJoinpointUsingReflection(AopUtils.java:354)
	at org.springframework.aop.framework.ReflectiveMethodInvocation.invokeJoinpoint(ReflectiveMethodInvocation.java:196)
	at org.springframework.aop.framework.ReflectiveMethodInvocation.proceed(ReflectiveMethodInvocation.java:163)
	at org.springframework.aop.framework.CglibAopProxy$CglibMethodInvocation.proceed(CglibAopProxy.java:768)
	at org.springframework.validation.beanvalidation.MethodValidationInterceptor.invoke(MethodValidationInterceptor.java:174)
	at org.springframework.aop.framework.ReflectiveMethodInvocation.proceed(ReflectiveMethodInvocation.java:184)
	at org.springframework.aop.framework.CglibAopProxy$CglibMethodInvocation.proceed(CglibAopProxy.java:768)
	at org.springframework.aop.framework.CglibAopProxy$DynamicAdvisedInterceptor.intercept(CglibAopProxy.java:720)
	at com.project.contactsdemo.controller.PersonContactController$$SpringCGLIB$$0.getAllContactsOfPerson(<generated>)
	at java.base/jdk.internal.reflect.NativeMethodAccessorImpl.invoke0(Native Method)
	at java.base/jdk.internal.reflect.NativeMethodAccessorImpl.invoke(NativeMethodAccessorImpl.java:77)
	at java.base/jdk.internal.reflect.DelegatingMethodAccessorImpl.invoke(DelegatingMethodAccessorImpl.java:43)
	at java.base/java.lang.reflect.Method.invoke(Method.java:568)
	at org.springframework.web.method.support.InvocableHandlerMethod.doInvoke(InvocableHandlerMethod.java:255)
	at org.springframework.web.method.support.InvocableHandlerMethod.invokeForRequest(InvocableHandlerMethod.java:188)
	at org.springframework.web.servlet.mvc.method.annotation.ServletInvocableHandlerMethod.invokeAndHandle(ServletInvocableHandlerMethod.java:118)
	at org.springframework.web.servlet.mvc.method.annotation.RequestMappingHandlerAdapter.invokeHandlerMethod(RequestMappingHandlerAdapter.java:926)
	at org.springframework.web.servlet.mvc.method.annotation.RequestMappingHandlerAdapter.handleInternal(RequestMappingHandlerAdapter.java:831)
	at org.springframework.web.servlet.mvc.method.AbstractHandlerMethodAdapter.handle(AbstractHandlerMethodAdapter.java:87)
	at org.springframework.web.servlet.DispatcherServlet.doDispatch(DispatcherServlet.java:1089)
	at org.springframework.web.servlet.DispatcherServlet.doService(DispatcherServlet.java:979)
	at org.springframework.web.servlet.FrameworkServlet.processRequest(FrameworkServlet.java:1014)
	at org.springframework.web.servlet.FrameworkServlet.doGet(FrameworkServlet.java:903)
	at jakarta.servlet.http.HttpServlet.service(HttpServlet.java:564)
	at org.springframework.web.servlet.FrameworkServlet.service(FrameworkServlet.java:885)
	at jakarta.servlet.http.HttpServlet.service(HttpServlet.java:658)
	at org.apache.catalina.core.ApplicationFilterChain.internalDoFilter(ApplicationFilterChain.java:195)
	at org.apache.catalina.core.ApplicationFilterChain.doFilter(ApplicationFilterChain.java:140)
	at org.apache.tomcat.websocket.server.WsFilter.doFilter(WsFilter.java:51)
	at org.apache.catalina.core.ApplicationFilterChain.internalDoFilter(ApplicationFilterChain.java:164)
	at org.apache.catalina.core.ApplicationFilterChain.doFilter(ApplicationFilterChain.java:140)
	at com.project.contactsdemo.loggingfilter.LoggingFilter.doFilterInternal(LoggingFilter.java:45)
	at org.springframework.web.filter.OncePerRequestFilter.doFilter(OncePerRequestFilter.java:116)
	at org.apache.catalina.core.ApplicationFilterChain.internalDoFilter(ApplicationFilterChain.java:164)
	at org.apache.catalina.core.ApplicationFilterChain.doFilter(ApplicationFilterChain.java:140)
	at com.project.contactsdemo.filterdeneme.HeadersLoggingFilter.doFilter(HeadersLoggingFilter.java:28)
	at org.apache.catalina.core.ApplicationFilterChain.internalDoFilter(ApplicationFilterChain.java:164)
	at org.apache.catalina.core.ApplicationFilterChain.doFilter(ApplicationFilterChain.java:140)
	at org.springframework.web.filter.RequestContextFilter.doFilterInternal(RequestContextFilter.java:100)
	at org.springframework.web.filter.OncePerRequestFilter.doFilter(OncePerRequestFilter.java:116)
	at org.apache.catalina.core.ApplicationFilterChain.internalDoFilter(ApplicationFilterChain.java:164)
	at org.apache.catalina.core.ApplicationFilterChain.doFilter(ApplicationFilterChain.java:140)
	at org.springframework.web.filter.FormContentFilter.doFilterInternal(FormContentFilter.java:93)
	at org.springframework.web.filter.OncePerRequestFilter.doFilter(OncePerRequestFilter.java:116)
	at org.apache.catalina.core.ApplicationFilterChain.internalDoFilter(ApplicationFilterChain.java:164)
	at org.apache.catalina.core.ApplicationFilterChain.doFilter(ApplicationFilterChain.java:140)
	at org.springframework.web.filter.CharacterEncodingFilter.doFilterInternal(CharacterEncodingFilter.java:201)
	at org.springframework.web.filter.OncePerRequestFilter.doFilter(OncePerRequestFilter.java:116)
	at org.apache.catalina.core.ApplicationFilterChain.internalDoFilter(ApplicationFilterChain.java:164)
	at org.apache.catalina.core.ApplicationFilterChain.doFilter(ApplicationFilterChain.java:140)
	at org.apache.catalina.core.StandardWrapperValve.invoke(StandardWrapperValve.java:167)
	at org.apache.catalina.core.StandardContextValve.invoke(StandardContextValve.java:90)
	at org.apache.catalina.authenticator.AuthenticatorBase.invoke(AuthenticatorBase.java:482)
	at org.apache.catalina.core.StandardHostValve.invoke(StandardHostValve.java:115)
	at org.apache.catalina.valves.ErrorReportValve.invoke(ErrorReportValve.java:93)
	at org.apache.catalina.core.StandardEngineValve.invoke(StandardEngineValve.java:74)
	at org.apache.catalina.connector.CoyoteAdapter.service(CoyoteAdapter.java:344)
	at org.apache.coyote.http11.Http11Processor.service(Http11Processor.java:389)
	at org.apache.coyote.AbstractProcessorLight.process(AbstractProcessorLight.java:63)
	at org.apache.coyote.AbstractProtocol$ConnectionHandler.process(AbstractProtocol.java:904)
	at org.apache.tomcat.util.net.NioEndpoint$SocketProcessor.doRun(NioEndpoint.java:1741)
	at org.apache.tomcat.util.net.SocketProcessorBase.run(SocketProcessorBase.java:52)
	at org.apache.tomcat.util.threads.ThreadPoolExecutor.runWorker(ThreadPoolExecutor.java:1190)
	at org.apache.tomcat.util.threads.ThreadPoolExecutor$Worker.run(ThreadPoolExecutor.java:659)
	at org.apache.tomcat.util.threads.TaskThread$WrappingRunnable.run(TaskThread.java:63)
	at java.base/java.lang.Thread.run(Thread.java:842)
14:42:37.184 [http-nio-8080-exec-4] INFO  c.p.c.l.LoggingInterceptor - Request: GET /error
14:42:37.188 [http-nio-8080-exec-4] INFO  c.p.c.l.LoggingInterceptor - Respone 500 /error
14:42:58.008 [SpringApplicationShutdownHook] INFO  o.s.o.j.LocalContainerEntityManagerFactoryBean - Closing JPA EntityManagerFactory for persistence unit 'default'
14:42:58.010 [SpringApplicationShutdownHook] INFO  com.zaxxer.hikari.HikariDataSource - HikariPool-1 - Shutdown initiated...
14:42:58.014 [SpringApplicationShutdownHook] INFO  com.zaxxer.hikari.HikariDataSource - HikariPool-1 - Shutdown completed.
14:44:48.132 [background-preinit] INFO  o.h.validator.internal.util.Version - HV000001: Hibernate Validator 8.0.1.Final
14:44:48.181 [main] INFO  c.p.c.ContactsdemoApplication - Starting ContactsdemoApplication using Java 17.0.12 with PID 24764 (C:\Ayse Ceren - crud projects\contactsdemo\build\classes\java\main started by 16381136672 in C:\Ayse Ceren - crud projects\contactsdemo)
14:44:48.182 [main] INFO  c.p.c.ContactsdemoApplication - No active profile set, falling back to 1 default profile: "default"
14:45:03.564 [background-preinit] INFO  o.h.validator.internal.util.Version - HV000001: Hibernate Validator 8.0.1.Final
14:45:03.612 [main] INFO  c.p.c.ContactsdemoApplication - Starting ContactsdemoApplication using Java 17.0.12 with PID 3472 (C:\Ayse Ceren - crud projects\contactsdemo\build\classes\java\main started by 16381136672 in C:\Ayse Ceren - crud projects\contactsdemo)
14:45:03.613 [main] INFO  c.p.c.ContactsdemoApplication - No active profile set, falling back to 1 default profile: "default"
14:45:04.567 [main] INFO  o.s.d.r.c.RepositoryConfigurationDelegate - Bootstrapping Spring Data JPA repositories in DEFAULT mode.
14:45:04.659 [main] INFO  o.s.d.r.c.RepositoryConfigurationDelegate - Finished Spring Data repository scanning in 82 ms. Found 2 JPA repository interfaces.
14:45:18.914 [main] INFO  o.s.b.w.e.tomcat.TomcatWebServer - Tomcat initialized with port 8080 (http)
14:45:18.924 [main] INFO  o.a.coyote.http11.Http11NioProtocol - Initializing ProtocolHandler ["http-nio-8080"]
14:45:18.926 [main] INFO  o.a.catalina.core.StandardService - Starting service [Tomcat]
14:45:18.926 [main] INFO  o.a.catalina.core.StandardEngine - Starting Servlet engine: [Apache Tomcat/10.1.25]
14:45:19.002 [main] INFO  o.a.c.c.C.[Tomcat].[localhost].[/] - Initializing Spring embedded WebApplicationContext
14:45:19.002 [main] INFO  o.s.b.w.s.c.ServletWebServerApplicationContext - Root WebApplicationContext: initialization completed in 15326 ms
14:45:19.165 [main] INFO  o.h.jpa.internal.util.LogHelper - HHH000204: Processing PersistenceUnitInfo [name: default]
14:45:19.227 [main] INFO  org.hibernate.Version - HHH000412: Hibernate ORM core version 6.4.9.Final
14:45:19.262 [main] INFO  o.h.c.i.RegionFactoryInitiator - HHH000026: Second-level cache disabled
14:45:19.526 [main] INFO  o.s.o.j.p.SpringPersistenceUnitInfo - No LoadTimeWeaver setup: ignoring JPA class transformer
14:45:19.558 [main] INFO  com.zaxxer.hikari.HikariDataSource - HikariPool-1 - Starting...
14:45:19.710 [main] INFO  com.zaxxer.hikari.pool.HikariPool - HikariPool-1 - Added connection org.postgresql.jdbc.PgConnection@70ee9d31
14:45:19.712 [main] INFO  com.zaxxer.hikari.HikariDataSource - HikariPool-1 - Start completed.
14:45:19.746 [main] WARN  org.hibernate.orm.deprecation - HHH90000025: PostgreSQLDialect does not need to be specified explicitly using 'hibernate.dialect' (remove the property setting and it will be selected by default)
14:45:20.948 [main] INFO  o.s.o.j.LocalContainerEntityManagerFactoryBean - Initialized JPA EntityManagerFactory for persistence unit 'default'
14:45:21.931 [main] WARN  o.s.b.a.o.j.JpaBaseConfiguration$JpaWebConfiguration - spring.jpa.open-in-view is enabled by default. Therefore, database queries may be performed during view rendering. Explicitly configure spring.jpa.open-in-view to disable this warning
14:45:23.326 [main] INFO  o.s.d.j.r.query.QueryEnhancerFactory - Hibernate is in classpath; If applicable, HQL parser will be used.
14:45:24.151 [main] INFO  o.a.coyote.http11.Http11NioProtocol - Starting ProtocolHandler ["http-nio-8080"]
14:45:24.238 [main] INFO  o.s.b.w.e.tomcat.TomcatWebServer - Tomcat started on port 8080 (http) with context path ''
14:45:24.260 [main] INFO  c.p.c.ContactsdemoApplication - Started ContactsdemoApplication in 21.129 seconds (process running for 34.245)
14:45:28.262 [http-nio-8080-exec-2] INFO  o.a.c.c.C.[Tomcat].[localhost].[/] - Initializing Spring DispatcherServlet 'dispatcherServlet'
14:45:28.262 [http-nio-8080-exec-2] INFO  o.s.web.servlet.DispatcherServlet - Initializing Servlet 'dispatcherServlet'
14:45:28.264 [http-nio-8080-exec-2] INFO  o.s.web.servlet.DispatcherServlet - Completed initialization in 2 ms
14:45:28.284 [http-nio-8080-exec-2] INFO  c.p.c.f.HeadersLoggingFilter - Header user-agent=0:0:0:0:0:0:0:1, IP = user-agent
14:45:28.284 [http-nio-8080-exec-2] INFO  c.p.c.f.HeadersLoggingFilter - Header accept=0:0:0:0:0:0:0:1, IP = accept
14:45:28.284 [http-nio-8080-exec-2] INFO  c.p.c.f.HeadersLoggingFilter - Header postman-token=0:0:0:0:0:0:0:1, IP = postman-token
14:45:28.284 [http-nio-8080-exec-2] INFO  c.p.c.f.HeadersLoggingFilter - Header host=0:0:0:0:0:0:0:1, IP = host
14:45:28.284 [http-nio-8080-exec-2] INFO  c.p.c.f.HeadersLoggingFilter - Header accept-encoding=0:0:0:0:0:0:0:1, IP = accept-encoding
14:45:28.284 [http-nio-8080-exec-2] INFO  c.p.c.f.HeadersLoggingFilter - Header connection=0:0:0:0:0:0:0:1, IP = connection
14:45:28.287 [http-nio-8080-exec-2] INFO  c.p.c.loggingfilter.LoggingFilter - Request: Method=GET, URI=/api/getAllContactsOfPerson/10000, Headers=user-agent=PostmanRuntime/7.43.0; accept=*/*; postman-token=b6e5e7ce-0e9a-4965-baa8-e6f00593fafa; host=localhost:8080; accept-encoding=gzip, deflate, br; connection=keep-alive; , Request ID: ce4293eb-754c-4268-a0d2-5b64a951c9f5, Request IP  =0:0:0:0:0:0:0:1
14:45:28.337 [http-nio-8080-exec-2] INFO  c.p.c.l.LoggingInterceptor - Request: GET /api/getAllContactsOfPerson/10000
14:45:49.416 [http-nio-8080-exec-2] INFO  c.p.c.l.LoggingInterceptor - Respone 200 /api/getAllContactsOfPerson/10000
14:45:49.416 [http-nio-8080-exec-2] ERROR c.p.c.l.LoggingInterceptor - Exception: 
com.project.contactsdemo.exception.NoDataFoundException: No contacts found for person id: 10000
	at com.project.contactsdemo.service.PersonContactService.getAllContactsOfPerson(PersonContactService.java:82)
	at java.base/jdk.internal.reflect.NativeMethodAccessorImpl.invoke0(Native Method)
	at java.base/jdk.internal.reflect.NativeMethodAccessorImpl.invoke(NativeMethodAccessorImpl.java:77)
	at java.base/jdk.internal.reflect.DelegatingMethodAccessorImpl.invoke(DelegatingMethodAccessorImpl.java:43)
	at java.base/java.lang.reflect.Method.invoke(Method.java:568)
	at org.springframework.aop.support.AopUtils.invokeJoinpointUsingReflection(AopUtils.java:354)
	at org.springframework.aop.framework.ReflectiveMethodInvocation.invokeJoinpoint(ReflectiveMethodInvocation.java:196)
	at org.springframework.aop.framework.ReflectiveMethodInvocation.proceed(ReflectiveMethodInvocation.java:163)
	at org.springframework.aop.framework.CglibAopProxy$CglibMethodInvocation.proceed(CglibAopProxy.java:768)
	at org.springframework.transaction.interceptor.TransactionInterceptor$1.proceedWithInvocation(TransactionInterceptor.java:123)
	at org.springframework.transaction.interceptor.TransactionAspectSupport.invokeWithinTransaction(TransactionAspectSupport.java:392)
	at org.springframework.transaction.interceptor.TransactionInterceptor.invoke(TransactionInterceptor.java:119)
	at org.springframework.aop.framework.ReflectiveMethodInvocation.proceed(ReflectiveMethodInvocation.java:184)
	at org.springframework.aop.framework.CglibAopProxy$CglibMethodInvocation.proceed(CglibAopProxy.java:768)
	at org.springframework.aop.framework.CglibAopProxy$DynamicAdvisedInterceptor.intercept(CglibAopProxy.java:720)
	at com.project.contactsdemo.service.PersonContactService$$SpringCGLIB$$0.getAllContactsOfPerson(<generated>)
	at com.project.contactsdemo.controller.PersonContactController.getAllContactsOfPerson(PersonContactController.java:144)
	at java.base/jdk.internal.reflect.NativeMethodAccessorImpl.invoke0(Native Method)
	at java.base/jdk.internal.reflect.NativeMethodAccessorImpl.invoke(NativeMethodAccessorImpl.java:77)
	at java.base/jdk.internal.reflect.DelegatingMethodAccessorImpl.invoke(DelegatingMethodAccessorImpl.java:43)
	at java.base/java.lang.reflect.Method.invoke(Method.java:568)
	at org.springframework.aop.support.AopUtils.invokeJoinpointUsingReflection(AopUtils.java:354)
	at org.springframework.aop.framework.ReflectiveMethodInvocation.invokeJoinpoint(ReflectiveMethodInvocation.java:196)
	at org.springframework.aop.framework.ReflectiveMethodInvocation.proceed(ReflectiveMethodInvocation.java:163)
	at org.springframework.aop.framework.CglibAopProxy$CglibMethodInvocation.proceed(CglibAopProxy.java:768)
	at org.springframework.validation.beanvalidation.MethodValidationInterceptor.invoke(MethodValidationInterceptor.java:174)
	at org.springframework.aop.framework.ReflectiveMethodInvocation.proceed(ReflectiveMethodInvocation.java:184)
	at org.springframework.aop.framework.CglibAopProxy$CglibMethodInvocation.proceed(CglibAopProxy.java:768)
	at org.springframework.aop.framework.CglibAopProxy$DynamicAdvisedInterceptor.intercept(CglibAopProxy.java:720)
	at com.project.contactsdemo.controller.PersonContactController$$SpringCGLIB$$0.getAllContactsOfPerson(<generated>)
	at java.base/jdk.internal.reflect.NativeMethodAccessorImpl.invoke0(Native Method)
	at java.base/jdk.internal.reflect.NativeMethodAccessorImpl.invoke(NativeMethodAccessorImpl.java:77)
	at java.base/jdk.internal.reflect.DelegatingMethodAccessorImpl.invoke(DelegatingMethodAccessorImpl.java:43)
	at java.base/java.lang.reflect.Method.invoke(Method.java:568)
	at org.springframework.web.method.support.InvocableHandlerMethod.doInvoke(InvocableHandlerMethod.java:255)
	at org.springframework.web.method.support.InvocableHandlerMethod.invokeForRequest(InvocableHandlerMethod.java:188)
	at org.springframework.web.servlet.mvc.method.annotation.ServletInvocableHandlerMethod.invokeAndHandle(ServletInvocableHandlerMethod.java:118)
	at org.springframework.web.servlet.mvc.method.annotation.RequestMappingHandlerAdapter.invokeHandlerMethod(RequestMappingHandlerAdapter.java:926)
	at org.springframework.web.servlet.mvc.method.annotation.RequestMappingHandlerAdapter.handleInternal(RequestMappingHandlerAdapter.java:831)
	at org.springframework.web.servlet.mvc.method.AbstractHandlerMethodAdapter.handle(AbstractHandlerMethodAdapter.java:87)
	at org.springframework.web.servlet.DispatcherServlet.doDispatch(DispatcherServlet.java:1089)
	at org.springframework.web.servlet.DispatcherServlet.doService(DispatcherServlet.java:979)
	at org.springframework.web.servlet.FrameworkServlet.processRequest(FrameworkServlet.java:1014)
	at org.springframework.web.servlet.FrameworkServlet.doGet(FrameworkServlet.java:903)
	at jakarta.servlet.http.HttpServlet.service(HttpServlet.java:564)
	at org.springframework.web.servlet.FrameworkServlet.service(FrameworkServlet.java:885)
	at jakarta.servlet.http.HttpServlet.service(HttpServlet.java:658)
	at org.apache.catalina.core.ApplicationFilterChain.internalDoFilter(ApplicationFilterChain.java:195)
	at org.apache.catalina.core.ApplicationFilterChain.doFilter(ApplicationFilterChain.java:140)
	at org.apache.tomcat.websocket.server.WsFilter.doFilter(WsFilter.java:51)
	at org.apache.catalina.core.ApplicationFilterChain.internalDoFilter(ApplicationFilterChain.java:164)
	at org.apache.catalina.core.ApplicationFilterChain.doFilter(ApplicationFilterChain.java:140)
	at com.project.contactsdemo.loggingfilter.LoggingFilter.doFilterInternal(LoggingFilter.java:45)
	at org.springframework.web.filter.OncePerRequestFilter.doFilter(OncePerRequestFilter.java:116)
	at org.apache.catalina.core.ApplicationFilterChain.internalDoFilter(ApplicationFilterChain.java:164)
	at org.apache.catalina.core.ApplicationFilterChain.doFilter(ApplicationFilterChain.java:140)
	at com.project.contactsdemo.filterdeneme.HeadersLoggingFilter.doFilter(HeadersLoggingFilter.java:28)
	at org.apache.catalina.core.ApplicationFilterChain.internalDoFilter(ApplicationFilterChain.java:164)
	at org.apache.catalina.core.ApplicationFilterChain.doFilter(ApplicationFilterChain.java:140)
	at org.springframework.web.filter.RequestContextFilter.doFilterInternal(RequestContextFilter.java:100)
	at org.springframework.web.filter.OncePerRequestFilter.doFilter(OncePerRequestFilter.java:116)
	at org.apache.catalina.core.ApplicationFilterChain.internalDoFilter(ApplicationFilterChain.java:164)
	at org.apache.catalina.core.ApplicationFilterChain.doFilter(ApplicationFilterChain.java:140)
	at org.springframework.web.filter.FormContentFilter.doFilterInternal(FormContentFilter.java:93)
	at org.springframework.web.filter.OncePerRequestFilter.doFilter(OncePerRequestFilter.java:116)
	at org.apache.catalina.core.ApplicationFilterChain.internalDoFilter(ApplicationFilterChain.java:164)
	at org.apache.catalina.core.ApplicationFilterChain.doFilter(ApplicationFilterChain.java:140)
	at org.springframework.web.filter.CharacterEncodingFilter.doFilterInternal(CharacterEncodingFilter.java:201)
	at org.springframework.web.filter.OncePerRequestFilter.doFilter(OncePerRequestFilter.java:116)
	at org.apache.catalina.core.ApplicationFilterChain.internalDoFilter(ApplicationFilterChain.java:164)
	at org.apache.catalina.core.ApplicationFilterChain.doFilter(ApplicationFilterChain.java:140)
	at org.apache.catalina.core.StandardWrapperValve.invoke(StandardWrapperValve.java:167)
	at org.apache.catalina.core.StandardContextValve.invoke(StandardContextValve.java:90)
	at org.apache.catalina.authenticator.AuthenticatorBase.invoke(AuthenticatorBase.java:482)
	at org.apache.catalina.core.StandardHostValve.invoke(StandardHostValve.java:115)
	at org.apache.catalina.valves.ErrorReportValve.invoke(ErrorReportValve.java:93)
	at org.apache.catalina.core.StandardEngineValve.invoke(StandardEngineValve.java:74)
	at org.apache.catalina.connector.CoyoteAdapter.service(CoyoteAdapter.java:344)
	at org.apache.coyote.http11.Http11Processor.service(Http11Processor.java:389)
	at org.apache.coyote.AbstractProcessorLight.process(AbstractProcessorLight.java:63)
	at org.apache.coyote.AbstractProtocol$ConnectionHandler.process(AbstractProtocol.java:904)
	at org.apache.tomcat.util.net.NioEndpoint$SocketProcessor.doRun(NioEndpoint.java:1741)
	at org.apache.tomcat.util.net.SocketProcessorBase.run(SocketProcessorBase.java:52)
	at org.apache.tomcat.util.threads.ThreadPoolExecutor.runWorker(ThreadPoolExecutor.java:1190)
	at org.apache.tomcat.util.threads.ThreadPoolExecutor$Worker.run(ThreadPoolExecutor.java:659)
	at org.apache.tomcat.util.threads.TaskThread$WrappingRunnable.run(TaskThread.java:63)
	at java.base/java.lang.Thread.run(Thread.java:842)
14:45:49.423 [http-nio-8080-exec-2] INFO  c.p.c.loggingfilter.LoggingFilter - Response: Status=200, URI=/api/getAllContactsOfPerson/10000, Duration (Response Time)=21136ms, Headers=[], Payload = org.apache.catalina.connector.ResponseFacade@1953c909
14:45:49.423 [http-nio-8080-exec-2] ERROR o.a.c.c.C.[.[.[.[dispatcherServlet] - Servlet.service() for servlet [dispatcherServlet] in context with path [] threw exception [Request processing failed: com.project.contactsdemo.exception.NoDataFoundException: No contacts found for person id: 10000] with root cause
com.project.contactsdemo.exception.NoDataFoundException: No contacts found for person id: 10000
	at com.project.contactsdemo.service.PersonContactService.getAllContactsOfPerson(PersonContactService.java:82)
	at java.base/jdk.internal.reflect.NativeMethodAccessorImpl.invoke0(Native Method)
	at java.base/jdk.internal.reflect.NativeMethodAccessorImpl.invoke(NativeMethodAccessorImpl.java:77)
	at java.base/jdk.internal.reflect.DelegatingMethodAccessorImpl.invoke(DelegatingMethodAccessorImpl.java:43)
	at java.base/java.lang.reflect.Method.invoke(Method.java:568)
	at org.springframework.aop.support.AopUtils.invokeJoinpointUsingReflection(AopUtils.java:354)
	at org.springframework.aop.framework.ReflectiveMethodInvocation.invokeJoinpoint(ReflectiveMethodInvocation.java:196)
	at org.springframework.aop.framework.ReflectiveMethodInvocation.proceed(ReflectiveMethodInvocation.java:163)
	at org.springframework.aop.framework.CglibAopProxy$CglibMethodInvocation.proceed(CglibAopProxy.java:768)
	at org.springframework.transaction.interceptor.TransactionInterceptor$1.proceedWithInvocation(TransactionInterceptor.java:123)
	at org.springframework.transaction.interceptor.TransactionAspectSupport.invokeWithinTransaction(TransactionAspectSupport.java:392)
	at org.springframework.transaction.interceptor.TransactionInterceptor.invoke(TransactionInterceptor.java:119)
	at org.springframework.aop.framework.ReflectiveMethodInvocation.proceed(ReflectiveMethodInvocation.java:184)
	at org.springframework.aop.framework.CglibAopProxy$CglibMethodInvocation.proceed(CglibAopProxy.java:768)
	at org.springframework.aop.framework.CglibAopProxy$DynamicAdvisedInterceptor.intercept(CglibAopProxy.java:720)
	at com.project.contactsdemo.service.PersonContactService$$SpringCGLIB$$0.getAllContactsOfPerson(<generated>)
	at com.project.contactsdemo.controller.PersonContactController.getAllContactsOfPerson(PersonContactController.java:144)
	at java.base/jdk.internal.reflect.NativeMethodAccessorImpl.invoke0(Native Method)
	at java.base/jdk.internal.reflect.NativeMethodAccessorImpl.invoke(NativeMethodAccessorImpl.java:77)
	at java.base/jdk.internal.reflect.DelegatingMethodAccessorImpl.invoke(DelegatingMethodAccessorImpl.java:43)
	at java.base/java.lang.reflect.Method.invoke(Method.java:568)
	at org.springframework.aop.support.AopUtils.invokeJoinpointUsingReflection(AopUtils.java:354)
	at org.springframework.aop.framework.ReflectiveMethodInvocation.invokeJoinpoint(ReflectiveMethodInvocation.java:196)
	at org.springframework.aop.framework.ReflectiveMethodInvocation.proceed(ReflectiveMethodInvocation.java:163)
	at org.springframework.aop.framework.CglibAopProxy$CglibMethodInvocation.proceed(CglibAopProxy.java:768)
	at org.springframework.validation.beanvalidation.MethodValidationInterceptor.invoke(MethodValidationInterceptor.java:174)
	at org.springframework.aop.framework.ReflectiveMethodInvocation.proceed(ReflectiveMethodInvocation.java:184)
	at org.springframework.aop.framework.CglibAopProxy$CglibMethodInvocation.proceed(CglibAopProxy.java:768)
	at org.springframework.aop.framework.CglibAopProxy$DynamicAdvisedInterceptor.intercept(CglibAopProxy.java:720)
	at com.project.contactsdemo.controller.PersonContactController$$SpringCGLIB$$0.getAllContactsOfPerson(<generated>)
	at java.base/jdk.internal.reflect.NativeMethodAccessorImpl.invoke0(Native Method)
	at java.base/jdk.internal.reflect.NativeMethodAccessorImpl.invoke(NativeMethodAccessorImpl.java:77)
	at java.base/jdk.internal.reflect.DelegatingMethodAccessorImpl.invoke(DelegatingMethodAccessorImpl.java:43)
	at java.base/java.lang.reflect.Method.invoke(Method.java:568)
	at org.springframework.web.method.support.InvocableHandlerMethod.doInvoke(InvocableHandlerMethod.java:255)
	at org.springframework.web.method.support.InvocableHandlerMethod.invokeForRequest(InvocableHandlerMethod.java:188)
	at org.springframework.web.servlet.mvc.method.annotation.ServletInvocableHandlerMethod.invokeAndHandle(ServletInvocableHandlerMethod.java:118)
	at org.springframework.web.servlet.mvc.method.annotation.RequestMappingHandlerAdapter.invokeHandlerMethod(RequestMappingHandlerAdapter.java:926)
	at org.springframework.web.servlet.mvc.method.annotation.RequestMappingHandlerAdapter.handleInternal(RequestMappingHandlerAdapter.java:831)
	at org.springframework.web.servlet.mvc.method.AbstractHandlerMethodAdapter.handle(AbstractHandlerMethodAdapter.java:87)
	at org.springframework.web.servlet.DispatcherServlet.doDispatch(DispatcherServlet.java:1089)
	at org.springframework.web.servlet.DispatcherServlet.doService(DispatcherServlet.java:979)
	at org.springframework.web.servlet.FrameworkServlet.processRequest(FrameworkServlet.java:1014)
	at org.springframework.web.servlet.FrameworkServlet.doGet(FrameworkServlet.java:903)
	at jakarta.servlet.http.HttpServlet.service(HttpServlet.java:564)
	at org.springframework.web.servlet.FrameworkServlet.service(FrameworkServlet.java:885)
	at jakarta.servlet.http.HttpServlet.service(HttpServlet.java:658)
	at org.apache.catalina.core.ApplicationFilterChain.internalDoFilter(ApplicationFilterChain.java:195)
	at org.apache.catalina.core.ApplicationFilterChain.doFilter(ApplicationFilterChain.java:140)
	at org.apache.tomcat.websocket.server.WsFilter.doFilter(WsFilter.java:51)
	at org.apache.catalina.core.ApplicationFilterChain.internalDoFilter(ApplicationFilterChain.java:164)
	at org.apache.catalina.core.ApplicationFilterChain.doFilter(ApplicationFilterChain.java:140)
	at com.project.contactsdemo.loggingfilter.LoggingFilter.doFilterInternal(LoggingFilter.java:45)
	at org.springframework.web.filter.OncePerRequestFilter.doFilter(OncePerRequestFilter.java:116)
	at org.apache.catalina.core.ApplicationFilterChain.internalDoFilter(ApplicationFilterChain.java:164)
	at org.apache.catalina.core.ApplicationFilterChain.doFilter(ApplicationFilterChain.java:140)
	at com.project.contactsdemo.filterdeneme.HeadersLoggingFilter.doFilter(HeadersLoggingFilter.java:28)
	at org.apache.catalina.core.ApplicationFilterChain.internalDoFilter(ApplicationFilterChain.java:164)
	at org.apache.catalina.core.ApplicationFilterChain.doFilter(ApplicationFilterChain.java:140)
	at org.springframework.web.filter.RequestContextFilter.doFilterInternal(RequestContextFilter.java:100)
	at org.springframework.web.filter.OncePerRequestFilter.doFilter(OncePerRequestFilter.java:116)
	at org.apache.catalina.core.ApplicationFilterChain.internalDoFilter(ApplicationFilterChain.java:164)
	at org.apache.catalina.core.ApplicationFilterChain.doFilter(ApplicationFilterChain.java:140)
	at org.springframework.web.filter.FormContentFilter.doFilterInternal(FormContentFilter.java:93)
	at org.springframework.web.filter.OncePerRequestFilter.doFilter(OncePerRequestFilter.java:116)
	at org.apache.catalina.core.ApplicationFilterChain.internalDoFilter(ApplicationFilterChain.java:164)
	at org.apache.catalina.core.ApplicationFilterChain.doFilter(ApplicationFilterChain.java:140)
	at org.springframework.web.filter.CharacterEncodingFilter.doFilterInternal(CharacterEncodingFilter.java:201)
	at org.springframework.web.filter.OncePerRequestFilter.doFilter(OncePerRequestFilter.java:116)
	at org.apache.catalina.core.ApplicationFilterChain.internalDoFilter(ApplicationFilterChain.java:164)
	at org.apache.catalina.core.ApplicationFilterChain.doFilter(ApplicationFilterChain.java:140)
	at org.apache.catalina.core.StandardWrapperValve.invoke(StandardWrapperValve.java:167)
	at org.apache.catalina.core.StandardContextValve.invoke(StandardContextValve.java:90)
	at org.apache.catalina.authenticator.AuthenticatorBase.invoke(AuthenticatorBase.java:482)
	at org.apache.catalina.core.StandardHostValve.invoke(StandardHostValve.java:115)
	at org.apache.catalina.valves.ErrorReportValve.invoke(ErrorReportValve.java:93)
	at org.apache.catalina.core.StandardEngineValve.invoke(StandardEngineValve.java:74)
	at org.apache.catalina.connector.CoyoteAdapter.service(CoyoteAdapter.java:344)
	at org.apache.coyote.http11.Http11Processor.service(Http11Processor.java:389)
	at org.apache.coyote.AbstractProcessorLight.process(AbstractProcessorLight.java:63)
	at org.apache.coyote.AbstractProtocol$ConnectionHandler.process(AbstractProtocol.java:904)
	at org.apache.tomcat.util.net.NioEndpoint$SocketProcessor.doRun(NioEndpoint.java:1741)
	at org.apache.tomcat.util.net.SocketProcessorBase.run(SocketProcessorBase.java:52)
	at org.apache.tomcat.util.threads.ThreadPoolExecutor.runWorker(ThreadPoolExecutor.java:1190)
	at org.apache.tomcat.util.threads.ThreadPoolExecutor$Worker.run(ThreadPoolExecutor.java:659)
	at org.apache.tomcat.util.threads.TaskThread$WrappingRunnable.run(TaskThread.java:63)
	at java.base/java.lang.Thread.run(Thread.java:842)
14:45:49.441 [http-nio-8080-exec-2] INFO  c.p.c.l.LoggingInterceptor - Request: GET /error
14:45:49.571 [http-nio-8080-exec-2] INFO  c.p.c.l.LoggingInterceptor - Respone 500 /error
16:21:48.136 [SpringApplicationShutdownHook] INFO  o.s.o.j.LocalContainerEntityManagerFactoryBean - Closing JPA EntityManagerFactory for persistence unit 'default'
16:21:48.142 [SpringApplicationShutdownHook] INFO  com.zaxxer.hikari.HikariDataSource - HikariPool-1 - Shutdown initiated...
16:21:48.147 [SpringApplicationShutdownHook] INFO  com.zaxxer.hikari.HikariDataSource - HikariPool-1 - Shutdown completed.
