10:46:16.590 [background-preinit] INFO  o.h.validator.internal.util.Version - HV000001: Hibernate Validator 8.0.1.Final
10:46:16.667 [main] INFO  c.p.c.ContactsdemoApplication - Starting ContactsdemoApplication using Java 17.0.12 with PID 24532 (C:\Ayse Ceren - crud projects\contactsdemo\build\classes\java\main started by 16381136672 in C:\Ayse Ceren - crud projects\contactsdemo)
10:46:16.668 [main] INFO  c.p.c.ContactsdemoApplication - No active profile set, falling back to 1 default profile: "default"
10:46:18.817 [main] INFO  o.s.d.r.c.RepositoryConfigurationDelegate - Bootstrapping Spring Data JPA repositories in DEFAULT mode.
10:46:18.921 [main] INFO  o.s.d.r.c.RepositoryConfigurationDelegate - Finished Spring Data repository scanning in 89 ms. Found 2 JPA repository interfaces.
10:46:20.260 [main] INFO  o.s.b.w.e.tomcat.TomcatWebServer - Tomcat initialized with port 8080 (http)
10:46:20.273 [main] INFO  o.a.coyote.http11.Http11NioProtocol - Initializing ProtocolHandler ["http-nio-8080"]
10:46:20.275 [main] INFO  o.a.catalina.core.StandardService - Starting service [Tomcat]
10:46:20.275 [main] INFO  o.a.catalina.core.StandardEngine - Starting Servlet engine: [Apache Tomcat/10.1.25]
10:46:20.393 [main] INFO  o.a.c.c.C.[Tomcat].[localhost].[/] - Initializing Spring embedded WebApplicationContext
10:46:20.394 [main] INFO  o.s.b.w.s.c.ServletWebServerApplicationContext - Root WebApplicationContext: initialization completed in 3640 ms
10:46:20.868 [main] INFO  com.zaxxer.hikari.HikariDataSource - HikariPool-1 - Starting...
10:46:21.136 [main] INFO  com.zaxxer.hikari.pool.HikariPool - HikariPool-1 - Added connection org.postgresql.jdbc.PgConnection@52d59507
10:46:21.139 [main] INFO  com.zaxxer.hikari.HikariDataSource - HikariPool-1 - Start completed.
10:46:22.016 [main] INFO  liquibase.changelog - Reading from public.databasechangelog
10:46:22.089 [main] INFO  liquibase.changelog - Reading from public.databasechangelog
10:46:22.098 [main] INFO  liquibase.util - UPDATE SUMMARY
10:46:22.098 [main] INFO  liquibase.util - Run:                          0
10:46:22.098 [main] INFO  liquibase.util - Previously run:               2
10:46:22.098 [main] INFO  liquibase.util - Filtered out:                 0
10:46:22.098 [main] INFO  liquibase.util - -------------------------------
10:46:22.098 [main] INFO  liquibase.util - Total change sets:            2
10:46:22.098 [main] INFO  liquibase.util - Update summary generated
10:46:22.129 [main] INFO  liquibase.lockservice - Successfully released change log lock
10:46:22.131 [main] INFO  liquibase.command - Command execution complete
10:46:22.286 [main] INFO  o.h.jpa.internal.util.LogHelper - HHH000204: Processing PersistenceUnitInfo [name: default]
10:46:22.395 [main] INFO  org.hibernate.Version - HHH000412: Hibernate ORM core version 6.4.9.Final
10:46:22.449 [main] INFO  o.h.c.i.RegionFactoryInitiator - HHH000026: Second-level cache disabled
10:46:22.825 [main] INFO  o.s.o.j.p.SpringPersistenceUnitInfo - No LoadTimeWeaver setup: ignoring JPA class transformer
10:46:22.911 [main] WARN  org.hibernate.orm.deprecation - HHH90000025: PostgreSQLDialect does not need to be specified explicitly using 'hibernate.dialect' (remove the property setting and it will be selected by default)
10:46:24.114 [main] INFO  o.s.o.j.LocalContainerEntityManagerFactoryBean - Initialized JPA EntityManagerFactory for persistence unit 'default'
10:46:24.507 [main] INFO  o.s.d.j.r.query.QueryEnhancerFactory - Hibernate is in classpath; If applicable, HQL parser will be used.
10:46:25.146 [main] WARN  c.h.i.impl.HazelcastInstanceFactory - Hazelcast is starting in a Java modular environment (Java 9 and newer) but without proper access to required Java packages. Use additional Java arguments to provide Hazelcast access to Java internal API. The internal API access is used to get the best performance results. Arguments to be used:
 --add-modules java.se --add-exports java.base/jdk.internal.ref=ALL-UNNAMED --add-opens java.base/java.lang=ALL-UNNAMED --add-opens java.base/java.nio=ALL-UNNAMED --add-opens java.base/sun.nio.ch=ALL-UNNAMED --add-opens java.management/sun.management=ALL-UNNAMED --add-opens jdk.management/com.sun.management.internal=ALL-UNNAMED
10:46:25.152 [main] INFO  c.h.i.config.AbstractConfigLocator - Loading 'hazelcast-default.xml' from the classpath.
10:46:25.558 [main] INFO  c.hazelcast.instance.AddressPicker - [LOCAL] [dev] [4.1] Prefer IPv4 stack is true, prefer IPv6 addresses is false
10:46:25.582 [main] INFO  c.hazelcast.instance.AddressPicker - [LOCAL] [dev] [4.1] Picked [10.251.34.15]:5701, using socket ServerSocket[addr=/0:0:0:0:0:0:0:0,localport=5701], bind any local is true
10:46:25.606 [main] INFO  com.hazelcast.system - [10.251.34.15]:5701 [dev] [4.1] Hazelcast 4.0.1 (20200409 - e086b9c) starting at [10.251.34.15]:5701
10:46:25.606 [main] INFO  com.hazelcast.system - [10.251.34.15]:5701 [dev] [4.1] Copyright (c) 2008-2020, Hazelcast, Inc. All Rights Reserved.
10:46:25.840 [main] INFO  c.h.s.i.o.impl.BackpressureRegulator - [10.251.34.15]:5701 [dev] [4.1] Backpressure is disabled
10:46:26.112 [main] INFO  com.hazelcast.instance.impl.Node - [10.251.34.15]:5701 [dev] [4.1] Creating MulticastJoiner
10:46:26.116 [main] WARN  com.hazelcast.cp.CPSubsystem - [10.251.34.15]:5701 [dev] [4.1] CP Subsystem is not enabled. CP data structures will operate in UNSAFE mode! Please note that UNSAFE mode will not provide strong consistency guarantees.
10:46:26.392 [main] INFO  c.h.s.i.o.impl.OperationExecutorImpl - [10.251.34.15]:5701 [dev] [4.1] Starting 16 partition threads and 9 generic threads (1 dedicated for priority tasks)
10:46:26.405 [main] INFO  c.h.internal.diagnostics.Diagnostics - [10.251.34.15]:5701 [dev] [4.1] Diagnostics disabled. To enable add -Dhazelcast.diagnostics.enabled=true to the JVM arguments.
10:46:26.410 [main] INFO  com.hazelcast.core.LifecycleService - [10.251.34.15]:5701 [dev] [4.1] [10.251.34.15]:5701 is STARTING
10:46:29.543 [main] INFO  c.h.internal.cluster.ClusterService - [10.251.34.15]:5701 [dev] [4.1] 

Members {size:1, ver:1} [
	Member [10.251.34.15]:5701 - 09c227f5-5027-44e3-aeff-5d9f029b8729 this
]

10:46:29.559 [main] INFO  com.hazelcast.core.LifecycleService - [10.251.34.15]:5701 [dev] [4.1] [10.251.34.15]:5701 is STARTED
10:46:29.871 [main] INFO  c.h.c.i.spi.ClientInvocationService - training-instance [dev] [4.1] [4.0.1] Running with 2 response threads, dynamic=true
10:46:29.908 [main] INFO  com.hazelcast.core.LifecycleService - training-instance [dev] [4.1] [4.0.1] HazelcastClient 4.0.1 (20200409 - e086b9c) is STARTING
10:46:29.909 [main] INFO  com.hazelcast.core.LifecycleService - training-instance [dev] [4.1] [4.0.1] HazelcastClient 4.0.1 (20200409 - e086b9c) is STARTED
10:46:29.939 [main] INFO  c.h.c.i.c.ClientConnectionManager - training-instance [dev] [4.1] [4.0.1] Trying to connect to cluster: dev
10:46:29.940 [main] INFO  c.h.c.i.c.ClientConnectionManager - training-instance [dev] [4.1] [4.0.1] Trying to connect to [127.0.0.1]:5701
10:46:29.966 [hz.romantic_joliot.priority-generic-operation.thread-0] INFO  c.h.c.i.p.t.AuthenticationMessageTask - [10.251.34.15]:5701 [dev] [4.1] Received auth from Connection[id=1, /127.0.0.1:5701->/127.0.0.1:50205, qualifier=null, endpoint=[127.0.0.1]:50205, alive=true, connectionType=JVM], successfully authenticated, clientUuid: beeb14bd-8932-4a5c-b2e1-96ee22a8ad5e, client version: 4.0.1
10:46:29.969 [main] INFO  com.hazelcast.core.LifecycleService - training-instance [dev] [4.1] [4.0.1] HazelcastClient 4.0.1 (20200409 - e086b9c) is CLIENT_CONNECTED
10:46:29.970 [main] INFO  c.h.c.i.c.ClientConnectionManager - training-instance [dev] [4.1] [4.0.1] Authenticated with server [10.251.34.15]:5701:09c227f5-5027-44e3-aeff-5d9f029b8729, server version: 4.0.1, local address: /127.0.0.1:50205
10:46:29.973 [main] INFO  c.h.internal.diagnostics.Diagnostics - training-instance [dev] [4.1] [4.0.1] Diagnostics disabled. To enable add -Dhazelcast.diagnostics.enabled=true to the JVM arguments.
10:46:29.979 [training-instance.event-8] INFO  c.h.c.impl.spi.ClientClusterService - training-instance [dev] [4.1] [4.0.1] 

Members [1] {
	Member [10.251.34.15]:5701 - 09c227f5-5027-44e3-aeff-5d9f029b8729
}

10:46:30.009 [main] INFO  c.h.c.i.s.ClientStatisticsService - Client statistics is enabled with period 5 seconds.
10:46:30.239 [main] WARN  o.s.b.a.o.j.JpaBaseConfiguration$JpaWebConfiguration - spring.jpa.open-in-view is enabled by default. Therefore, database queries may be performed during view rendering. Explicitly configure spring.jpa.open-in-view to disable this warning
10:46:31.919 [main] INFO  o.s.b.a.e.web.EndpointLinksResolver - Exposing 1 endpoint(s) beneath base path '/actuator'
10:46:31.995 [main] INFO  o.a.coyote.http11.Http11NioProtocol - Starting ProtocolHandler ["http-nio-8080"]
10:46:32.020 [main] INFO  o.s.b.w.e.tomcat.TomcatWebServer - Tomcat started on port 8080 (http) with context path ''
10:46:32.037 [main] INFO  c.p.c.ContactsdemoApplication - Started ContactsdemoApplication in 16.086 seconds (process running for 18.084)
10:46:32.377 [RMI TCP Connection(2)-10.251.34.15] INFO  o.a.c.c.C.[Tomcat].[localhost].[/] - Initializing Spring DispatcherServlet 'dispatcherServlet'
10:46:32.377 [RMI TCP Connection(2)-10.251.34.15] INFO  o.s.web.servlet.DispatcherServlet - Initializing Servlet 'dispatcherServlet'
10:46:32.380 [RMI TCP Connection(2)-10.251.34.15] INFO  o.s.web.servlet.DispatcherServlet - Completed initialization in 2 ms
10:48:47.417 [SpringApplicationShutdownHook] INFO  o.s.o.j.LocalContainerEntityManagerFactoryBean - Closing JPA EntityManagerFactory for persistence unit 'default'
10:48:47.420 [SpringApplicationShutdownHook] INFO  com.zaxxer.hikari.HikariDataSource - HikariPool-1 - Shutdown initiated...
10:48:47.425 [SpringApplicationShutdownHook] INFO  com.zaxxer.hikari.HikariDataSource - HikariPool-1 - Shutdown completed.
11:28:11.949 [background-preinit] INFO  o.h.validator.internal.util.Version - HV000001: Hibernate Validator 8.0.1.Final
11:28:12.007 [main] INFO  c.p.c.ContactsdemoApplication - Starting ContactsdemoApplication using Java 17.0.12 with PID 23176 (C:\Ayse Ceren - crud projects\contactsdemo\build\classes\java\main started by 16381136672 in C:\Ayse Ceren - crud projects\contactsdemo)
11:28:12.009 [main] INFO  c.p.c.ContactsdemoApplication - No active profile set, falling back to 1 default profile: "default"
11:28:13.268 [main] INFO  o.s.d.r.c.RepositoryConfigurationDelegate - Bootstrapping Spring Data JPA repositories in DEFAULT mode.
11:28:13.349 [main] INFO  o.s.d.r.c.RepositoryConfigurationDelegate - Finished Spring Data repository scanning in 72 ms. Found 2 JPA repository interfaces.
11:28:14.192 [main] INFO  o.s.b.w.e.tomcat.TomcatWebServer - Tomcat initialized with port 8080 (http)
11:28:14.204 [main] INFO  o.a.coyote.http11.Http11NioProtocol - Initializing ProtocolHandler ["http-nio-8080"]
11:28:14.206 [main] INFO  o.a.catalina.core.StandardService - Starting service [Tomcat]
11:28:14.207 [main] INFO  o.a.catalina.core.StandardEngine - Starting Servlet engine: [Apache Tomcat/10.1.25]
11:28:14.308 [main] INFO  o.a.c.c.C.[Tomcat].[localhost].[/] - Initializing Spring embedded WebApplicationContext
11:28:14.309 [main] INFO  o.s.b.w.s.c.ServletWebServerApplicationContext - Root WebApplicationContext: initialization completed in 2233 ms
11:28:14.526 [main] INFO  com.zaxxer.hikari.HikariDataSource - HikariPool-1 - Starting...
11:28:14.701 [main] INFO  com.zaxxer.hikari.pool.HikariPool - HikariPool-1 - Added connection org.postgresql.jdbc.PgConnection@192b472d
11:28:14.704 [main] INFO  com.zaxxer.hikari.HikariDataSource - HikariPool-1 - Start completed.
11:28:15.425 [main] INFO  liquibase.changelog - Reading from public.databasechangelog
11:28:15.489 [main] INFO  liquibase.changelog - Reading from public.databasechangelog
11:28:15.498 [main] INFO  liquibase.util - UPDATE SUMMARY
11:28:15.498 [main] INFO  liquibase.util - Run:                          0
11:28:15.498 [main] INFO  liquibase.util - Previously run:               2
11:28:15.498 [main] INFO  liquibase.util - Filtered out:                 0
11:28:15.498 [main] INFO  liquibase.util - -------------------------------
11:28:15.498 [main] INFO  liquibase.util - Total change sets:            2
11:28:15.498 [main] INFO  liquibase.util - Update summary generated
11:28:15.529 [main] INFO  liquibase.lockservice - Successfully released change log lock
11:28:15.532 [main] INFO  liquibase.command - Command execution complete
11:28:15.623 [main] INFO  o.h.jpa.internal.util.LogHelper - HHH000204: Processing PersistenceUnitInfo [name: default]
11:28:15.686 [main] INFO  org.hibernate.Version - HHH000412: Hibernate ORM core version 6.4.9.Final
11:28:15.731 [main] INFO  o.h.c.i.RegionFactoryInitiator - HHH000026: Second-level cache disabled
11:28:15.980 [main] INFO  o.s.o.j.p.SpringPersistenceUnitInfo - No LoadTimeWeaver setup: ignoring JPA class transformer
11:28:16.035 [main] WARN  org.hibernate.orm.deprecation - HHH90000025: PostgreSQLDialect does not need to be specified explicitly using 'hibernate.dialect' (remove the property setting and it will be selected by default)
11:28:17.164 [main] INFO  o.s.o.j.LocalContainerEntityManagerFactoryBean - Initialized JPA EntityManagerFactory for persistence unit 'default'
11:28:17.521 [main] INFO  o.s.d.j.r.query.QueryEnhancerFactory - Hibernate is in classpath; If applicable, HQL parser will be used.
11:28:17.924 [main] WARN  o.s.b.w.s.c.AnnotationConfigServletWebServerApplicationContext - Exception encountered during context initialization - cancelling refresh attempt: org.springframework.beans.factory.UnsatisfiedDependencyException: Error creating bean with name 'contactSaveController' defined in file [C:\Ayse Ceren - crud projects\contactsdemo\build\classes\java\main\com\project\contactsdemo\contact\controller\ContactSaveController.class]: Unsatisfied dependency expressed through constructor parameter 0: Error creating bean with name 'contactSaveService' defined in file [C:\Ayse Ceren - crud projects\contactsdemo\build\classes\java\main\com\project\contactsdemo\contact\service\ContactSaveService.class]: Unsatisfied dependency expressed through constructor parameter 1: Error creating bean with name 'contactMapperImpl' defined in file [C:\Ayse Ceren - crud projects\contactsdemo\build\classes\java\main\com\project\contactsdemo\contact\mapper\ContactMapperImpl.class]: Unsatisfied dependency expressed through constructor parameter 0: No qualifying bean of type 'com.project.contactsdemo.core.mapperhelpermethods.PersonPersonIDMapperMethods' available: expected at least 1 bean which qualifies as autowire candidate. Dependency annotations: {}
11:28:17.924 [main] INFO  o.s.o.j.LocalContainerEntityManagerFactoryBean - Closing JPA EntityManagerFactory for persistence unit 'default'
11:28:17.926 [main] INFO  com.zaxxer.hikari.HikariDataSource - HikariPool-1 - Shutdown initiated...
11:28:17.932 [main] INFO  com.zaxxer.hikari.HikariDataSource - HikariPool-1 - Shutdown completed.
11:28:17.934 [main] INFO  o.a.catalina.core.StandardService - Stopping service [Tomcat]
11:28:17.954 [main] INFO  o.s.b.a.l.ConditionEvaluationReportLogger - 

Error starting ApplicationContext. To display the condition evaluation report re-run your application with 'debug' enabled.
11:28:17.984 [main] ERROR o.s.b.d.LoggingFailureAnalysisReporter - 

***************************
APPLICATION FAILED TO START
***************************

Description:

Parameter 0 of constructor in com.project.contactsdemo.contact.mapper.ContactMapperImpl required a bean of type 'com.project.contactsdemo.core.mapperhelpermethods.PersonPersonIDMapperMethods' that could not be found.


Action:

Consider defining a bean of type 'com.project.contactsdemo.core.mapperhelpermethods.PersonPersonIDMapperMethods' in your configuration.

11:28:54.203 [background-preinit] INFO  o.h.validator.internal.util.Version - HV000001: Hibernate Validator 8.0.1.Final
11:28:54.261 [main] INFO  c.p.c.ContactsdemoApplication - Starting ContactsdemoApplication using Java 17.0.12 with PID 19016 (C:\Ayse Ceren - crud projects\contactsdemo\build\classes\java\main started by 16381136672 in C:\Ayse Ceren - crud projects\contactsdemo)
11:28:54.262 [main] INFO  c.p.c.ContactsdemoApplication - No active profile set, falling back to 1 default profile: "default"
11:28:55.546 [main] INFO  o.s.d.r.c.RepositoryConfigurationDelegate - Bootstrapping Spring Data JPA repositories in DEFAULT mode.
11:28:55.634 [main] INFO  o.s.d.r.c.RepositoryConfigurationDelegate - Finished Spring Data repository scanning in 78 ms. Found 2 JPA repository interfaces.
11:28:56.455 [main] INFO  o.s.b.w.e.tomcat.TomcatWebServer - Tomcat initialized with port 8080 (http)
11:28:56.467 [main] INFO  o.a.coyote.http11.Http11NioProtocol - Initializing ProtocolHandler ["http-nio-8080"]
11:28:56.470 [main] INFO  o.a.catalina.core.StandardService - Starting service [Tomcat]
11:28:56.470 [main] INFO  o.a.catalina.core.StandardEngine - Starting Servlet engine: [Apache Tomcat/10.1.25]
11:28:56.571 [main] INFO  o.a.c.c.C.[Tomcat].[localhost].[/] - Initializing Spring embedded WebApplicationContext
11:28:56.571 [main] INFO  o.s.b.w.s.c.ServletWebServerApplicationContext - Root WebApplicationContext: initialization completed in 2254 ms
11:28:56.811 [main] INFO  com.zaxxer.hikari.HikariDataSource - HikariPool-1 - Starting...
11:28:56.975 [main] INFO  com.zaxxer.hikari.pool.HikariPool - HikariPool-1 - Added connection org.postgresql.jdbc.PgConnection@592a1882
11:28:56.977 [main] INFO  com.zaxxer.hikari.HikariDataSource - HikariPool-1 - Start completed.
11:28:57.685 [main] INFO  liquibase.changelog - Reading from public.databasechangelog
11:28:57.760 [main] INFO  liquibase.changelog - Reading from public.databasechangelog
11:28:57.771 [main] INFO  liquibase.util - UPDATE SUMMARY
11:28:57.771 [main] INFO  liquibase.util - Run:                          0
11:28:57.771 [main] INFO  liquibase.util - Previously run:               2
11:28:57.771 [main] INFO  liquibase.util - Filtered out:                 0
11:28:57.771 [main] INFO  liquibase.util - -------------------------------
11:28:57.771 [main] INFO  liquibase.util - Total change sets:            2
11:28:57.772 [main] INFO  liquibase.util - Update summary generated
11:28:57.801 [main] INFO  liquibase.lockservice - Successfully released change log lock
11:28:57.803 [main] INFO  liquibase.command - Command execution complete
11:28:57.902 [main] INFO  o.h.jpa.internal.util.LogHelper - HHH000204: Processing PersistenceUnitInfo [name: default]
11:28:57.962 [main] INFO  org.hibernate.Version - HHH000412: Hibernate ORM core version 6.4.9.Final
11:28:57.997 [main] INFO  o.h.c.i.RegionFactoryInitiator - HHH000026: Second-level cache disabled
11:28:58.237 [main] INFO  o.s.o.j.p.SpringPersistenceUnitInfo - No LoadTimeWeaver setup: ignoring JPA class transformer
11:28:58.295 [main] WARN  org.hibernate.orm.deprecation - HHH90000025: PostgreSQLDialect does not need to be specified explicitly using 'hibernate.dialect' (remove the property setting and it will be selected by default)
11:28:59.357 [main] INFO  o.s.o.j.LocalContainerEntityManagerFactoryBean - Initialized JPA EntityManagerFactory for persistence unit 'default'
11:28:59.659 [main] INFO  o.s.d.j.r.query.QueryEnhancerFactory - Hibernate is in classpath; If applicable, HQL parser will be used.
11:29:00.208 [main] WARN  c.h.i.impl.HazelcastInstanceFactory - Hazelcast is starting in a Java modular environment (Java 9 and newer) but without proper access to required Java packages. Use additional Java arguments to provide Hazelcast access to Java internal API. The internal API access is used to get the best performance results. Arguments to be used:
 --add-modules java.se --add-exports java.base/jdk.internal.ref=ALL-UNNAMED --add-opens java.base/java.lang=ALL-UNNAMED --add-opens java.base/java.nio=ALL-UNNAMED --add-opens java.base/sun.nio.ch=ALL-UNNAMED --add-opens java.management/sun.management=ALL-UNNAMED --add-opens jdk.management/com.sun.management.internal=ALL-UNNAMED
11:29:00.212 [main] INFO  c.h.i.config.AbstractConfigLocator - Loading 'hazelcast-default.xml' from the classpath.
11:29:00.527 [main] INFO  c.hazelcast.instance.AddressPicker - [LOCAL] [dev] [4.1] Prefer IPv4 stack is true, prefer IPv6 addresses is false
11:29:00.553 [main] INFO  c.hazelcast.instance.AddressPicker - [LOCAL] [dev] [4.1] Picked [10.251.34.15]:5701, using socket ServerSocket[addr=/0:0:0:0:0:0:0:0,localport=5701], bind any local is true
11:29:00.569 [main] INFO  com.hazelcast.system - [10.251.34.15]:5701 [dev] [4.1] Hazelcast 4.0.1 (20200409 - e086b9c) starting at [10.251.34.15]:5701
11:29:00.570 [main] INFO  com.hazelcast.system - [10.251.34.15]:5701 [dev] [4.1] Copyright (c) 2008-2020, Hazelcast, Inc. All Rights Reserved.
11:29:00.746 [main] INFO  c.h.s.i.o.impl.BackpressureRegulator - [10.251.34.15]:5701 [dev] [4.1] Backpressure is disabled
11:29:01.019 [main] INFO  com.hazelcast.instance.impl.Node - [10.251.34.15]:5701 [dev] [4.1] Creating MulticastJoiner
11:29:01.023 [main] WARN  com.hazelcast.cp.CPSubsystem - [10.251.34.15]:5701 [dev] [4.1] CP Subsystem is not enabled. CP data structures will operate in UNSAFE mode! Please note that UNSAFE mode will not provide strong consistency guarantees.
11:29:01.247 [main] INFO  c.h.s.i.o.impl.OperationExecutorImpl - [10.251.34.15]:5701 [dev] [4.1] Starting 16 partition threads and 9 generic threads (1 dedicated for priority tasks)
11:29:01.261 [main] INFO  c.h.internal.diagnostics.Diagnostics - [10.251.34.15]:5701 [dev] [4.1] Diagnostics disabled. To enable add -Dhazelcast.diagnostics.enabled=true to the JVM arguments.
11:29:01.268 [main] INFO  com.hazelcast.core.LifecycleService - [10.251.34.15]:5701 [dev] [4.1] [10.251.34.15]:5701 is STARTING
11:29:03.726 [main] INFO  c.h.internal.cluster.ClusterService - [10.251.34.15]:5701 [dev] [4.1] 

Members {size:1, ver:1} [
	Member [10.251.34.15]:5701 - 77f5e72a-e935-495e-850a-2a468e961171 this
]

11:29:03.737 [main] INFO  com.hazelcast.core.LifecycleService - [10.251.34.15]:5701 [dev] [4.1] [10.251.34.15]:5701 is STARTED
11:29:03.875 [main] INFO  c.h.c.i.spi.ClientInvocationService - training-instance [dev] [4.1] [4.0.1] Running with 2 response threads, dynamic=true
11:29:03.908 [main] INFO  com.hazelcast.core.LifecycleService - training-instance [dev] [4.1] [4.0.1] HazelcastClient 4.0.1 (20200409 - e086b9c) is STARTING
11:29:03.910 [main] INFO  com.hazelcast.core.LifecycleService - training-instance [dev] [4.1] [4.0.1] HazelcastClient 4.0.1 (20200409 - e086b9c) is STARTED
11:29:03.938 [main] INFO  c.h.c.i.c.ClientConnectionManager - training-instance [dev] [4.1] [4.0.1] Trying to connect to cluster: dev
11:29:03.939 [main] INFO  c.h.c.i.c.ClientConnectionManager - training-instance [dev] [4.1] [4.0.1] Trying to connect to [127.0.0.1]:5701
11:29:03.964 [hz.zealous_swanson.priority-generic-operation.thread-0] INFO  c.h.c.i.p.t.AuthenticationMessageTask - [10.251.34.15]:5701 [dev] [4.1] Received auth from Connection[id=1, /127.0.0.1:5701->/127.0.0.1:52292, qualifier=null, endpoint=[127.0.0.1]:52292, alive=true, connectionType=JVM], successfully authenticated, clientUuid: 4512f0ca-ba0e-42c0-9beb-23f0e5f70b58, client version: 4.0.1
11:29:03.967 [main] INFO  com.hazelcast.core.LifecycleService - training-instance [dev] [4.1] [4.0.1] HazelcastClient 4.0.1 (20200409 - e086b9c) is CLIENT_CONNECTED
11:29:03.967 [main] INFO  c.h.c.i.c.ClientConnectionManager - training-instance [dev] [4.1] [4.0.1] Authenticated with server [10.251.34.15]:5701:77f5e72a-e935-495e-850a-2a468e961171, server version: 4.0.1, local address: /127.0.0.1:52292
11:29:03.972 [main] INFO  c.h.internal.diagnostics.Diagnostics - training-instance [dev] [4.1] [4.0.1] Diagnostics disabled. To enable add -Dhazelcast.diagnostics.enabled=true to the JVM arguments.
11:29:03.977 [training-instance.event-8] INFO  c.h.c.impl.spi.ClientClusterService - training-instance [dev] [4.1] [4.0.1] 

Members [1] {
	Member [10.251.34.15]:5701 - 77f5e72a-e935-495e-850a-2a468e961171
}

11:29:04.007 [main] INFO  c.h.c.i.s.ClientStatisticsService - Client statistics is enabled with period 5 seconds.
11:29:04.149 [main] WARN  o.s.b.a.o.j.JpaBaseConfiguration$JpaWebConfiguration - spring.jpa.open-in-view is enabled by default. Therefore, database queries may be performed during view rendering. Explicitly configure spring.jpa.open-in-view to disable this warning
11:29:04.902 [main] INFO  o.s.b.a.e.web.EndpointLinksResolver - Exposing 1 endpoint(s) beneath base path '/actuator'
11:29:04.940 [main] INFO  o.a.coyote.http11.Http11NioProtocol - Starting ProtocolHandler ["http-nio-8080"]
11:29:04.966 [main] INFO  o.s.b.w.e.tomcat.TomcatWebServer - Tomcat started on port 8080 (http) with context path ''
11:29:04.982 [main] INFO  c.p.c.ContactsdemoApplication - Started ContactsdemoApplication in 11.263 seconds (process running for 12.421)
11:29:05.613 [RMI TCP Connection(4)-10.251.34.15] INFO  o.a.c.c.C.[Tomcat].[localhost].[/] - Initializing Spring DispatcherServlet 'dispatcherServlet'
11:29:05.613 [RMI TCP Connection(4)-10.251.34.15] INFO  o.s.web.servlet.DispatcherServlet - Initializing Servlet 'dispatcherServlet'
11:29:05.615 [RMI TCP Connection(4)-10.251.34.15] INFO  o.s.web.servlet.DispatcherServlet - Completed initialization in 2 ms
11:51:53.915 [http-nio-8080-exec-1] INFO  c.p.c.c.f.HeadersLoggingFilter - Header content-type=0:0:0:0:0:0:0:1, IP = content-type
11:51:53.916 [http-nio-8080-exec-1] INFO  c.p.c.c.f.HeadersLoggingFilter - Header user-agent=0:0:0:0:0:0:0:1, IP = user-agent
11:51:53.916 [http-nio-8080-exec-1] INFO  c.p.c.c.f.HeadersLoggingFilter - Header accept=0:0:0:0:0:0:0:1, IP = accept
11:51:53.916 [http-nio-8080-exec-1] INFO  c.p.c.c.f.HeadersLoggingFilter - Header postman-token=0:0:0:0:0:0:0:1, IP = postman-token
11:51:53.916 [http-nio-8080-exec-1] INFO  c.p.c.c.f.HeadersLoggingFilter - Header host=0:0:0:0:0:0:0:1, IP = host
11:51:53.916 [http-nio-8080-exec-1] INFO  c.p.c.c.f.HeadersLoggingFilter - Header accept-encoding=0:0:0:0:0:0:0:1, IP = accept-encoding
11:51:53.916 [http-nio-8080-exec-1] INFO  c.p.c.c.f.HeadersLoggingFilter - Header connection=0:0:0:0:0:0:0:1, IP = connection
11:51:53.916 [http-nio-8080-exec-1] INFO  c.p.c.c.f.HeadersLoggingFilter - Header content-length=0:0:0:0:0:0:0:1, IP = content-length
11:51:53.917 [http-nio-8080-exec-1] INFO  c.p.c.c.loggingfilter.LoggingFilter - Request: Method=POST, URI=/api/savePerson, Headers=content-type=application/json; user-agent=PostmanRuntime/7.43.3; accept=*/*; postman-token=f3bc8441-967d-48c8-9096-61da1fa01476; host=localhost:8080; accept-encoding=gzip, deflate, br; connection=keep-alive; content-length=206; , Request ID: 613672ef-f87c-4ce4-a8c7-6ab369628303, Request IP  =0:0:0:0:0:0:0:1
11:51:54.202 [http-nio-8080-exec-1] INFO  c.p.c.c.loggingfilter.LoggingFilter - Response: Status=201, URI=/api/savePerson, Duration (Response Time)=285ms, Headers=[Content-Type, Transfer-Encoding, Date, Keep-Alive, Connection], Payload = org.apache.catalina.connector.ResponseFacade@73f3e0f0
11:52:24.953 [http-nio-8080-exec-3] INFO  c.p.c.c.f.HeadersLoggingFilter - Header user-agent=0:0:0:0:0:0:0:1, IP = user-agent
11:52:24.954 [http-nio-8080-exec-3] INFO  c.p.c.c.f.HeadersLoggingFilter - Header accept=0:0:0:0:0:0:0:1, IP = accept
11:52:24.954 [http-nio-8080-exec-3] INFO  c.p.c.c.f.HeadersLoggingFilter - Header postman-token=0:0:0:0:0:0:0:1, IP = postman-token
11:52:24.954 [http-nio-8080-exec-3] INFO  c.p.c.c.f.HeadersLoggingFilter - Header host=0:0:0:0:0:0:0:1, IP = host
11:52:24.954 [http-nio-8080-exec-3] INFO  c.p.c.c.f.HeadersLoggingFilter - Header accept-encoding=0:0:0:0:0:0:0:1, IP = accept-encoding
11:52:24.954 [http-nio-8080-exec-3] INFO  c.p.c.c.f.HeadersLoggingFilter - Header connection=0:0:0:0:0:0:0:1, IP = connection
11:52:24.954 [http-nio-8080-exec-3] INFO  c.p.c.c.loggingfilter.LoggingFilter - Request: Method=GET, URI=/api/getAllPerson, Headers=user-agent=PostmanRuntime/7.43.3; accept=*/*; postman-token=b59803c7-511f-43be-89e1-25376aa74e58; host=localhost:8080; accept-encoding=gzip, deflate, br; connection=keep-alive; , Request ID: 84b0f123-29e0-499e-a924-88d6fc1b157b, Request IP  =0:0:0:0:0:0:0:1
11:52:24.964 [http-nio-8080-exec-3] INFO  c.p.c.c.loggingfilter.LoggingFilter - Response: Status=404, URI=/api/getAllPerson, Duration (Response Time)=10ms, Headers=[Vary, Vary, Vary], Payload = org.apache.catalina.connector.ResponseFacade@45db1d2d
11:52:46.950 [http-nio-8080-exec-4] INFO  c.p.c.c.f.HeadersLoggingFilter - Header user-agent=0:0:0:0:0:0:0:1, IP = user-agent
11:52:46.950 [http-nio-8080-exec-4] INFO  c.p.c.c.f.HeadersLoggingFilter - Header accept=0:0:0:0:0:0:0:1, IP = accept
11:52:46.950 [http-nio-8080-exec-4] INFO  c.p.c.c.f.HeadersLoggingFilter - Header postman-token=0:0:0:0:0:0:0:1, IP = postman-token
11:52:46.950 [http-nio-8080-exec-4] INFO  c.p.c.c.f.HeadersLoggingFilter - Header host=0:0:0:0:0:0:0:1, IP = host
11:52:46.950 [http-nio-8080-exec-4] INFO  c.p.c.c.f.HeadersLoggingFilter - Header accept-encoding=0:0:0:0:0:0:0:1, IP = accept-encoding
11:52:46.950 [http-nio-8080-exec-4] INFO  c.p.c.c.f.HeadersLoggingFilter - Header connection=0:0:0:0:0:0:0:1, IP = connection
11:52:46.951 [http-nio-8080-exec-4] INFO  c.p.c.c.loggingfilter.LoggingFilter - Request: Method=GET, URI=/api/getAllContact, Headers=user-agent=PostmanRuntime/7.43.3; accept=*/*; postman-token=3103e34b-5792-481c-b291-cc13fd63da95; host=localhost:8080; accept-encoding=gzip, deflate, br; connection=keep-alive; , Request ID: 1b6e4f7a-0633-4a5d-a715-d1ba711bc60a, Request IP  =0:0:0:0:0:0:0:1
11:52:46.956 [http-nio-8080-exec-4] INFO  c.p.c.c.loggingfilter.LoggingFilter - Response: Status=404, URI=/api/getAllContact, Duration (Response Time)=5ms, Headers=[Vary, Vary, Vary], Payload = org.apache.catalina.connector.ResponseFacade@79aa3505
11:53:09.013 [http-nio-8080-exec-5] INFO  c.p.c.c.f.HeadersLoggingFilter - Header user-agent=0:0:0:0:0:0:0:1, IP = user-agent
11:53:09.015 [http-nio-8080-exec-5] INFO  c.p.c.c.f.HeadersLoggingFilter - Header accept=0:0:0:0:0:0:0:1, IP = accept
11:53:09.015 [http-nio-8080-exec-5] INFO  c.p.c.c.f.HeadersLoggingFilter - Header postman-token=0:0:0:0:0:0:0:1, IP = postman-token
11:53:09.015 [http-nio-8080-exec-5] INFO  c.p.c.c.f.HeadersLoggingFilter - Header host=0:0:0:0:0:0:0:1, IP = host
11:53:09.015 [http-nio-8080-exec-5] INFO  c.p.c.c.f.HeadersLoggingFilter - Header accept-encoding=0:0:0:0:0:0:0:1, IP = accept-encoding
11:53:09.015 [http-nio-8080-exec-5] INFO  c.p.c.c.f.HeadersLoggingFilter - Header connection=0:0:0:0:0:0:0:1, IP = connection
11:53:09.015 [http-nio-8080-exec-5] INFO  c.p.c.c.loggingfilter.LoggingFilter - Request: Method=GET, URI=/api/getAllPerson, Headers=user-agent=PostmanRuntime/7.43.3; accept=*/*; postman-token=efa699b0-76d2-46e8-9562-adeea17f3319; host=localhost:8080; accept-encoding=gzip, deflate, br; connection=keep-alive; , Request ID: 69e276f7-f643-409a-a4f0-a98201f56240, Request IP  =0:0:0:0:0:0:0:1
11:53:09.018 [http-nio-8080-exec-5] INFO  c.p.c.c.loggingfilter.LoggingFilter - Response: Status=404, URI=/api/getAllPerson, Duration (Response Time)=3ms, Headers=[Vary, Vary, Vary], Payload = org.apache.catalina.connector.ResponseFacade@157cac41
11:53:33.449 [http-nio-8080-exec-6] INFO  c.p.c.c.f.HeadersLoggingFilter - Header content-type=0:0:0:0:0:0:0:1, IP = content-type
11:53:33.449 [http-nio-8080-exec-6] INFO  c.p.c.c.f.HeadersLoggingFilter - Header user-agent=0:0:0:0:0:0:0:1, IP = user-agent
11:53:33.449 [http-nio-8080-exec-6] INFO  c.p.c.c.f.HeadersLoggingFilter - Header accept=0:0:0:0:0:0:0:1, IP = accept
11:53:33.449 [http-nio-8080-exec-6] INFO  c.p.c.c.f.HeadersLoggingFilter - Header postman-token=0:0:0:0:0:0:0:1, IP = postman-token
11:53:33.449 [http-nio-8080-exec-6] INFO  c.p.c.c.f.HeadersLoggingFilter - Header host=0:0:0:0:0:0:0:1, IP = host
11:53:33.449 [http-nio-8080-exec-6] INFO  c.p.c.c.f.HeadersLoggingFilter - Header accept-encoding=0:0:0:0:0:0:0:1, IP = accept-encoding
11:53:33.449 [http-nio-8080-exec-6] INFO  c.p.c.c.f.HeadersLoggingFilter - Header connection=0:0:0:0:0:0:0:1, IP = connection
11:53:33.450 [http-nio-8080-exec-6] INFO  c.p.c.c.f.HeadersLoggingFilter - Header content-length=0:0:0:0:0:0:0:1, IP = content-length
11:53:33.450 [http-nio-8080-exec-6] INFO  c.p.c.c.loggingfilter.LoggingFilter - Request: Method=POST, URI=/api/saveContact, Headers=content-type=application/json; user-agent=PostmanRuntime/7.43.3; accept=*/*; postman-token=d703ba74-a76f-4925-a8f0-74476077b545; host=localhost:8080; accept-encoding=gzip, deflate, br; connection=keep-alive; content-length=97; , Request ID: fdddf2fd-ca53-4c46-84a5-5636e2072d71, Request IP  =0:0:0:0:0:0:0:1
11:53:33.464 [http-nio-8080-exec-6] WARN  o.s.w.s.m.m.a.ExceptionHandlerExceptionResolver - Failure in @ExceptionHandler com.project.contactsdemo.core.exception.GlobalExceptionHandler#handleValidationExceptions(MethodArgumentNotValidException)
com.project.contactsdemo.core.exception.ValidationControlException: Validation failed for argument [0] in public org.springframework.http.ResponseEntity<com.project.contactsdemo.core.dto.GenericDTO<com.project.contactsdemo.contact.dto.ContactResponseDTO>> com.project.contactsdemo.contact.controller.ContactSaveController.saveContact(com.project.contactsdemo.contact.dto.ContactRequestDTO): [Field error in object 'contactRequestDTO' on field 'phoneNumber': rejected value [+905154587965]; codes [ValidPhoneNumber.contactRequestDTO.phoneNumber,ValidPhoneNumber.phoneNumber,ValidPhoneNumber.java.lang.String,ValidPhoneNumber]; arguments [org.springframework.context.support.DefaultMessageSourceResolvable: codes [contactRequestDTO.phoneNumber,phoneNumber]; arguments []; default message [phoneNumber]]; default message [Invalid phone number.]] 
	at com.project.contactsdemo.core.exception.GlobalExceptionHandler.handleValidationExceptions(GlobalExceptionHandler.java:29)
	at java.base/jdk.internal.reflect.NativeMethodAccessorImpl.invoke0(Native Method)
	at java.base/jdk.internal.reflect.NativeMethodAccessorImpl.invoke(NativeMethodAccessorImpl.java:77)
	at java.base/jdk.internal.reflect.DelegatingMethodAccessorImpl.invoke(DelegatingMethodAccessorImpl.java:43)
	at java.base/java.lang.reflect.Method.invoke(Method.java:568)
	at org.springframework.web.method.support.InvocableHandlerMethod.doInvoke(InvocableHandlerMethod.java:255)
	at org.springframework.web.method.support.InvocableHandlerMethod.invokeForRequest(InvocableHandlerMethod.java:188)
	at org.springframework.web.servlet.mvc.method.annotation.ServletInvocableHandlerMethod.invokeAndHandle(ServletInvocableHandlerMethod.java:118)
	at org.springframework.web.servlet.mvc.method.annotation.ExceptionHandlerExceptionResolver.doResolveHandlerMethodException(ExceptionHandlerExceptionResolver.java:432)
	at org.springframework.web.servlet.handler.AbstractHandlerMethodExceptionResolver.doResolveException(AbstractHandlerMethodExceptionResolver.java:74)
	at org.springframework.web.servlet.handler.AbstractHandlerExceptionResolver.resolveException(AbstractHandlerExceptionResolver.java:175)
	at org.springframework.web.servlet.handler.HandlerExceptionResolverComposite.resolveException(HandlerExceptionResolverComposite.java:80)
	at org.springframework.web.servlet.DispatcherServlet.processHandlerException(DispatcherServlet.java:1357)
	at org.springframework.web.servlet.DispatcherServlet.processDispatchResult(DispatcherServlet.java:1160)
	at org.springframework.web.servlet.DispatcherServlet.doDispatch(DispatcherServlet.java:1106)
	at org.springframework.web.servlet.DispatcherServlet.doService(DispatcherServlet.java:979)
	at org.springframework.web.servlet.FrameworkServlet.processRequest(FrameworkServlet.java:1014)
	at org.springframework.web.servlet.FrameworkServlet.doPost(FrameworkServlet.java:914)
	at jakarta.servlet.http.HttpServlet.service(HttpServlet.java:590)
	at org.springframework.web.servlet.FrameworkServlet.service(FrameworkServlet.java:885)
	at jakarta.servlet.http.HttpServlet.service(HttpServlet.java:658)
	at org.apache.catalina.core.ApplicationFilterChain.internalDoFilter(ApplicationFilterChain.java:195)
	at org.apache.catalina.core.ApplicationFilterChain.doFilter(ApplicationFilterChain.java:140)
	at org.apache.tomcat.websocket.server.WsFilter.doFilter(WsFilter.java:51)
	at org.apache.catalina.core.ApplicationFilterChain.internalDoFilter(ApplicationFilterChain.java:164)
	at org.apache.catalina.core.ApplicationFilterChain.doFilter(ApplicationFilterChain.java:140)
	at com.project.contactsdemo.core.loggingfilter.LoggingFilter.doFilterInternal(LoggingFilter.java:36)
	at org.springframework.web.filter.OncePerRequestFilter.doFilter(OncePerRequestFilter.java:116)
	at org.apache.catalina.core.ApplicationFilterChain.internalDoFilter(ApplicationFilterChain.java:164)
	at org.apache.catalina.core.ApplicationFilterChain.doFilter(ApplicationFilterChain.java:140)
	at com.project.contactsdemo.core.filterdeneme.HeadersLoggingFilter.doFilter(HeadersLoggingFilter.java:28)
	at org.apache.catalina.core.ApplicationFilterChain.internalDoFilter(ApplicationFilterChain.java:164)
	at org.apache.catalina.core.ApplicationFilterChain.doFilter(ApplicationFilterChain.java:140)
	at org.springframework.web.filter.RequestContextFilter.doFilterInternal(RequestContextFilter.java:100)
	at org.springframework.web.filter.OncePerRequestFilter.doFilter(OncePerRequestFilter.java:116)
	at org.apache.catalina.core.ApplicationFilterChain.internalDoFilter(ApplicationFilterChain.java:164)
	at org.apache.catalina.core.ApplicationFilterChain.doFilter(ApplicationFilterChain.java:140)
	at org.springframework.web.filter.FormContentFilter.doFilterInternal(FormContentFilter.java:93)
	at org.springframework.web.filter.OncePerRequestFilter.doFilter(OncePerRequestFilter.java:116)
	at org.apache.catalina.core.ApplicationFilterChain.internalDoFilter(ApplicationFilterChain.java:164)
	at org.apache.catalina.core.ApplicationFilterChain.doFilter(ApplicationFilterChain.java:140)
	at org.springframework.web.filter.ServerHttpObservationFilter.doFilterInternal(ServerHttpObservationFilter.java:107)
	at org.springframework.web.filter.OncePerRequestFilter.doFilter(OncePerRequestFilter.java:116)
	at org.apache.catalina.core.ApplicationFilterChain.internalDoFilter(ApplicationFilterChain.java:164)
	at org.apache.catalina.core.ApplicationFilterChain.doFilter(ApplicationFilterChain.java:140)
	at org.springframework.web.filter.CharacterEncodingFilter.doFilterInternal(CharacterEncodingFilter.java:201)
	at org.springframework.web.filter.OncePerRequestFilter.doFilter(OncePerRequestFilter.java:116)
	at org.apache.catalina.core.ApplicationFilterChain.internalDoFilter(ApplicationFilterChain.java:164)
	at org.apache.catalina.core.ApplicationFilterChain.doFilter(ApplicationFilterChain.java:140)
	at org.apache.catalina.core.StandardWrapperValve.invoke(StandardWrapperValve.java:167)
	at org.apache.catalina.core.StandardContextValve.invoke(StandardContextValve.java:90)
	at org.apache.catalina.authenticator.AuthenticatorBase.invoke(AuthenticatorBase.java:482)
	at org.apache.catalina.core.StandardHostValve.invoke(StandardHostValve.java:115)
	at org.apache.catalina.valves.ErrorReportValve.invoke(ErrorReportValve.java:93)
	at org.apache.catalina.core.StandardEngineValve.invoke(StandardEngineValve.java:74)
	at org.apache.catalina.connector.CoyoteAdapter.service(CoyoteAdapter.java:344)
	at org.apache.coyote.http11.Http11Processor.service(Http11Processor.java:389)
	at org.apache.coyote.AbstractProcessorLight.process(AbstractProcessorLight.java:63)
	at org.apache.coyote.AbstractProtocol$ConnectionHandler.process(AbstractProtocol.java:904)
	at org.apache.tomcat.util.net.NioEndpoint$SocketProcessor.doRun(NioEndpoint.java:1741)
	at org.apache.tomcat.util.net.SocketProcessorBase.run(SocketProcessorBase.java:52)
	at org.apache.tomcat.util.threads.ThreadPoolExecutor.runWorker(ThreadPoolExecutor.java:1190)
	at org.apache.tomcat.util.threads.ThreadPoolExecutor$Worker.run(ThreadPoolExecutor.java:659)
	at org.apache.tomcat.util.threads.TaskThread$WrappingRunnable.run(TaskThread.java:63)
	at java.base/java.lang.Thread.run(Thread.java:842)
11:53:33.466 [http-nio-8080-exec-6] WARN  o.s.w.s.m.s.DefaultHandlerExceptionResolver - Resolved [org.springframework.web.bind.MethodArgumentNotValidException: Validation failed for argument [0] in public org.springframework.http.ResponseEntity<com.project.contactsdemo.core.dto.GenericDTO<com.project.contactsdemo.contact.dto.ContactResponseDTO>> com.project.contactsdemo.contact.controller.ContactSaveController.saveContact(com.project.contactsdemo.contact.dto.ContactRequestDTO): [Field error in object 'contactRequestDTO' on field 'phoneNumber': rejected value [+905154587965]; codes [ValidPhoneNumber.contactRequestDTO.phoneNumber,ValidPhoneNumber.phoneNumber,ValidPhoneNumber.java.lang.String,ValidPhoneNumber]; arguments [org.springframework.context.support.DefaultMessageSourceResolvable: codes [contactRequestDTO.phoneNumber,phoneNumber]; arguments []; default message [phoneNumber]]; default message [Invalid phone number.]] ]
11:53:33.467 [http-nio-8080-exec-6] INFO  c.p.c.c.loggingfilter.LoggingFilter - Response: Status=400, URI=/api/saveContact, Duration (Response Time)=17ms, Headers=[], Payload = org.apache.catalina.connector.ResponseFacade@5dd743fa
11:54:16.391 [http-nio-8080-exec-7] INFO  c.p.c.c.f.HeadersLoggingFilter - Header content-type=0:0:0:0:0:0:0:1, IP = content-type
11:54:16.391 [http-nio-8080-exec-7] INFO  c.p.c.c.f.HeadersLoggingFilter - Header user-agent=0:0:0:0:0:0:0:1, IP = user-agent
11:54:16.391 [http-nio-8080-exec-7] INFO  c.p.c.c.f.HeadersLoggingFilter - Header accept=0:0:0:0:0:0:0:1, IP = accept
11:54:16.391 [http-nio-8080-exec-7] INFO  c.p.c.c.f.HeadersLoggingFilter - Header postman-token=0:0:0:0:0:0:0:1, IP = postman-token
11:54:16.391 [http-nio-8080-exec-7] INFO  c.p.c.c.f.HeadersLoggingFilter - Header host=0:0:0:0:0:0:0:1, IP = host
11:54:16.391 [http-nio-8080-exec-7] INFO  c.p.c.c.f.HeadersLoggingFilter - Header accept-encoding=0:0:0:0:0:0:0:1, IP = accept-encoding
11:54:16.391 [http-nio-8080-exec-7] INFO  c.p.c.c.f.HeadersLoggingFilter - Header connection=0:0:0:0:0:0:0:1, IP = connection
11:54:16.391 [http-nio-8080-exec-7] INFO  c.p.c.c.f.HeadersLoggingFilter - Header content-length=0:0:0:0:0:0:0:1, IP = content-length
11:54:16.391 [http-nio-8080-exec-7] INFO  c.p.c.c.loggingfilter.LoggingFilter - Request: Method=GET, URI=/api/savePerson, Headers=content-type=application/json; user-agent=PostmanRuntime/7.43.3; accept=*/*; postman-token=276367d6-880c-4ce8-ae05-b05432ea9fa8; host=localhost:8080; accept-encoding=gzip, deflate, br; connection=keep-alive; content-length=210; , Request ID: 8c447922-26ec-42ea-844f-291005ff6e00, Request IP  =0:0:0:0:0:0:0:1
11:54:16.394 [http-nio-8080-exec-7] WARN  o.s.w.s.m.s.DefaultHandlerExceptionResolver - Resolved [org.springframework.web.HttpRequestMethodNotSupportedException: Request method 'GET' is not supported]
11:54:16.394 [http-nio-8080-exec-7] INFO  c.p.c.c.loggingfilter.LoggingFilter - Response: Status=405, URI=/api/savePerson, Duration (Response Time)=3ms, Headers=[Allow], Payload = org.apache.catalina.connector.ResponseFacade@6bd376ea
11:54:43.737 [http-nio-8080-exec-9] INFO  c.p.c.c.f.HeadersLoggingFilter - Header content-type=0:0:0:0:0:0:0:1, IP = content-type
11:54:43.737 [http-nio-8080-exec-9] INFO  c.p.c.c.f.HeadersLoggingFilter - Header user-agent=0:0:0:0:0:0:0:1, IP = user-agent
11:54:43.737 [http-nio-8080-exec-9] INFO  c.p.c.c.f.HeadersLoggingFilter - Header accept=0:0:0:0:0:0:0:1, IP = accept
11:54:43.737 [http-nio-8080-exec-9] INFO  c.p.c.c.f.HeadersLoggingFilter - Header postman-token=0:0:0:0:0:0:0:1, IP = postman-token
11:54:43.737 [http-nio-8080-exec-9] INFO  c.p.c.c.f.HeadersLoggingFilter - Header host=0:0:0:0:0:0:0:1, IP = host
11:54:43.738 [http-nio-8080-exec-9] INFO  c.p.c.c.f.HeadersLoggingFilter - Header accept-encoding=0:0:0:0:0:0:0:1, IP = accept-encoding
11:54:43.738 [http-nio-8080-exec-9] INFO  c.p.c.c.f.HeadersLoggingFilter - Header connection=0:0:0:0:0:0:0:1, IP = connection
11:54:43.738 [http-nio-8080-exec-9] INFO  c.p.c.c.f.HeadersLoggingFilter - Header content-length=0:0:0:0:0:0:0:1, IP = content-length
11:54:43.738 [http-nio-8080-exec-9] INFO  c.p.c.c.loggingfilter.LoggingFilter - Request: Method=POST, URI=/api/savePerson, Headers=content-type=application/json; user-agent=PostmanRuntime/7.43.3; accept=*/*; postman-token=d9e24c48-8738-4eb5-8ef7-e11df64e0336; host=localhost:8080; accept-encoding=gzip, deflate, br; connection=keep-alive; content-length=210; , Request ID: 3b45a42a-96e1-473a-8ce6-478ab8481ceb, Request IP  =0:0:0:0:0:0:0:1
11:54:43.764 [http-nio-8080-exec-9] INFO  c.p.c.c.loggingfilter.LoggingFilter - Response: Status=201, URI=/api/savePerson, Duration (Response Time)=25ms, Headers=[Content-Type, Transfer-Encoding, Date, Keep-Alive, Connection], Payload = org.apache.catalina.connector.ResponseFacade@3d437e74
11:55:35.906 [http-nio-8080-exec-10] INFO  c.p.c.c.f.HeadersLoggingFilter - Header user-agent=0:0:0:0:0:0:0:1, IP = user-agent
11:55:35.906 [http-nio-8080-exec-10] INFO  c.p.c.c.f.HeadersLoggingFilter - Header accept=0:0:0:0:0:0:0:1, IP = accept
11:55:35.906 [http-nio-8080-exec-10] INFO  c.p.c.c.f.HeadersLoggingFilter - Header postman-token=0:0:0:0:0:0:0:1, IP = postman-token
11:55:35.906 [http-nio-8080-exec-10] INFO  c.p.c.c.f.HeadersLoggingFilter - Header host=0:0:0:0:0:0:0:1, IP = host
11:55:35.906 [http-nio-8080-exec-10] INFO  c.p.c.c.f.HeadersLoggingFilter - Header accept-encoding=0:0:0:0:0:0:0:1, IP = accept-encoding
11:55:35.906 [http-nio-8080-exec-10] INFO  c.p.c.c.f.HeadersLoggingFilter - Header connection=0:0:0:0:0:0:0:1, IP = connection
11:55:35.906 [http-nio-8080-exec-10] INFO  c.p.c.c.loggingfilter.LoggingFilter - Request: Method=GET, URI=/api/getAllContactsOfPerson/2, Headers=user-agent=PostmanRuntime/7.43.3; accept=*/*; postman-token=97bee9fa-1c33-4e48-ac6b-2e270a68ab64; host=localhost:8080; accept-encoding=gzip, deflate, br; connection=keep-alive; , Request ID: 8573534e-0206-4062-a421-a1d389d2415c, Request IP  =0:0:0:0:0:0:0:1
11:55:35.938 [http-nio-8080-exec-10] INFO  c.h.i.p.impl.PartitionStateManager - [10.251.34.15]:5701 [dev] [4.1] Initializing cluster partition table arrangement...
11:55:36.089 [http-nio-8080-exec-10] INFO  c.p.c.c.loggingfilter.LoggingFilter - Response: Status=200, URI=/api/getAllContactsOfPerson/2, Duration (Response Time)=183ms, Headers=[Content-Type, Transfer-Encoding, Date, Keep-Alive, Connection], Payload = org.apache.catalina.connector.ResponseFacade@1330e5de
11:55:54.770 [http-nio-8080-exec-2] INFO  c.p.c.c.f.HeadersLoggingFilter - Header user-agent=0:0:0:0:0:0:0:1, IP = user-agent
11:55:54.770 [http-nio-8080-exec-2] INFO  c.p.c.c.f.HeadersLoggingFilter - Header accept=0:0:0:0:0:0:0:1, IP = accept
11:55:54.770 [http-nio-8080-exec-2] INFO  c.p.c.c.f.HeadersLoggingFilter - Header postman-token=0:0:0:0:0:0:0:1, IP = postman-token
11:55:54.770 [http-nio-8080-exec-2] INFO  c.p.c.c.f.HeadersLoggingFilter - Header host=0:0:0:0:0:0:0:1, IP = host
11:55:54.770 [http-nio-8080-exec-2] INFO  c.p.c.c.f.HeadersLoggingFilter - Header accept-encoding=0:0:0:0:0:0:0:1, IP = accept-encoding
11:55:54.770 [http-nio-8080-exec-2] INFO  c.p.c.c.f.HeadersLoggingFilter - Header connection=0:0:0:0:0:0:0:1, IP = connection
11:55:54.771 [http-nio-8080-exec-2] INFO  c.p.c.c.loggingfilter.LoggingFilter - Request: Method=GET, URI=/api/getAllPerson, Headers=user-agent=PostmanRuntime/7.43.3; accept=*/*; postman-token=bf7c4e36-8a6a-4c3b-a07f-ac5c59223867; host=localhost:8080; accept-encoding=gzip, deflate, br; connection=keep-alive; , Request ID: 25e4d876-8f2f-4880-944c-fe54d126dd65, Request IP  =0:0:0:0:0:0:0:1
11:55:54.775 [http-nio-8080-exec-2] INFO  c.p.c.c.loggingfilter.LoggingFilter - Response: Status=404, URI=/api/getAllPerson, Duration (Response Time)=4ms, Headers=[Vary, Vary, Vary], Payload = org.apache.catalina.connector.ResponseFacade@4984e77b
11:56:42.776 [hz.ShutdownThread] INFO  com.hazelcast.instance.impl.Node - [10.251.34.15]:5701 [dev] [4.1] Running shutdown hook... Current state: ACTIVE
11:56:42.777 [hz.ShutdownThread] INFO  com.hazelcast.core.LifecycleService - [10.251.34.15]:5701 [dev] [4.1] [10.251.34.15]:5701 is SHUTTING_DOWN
11:56:43.012 [SpringApplicationShutdownHook] INFO  o.s.o.j.LocalContainerEntityManagerFactoryBean - Closing JPA EntityManagerFactory for persistence unit 'default'
11:56:43.015 [SpringApplicationShutdownHook] INFO  com.zaxxer.hikari.HikariDataSource - HikariPool-1 - Shutdown initiated...
11:56:43.020 [SpringApplicationShutdownHook] INFO  com.zaxxer.hikari.HikariDataSource - HikariPool-1 - Shutdown completed.
11:56:52.091 [background-preinit] INFO  o.h.validator.internal.util.Version - HV000001: Hibernate Validator 8.0.1.Final
11:56:52.147 [main] INFO  c.p.c.ContactsdemoApplication - Starting ContactsdemoApplication using Java 17.0.12 with PID 19248 (C:\Ayse Ceren - crud projects\contactsdemo\build\classes\java\main started by 16381136672 in C:\Ayse Ceren - crud projects\contactsdemo)
11:56:52.149 [main] INFO  c.p.c.ContactsdemoApplication - No active profile set, falling back to 1 default profile: "default"
11:56:53.665 [main] INFO  o.s.d.r.c.RepositoryConfigurationDelegate - Bootstrapping Spring Data JPA repositories in DEFAULT mode.
11:56:53.757 [main] INFO  o.s.d.r.c.RepositoryConfigurationDelegate - Finished Spring Data repository scanning in 82 ms. Found 2 JPA repository interfaces.
11:56:54.725 [main] INFO  o.s.b.w.e.tomcat.TomcatWebServer - Tomcat initialized with port 8080 (http)
11:56:54.738 [main] INFO  o.a.coyote.http11.Http11NioProtocol - Initializing ProtocolHandler ["http-nio-8080"]
11:56:54.740 [main] INFO  o.a.catalina.core.StandardService - Starting service [Tomcat]
11:56:54.741 [main] INFO  o.a.catalina.core.StandardEngine - Starting Servlet engine: [Apache Tomcat/10.1.25]
11:56:54.836 [main] INFO  o.a.c.c.C.[Tomcat].[localhost].[/] - Initializing Spring embedded WebApplicationContext
11:56:54.836 [main] INFO  o.s.b.w.s.c.ServletWebServerApplicationContext - Root WebApplicationContext: initialization completed in 2620 ms
11:56:55.070 [main] INFO  com.zaxxer.hikari.HikariDataSource - HikariPool-1 - Starting...
11:56:55.226 [main] INFO  com.zaxxer.hikari.pool.HikariPool - HikariPool-1 - Added connection org.postgresql.jdbc.PgConnection@25fd6d1e
11:56:55.228 [main] INFO  com.zaxxer.hikari.HikariDataSource - HikariPool-1 - Start completed.
11:56:55.936 [main] INFO  liquibase.changelog - Reading from public.databasechangelog
11:56:55.995 [main] INFO  liquibase.changelog - Reading from public.databasechangelog
11:56:56.004 [main] INFO  liquibase.util - UPDATE SUMMARY
11:56:56.004 [main] INFO  liquibase.util - Run:                          0
11:56:56.004 [main] INFO  liquibase.util - Previously run:               2
11:56:56.004 [main] INFO  liquibase.util - Filtered out:                 0
11:56:56.004 [main] INFO  liquibase.util - -------------------------------
11:56:56.004 [main] INFO  liquibase.util - Total change sets:            2
11:56:56.004 [main] INFO  liquibase.util - Update summary generated
11:56:56.029 [main] INFO  liquibase.lockservice - Successfully released change log lock
11:56:56.031 [main] INFO  liquibase.command - Command execution complete
11:56:56.127 [main] INFO  o.h.jpa.internal.util.LogHelper - HHH000204: Processing PersistenceUnitInfo [name: default]
11:56:56.193 [main] INFO  org.hibernate.Version - HHH000412: Hibernate ORM core version 6.4.9.Final
11:56:56.235 [main] INFO  o.h.c.i.RegionFactoryInitiator - HHH000026: Second-level cache disabled
11:56:56.488 [main] INFO  o.s.o.j.p.SpringPersistenceUnitInfo - No LoadTimeWeaver setup: ignoring JPA class transformer
11:56:56.546 [main] WARN  org.hibernate.orm.deprecation - HHH90000025: PostgreSQLDialect does not need to be specified explicitly using 'hibernate.dialect' (remove the property setting and it will be selected by default)
11:56:57.670 [main] INFO  o.s.o.j.LocalContainerEntityManagerFactoryBean - Initialized JPA EntityManagerFactory for persistence unit 'default'
11:56:57.963 [main] INFO  o.s.d.j.r.query.QueryEnhancerFactory - Hibernate is in classpath; If applicable, HQL parser will be used.
11:56:58.560 [main] WARN  c.h.i.impl.HazelcastInstanceFactory - Hazelcast is starting in a Java modular environment (Java 9 and newer) but without proper access to required Java packages. Use additional Java arguments to provide Hazelcast access to Java internal API. The internal API access is used to get the best performance results. Arguments to be used:
 --add-modules java.se --add-exports java.base/jdk.internal.ref=ALL-UNNAMED --add-opens java.base/java.lang=ALL-UNNAMED --add-opens java.base/java.nio=ALL-UNNAMED --add-opens java.base/sun.nio.ch=ALL-UNNAMED --add-opens java.management/sun.management=ALL-UNNAMED --add-opens jdk.management/com.sun.management.internal=ALL-UNNAMED
11:56:58.564 [main] INFO  c.h.i.config.AbstractConfigLocator - Loading 'hazelcast-default.xml' from the classpath.
11:56:58.857 [main] INFO  c.hazelcast.instance.AddressPicker - [LOCAL] [dev] [4.1] Prefer IPv4 stack is true, prefer IPv6 addresses is false
11:56:58.881 [main] INFO  c.hazelcast.instance.AddressPicker - [LOCAL] [dev] [4.1] Picked [10.251.34.15]:5701, using socket ServerSocket[addr=/0:0:0:0:0:0:0:0,localport=5701], bind any local is true
11:56:58.900 [main] INFO  com.hazelcast.system - [10.251.34.15]:5701 [dev] [4.1] Hazelcast 4.0.1 (20200409 - e086b9c) starting at [10.251.34.15]:5701
11:56:58.900 [main] INFO  com.hazelcast.system - [10.251.34.15]:5701 [dev] [4.1] Copyright (c) 2008-2020, Hazelcast, Inc. All Rights Reserved.
11:56:59.118 [main] INFO  c.h.s.i.o.impl.BackpressureRegulator - [10.251.34.15]:5701 [dev] [4.1] Backpressure is disabled
11:56:59.415 [main] INFO  com.hazelcast.instance.impl.Node - [10.251.34.15]:5701 [dev] [4.1] Creating MulticastJoiner
11:56:59.421 [main] WARN  com.hazelcast.cp.CPSubsystem - [10.251.34.15]:5701 [dev] [4.1] CP Subsystem is not enabled. CP data structures will operate in UNSAFE mode! Please note that UNSAFE mode will not provide strong consistency guarantees.
11:56:59.669 [main] INFO  c.h.s.i.o.impl.OperationExecutorImpl - [10.251.34.15]:5701 [dev] [4.1] Starting 16 partition threads and 9 generic threads (1 dedicated for priority tasks)
11:56:59.687 [main] INFO  c.h.internal.diagnostics.Diagnostics - [10.251.34.15]:5701 [dev] [4.1] Diagnostics disabled. To enable add -Dhazelcast.diagnostics.enabled=true to the JVM arguments.
11:56:59.695 [main] INFO  com.hazelcast.core.LifecycleService - [10.251.34.15]:5701 [dev] [4.1] [10.251.34.15]:5701 is STARTING
11:57:02.564 [main] INFO  c.h.internal.cluster.ClusterService - [10.251.34.15]:5701 [dev] [4.1] 

Members {size:1, ver:1} [
	Member [10.251.34.15]:5701 - 3b40a787-3b9a-42ec-9538-9e0c8a98760d this
]

11:57:02.579 [main] INFO  com.hazelcast.core.LifecycleService - [10.251.34.15]:5701 [dev] [4.1] [10.251.34.15]:5701 is STARTED
11:57:02.742 [main] INFO  c.h.c.i.spi.ClientInvocationService - training-instance [dev] [4.1] [4.0.1] Running with 2 response threads, dynamic=true
11:57:02.785 [main] INFO  com.hazelcast.core.LifecycleService - training-instance [dev] [4.1] [4.0.1] HazelcastClient 4.0.1 (20200409 - e086b9c) is STARTING
11:57:02.786 [main] INFO  com.hazelcast.core.LifecycleService - training-instance [dev] [4.1] [4.0.1] HazelcastClient 4.0.1 (20200409 - e086b9c) is STARTED
11:57:02.819 [main] INFO  c.h.c.i.c.ClientConnectionManager - training-instance [dev] [4.1] [4.0.1] Trying to connect to cluster: dev
11:57:02.821 [main] INFO  c.h.c.i.c.ClientConnectionManager - training-instance [dev] [4.1] [4.0.1] Trying to connect to [127.0.0.1]:5701
11:57:02.843 [hz.festive_chandrasekhar.priority-generic-operation.thread-0] INFO  c.h.c.i.p.t.AuthenticationMessageTask - [10.251.34.15]:5701 [dev] [4.1] Received auth from Connection[id=1, /127.0.0.1:5701->/127.0.0.1:53267, qualifier=null, endpoint=[127.0.0.1]:53267, alive=true, connectionType=JVM], successfully authenticated, clientUuid: 3845631f-eeff-4b55-b66a-57298824a45c, client version: 4.0.1
11:57:02.846 [main] INFO  com.hazelcast.core.LifecycleService - training-instance [dev] [4.1] [4.0.1] HazelcastClient 4.0.1 (20200409 - e086b9c) is CLIENT_CONNECTED
11:57:02.847 [main] INFO  c.h.c.i.c.ClientConnectionManager - training-instance [dev] [4.1] [4.0.1] Authenticated with server [10.251.34.15]:5701:3b40a787-3b9a-42ec-9538-9e0c8a98760d, server version: 4.0.1, local address: /127.0.0.1:53267
11:57:02.851 [main] INFO  c.h.internal.diagnostics.Diagnostics - training-instance [dev] [4.1] [4.0.1] Diagnostics disabled. To enable add -Dhazelcast.diagnostics.enabled=true to the JVM arguments.
11:57:02.857 [training-instance.event-10] INFO  c.h.c.impl.spi.ClientClusterService - training-instance [dev] [4.1] [4.0.1] 

Members [1] {
	Member [10.251.34.15]:5701 - 3b40a787-3b9a-42ec-9538-9e0c8a98760d
}

11:57:02.892 [main] INFO  c.h.c.i.s.ClientStatisticsService - Client statistics is enabled with period 5 seconds.
11:57:03.092 [main] WARN  o.s.b.a.o.j.JpaBaseConfiguration$JpaWebConfiguration - spring.jpa.open-in-view is enabled by default. Therefore, database queries may be performed during view rendering. Explicitly configure spring.jpa.open-in-view to disable this warning
11:57:03.925 [main] INFO  o.s.b.a.e.web.EndpointLinksResolver - Exposing 1 endpoint(s) beneath base path '/actuator'
11:57:03.961 [main] INFO  o.a.coyote.http11.Http11NioProtocol - Starting ProtocolHandler ["http-nio-8080"]
11:57:03.989 [main] INFO  o.s.b.w.e.tomcat.TomcatWebServer - Tomcat started on port 8080 (http) with context path ''
11:57:04.003 [main] INFO  c.p.c.ContactsdemoApplication - Started ContactsdemoApplication in 12.453 seconds (process running for 13.753)
11:57:04.322 [RMI TCP Connection(1)-10.251.34.15] INFO  o.a.c.c.C.[Tomcat].[localhost].[/] - Initializing Spring DispatcherServlet 'dispatcherServlet'
11:57:04.322 [RMI TCP Connection(1)-10.251.34.15] INFO  o.s.web.servlet.DispatcherServlet - Initializing Servlet 'dispatcherServlet'
11:57:04.324 [RMI TCP Connection(1)-10.251.34.15] INFO  o.s.web.servlet.DispatcherServlet - Completed initialization in 2 ms
11:57:16.425 [http-nio-8080-exec-1] INFO  c.p.c.c.f.HeadersLoggingFilter - Header user-agent=0:0:0:0:0:0:0:1, IP = user-agent
11:57:16.425 [http-nio-8080-exec-1] INFO  c.p.c.c.f.HeadersLoggingFilter - Header accept=0:0:0:0:0:0:0:1, IP = accept
11:57:16.425 [http-nio-8080-exec-1] INFO  c.p.c.c.f.HeadersLoggingFilter - Header postman-token=0:0:0:0:0:0:0:1, IP = postman-token
11:57:16.425 [http-nio-8080-exec-1] INFO  c.p.c.c.f.HeadersLoggingFilter - Header host=0:0:0:0:0:0:0:1, IP = host
11:57:16.425 [http-nio-8080-exec-1] INFO  c.p.c.c.f.HeadersLoggingFilter - Header accept-encoding=0:0:0:0:0:0:0:1, IP = accept-encoding
11:57:16.425 [http-nio-8080-exec-1] INFO  c.p.c.c.f.HeadersLoggingFilter - Header connection=0:0:0:0:0:0:0:1, IP = connection
11:57:16.426 [http-nio-8080-exec-1] INFO  c.p.c.c.loggingfilter.LoggingFilter - Request: Method=GET, URI=/api/getAllPerson, Headers=user-agent=PostmanRuntime/7.43.3; accept=*/*; postman-token=3619f2ea-8d3f-4321-8221-f54227db7cc3; host=localhost:8080; accept-encoding=gzip, deflate, br; connection=keep-alive; , Request ID: 51f87756-0b24-4df7-9dca-734599969c5d, Request IP  =0:0:0:0:0:0:0:1
11:57:16.482 [http-nio-8080-exec-1] INFO  c.h.i.p.impl.PartitionStateManager - [10.251.34.15]:5701 [dev] [4.1] Initializing cluster partition table arrangement...
11:57:16.764 [http-nio-8080-exec-1] INFO  c.p.c.c.loggingfilter.LoggingFilter - Response: Status=200, URI=/api/getAllPerson, Duration (Response Time)=337ms, Headers=[Content-Type, Transfer-Encoding, Date, Keep-Alive, Connection], Payload = org.apache.catalina.connector.ResponseFacade@2a3294c1
11:57:23.066 [http-nio-8080-exec-3] INFO  c.p.c.c.f.HeadersLoggingFilter - Header user-agent=0:0:0:0:0:0:0:1, IP = user-agent
11:57:23.066 [http-nio-8080-exec-3] INFO  c.p.c.c.f.HeadersLoggingFilter - Header accept=0:0:0:0:0:0:0:1, IP = accept
11:57:23.066 [http-nio-8080-exec-3] INFO  c.p.c.c.f.HeadersLoggingFilter - Header postman-token=0:0:0:0:0:0:0:1, IP = postman-token
11:57:23.066 [http-nio-8080-exec-3] INFO  c.p.c.c.f.HeadersLoggingFilter - Header host=0:0:0:0:0:0:0:1, IP = host
11:57:23.066 [http-nio-8080-exec-3] INFO  c.p.c.c.f.HeadersLoggingFilter - Header accept-encoding=0:0:0:0:0:0:0:1, IP = accept-encoding
11:57:23.066 [http-nio-8080-exec-3] INFO  c.p.c.c.f.HeadersLoggingFilter - Header connection=0:0:0:0:0:0:0:1, IP = connection
11:57:23.067 [http-nio-8080-exec-3] INFO  c.p.c.c.f.HeadersLoggingFilter - Header content-length=0:0:0:0:0:0:0:1, IP = content-length
11:57:23.067 [http-nio-8080-exec-3] INFO  c.p.c.c.loggingfilter.LoggingFilter - Request: Method=POST, URI=/api/getAllContact, Headers=user-agent=PostmanRuntime/7.43.3; accept=*/*; postman-token=8c4630d0-74a0-44a3-b04d-e5725b6db06d; host=localhost:8080; accept-encoding=gzip, deflate, br; connection=keep-alive; content-length=0; , Request ID: 2548fe86-f19c-4178-a4d6-9086091dda9f, Request IP  =0:0:0:0:0:0:0:1
11:57:23.076 [http-nio-8080-exec-3] INFO  c.p.c.c.loggingfilter.LoggingFilter - Response: Status=404, URI=/api/getAllContact, Duration (Response Time)=9ms, Headers=[Vary, Vary, Vary], Payload = org.apache.catalina.connector.ResponseFacade@731bd5b8
11:57:41.217 [http-nio-8080-exec-4] INFO  c.p.c.c.f.HeadersLoggingFilter - Header user-agent=0:0:0:0:0:0:0:1, IP = user-agent
11:57:41.217 [http-nio-8080-exec-4] INFO  c.p.c.c.f.HeadersLoggingFilter - Header accept=0:0:0:0:0:0:0:1, IP = accept
11:57:41.218 [http-nio-8080-exec-4] INFO  c.p.c.c.f.HeadersLoggingFilter - Header postman-token=0:0:0:0:0:0:0:1, IP = postman-token
11:57:41.218 [http-nio-8080-exec-4] INFO  c.p.c.c.f.HeadersLoggingFilter - Header host=0:0:0:0:0:0:0:1, IP = host
11:57:41.218 [http-nio-8080-exec-4] INFO  c.p.c.c.f.HeadersLoggingFilter - Header accept-encoding=0:0:0:0:0:0:0:1, IP = accept-encoding
11:57:41.218 [http-nio-8080-exec-4] INFO  c.p.c.c.f.HeadersLoggingFilter - Header connection=0:0:0:0:0:0:0:1, IP = connection
11:57:41.218 [http-nio-8080-exec-4] INFO  c.p.c.c.loggingfilter.LoggingFilter - Request: Method=GET, URI=/api/getAllContact, Headers=user-agent=PostmanRuntime/7.43.3; accept=*/*; postman-token=6121e04c-dbe3-41e9-867f-29e841f4299c; host=localhost:8080; accept-encoding=gzip, deflate, br; connection=keep-alive; , Request ID: f181d8e7-2678-484d-b8ea-5b9c8c8e9cb8, Request IP  =0:0:0:0:0:0:0:1
11:57:41.223 [http-nio-8080-exec-4] INFO  c.p.c.c.loggingfilter.LoggingFilter - Response: Status=404, URI=/api/getAllContact, Duration (Response Time)=5ms, Headers=[Vary, Vary, Vary], Payload = org.apache.catalina.connector.ResponseFacade@133d7ad0
11:57:47.017 [http-nio-8080-exec-5] INFO  c.p.c.c.f.HeadersLoggingFilter - Header user-agent=0:0:0:0:0:0:0:1, IP = user-agent
11:57:47.017 [http-nio-8080-exec-5] INFO  c.p.c.c.f.HeadersLoggingFilter - Header accept=0:0:0:0:0:0:0:1, IP = accept
11:57:47.018 [http-nio-8080-exec-5] INFO  c.p.c.c.f.HeadersLoggingFilter - Header postman-token=0:0:0:0:0:0:0:1, IP = postman-token
11:57:47.018 [http-nio-8080-exec-5] INFO  c.p.c.c.f.HeadersLoggingFilter - Header host=0:0:0:0:0:0:0:1, IP = host
11:57:47.018 [http-nio-8080-exec-5] INFO  c.p.c.c.f.HeadersLoggingFilter - Header accept-encoding=0:0:0:0:0:0:0:1, IP = accept-encoding
11:57:47.018 [http-nio-8080-exec-5] INFO  c.p.c.c.f.HeadersLoggingFilter - Header connection=0:0:0:0:0:0:0:1, IP = connection
11:57:47.018 [http-nio-8080-exec-5] INFO  c.p.c.c.loggingfilter.LoggingFilter - Request: Method=GET, URI=/api/getAllContactsOfPerson/2, Headers=user-agent=PostmanRuntime/7.43.3; accept=*/*; postman-token=252e3ff2-4fe7-4a29-9d26-0a811845addc; host=localhost:8080; accept-encoding=gzip, deflate, br; connection=keep-alive; , Request ID: 1bd7acf2-dc0a-44fa-b2a9-8ede09902eef, Request IP  =0:0:0:0:0:0:0:1
11:57:47.083 [http-nio-8080-exec-5] INFO  c.p.c.c.loggingfilter.LoggingFilter - Response: Status=200, URI=/api/getAllContactsOfPerson/2, Duration (Response Time)=65ms, Headers=[Content-Type, Transfer-Encoding, Date, Keep-Alive, Connection], Payload = org.apache.catalina.connector.ResponseFacade@4aa15a56
11:57:50.423 [http-nio-8080-exec-6] INFO  c.p.c.c.f.HeadersLoggingFilter - Header user-agent=0:0:0:0:0:0:0:1, IP = user-agent
11:57:50.424 [http-nio-8080-exec-6] INFO  c.p.c.c.f.HeadersLoggingFilter - Header accept=0:0:0:0:0:0:0:1, IP = accept
11:57:50.424 [http-nio-8080-exec-6] INFO  c.p.c.c.f.HeadersLoggingFilter - Header postman-token=0:0:0:0:0:0:0:1, IP = postman-token
11:57:50.424 [http-nio-8080-exec-6] INFO  c.p.c.c.f.HeadersLoggingFilter - Header host=0:0:0:0:0:0:0:1, IP = host
11:57:50.424 [http-nio-8080-exec-6] INFO  c.p.c.c.f.HeadersLoggingFilter - Header accept-encoding=0:0:0:0:0:0:0:1, IP = accept-encoding
11:57:50.424 [http-nio-8080-exec-6] INFO  c.p.c.c.f.HeadersLoggingFilter - Header connection=0:0:0:0:0:0:0:1, IP = connection
11:57:50.424 [http-nio-8080-exec-6] INFO  c.p.c.c.loggingfilter.LoggingFilter - Request: Method=GET, URI=/api/getAllContactsOfPerson/1, Headers=user-agent=PostmanRuntime/7.43.3; accept=*/*; postman-token=0bb90140-0b68-46c1-b608-f7c543801010; host=localhost:8080; accept-encoding=gzip, deflate, br; connection=keep-alive; , Request ID: af4ff7a2-4a15-4803-931f-641c72ded91a, Request IP  =0:0:0:0:0:0:0:1
11:57:50.435 [http-nio-8080-exec-6] INFO  c.p.c.c.loggingfilter.LoggingFilter - Response: Status=200, URI=/api/getAllContactsOfPerson/1, Duration (Response Time)=11ms, Headers=[Content-Type, Transfer-Encoding, Date, Keep-Alive, Connection], Payload = org.apache.catalina.connector.ResponseFacade@1bfdbc62
11:57:54.094 [http-nio-8080-exec-7] INFO  c.p.c.c.f.HeadersLoggingFilter - Header user-agent=0:0:0:0:0:0:0:1, IP = user-agent
11:57:54.095 [http-nio-8080-exec-7] INFO  c.p.c.c.f.HeadersLoggingFilter - Header accept=0:0:0:0:0:0:0:1, IP = accept
11:57:54.095 [http-nio-8080-exec-7] INFO  c.p.c.c.f.HeadersLoggingFilter - Header postman-token=0:0:0:0:0:0:0:1, IP = postman-token
11:57:54.095 [http-nio-8080-exec-7] INFO  c.p.c.c.f.HeadersLoggingFilter - Header host=0:0:0:0:0:0:0:1, IP = host
11:57:54.095 [http-nio-8080-exec-7] INFO  c.p.c.c.f.HeadersLoggingFilter - Header accept-encoding=0:0:0:0:0:0:0:1, IP = accept-encoding
11:57:54.095 [http-nio-8080-exec-7] INFO  c.p.c.c.f.HeadersLoggingFilter - Header connection=0:0:0:0:0:0:0:1, IP = connection
11:57:54.095 [http-nio-8080-exec-7] INFO  c.p.c.c.loggingfilter.LoggingFilter - Request: Method=GET, URI=/api/getAllContactsOfPerson/3, Headers=user-agent=PostmanRuntime/7.43.3; accept=*/*; postman-token=4814d796-8c37-41dc-bca8-72fa04903a26; host=localhost:8080; accept-encoding=gzip, deflate, br; connection=keep-alive; , Request ID: 00f90c25-600b-44a5-a4f4-c3d171d07b20, Request IP  =0:0:0:0:0:0:0:1
11:57:54.108 [http-nio-8080-exec-7] INFO  c.p.c.c.loggingfilter.LoggingFilter - Response: Status=200, URI=/api/getAllContactsOfPerson/3, Duration (Response Time)=13ms, Headers=[Content-Type, Transfer-Encoding, Date, Keep-Alive, Connection], Payload = org.apache.catalina.connector.ResponseFacade@2389cf90
11:57:59.837 [http-nio-8080-exec-8] INFO  c.p.c.c.f.HeadersLoggingFilter - Header content-type=0:0:0:0:0:0:0:1, IP = content-type
11:57:59.837 [http-nio-8080-exec-8] INFO  c.p.c.c.f.HeadersLoggingFilter - Header user-agent=0:0:0:0:0:0:0:1, IP = user-agent
11:57:59.837 [http-nio-8080-exec-8] INFO  c.p.c.c.f.HeadersLoggingFilter - Header accept=0:0:0:0:0:0:0:1, IP = accept
11:57:59.837 [http-nio-8080-exec-8] INFO  c.p.c.c.f.HeadersLoggingFilter - Header postman-token=0:0:0:0:0:0:0:1, IP = postman-token
11:57:59.837 [http-nio-8080-exec-8] INFO  c.p.c.c.f.HeadersLoggingFilter - Header host=0:0:0:0:0:0:0:1, IP = host
11:57:59.837 [http-nio-8080-exec-8] INFO  c.p.c.c.f.HeadersLoggingFilter - Header accept-encoding=0:0:0:0:0:0:0:1, IP = accept-encoding
11:57:59.837 [http-nio-8080-exec-8] INFO  c.p.c.c.f.HeadersLoggingFilter - Header connection=0:0:0:0:0:0:0:1, IP = connection
11:57:59.837 [http-nio-8080-exec-8] INFO  c.p.c.c.f.HeadersLoggingFilter - Header content-length=0:0:0:0:0:0:0:1, IP = content-length
11:57:59.839 [http-nio-8080-exec-8] INFO  c.p.c.c.loggingfilter.LoggingFilter - Request: Method=POST, URI=/api/saveContact, Headers=content-type=application/json; user-agent=PostmanRuntime/7.43.3; accept=*/*; postman-token=b69003d7-6b18-4a9f-ad0e-ebbfbba4c37e; host=localhost:8080; accept-encoding=gzip, deflate, br; connection=keep-alive; content-length=97; , Request ID: 4b7b3943-7626-4773-8a6b-6f43634ce66f, Request IP  =0:0:0:0:0:0:0:1
11:57:59.897 [http-nio-8080-exec-8] WARN  o.s.w.s.m.m.a.ExceptionHandlerExceptionResolver - Failure in @ExceptionHandler com.project.contactsdemo.core.exception.GlobalExceptionHandler#handleValidationExceptions(MethodArgumentNotValidException)
com.project.contactsdemo.core.exception.ValidationControlException: Validation failed for argument [0] in public org.springframework.http.ResponseEntity<com.project.contactsdemo.core.dto.GenericDTO<com.project.contactsdemo.contact.dto.ContactResponseDTO>> com.project.contactsdemo.contact.controller.ContactSaveController.saveContact(com.project.contactsdemo.contact.dto.ContactRequestDTO): [Field error in object 'contactRequestDTO' on field 'phoneNumber': rejected value [+905154587965]; codes [ValidPhoneNumber.contactRequestDTO.phoneNumber,ValidPhoneNumber.phoneNumber,ValidPhoneNumber.java.lang.String,ValidPhoneNumber]; arguments [org.springframework.context.support.DefaultMessageSourceResolvable: codes [contactRequestDTO.phoneNumber,phoneNumber]; arguments []; default message [phoneNumber]]; default message [Invalid phone number.]] 
	at com.project.contactsdemo.core.exception.GlobalExceptionHandler.handleValidationExceptions(GlobalExceptionHandler.java:29)
	at java.base/jdk.internal.reflect.NativeMethodAccessorImpl.invoke0(Native Method)
	at java.base/jdk.internal.reflect.NativeMethodAccessorImpl.invoke(NativeMethodAccessorImpl.java:77)
	at java.base/jdk.internal.reflect.DelegatingMethodAccessorImpl.invoke(DelegatingMethodAccessorImpl.java:43)
	at java.base/java.lang.reflect.Method.invoke(Method.java:568)
	at org.springframework.web.method.support.InvocableHandlerMethod.doInvoke(InvocableHandlerMethod.java:255)
	at org.springframework.web.method.support.InvocableHandlerMethod.invokeForRequest(InvocableHandlerMethod.java:188)
	at org.springframework.web.servlet.mvc.method.annotation.ServletInvocableHandlerMethod.invokeAndHandle(ServletInvocableHandlerMethod.java:118)
	at org.springframework.web.servlet.mvc.method.annotation.ExceptionHandlerExceptionResolver.doResolveHandlerMethodException(ExceptionHandlerExceptionResolver.java:432)
	at org.springframework.web.servlet.handler.AbstractHandlerMethodExceptionResolver.doResolveException(AbstractHandlerMethodExceptionResolver.java:74)
	at org.springframework.web.servlet.handler.AbstractHandlerExceptionResolver.resolveException(AbstractHandlerExceptionResolver.java:175)
	at org.springframework.web.servlet.handler.HandlerExceptionResolverComposite.resolveException(HandlerExceptionResolverComposite.java:80)
	at org.springframework.web.servlet.DispatcherServlet.processHandlerException(DispatcherServlet.java:1357)
	at org.springframework.web.servlet.DispatcherServlet.processDispatchResult(DispatcherServlet.java:1160)
	at org.springframework.web.servlet.DispatcherServlet.doDispatch(DispatcherServlet.java:1106)
	at org.springframework.web.servlet.DispatcherServlet.doService(DispatcherServlet.java:979)
	at org.springframework.web.servlet.FrameworkServlet.processRequest(FrameworkServlet.java:1014)
	at org.springframework.web.servlet.FrameworkServlet.doPost(FrameworkServlet.java:914)
	at jakarta.servlet.http.HttpServlet.service(HttpServlet.java:590)
	at org.springframework.web.servlet.FrameworkServlet.service(FrameworkServlet.java:885)
	at jakarta.servlet.http.HttpServlet.service(HttpServlet.java:658)
	at org.apache.catalina.core.ApplicationFilterChain.internalDoFilter(ApplicationFilterChain.java:195)
	at org.apache.catalina.core.ApplicationFilterChain.doFilter(ApplicationFilterChain.java:140)
	at org.apache.tomcat.websocket.server.WsFilter.doFilter(WsFilter.java:51)
	at org.apache.catalina.core.ApplicationFilterChain.internalDoFilter(ApplicationFilterChain.java:164)
	at org.apache.catalina.core.ApplicationFilterChain.doFilter(ApplicationFilterChain.java:140)
	at com.project.contactsdemo.core.loggingfilter.LoggingFilter.doFilterInternal(LoggingFilter.java:36)
	at org.springframework.web.filter.OncePerRequestFilter.doFilter(OncePerRequestFilter.java:116)
	at org.apache.catalina.core.ApplicationFilterChain.internalDoFilter(ApplicationFilterChain.java:164)
	at org.apache.catalina.core.ApplicationFilterChain.doFilter(ApplicationFilterChain.java:140)
	at com.project.contactsdemo.core.filterdeneme.HeadersLoggingFilter.doFilter(HeadersLoggingFilter.java:28)
	at org.apache.catalina.core.ApplicationFilterChain.internalDoFilter(ApplicationFilterChain.java:164)
	at org.apache.catalina.core.ApplicationFilterChain.doFilter(ApplicationFilterChain.java:140)
	at org.springframework.web.filter.RequestContextFilter.doFilterInternal(RequestContextFilter.java:100)
	at org.springframework.web.filter.OncePerRequestFilter.doFilter(OncePerRequestFilter.java:116)
	at org.apache.catalina.core.ApplicationFilterChain.internalDoFilter(ApplicationFilterChain.java:164)
	at org.apache.catalina.core.ApplicationFilterChain.doFilter(ApplicationFilterChain.java:140)
	at org.springframework.web.filter.FormContentFilter.doFilterInternal(FormContentFilter.java:93)
	at org.springframework.web.filter.OncePerRequestFilter.doFilter(OncePerRequestFilter.java:116)
	at org.apache.catalina.core.ApplicationFilterChain.internalDoFilter(ApplicationFilterChain.java:164)
	at org.apache.catalina.core.ApplicationFilterChain.doFilter(ApplicationFilterChain.java:140)
	at org.springframework.web.filter.ServerHttpObservationFilter.doFilterInternal(ServerHttpObservationFilter.java:107)
	at org.springframework.web.filter.OncePerRequestFilter.doFilter(OncePerRequestFilter.java:116)
	at org.apache.catalina.core.ApplicationFilterChain.internalDoFilter(ApplicationFilterChain.java:164)
	at org.apache.catalina.core.ApplicationFilterChain.doFilter(ApplicationFilterChain.java:140)
	at org.springframework.web.filter.CharacterEncodingFilter.doFilterInternal(CharacterEncodingFilter.java:201)
	at org.springframework.web.filter.OncePerRequestFilter.doFilter(OncePerRequestFilter.java:116)
	at org.apache.catalina.core.ApplicationFilterChain.internalDoFilter(ApplicationFilterChain.java:164)
	at org.apache.catalina.core.ApplicationFilterChain.doFilter(ApplicationFilterChain.java:140)
	at org.apache.catalina.core.StandardWrapperValve.invoke(StandardWrapperValve.java:167)
	at org.apache.catalina.core.StandardContextValve.invoke(StandardContextValve.java:90)
	at org.apache.catalina.authenticator.AuthenticatorBase.invoke(AuthenticatorBase.java:482)
	at org.apache.catalina.core.StandardHostValve.invoke(StandardHostValve.java:115)
	at org.apache.catalina.valves.ErrorReportValve.invoke(ErrorReportValve.java:93)
	at org.apache.catalina.core.StandardEngineValve.invoke(StandardEngineValve.java:74)
	at org.apache.catalina.connector.CoyoteAdapter.service(CoyoteAdapter.java:344)
	at org.apache.coyote.http11.Http11Processor.service(Http11Processor.java:389)
	at org.apache.coyote.AbstractProcessorLight.process(AbstractProcessorLight.java:63)
	at org.apache.coyote.AbstractProtocol$ConnectionHandler.process(AbstractProtocol.java:904)
	at org.apache.tomcat.util.net.NioEndpoint$SocketProcessor.doRun(NioEndpoint.java:1741)
	at org.apache.tomcat.util.net.SocketProcessorBase.run(SocketProcessorBase.java:52)
	at org.apache.tomcat.util.threads.ThreadPoolExecutor.runWorker(ThreadPoolExecutor.java:1190)
	at org.apache.tomcat.util.threads.ThreadPoolExecutor$Worker.run(ThreadPoolExecutor.java:659)
	at org.apache.tomcat.util.threads.TaskThread$WrappingRunnable.run(TaskThread.java:63)
	at java.base/java.lang.Thread.run(Thread.java:842)
11:57:59.899 [http-nio-8080-exec-8] WARN  o.s.w.s.m.s.DefaultHandlerExceptionResolver - Resolved [org.springframework.web.bind.MethodArgumentNotValidException: Validation failed for argument [0] in public org.springframework.http.ResponseEntity<com.project.contactsdemo.core.dto.GenericDTO<com.project.contactsdemo.contact.dto.ContactResponseDTO>> com.project.contactsdemo.contact.controller.ContactSaveController.saveContact(com.project.contactsdemo.contact.dto.ContactRequestDTO): [Field error in object 'contactRequestDTO' on field 'phoneNumber': rejected value [+905154587965]; codes [ValidPhoneNumber.contactRequestDTO.phoneNumber,ValidPhoneNumber.phoneNumber,ValidPhoneNumber.java.lang.String,ValidPhoneNumber]; arguments [org.springframework.context.support.DefaultMessageSourceResolvable: codes [contactRequestDTO.phoneNumber,phoneNumber]; arguments []; default message [phoneNumber]]; default message [Invalid phone number.]] ]
11:57:59.900 [http-nio-8080-exec-8] INFO  c.p.c.c.loggingfilter.LoggingFilter - Response: Status=400, URI=/api/saveContact, Duration (Response Time)=61ms, Headers=[], Payload = org.apache.catalina.connector.ResponseFacade@1568e64e
11:58:58.631 [http-nio-8080-exec-10] INFO  c.p.c.c.f.HeadersLoggingFilter - Header content-type=0:0:0:0:0:0:0:1, IP = content-type
11:58:58.632 [http-nio-8080-exec-10] INFO  c.p.c.c.f.HeadersLoggingFilter - Header user-agent=0:0:0:0:0:0:0:1, IP = user-agent
11:58:58.632 [http-nio-8080-exec-10] INFO  c.p.c.c.f.HeadersLoggingFilter - Header accept=0:0:0:0:0:0:0:1, IP = accept
11:58:58.632 [http-nio-8080-exec-10] INFO  c.p.c.c.f.HeadersLoggingFilter - Header postman-token=0:0:0:0:0:0:0:1, IP = postman-token
11:58:58.632 [http-nio-8080-exec-10] INFO  c.p.c.c.f.HeadersLoggingFilter - Header host=0:0:0:0:0:0:0:1, IP = host
11:58:58.632 [http-nio-8080-exec-10] INFO  c.p.c.c.f.HeadersLoggingFilter - Header accept-encoding=0:0:0:0:0:0:0:1, IP = accept-encoding
11:58:58.632 [http-nio-8080-exec-10] INFO  c.p.c.c.f.HeadersLoggingFilter - Header connection=0:0:0:0:0:0:0:1, IP = connection
11:58:58.632 [http-nio-8080-exec-10] INFO  c.p.c.c.f.HeadersLoggingFilter - Header content-length=0:0:0:0:0:0:0:1, IP = content-length
11:58:58.632 [http-nio-8080-exec-10] INFO  c.p.c.c.loggingfilter.LoggingFilter - Request: Method=POST, URI=/api/saveContact, Headers=content-type=application/json; user-agent=PostmanRuntime/7.43.3; accept=*/*; postman-token=038463b8-d9df-4d8e-b787-ecdab3312b45; host=localhost:8080; accept-encoding=gzip, deflate, br; connection=keep-alive; content-length=97; , Request ID: 7ca16500-0701-422f-b7bb-2025b9d934da, Request IP  =0:0:0:0:0:0:0:1
11:58:58.635 [http-nio-8080-exec-10] WARN  o.s.w.s.m.m.a.ExceptionHandlerExceptionResolver - Failure in @ExceptionHandler com.project.contactsdemo.core.exception.GlobalExceptionHandler#handleValidationExceptions(MethodArgumentNotValidException)
com.project.contactsdemo.core.exception.ValidationControlException: Validation failed for argument [0] in public org.springframework.http.ResponseEntity<com.project.contactsdemo.core.dto.GenericDTO<com.project.contactsdemo.contact.dto.ContactResponseDTO>> com.project.contactsdemo.contact.controller.ContactSaveController.saveContact(com.project.contactsdemo.contact.dto.ContactRequestDTO): [Field error in object 'contactRequestDTO' on field 'phoneNumber': rejected value [+905154587965]; codes [ValidPhoneNumber.contactRequestDTO.phoneNumber,ValidPhoneNumber.phoneNumber,ValidPhoneNumber.java.lang.String,ValidPhoneNumber]; arguments [org.springframework.context.support.DefaultMessageSourceResolvable: codes [contactRequestDTO.phoneNumber,phoneNumber]; arguments []; default message [phoneNumber]]; default message [Invalid phone number.]] 
	at com.project.contactsdemo.core.exception.GlobalExceptionHandler.handleValidationExceptions(GlobalExceptionHandler.java:29)
	at java.base/jdk.internal.reflect.NativeMethodAccessorImpl.invoke0(Native Method)
	at java.base/jdk.internal.reflect.NativeMethodAccessorImpl.invoke(NativeMethodAccessorImpl.java:77)
	at java.base/jdk.internal.reflect.DelegatingMethodAccessorImpl.invoke(DelegatingMethodAccessorImpl.java:43)
	at java.base/java.lang.reflect.Method.invoke(Method.java:568)
	at org.springframework.web.method.support.InvocableHandlerMethod.doInvoke(InvocableHandlerMethod.java:255)
	at org.springframework.web.method.support.InvocableHandlerMethod.invokeForRequest(InvocableHandlerMethod.java:188)
	at org.springframework.web.servlet.mvc.method.annotation.ServletInvocableHandlerMethod.invokeAndHandle(ServletInvocableHandlerMethod.java:118)
	at org.springframework.web.servlet.mvc.method.annotation.ExceptionHandlerExceptionResolver.doResolveHandlerMethodException(ExceptionHandlerExceptionResolver.java:432)
	at org.springframework.web.servlet.handler.AbstractHandlerMethodExceptionResolver.doResolveException(AbstractHandlerMethodExceptionResolver.java:74)
	at org.springframework.web.servlet.handler.AbstractHandlerExceptionResolver.resolveException(AbstractHandlerExceptionResolver.java:175)
	at org.springframework.web.servlet.handler.HandlerExceptionResolverComposite.resolveException(HandlerExceptionResolverComposite.java:80)
	at org.springframework.web.servlet.DispatcherServlet.processHandlerException(DispatcherServlet.java:1357)
	at org.springframework.web.servlet.DispatcherServlet.processDispatchResult(DispatcherServlet.java:1160)
	at org.springframework.web.servlet.DispatcherServlet.doDispatch(DispatcherServlet.java:1106)
	at org.springframework.web.servlet.DispatcherServlet.doService(DispatcherServlet.java:979)
	at org.springframework.web.servlet.FrameworkServlet.processRequest(FrameworkServlet.java:1014)
	at org.springframework.web.servlet.FrameworkServlet.doPost(FrameworkServlet.java:914)
	at jakarta.servlet.http.HttpServlet.service(HttpServlet.java:590)
	at org.springframework.web.servlet.FrameworkServlet.service(FrameworkServlet.java:885)
	at jakarta.servlet.http.HttpServlet.service(HttpServlet.java:658)
	at org.apache.catalina.core.ApplicationFilterChain.internalDoFilter(ApplicationFilterChain.java:195)
	at org.apache.catalina.core.ApplicationFilterChain.doFilter(ApplicationFilterChain.java:140)
	at org.apache.tomcat.websocket.server.WsFilter.doFilter(WsFilter.java:51)
	at org.apache.catalina.core.ApplicationFilterChain.internalDoFilter(ApplicationFilterChain.java:164)
	at org.apache.catalina.core.ApplicationFilterChain.doFilter(ApplicationFilterChain.java:140)
	at com.project.contactsdemo.core.loggingfilter.LoggingFilter.doFilterInternal(LoggingFilter.java:36)
	at org.springframework.web.filter.OncePerRequestFilter.doFilter(OncePerRequestFilter.java:116)
	at org.apache.catalina.core.ApplicationFilterChain.internalDoFilter(ApplicationFilterChain.java:164)
	at org.apache.catalina.core.ApplicationFilterChain.doFilter(ApplicationFilterChain.java:140)
	at com.project.contactsdemo.core.filterdeneme.HeadersLoggingFilter.doFilter(HeadersLoggingFilter.java:28)
	at org.apache.catalina.core.ApplicationFilterChain.internalDoFilter(ApplicationFilterChain.java:164)
	at org.apache.catalina.core.ApplicationFilterChain.doFilter(ApplicationFilterChain.java:140)
	at org.springframework.web.filter.RequestContextFilter.doFilterInternal(RequestContextFilter.java:100)
	at org.springframework.web.filter.OncePerRequestFilter.doFilter(OncePerRequestFilter.java:116)
	at org.apache.catalina.core.ApplicationFilterChain.internalDoFilter(ApplicationFilterChain.java:164)
	at org.apache.catalina.core.ApplicationFilterChain.doFilter(ApplicationFilterChain.java:140)
	at org.springframework.web.filter.FormContentFilter.doFilterInternal(FormContentFilter.java:93)
	at org.springframework.web.filter.OncePerRequestFilter.doFilter(OncePerRequestFilter.java:116)
	at org.apache.catalina.core.ApplicationFilterChain.internalDoFilter(ApplicationFilterChain.java:164)
	at org.apache.catalina.core.ApplicationFilterChain.doFilter(ApplicationFilterChain.java:140)
	at org.springframework.web.filter.ServerHttpObservationFilter.doFilterInternal(ServerHttpObservationFilter.java:107)
	at org.springframework.web.filter.OncePerRequestFilter.doFilter(OncePerRequestFilter.java:116)
	at org.apache.catalina.core.ApplicationFilterChain.internalDoFilter(ApplicationFilterChain.java:164)
	at org.apache.catalina.core.ApplicationFilterChain.doFilter(ApplicationFilterChain.java:140)
	at org.springframework.web.filter.CharacterEncodingFilter.doFilterInternal(CharacterEncodingFilter.java:201)
	at org.springframework.web.filter.OncePerRequestFilter.doFilter(OncePerRequestFilter.java:116)
	at org.apache.catalina.core.ApplicationFilterChain.internalDoFilter(ApplicationFilterChain.java:164)
	at org.apache.catalina.core.ApplicationFilterChain.doFilter(ApplicationFilterChain.java:140)
	at org.apache.catalina.core.StandardWrapperValve.invoke(StandardWrapperValve.java:167)
	at org.apache.catalina.core.StandardContextValve.invoke(StandardContextValve.java:90)
	at org.apache.catalina.authenticator.AuthenticatorBase.invoke(AuthenticatorBase.java:482)
	at org.apache.catalina.core.StandardHostValve.invoke(StandardHostValve.java:115)
	at org.apache.catalina.valves.ErrorReportValve.invoke(ErrorReportValve.java:93)
	at org.apache.catalina.core.StandardEngineValve.invoke(StandardEngineValve.java:74)
	at org.apache.catalina.connector.CoyoteAdapter.service(CoyoteAdapter.java:344)
	at org.apache.coyote.http11.Http11Processor.service(Http11Processor.java:389)
	at org.apache.coyote.AbstractProcessorLight.process(AbstractProcessorLight.java:63)
	at org.apache.coyote.AbstractProtocol$ConnectionHandler.process(AbstractProtocol.java:904)
	at org.apache.tomcat.util.net.NioEndpoint$SocketProcessor.doRun(NioEndpoint.java:1741)
	at org.apache.tomcat.util.net.SocketProcessorBase.run(SocketProcessorBase.java:52)
	at org.apache.tomcat.util.threads.ThreadPoolExecutor.runWorker(ThreadPoolExecutor.java:1190)
	at org.apache.tomcat.util.threads.ThreadPoolExecutor$Worker.run(ThreadPoolExecutor.java:659)
	at org.apache.tomcat.util.threads.TaskThread$WrappingRunnable.run(TaskThread.java:63)
	at java.base/java.lang.Thread.run(Thread.java:842)
11:58:58.636 [http-nio-8080-exec-10] WARN  o.s.w.s.m.s.DefaultHandlerExceptionResolver - Resolved [org.springframework.web.bind.MethodArgumentNotValidException: Validation failed for argument [0] in public org.springframework.http.ResponseEntity<com.project.contactsdemo.core.dto.GenericDTO<com.project.contactsdemo.contact.dto.ContactResponseDTO>> com.project.contactsdemo.contact.controller.ContactSaveController.saveContact(com.project.contactsdemo.contact.dto.ContactRequestDTO): [Field error in object 'contactRequestDTO' on field 'phoneNumber': rejected value [+905154587965]; codes [ValidPhoneNumber.contactRequestDTO.phoneNumber,ValidPhoneNumber.phoneNumber,ValidPhoneNumber.java.lang.String,ValidPhoneNumber]; arguments [org.springframework.context.support.DefaultMessageSourceResolvable: codes [contactRequestDTO.phoneNumber,phoneNumber]; arguments []; default message [phoneNumber]]; default message [Invalid phone number.]] ]
11:58:58.636 [http-nio-8080-exec-10] INFO  c.p.c.c.loggingfilter.LoggingFilter - Response: Status=400, URI=/api/saveContact, Duration (Response Time)=3ms, Headers=[], Payload = org.apache.catalina.connector.ResponseFacade@2bb082fd
11:59:16.272 [SpringApplicationShutdownHook] INFO  o.s.o.j.LocalContainerEntityManagerFactoryBean - Closing JPA EntityManagerFactory for persistence unit 'default'
11:59:16.274 [SpringApplicationShutdownHook] INFO  com.zaxxer.hikari.HikariDataSource - HikariPool-1 - Shutdown initiated...
11:59:16.282 [SpringApplicationShutdownHook] INFO  com.zaxxer.hikari.HikariDataSource - HikariPool-1 - Shutdown completed.
11:59:24.026 [background-preinit] INFO  o.h.validator.internal.util.Version - HV000001: Hibernate Validator 8.0.1.Final
11:59:24.080 [main] INFO  c.p.c.ContactsdemoApplication - Starting ContactsdemoApplication using Java 17.0.12 with PID 19032 (C:\Ayse Ceren - crud projects\contactsdemo\build\classes\java\main started by 16381136672 in C:\Ayse Ceren - crud projects\contactsdemo)
11:59:24.081 [main] INFO  c.p.c.ContactsdemoApplication - No active profile set, falling back to 1 default profile: "default"
11:59:25.479 [main] INFO  o.s.d.r.c.RepositoryConfigurationDelegate - Bootstrapping Spring Data JPA repositories in DEFAULT mode.
11:59:25.576 [main] INFO  o.s.d.r.c.RepositoryConfigurationDelegate - Finished Spring Data repository scanning in 83 ms. Found 2 JPA repository interfaces.
11:59:26.338 [main] INFO  o.s.b.w.e.tomcat.TomcatWebServer - Tomcat initialized with port 8080 (http)
11:59:26.348 [main] INFO  o.a.coyote.http11.Http11NioProtocol - Initializing ProtocolHandler ["http-nio-8080"]
11:59:26.349 [main] INFO  o.a.catalina.core.StandardService - Starting service [Tomcat]
11:59:26.349 [main] INFO  o.a.catalina.core.StandardEngine - Starting Servlet engine: [Apache Tomcat/10.1.25]
11:59:26.437 [main] INFO  o.a.c.c.C.[Tomcat].[localhost].[/] - Initializing Spring embedded WebApplicationContext
11:59:26.437 [main] INFO  o.s.b.w.s.c.ServletWebServerApplicationContext - Root WebApplicationContext: initialization completed in 2294 ms
11:59:26.642 [main] INFO  com.zaxxer.hikari.HikariDataSource - HikariPool-1 - Starting...
11:59:26.796 [main] INFO  com.zaxxer.hikari.pool.HikariPool - HikariPool-1 - Added connection org.postgresql.jdbc.PgConnection@100807ca
11:59:26.799 [main] INFO  com.zaxxer.hikari.HikariDataSource - HikariPool-1 - Start completed.
11:59:27.422 [main] INFO  liquibase.changelog - Reading from public.databasechangelog
11:59:27.478 [main] INFO  liquibase.changelog - Reading from public.databasechangelog
11:59:27.486 [main] INFO  liquibase.util - UPDATE SUMMARY
11:59:27.486 [main] INFO  liquibase.util - Run:                          0
11:59:27.486 [main] INFO  liquibase.util - Previously run:               2
11:59:27.486 [main] INFO  liquibase.util - Filtered out:                 0
11:59:27.486 [main] INFO  liquibase.util - -------------------------------
11:59:27.486 [main] INFO  liquibase.util - Total change sets:            2
11:59:27.486 [main] INFO  liquibase.util - Update summary generated
11:59:27.511 [main] INFO  liquibase.lockservice - Successfully released change log lock
11:59:27.513 [main] INFO  liquibase.command - Command execution complete
11:59:27.604 [main] INFO  o.h.jpa.internal.util.LogHelper - HHH000204: Processing PersistenceUnitInfo [name: default]
11:59:27.666 [main] INFO  org.hibernate.Version - HHH000412: Hibernate ORM core version 6.4.9.Final
11:59:27.701 [main] INFO  o.h.c.i.RegionFactoryInitiator - HHH000026: Second-level cache disabled
11:59:27.934 [main] INFO  o.s.o.j.p.SpringPersistenceUnitInfo - No LoadTimeWeaver setup: ignoring JPA class transformer
11:59:27.982 [main] WARN  org.hibernate.orm.deprecation - HHH90000025: PostgreSQLDialect does not need to be specified explicitly using 'hibernate.dialect' (remove the property setting and it will be selected by default)
11:59:29.015 [main] INFO  o.s.o.j.LocalContainerEntityManagerFactoryBean - Initialized JPA EntityManagerFactory for persistence unit 'default'
11:59:29.288 [main] INFO  o.s.d.j.r.query.QueryEnhancerFactory - Hibernate is in classpath; If applicable, HQL parser will be used.
11:59:29.749 [main] WARN  c.h.i.impl.HazelcastInstanceFactory - Hazelcast is starting in a Java modular environment (Java 9 and newer) but without proper access to required Java packages. Use additional Java arguments to provide Hazelcast access to Java internal API. The internal API access is used to get the best performance results. Arguments to be used:
 --add-modules java.se --add-exports java.base/jdk.internal.ref=ALL-UNNAMED --add-opens java.base/java.lang=ALL-UNNAMED --add-opens java.base/java.nio=ALL-UNNAMED --add-opens java.base/sun.nio.ch=ALL-UNNAMED --add-opens java.management/sun.management=ALL-UNNAMED --add-opens jdk.management/com.sun.management.internal=ALL-UNNAMED
11:59:29.752 [main] INFO  c.h.i.config.AbstractConfigLocator - Loading 'hazelcast-default.xml' from the classpath.
11:59:30.023 [main] INFO  c.hazelcast.instance.AddressPicker - [LOCAL] [dev] [4.1] Prefer IPv4 stack is true, prefer IPv6 addresses is false
11:59:30.047 [main] INFO  c.hazelcast.instance.AddressPicker - [LOCAL] [dev] [4.1] Picked [10.251.34.15]:5701, using socket ServerSocket[addr=/0:0:0:0:0:0:0:0,localport=5701], bind any local is true
11:59:30.069 [main] INFO  com.hazelcast.system - [10.251.34.15]:5701 [dev] [4.1] Hazelcast 4.0.1 (20200409 - e086b9c) starting at [10.251.34.15]:5701
11:59:30.069 [main] INFO  com.hazelcast.system - [10.251.34.15]:5701 [dev] [4.1] Copyright (c) 2008-2020, Hazelcast, Inc. All Rights Reserved.
11:59:30.247 [main] INFO  c.h.s.i.o.impl.BackpressureRegulator - [10.251.34.15]:5701 [dev] [4.1] Backpressure is disabled
11:59:30.502 [main] INFO  com.hazelcast.instance.impl.Node - [10.251.34.15]:5701 [dev] [4.1] Creating MulticastJoiner
11:59:30.506 [main] WARN  com.hazelcast.cp.CPSubsystem - [10.251.34.15]:5701 [dev] [4.1] CP Subsystem is not enabled. CP data structures will operate in UNSAFE mode! Please note that UNSAFE mode will not provide strong consistency guarantees.
11:59:30.709 [main] INFO  c.h.s.i.o.impl.OperationExecutorImpl - [10.251.34.15]:5701 [dev] [4.1] Starting 16 partition threads and 9 generic threads (1 dedicated for priority tasks)
11:59:30.725 [main] INFO  c.h.internal.diagnostics.Diagnostics - [10.251.34.15]:5701 [dev] [4.1] Diagnostics disabled. To enable add -Dhazelcast.diagnostics.enabled=true to the JVM arguments.
11:59:30.731 [main] INFO  com.hazelcast.core.LifecycleService - [10.251.34.15]:5701 [dev] [4.1] [10.251.34.15]:5701 is STARTING
11:59:33.432 [main] INFO  c.h.internal.cluster.ClusterService - [10.251.34.15]:5701 [dev] [4.1] 

Members {size:1, ver:1} [
	Member [10.251.34.15]:5701 - 19723e54-6789-4593-9c54-93b29cafde3e this
]

11:59:33.447 [main] INFO  com.hazelcast.core.LifecycleService - [10.251.34.15]:5701 [dev] [4.1] [10.251.34.15]:5701 is STARTED
11:59:33.637 [main] INFO  c.h.c.i.spi.ClientInvocationService - training-instance [dev] [4.1] [4.0.1] Running with 2 response threads, dynamic=true
11:59:33.674 [main] INFO  com.hazelcast.core.LifecycleService - training-instance [dev] [4.1] [4.0.1] HazelcastClient 4.0.1 (20200409 - e086b9c) is STARTING
11:59:33.676 [main] INFO  com.hazelcast.core.LifecycleService - training-instance [dev] [4.1] [4.0.1] HazelcastClient 4.0.1 (20200409 - e086b9c) is STARTED
11:59:33.705 [main] INFO  c.h.c.i.c.ClientConnectionManager - training-instance [dev] [4.1] [4.0.1] Trying to connect to cluster: dev
11:59:33.707 [main] INFO  c.h.c.i.c.ClientConnectionManager - training-instance [dev] [4.1] [4.0.1] Trying to connect to [127.0.0.1]:5701
11:59:33.732 [hz.cocky_dhawan.priority-generic-operation.thread-0] INFO  c.h.c.i.p.t.AuthenticationMessageTask - [10.251.34.15]:5701 [dev] [4.1] Received auth from Connection[id=1, /127.0.0.1:5701->/127.0.0.1:53420, qualifier=null, endpoint=[127.0.0.1]:53420, alive=true, connectionType=JVM], successfully authenticated, clientUuid: a9372a6b-49e7-4f9f-9ecb-6bce4691ebed, client version: 4.0.1
11:59:33.735 [main] INFO  com.hazelcast.core.LifecycleService - training-instance [dev] [4.1] [4.0.1] HazelcastClient 4.0.1 (20200409 - e086b9c) is CLIENT_CONNECTED
11:59:33.735 [main] INFO  c.h.c.i.c.ClientConnectionManager - training-instance [dev] [4.1] [4.0.1] Authenticated with server [10.251.34.15]:5701:19723e54-6789-4593-9c54-93b29cafde3e, server version: 4.0.1, local address: /127.0.0.1:53420
11:59:33.741 [main] INFO  c.h.internal.diagnostics.Diagnostics - training-instance [dev] [4.1] [4.0.1] Diagnostics disabled. To enable add -Dhazelcast.diagnostics.enabled=true to the JVM arguments.
11:59:33.746 [training-instance.event-8] INFO  c.h.c.impl.spi.ClientClusterService - training-instance [dev] [4.1] [4.0.1] 

Members [1] {
	Member [10.251.34.15]:5701 - 19723e54-6789-4593-9c54-93b29cafde3e
}

11:59:33.783 [main] INFO  c.h.c.i.s.ClientStatisticsService - Client statistics is enabled with period 5 seconds.
11:59:33.939 [main] WARN  o.s.b.a.o.j.JpaBaseConfiguration$JpaWebConfiguration - spring.jpa.open-in-view is enabled by default. Therefore, database queries may be performed during view rendering. Explicitly configure spring.jpa.open-in-view to disable this warning
11:59:34.733 [main] INFO  o.s.b.a.e.web.EndpointLinksResolver - Exposing 1 endpoint(s) beneath base path '/actuator'
11:59:34.775 [main] INFO  o.a.coyote.http11.Http11NioProtocol - Starting ProtocolHandler ["http-nio-8080"]
11:59:34.801 [main] INFO  o.s.b.w.e.tomcat.TomcatWebServer - Tomcat started on port 8080 (http) with context path ''
11:59:34.816 [main] INFO  c.p.c.ContactsdemoApplication - Started ContactsdemoApplication in 11.271 seconds (process running for 12.465)
11:59:35.319 [RMI TCP Connection(2)-10.251.34.15] INFO  o.a.c.c.C.[Tomcat].[localhost].[/] - Initializing Spring DispatcherServlet 'dispatcherServlet'
11:59:35.320 [RMI TCP Connection(2)-10.251.34.15] INFO  o.s.web.servlet.DispatcherServlet - Initializing Servlet 'dispatcherServlet'
11:59:35.322 [RMI TCP Connection(2)-10.251.34.15] INFO  o.s.web.servlet.DispatcherServlet - Completed initialization in 2 ms
11:59:35.513 [http-nio-8080-exec-2] INFO  c.p.c.c.f.HeadersLoggingFilter - Header content-type=0:0:0:0:0:0:0:1, IP = content-type
11:59:35.513 [http-nio-8080-exec-2] INFO  c.p.c.c.f.HeadersLoggingFilter - Header user-agent=0:0:0:0:0:0:0:1, IP = user-agent
11:59:35.513 [http-nio-8080-exec-2] INFO  c.p.c.c.f.HeadersLoggingFilter - Header accept=0:0:0:0:0:0:0:1, IP = accept
11:59:35.513 [http-nio-8080-exec-2] INFO  c.p.c.c.f.HeadersLoggingFilter - Header postman-token=0:0:0:0:0:0:0:1, IP = postman-token
11:59:35.513 [http-nio-8080-exec-2] INFO  c.p.c.c.f.HeadersLoggingFilter - Header host=0:0:0:0:0:0:0:1, IP = host
11:59:35.513 [http-nio-8080-exec-2] INFO  c.p.c.c.f.HeadersLoggingFilter - Header accept-encoding=0:0:0:0:0:0:0:1, IP = accept-encoding
11:59:35.513 [http-nio-8080-exec-2] INFO  c.p.c.c.f.HeadersLoggingFilter - Header connection=0:0:0:0:0:0:0:1, IP = connection
11:59:35.513 [http-nio-8080-exec-2] INFO  c.p.c.c.f.HeadersLoggingFilter - Header content-length=0:0:0:0:0:0:0:1, IP = content-length
11:59:35.514 [http-nio-8080-exec-2] INFO  c.p.c.c.loggingfilter.LoggingFilter - Request: Method=POST, URI=/api/saveContact, Headers=content-type=application/json; user-agent=PostmanRuntime/7.43.3; accept=*/*; postman-token=50339c77-a3ad-4830-ba97-f56aeaba6ac9; host=localhost:8080; accept-encoding=gzip, deflate, br; connection=keep-alive; content-length=97; , Request ID: 18ad745a-4a91-488c-a1b0-f6ad0c0d71eb, Request IP  =0:0:0:0:0:0:0:1
11:59:35.670 [http-nio-8080-exec-2] WARN  o.s.w.s.m.m.a.ExceptionHandlerExceptionResolver - Failure in @ExceptionHandler com.project.contactsdemo.core.exception.GlobalExceptionHandler#handleValidationExceptions(MethodArgumentNotValidException)
com.project.contactsdemo.core.exception.ValidationControlException: Validation failed for argument [0] in public org.springframework.http.ResponseEntity<com.project.contactsdemo.core.dto.GenericDTO<com.project.contactsdemo.contact.dto.ContactResponseDTO>> com.project.contactsdemo.contact.controller.ContactSaveController.saveContact(com.project.contactsdemo.contact.dto.ContactRequestDTO): [Field error in object 'contactRequestDTO' on field 'phoneNumber': rejected value [+905154587965]; codes [ValidPhoneNumber.contactRequestDTO.phoneNumber,ValidPhoneNumber.phoneNumber,ValidPhoneNumber.java.lang.String,ValidPhoneNumber]; arguments [org.springframework.context.support.DefaultMessageSourceResolvable: codes [contactRequestDTO.phoneNumber,phoneNumber]; arguments []; default message [phoneNumber]]; default message [Invalid phone number.]] 
	at com.project.contactsdemo.core.exception.GlobalExceptionHandler.handleValidationExceptions(GlobalExceptionHandler.java:29)
	at java.base/jdk.internal.reflect.NativeMethodAccessorImpl.invoke0(Native Method)
	at java.base/jdk.internal.reflect.NativeMethodAccessorImpl.invoke(NativeMethodAccessorImpl.java:77)
	at java.base/jdk.internal.reflect.DelegatingMethodAccessorImpl.invoke(DelegatingMethodAccessorImpl.java:43)
	at java.base/java.lang.reflect.Method.invoke(Method.java:568)
	at org.springframework.web.method.support.InvocableHandlerMethod.doInvoke(InvocableHandlerMethod.java:255)
	at org.springframework.web.method.support.InvocableHandlerMethod.invokeForRequest(InvocableHandlerMethod.java:188)
	at org.springframework.web.servlet.mvc.method.annotation.ServletInvocableHandlerMethod.invokeAndHandle(ServletInvocableHandlerMethod.java:118)
	at org.springframework.web.servlet.mvc.method.annotation.ExceptionHandlerExceptionResolver.doResolveHandlerMethodException(ExceptionHandlerExceptionResolver.java:432)
	at org.springframework.web.servlet.handler.AbstractHandlerMethodExceptionResolver.doResolveException(AbstractHandlerMethodExceptionResolver.java:74)
	at org.springframework.web.servlet.handler.AbstractHandlerExceptionResolver.resolveException(AbstractHandlerExceptionResolver.java:175)
	at org.springframework.web.servlet.handler.HandlerExceptionResolverComposite.resolveException(HandlerExceptionResolverComposite.java:80)
	at org.springframework.web.servlet.DispatcherServlet.processHandlerException(DispatcherServlet.java:1357)
	at org.springframework.web.servlet.DispatcherServlet.processDispatchResult(DispatcherServlet.java:1160)
	at org.springframework.web.servlet.DispatcherServlet.doDispatch(DispatcherServlet.java:1106)
	at org.springframework.web.servlet.DispatcherServlet.doService(DispatcherServlet.java:979)
	at org.springframework.web.servlet.FrameworkServlet.processRequest(FrameworkServlet.java:1014)
	at org.springframework.web.servlet.FrameworkServlet.doPost(FrameworkServlet.java:914)
	at jakarta.servlet.http.HttpServlet.service(HttpServlet.java:590)
	at org.springframework.web.servlet.FrameworkServlet.service(FrameworkServlet.java:885)
	at jakarta.servlet.http.HttpServlet.service(HttpServlet.java:658)
	at org.apache.catalina.core.ApplicationFilterChain.internalDoFilter(ApplicationFilterChain.java:195)
	at org.apache.catalina.core.ApplicationFilterChain.doFilter(ApplicationFilterChain.java:140)
	at org.apache.tomcat.websocket.server.WsFilter.doFilter(WsFilter.java:51)
	at org.apache.catalina.core.ApplicationFilterChain.internalDoFilter(ApplicationFilterChain.java:164)
	at org.apache.catalina.core.ApplicationFilterChain.doFilter(ApplicationFilterChain.java:140)
	at com.project.contactsdemo.core.loggingfilter.LoggingFilter.doFilterInternal(LoggingFilter.java:36)
	at org.springframework.web.filter.OncePerRequestFilter.doFilter(OncePerRequestFilter.java:116)
	at org.apache.catalina.core.ApplicationFilterChain.internalDoFilter(ApplicationFilterChain.java:164)
	at org.apache.catalina.core.ApplicationFilterChain.doFilter(ApplicationFilterChain.java:140)
	at com.project.contactsdemo.core.filterdeneme.HeadersLoggingFilter.doFilter(HeadersLoggingFilter.java:28)
	at org.apache.catalina.core.ApplicationFilterChain.internalDoFilter(ApplicationFilterChain.java:164)
	at org.apache.catalina.core.ApplicationFilterChain.doFilter(ApplicationFilterChain.java:140)
	at org.springframework.web.filter.RequestContextFilter.doFilterInternal(RequestContextFilter.java:100)
	at org.springframework.web.filter.OncePerRequestFilter.doFilter(OncePerRequestFilter.java:116)
	at org.apache.catalina.core.ApplicationFilterChain.internalDoFilter(ApplicationFilterChain.java:164)
	at org.apache.catalina.core.ApplicationFilterChain.doFilter(ApplicationFilterChain.java:140)
	at org.springframework.web.filter.FormContentFilter.doFilterInternal(FormContentFilter.java:93)
	at org.springframework.web.filter.OncePerRequestFilter.doFilter(OncePerRequestFilter.java:116)
	at org.apache.catalina.core.ApplicationFilterChain.internalDoFilter(ApplicationFilterChain.java:164)
	at org.apache.catalina.core.ApplicationFilterChain.doFilter(ApplicationFilterChain.java:140)
	at org.springframework.web.filter.ServerHttpObservationFilter.doFilterInternal(ServerHttpObservationFilter.java:107)
	at org.springframework.web.filter.OncePerRequestFilter.doFilter(OncePerRequestFilter.java:116)
	at org.apache.catalina.core.ApplicationFilterChain.internalDoFilter(ApplicationFilterChain.java:164)
	at org.apache.catalina.core.ApplicationFilterChain.doFilter(ApplicationFilterChain.java:140)
	at org.springframework.web.filter.CharacterEncodingFilter.doFilterInternal(CharacterEncodingFilter.java:201)
	at org.springframework.web.filter.OncePerRequestFilter.doFilter(OncePerRequestFilter.java:116)
	at org.apache.catalina.core.ApplicationFilterChain.internalDoFilter(ApplicationFilterChain.java:164)
	at org.apache.catalina.core.ApplicationFilterChain.doFilter(ApplicationFilterChain.java:140)
	at org.apache.catalina.core.StandardWrapperValve.invoke(StandardWrapperValve.java:167)
	at org.apache.catalina.core.StandardContextValve.invoke(StandardContextValve.java:90)
	at org.apache.catalina.authenticator.AuthenticatorBase.invoke(AuthenticatorBase.java:482)
	at org.apache.catalina.core.StandardHostValve.invoke(StandardHostValve.java:115)
	at org.apache.catalina.valves.ErrorReportValve.invoke(ErrorReportValve.java:93)
	at org.apache.catalina.core.StandardEngineValve.invoke(StandardEngineValve.java:74)
	at org.apache.catalina.connector.CoyoteAdapter.service(CoyoteAdapter.java:344)
	at org.apache.coyote.http11.Http11Processor.service(Http11Processor.java:389)
	at org.apache.coyote.AbstractProcessorLight.process(AbstractProcessorLight.java:63)
	at org.apache.coyote.AbstractProtocol$ConnectionHandler.process(AbstractProtocol.java:904)
	at org.apache.tomcat.util.net.NioEndpoint$SocketProcessor.doRun(NioEndpoint.java:1741)
	at org.apache.tomcat.util.net.SocketProcessorBase.run(SocketProcessorBase.java:52)
	at org.apache.tomcat.util.threads.ThreadPoolExecutor.runWorker(ThreadPoolExecutor.java:1190)
	at org.apache.tomcat.util.threads.ThreadPoolExecutor$Worker.run(ThreadPoolExecutor.java:659)
	at org.apache.tomcat.util.threads.TaskThread$WrappingRunnable.run(TaskThread.java:63)
	at java.base/java.lang.Thread.run(Thread.java:842)
11:59:35.674 [http-nio-8080-exec-2] WARN  o.s.w.s.m.s.DefaultHandlerExceptionResolver - Resolved [org.springframework.web.bind.MethodArgumentNotValidException: Validation failed for argument [0] in public org.springframework.http.ResponseEntity<com.project.contactsdemo.core.dto.GenericDTO<com.project.contactsdemo.contact.dto.ContactResponseDTO>> com.project.contactsdemo.contact.controller.ContactSaveController.saveContact(com.project.contactsdemo.contact.dto.ContactRequestDTO): [Field error in object 'contactRequestDTO' on field 'phoneNumber': rejected value [+905154587965]; codes [ValidPhoneNumber.contactRequestDTO.phoneNumber,ValidPhoneNumber.phoneNumber,ValidPhoneNumber.java.lang.String,ValidPhoneNumber]; arguments [org.springframework.context.support.DefaultMessageSourceResolvable: codes [contactRequestDTO.phoneNumber,phoneNumber]; arguments []; default message [phoneNumber]]; default message [Invalid phone number.]] ]
11:59:35.675 [http-nio-8080-exec-2] INFO  c.p.c.c.loggingfilter.LoggingFilter - Response: Status=400, URI=/api/saveContact, Duration (Response Time)=161ms, Headers=[], Payload = org.apache.catalina.connector.ResponseFacade@5e175e69
12:00:00.947 [http-nio-8080-exec-4] INFO  c.p.c.c.f.HeadersLoggingFilter - Header content-type=0:0:0:0:0:0:0:1, IP = content-type
12:00:00.948 [http-nio-8080-exec-4] INFO  c.p.c.c.f.HeadersLoggingFilter - Header user-agent=0:0:0:0:0:0:0:1, IP = user-agent
12:00:00.948 [http-nio-8080-exec-4] INFO  c.p.c.c.f.HeadersLoggingFilter - Header accept=0:0:0:0:0:0:0:1, IP = accept
12:00:00.948 [http-nio-8080-exec-4] INFO  c.p.c.c.f.HeadersLoggingFilter - Header postman-token=0:0:0:0:0:0:0:1, IP = postman-token
12:00:00.948 [http-nio-8080-exec-4] INFO  c.p.c.c.f.HeadersLoggingFilter - Header host=0:0:0:0:0:0:0:1, IP = host
12:00:00.948 [http-nio-8080-exec-4] INFO  c.p.c.c.f.HeadersLoggingFilter - Header accept-encoding=0:0:0:0:0:0:0:1, IP = accept-encoding
12:00:00.948 [http-nio-8080-exec-4] INFO  c.p.c.c.f.HeadersLoggingFilter - Header connection=0:0:0:0:0:0:0:1, IP = connection
12:00:00.948 [http-nio-8080-exec-4] INFO  c.p.c.c.f.HeadersLoggingFilter - Header content-length=0:0:0:0:0:0:0:1, IP = content-length
12:00:00.948 [http-nio-8080-exec-4] INFO  c.p.c.c.loggingfilter.LoggingFilter - Request: Method=POST, URI=/api/saveContact, Headers=content-type=application/json; user-agent=PostmanRuntime/7.43.3; accept=*/*; postman-token=0ef7e4e6-d45f-41c6-83d6-8ea10b1c043b; host=localhost:8080; accept-encoding=gzip, deflate, br; connection=keep-alive; content-length=97; , Request ID: 1f6e7cca-ad23-4119-9ef5-eb9504b40c20, Request IP  =0:0:0:0:0:0:0:1
12:00:01.108 [http-nio-8080-exec-4] INFO  c.p.c.c.loggingfilter.LoggingFilter - Response: Status=201, URI=/api/saveContact, Duration (Response Time)=159ms, Headers=[Content-Type, Transfer-Encoding, Date, Keep-Alive, Connection], Payload = org.apache.catalina.connector.ResponseFacade@6bafd47d
12:01:19.964 [http-nio-8080-exec-7] INFO  c.p.c.c.f.HeadersLoggingFilter - Header content-type=0:0:0:0:0:0:0:1, IP = content-type
12:01:19.964 [http-nio-8080-exec-7] INFO  c.p.c.c.f.HeadersLoggingFilter - Header user-agent=0:0:0:0:0:0:0:1, IP = user-agent
12:01:19.964 [http-nio-8080-exec-7] INFO  c.p.c.c.f.HeadersLoggingFilter - Header accept=0:0:0:0:0:0:0:1, IP = accept
12:01:19.964 [http-nio-8080-exec-7] INFO  c.p.c.c.f.HeadersLoggingFilter - Header postman-token=0:0:0:0:0:0:0:1, IP = postman-token
12:01:19.965 [http-nio-8080-exec-7] INFO  c.p.c.c.f.HeadersLoggingFilter - Header host=0:0:0:0:0:0:0:1, IP = host
12:01:19.965 [http-nio-8080-exec-7] INFO  c.p.c.c.f.HeadersLoggingFilter - Header accept-encoding=0:0:0:0:0:0:0:1, IP = accept-encoding
12:01:19.965 [http-nio-8080-exec-7] INFO  c.p.c.c.f.HeadersLoggingFilter - Header connection=0:0:0:0:0:0:0:1, IP = connection
12:01:19.965 [http-nio-8080-exec-7] INFO  c.p.c.c.f.HeadersLoggingFilter - Header content-length=0:0:0:0:0:0:0:1, IP = content-length
12:01:19.965 [http-nio-8080-exec-7] INFO  c.p.c.c.loggingfilter.LoggingFilter - Request: Method=PUT, URI=/api/updateContact/1, Headers=content-type=application/json; user-agent=PostmanRuntime/7.43.3; accept=*/*; postman-token=4fc3332e-16b7-4d8f-98fd-b2dbfd88f6d7; host=localhost:8080; accept-encoding=gzip, deflate, br; connection=keep-alive; content-length=89; , Request ID: 64a85b98-0071-4994-95f6-0629c6811325, Request IP  =0:0:0:0:0:0:0:1
12:01:20.012 [http-nio-8080-exec-7] INFO  c.p.c.c.loggingfilter.LoggingFilter - Response: Status=200, URI=/api/updateContact/1, Duration (Response Time)=47ms, Headers=[Content-Type, Transfer-Encoding, Date, Keep-Alive, Connection], Payload = org.apache.catalina.connector.ResponseFacade@5dbdc389
12:01:37.364 [http-nio-8080-exec-8] INFO  c.p.c.c.f.HeadersLoggingFilter - Header user-agent=0:0:0:0:0:0:0:1, IP = user-agent
12:01:37.364 [http-nio-8080-exec-8] INFO  c.p.c.c.f.HeadersLoggingFilter - Header accept=0:0:0:0:0:0:0:1, IP = accept
12:01:37.364 [http-nio-8080-exec-8] INFO  c.p.c.c.f.HeadersLoggingFilter - Header postman-token=0:0:0:0:0:0:0:1, IP = postman-token
12:01:37.365 [http-nio-8080-exec-8] INFO  c.p.c.c.f.HeadersLoggingFilter - Header host=0:0:0:0:0:0:0:1, IP = host
12:01:37.365 [http-nio-8080-exec-8] INFO  c.p.c.c.f.HeadersLoggingFilter - Header accept-encoding=0:0:0:0:0:0:0:1, IP = accept-encoding
12:01:37.365 [http-nio-8080-exec-8] INFO  c.p.c.c.f.HeadersLoggingFilter - Header connection=0:0:0:0:0:0:0:1, IP = connection
12:01:37.365 [http-nio-8080-exec-8] INFO  c.p.c.c.loggingfilter.LoggingFilter - Request: Method=GET, URI=/api/getAllPersonWithContacts, Headers=user-agent=PostmanRuntime/7.43.3; accept=*/*; postman-token=c6b653d7-fcbf-40e9-8d08-aaa07584d0ed; host=localhost:8080; accept-encoding=gzip, deflate, br; connection=keep-alive; , Request ID: a2d4a606-d290-4b31-9ea4-474ec523eab9, Request IP  =0:0:0:0:0:0:0:1
12:01:37.494 [http-nio-8080-exec-8] INFO  c.p.c.c.loggingfilter.LoggingFilter - Response: Status=200, URI=/api/getAllPersonWithContacts, Duration (Response Time)=129ms, Headers=[Content-Type, Transfer-Encoding, Date, Keep-Alive, Connection], Payload = org.apache.catalina.connector.ResponseFacade@bdab169
12:01:42.682 [http-nio-8080-exec-9] INFO  c.p.c.c.f.HeadersLoggingFilter - Header user-agent=0:0:0:0:0:0:0:1, IP = user-agent
12:01:42.682 [http-nio-8080-exec-9] INFO  c.p.c.c.f.HeadersLoggingFilter - Header accept=0:0:0:0:0:0:0:1, IP = accept
12:01:42.683 [http-nio-8080-exec-9] INFO  c.p.c.c.f.HeadersLoggingFilter - Header postman-token=0:0:0:0:0:0:0:1, IP = postman-token
12:01:42.683 [http-nio-8080-exec-9] INFO  c.p.c.c.f.HeadersLoggingFilter - Header host=0:0:0:0:0:0:0:1, IP = host
12:01:42.683 [http-nio-8080-exec-9] INFO  c.p.c.c.f.HeadersLoggingFilter - Header accept-encoding=0:0:0:0:0:0:0:1, IP = accept-encoding
12:01:42.683 [http-nio-8080-exec-9] INFO  c.p.c.c.f.HeadersLoggingFilter - Header connection=0:0:0:0:0:0:0:1, IP = connection
12:01:42.683 [http-nio-8080-exec-9] INFO  c.p.c.c.loggingfilter.LoggingFilter - Request: Method=GET, URI=/api/getAllContactsOfPerson/3, Headers=user-agent=PostmanRuntime/7.43.3; accept=*/*; postman-token=6f7d0918-42ff-499c-9cd2-a43140fae3fa; host=localhost:8080; accept-encoding=gzip, deflate, br; connection=keep-alive; , Request ID: 7e337cf8-5208-4618-ae3a-ee793b546d9d, Request IP  =0:0:0:0:0:0:0:1
12:01:42.706 [http-nio-8080-exec-9] INFO  c.h.i.p.impl.PartitionStateManager - [10.251.34.15]:5701 [dev] [4.1] Initializing cluster partition table arrangement...
12:01:42.777 [http-nio-8080-exec-9] INFO  c.p.c.c.loggingfilter.LoggingFilter - Response: Status=200, URI=/api/getAllContactsOfPerson/3, Duration (Response Time)=93ms, Headers=[Content-Type, Transfer-Encoding, Date, Keep-Alive, Connection], Payload = org.apache.catalina.connector.ResponseFacade@7108340f
12:01:48.580 [http-nio-8080-exec-10] INFO  c.p.c.c.f.HeadersLoggingFilter - Header user-agent=0:0:0:0:0:0:0:1, IP = user-agent
12:01:48.580 [http-nio-8080-exec-10] INFO  c.p.c.c.f.HeadersLoggingFilter - Header accept=0:0:0:0:0:0:0:1, IP = accept
12:01:48.580 [http-nio-8080-exec-10] INFO  c.p.c.c.f.HeadersLoggingFilter - Header postman-token=0:0:0:0:0:0:0:1, IP = postman-token
12:01:48.580 [http-nio-8080-exec-10] INFO  c.p.c.c.f.HeadersLoggingFilter - Header host=0:0:0:0:0:0:0:1, IP = host
12:01:48.580 [http-nio-8080-exec-10] INFO  c.p.c.c.f.HeadersLoggingFilter - Header accept-encoding=0:0:0:0:0:0:0:1, IP = accept-encoding
12:01:48.580 [http-nio-8080-exec-10] INFO  c.p.c.c.f.HeadersLoggingFilter - Header connection=0:0:0:0:0:0:0:1, IP = connection
12:01:48.580 [http-nio-8080-exec-10] INFO  c.p.c.c.loggingfilter.LoggingFilter - Request: Method=GET, URI=/api/getAllPerson, Headers=user-agent=PostmanRuntime/7.43.3; accept=*/*; postman-token=4c4a7bfd-0d2b-4904-8d9b-6d46168feb0c; host=localhost:8080; accept-encoding=gzip, deflate, br; connection=keep-alive; , Request ID: 299ea684-1903-41ec-9d22-e5d76f924ffb, Request IP  =0:0:0:0:0:0:0:1
12:01:48.632 [http-nio-8080-exec-10] INFO  c.p.c.c.loggingfilter.LoggingFilter - Response: Status=200, URI=/api/getAllPerson, Duration (Response Time)=52ms, Headers=[Content-Type, Transfer-Encoding, Date, Keep-Alive, Connection], Payload = org.apache.catalina.connector.ResponseFacade@5eb9705b
12:01:54.152 [http-nio-8080-exec-1] INFO  c.p.c.c.f.HeadersLoggingFilter - Header user-agent=0:0:0:0:0:0:0:1, IP = user-agent
12:01:54.152 [http-nio-8080-exec-1] INFO  c.p.c.c.f.HeadersLoggingFilter - Header accept=0:0:0:0:0:0:0:1, IP = accept
12:01:54.152 [http-nio-8080-exec-1] INFO  c.p.c.c.f.HeadersLoggingFilter - Header postman-token=0:0:0:0:0:0:0:1, IP = postman-token
12:01:54.152 [http-nio-8080-exec-1] INFO  c.p.c.c.f.HeadersLoggingFilter - Header host=0:0:0:0:0:0:0:1, IP = host
12:01:54.152 [http-nio-8080-exec-1] INFO  c.p.c.c.f.HeadersLoggingFilter - Header accept-encoding=0:0:0:0:0:0:0:1, IP = accept-encoding
12:01:54.152 [http-nio-8080-exec-1] INFO  c.p.c.c.f.HeadersLoggingFilter - Header connection=0:0:0:0:0:0:0:1, IP = connection
12:01:54.153 [http-nio-8080-exec-1] INFO  c.p.c.c.loggingfilter.LoggingFilter - Request: Method=GET, URI=/api/getAllContact, Headers=user-agent=PostmanRuntime/7.43.3; accept=*/*; postman-token=a2107104-b826-42a1-92ef-8903017e0420; host=localhost:8080; accept-encoding=gzip, deflate, br; connection=keep-alive; , Request ID: cd6051cf-7659-4256-80f8-edb841a7809b, Request IP  =0:0:0:0:0:0:0:1
12:01:54.160 [http-nio-8080-exec-1] INFO  c.p.c.c.loggingfilter.LoggingFilter - Response: Status=404, URI=/api/getAllContact, Duration (Response Time)=7ms, Headers=[Vary, Vary, Vary], Payload = org.apache.catalina.connector.ResponseFacade@3421c982
12:01:57.712 [http-nio-8080-exec-2] INFO  c.p.c.c.f.HeadersLoggingFilter - Header user-agent=0:0:0:0:0:0:0:1, IP = user-agent
12:01:57.712 [http-nio-8080-exec-2] INFO  c.p.c.c.f.HeadersLoggingFilter - Header accept=0:0:0:0:0:0:0:1, IP = accept
12:01:57.712 [http-nio-8080-exec-2] INFO  c.p.c.c.f.HeadersLoggingFilter - Header postman-token=0:0:0:0:0:0:0:1, IP = postman-token
12:01:57.712 [http-nio-8080-exec-2] INFO  c.p.c.c.f.HeadersLoggingFilter - Header host=0:0:0:0:0:0:0:1, IP = host
12:01:57.713 [http-nio-8080-exec-2] INFO  c.p.c.c.f.HeadersLoggingFilter - Header accept-encoding=0:0:0:0:0:0:0:1, IP = accept-encoding
12:01:57.713 [http-nio-8080-exec-2] INFO  c.p.c.c.f.HeadersLoggingFilter - Header connection=0:0:0:0:0:0:0:1, IP = connection
12:01:57.713 [http-nio-8080-exec-2] INFO  c.p.c.c.loggingfilter.LoggingFilter - Request: Method=GET, URI=/api/getAllContact, Headers=user-agent=PostmanRuntime/7.43.3; accept=*/*; postman-token=93f46c0f-60a0-459d-9220-04f2d454300c; host=localhost:8080; accept-encoding=gzip, deflate, br; connection=keep-alive; , Request ID: 73fff4cc-9798-4420-a257-bca3141bd8e1, Request IP  =0:0:0:0:0:0:0:1
12:01:57.714 [http-nio-8080-exec-2] INFO  c.p.c.c.loggingfilter.LoggingFilter - Response: Status=404, URI=/api/getAllContact, Duration (Response Time)=1ms, Headers=[Vary, Vary, Vary], Payload = org.apache.catalina.connector.ResponseFacade@1a20d2b2
15:55:47.253 [http-nio-8080-exec-5] INFO  c.p.c.c.f.HeadersLoggingFilter - Header content-type=0:0:0:0:0:0:0:1, IP = content-type
15:55:47.254 [http-nio-8080-exec-5] INFO  c.p.c.c.f.HeadersLoggingFilter - Header user-agent=0:0:0:0:0:0:0:1, IP = user-agent
15:55:47.254 [http-nio-8080-exec-5] INFO  c.p.c.c.f.HeadersLoggingFilter - Header accept=0:0:0:0:0:0:0:1, IP = accept
15:55:47.254 [http-nio-8080-exec-5] INFO  c.p.c.c.f.HeadersLoggingFilter - Header postman-token=0:0:0:0:0:0:0:1, IP = postman-token
15:55:47.254 [http-nio-8080-exec-5] INFO  c.p.c.c.f.HeadersLoggingFilter - Header host=0:0:0:0:0:0:0:1, IP = host
15:55:47.255 [http-nio-8080-exec-5] INFO  c.p.c.c.f.HeadersLoggingFilter - Header accept-encoding=0:0:0:0:0:0:0:1, IP = accept-encoding
15:55:47.255 [http-nio-8080-exec-5] INFO  c.p.c.c.f.HeadersLoggingFilter - Header connection=0:0:0:0:0:0:0:1, IP = connection
15:55:47.255 [http-nio-8080-exec-5] INFO  c.p.c.c.f.HeadersLoggingFilter - Header content-length=0:0:0:0:0:0:0:1, IP = content-length
15:55:47.255 [http-nio-8080-exec-5] INFO  c.p.c.c.loggingfilter.LoggingFilter - Request: Method=POST, URI=/api/savePerson, Headers=content-type=application/json; user-agent=PostmanRuntime/7.43.3; accept=*/*; postman-token=239065bd-ff7d-4f12-b91d-f63d51a11973; host=localhost:8080; accept-encoding=gzip, deflate, br; connection=keep-alive; content-length=209; , Request ID: ece6b542-d4f5-43bb-bb2b-e8b44eaddf4a, Request IP  =0:0:0:0:0:0:0:1
15:55:47.295 [http-nio-8080-exec-5] INFO  c.p.c.c.loggingfilter.LoggingFilter - Response: Status=400, URI=/api/savePerson, Duration (Response Time)=40ms, Headers=[Content-Type, Transfer-Encoding, Date, Connection], Payload = org.apache.catalina.connector.ResponseFacade@728f930d
17:29:58.842 [SpringApplicationShutdownHook] INFO  o.s.o.j.LocalContainerEntityManagerFactoryBean - Closing JPA EntityManagerFactory for persistence unit 'default'
17:29:58.848 [SpringApplicationShutdownHook] INFO  com.zaxxer.hikari.HikariDataSource - HikariPool-1 - Shutdown initiated...
17:29:58.856 [SpringApplicationShutdownHook] INFO  com.zaxxer.hikari.HikariDataSource - HikariPool-1 - Shutdown completed.
